case,split,recipe,query,rows,selectivity,tier,plan,p25_ns,median_ns,p75_ns,logical_bytes,delivered_bytes,transferred_bytes,transfer_operations,frames_decoded,decoded_rows,file_bytes,metadata_bytes,layout_frames,restart_entries,rle_runs,dictionary_entries,patch_count,nullable_nodes
0,train,"Nullable(FOR(BitPack))",SUM,1,0.00006104,memory_warm,selective_closure,2704.2,2705.7,2716.2,495,824,824,5,0,1,35728,448,0,0,0,0,0,1
0,train,"Nullable(FOR(BitPack))",SUM,1,0.00006104,memory_warm,broad_fused,809577.0,810709.0,814335.0,35276,35728,35728,1,0,16384,35728,448,0,0,0,0,0,1
0,train,"Nullable(FOR(BitPack))",SUM,1,0.00006104,mmap_hot,selective_closure,3181.7,3184.5,3230.2,495,824,824,5,0,1,35728,448,0,0,0,0,0,1
0,train,"Nullable(FOR(BitPack))",SUM,1,0.00006104,mmap_hot,broad_fused,799101.0,801876.0,803007.0,35276,35728,35728,1,0,16384,35728,448,0,0,0,0,0,1
0,train,"Nullable(FOR(BitPack))",SUM,1,0.00006104,buffered_hot,selective_closure,7594.7,7629.5,7684.7,495,824,824,5,0,1,35728,448,0,0,0,0,0,1
0,train,"Nullable(FOR(BitPack))",SUM,1,0.00006104,buffered_hot,broad_fused,800484.0,804440.0,808386.0,35276,35728,35728,1,0,16384,35728,448,0,0,0,0,0,1
0,train,"Nullable(FOR(BitPack))",SUM,1,0.00006104,buffered_drop_cache,selective_closure,175251.0,176223.0,176843.0,495,824,824,5,0,1,35728,448,0,0,0,0,0,1
0,train,"Nullable(FOR(BitPack))",SUM,1,0.00006104,buffered_drop_cache,broad_fused,931059.0,931299.0,931639.0,35276,35728,35728,1,0,16384,35728,448,0,0,0,0,0,1
0,train,"Nullable(FOR(BitPack))",BETWEEN,1,0.00006104,memory_warm,selective_closure,2786.7,2787.2,2806.4,495,824,824,5,0,1,35728,448,0,0,0,0,0,1
0,train,"Nullable(FOR(BitPack))",BETWEEN,1,0.00006104,memory_warm,broad_fused,798922.0,799572.0,801205.0,35276,35728,35728,1,0,16384,35728,448,0,0,0,0,0,1
0,train,"Nullable(FOR(BitPack))",BETWEEN,1,0.00006104,mmap_hot,selective_closure,3178.2,3179.3,3226.0,495,824,824,5,0,1,35728,448,0,0,0,0,0,1
0,train,"Nullable(FOR(BitPack))",BETWEEN,1,0.00006104,mmap_hot,broad_fused,803268.0,804329.0,804770.0,35276,35728,35728,1,0,16384,35728,448,0,0,0,0,0,1
0,train,"Nullable(FOR(BitPack))",BETWEEN,1,0.00006104,buffered_hot,selective_closure,7693.9,7711.8,7779.0,495,824,824,5,0,1,35728,448,0,0,0,0,0,1
0,train,"Nullable(FOR(BitPack))",BETWEEN,1,0.00006104,buffered_hot,broad_fused,805751.0,807164.0,807755.0,35276,35728,35728,1,0,16384,35728,448,0,0,0,0,0,1
0,train,"Nullable(FOR(BitPack))",BETWEEN,1,0.00006104,buffered_drop_cache,selective_closure,174250.0,176153.0,178206.0,495,824,824,5,0,1,35728,448,0,0,0,0,0,1
0,train,"Nullable(FOR(BitPack))",BETWEEN,1,0.00006104,buffered_drop_cache,broad_fused,935585.0,942175.0,947013.0,35276,35728,35728,1,0,16384,35728,448,0,0,0,0,0,1
0,train,"Nullable(FOR(BitPack))",SUM,4,0.00024414,memory_warm,selective_closure,2972.9,2990.7,2997.9,502,856,856,6,0,4,35728,448,0,0,0,0,0,1
0,train,"Nullable(FOR(BitPack))",SUM,4,0.00024414,memory_warm,broad_fused,797549.0,798190.0,800925.0,35276,35728,35728,1,0,16384,35728,448,0,0,0,0,0,1
0,train,"Nullable(FOR(BitPack))",SUM,4,0.00024414,mmap_hot,selective_closure,3386.9,3399.8,3443.0,502,856,856,6,0,4,35728,448,0,0,0,0,0,1
0,train,"Nullable(FOR(BitPack))",SUM,4,0.00024414,mmap_hot,broad_fused,799984.0,800354.0,802046.0,35276,35728,35728,1,0,16384,35728,448,0,0,0,0,0,1
0,train,"Nullable(FOR(BitPack))",SUM,4,0.00024414,buffered_hot,selective_closure,8706.4,8797.6,8829.4,502,856,856,6,0,4,35728,448,0,0,0,0,0,1
0,train,"Nullable(FOR(BitPack))",SUM,4,0.00024414,buffered_hot,broad_fused,797789.0,800985.0,802036.0,35276,35728,35728,1,0,16384,35728,448,0,0,0,0,0,1
0,train,"Nullable(FOR(BitPack))",SUM,4,0.00024414,buffered_drop_cache,selective_closure,173559.0,175362.0,176363.0,502,856,856,6,0,4,35728,448,0,0,0,0,0,1
0,train,"Nullable(FOR(BitPack))",SUM,4,0.00024414,buffered_drop_cache,broad_fused,931029.0,933863.0,934774.0,35276,35728,35728,1,0,16384,35728,448,0,0,0,0,0,1
0,train,"Nullable(FOR(BitPack))",BETWEEN,4,0.00024414,memory_warm,selective_closure,3036.6,3041.6,3048.8,502,856,856,6,0,4,35728,448,0,0,0,0,0,1
0,train,"Nullable(FOR(BitPack))",BETWEEN,4,0.00024414,memory_warm,broad_fused,800114.0,802156.0,804239.0,35276,35728,35728,1,0,16384,35728,448,0,0,0,0,0,1
0,train,"Nullable(FOR(BitPack))",BETWEEN,4,0.00024414,mmap_hot,selective_closure,3424.8,3456.5,3461.3,502,856,856,6,0,4,35728,448,0,0,0,0,0,1
0,train,"Nullable(FOR(BitPack))",BETWEEN,4,0.00024414,mmap_hot,broad_fused,802707.0,804950.0,804971.0,35276,35728,35728,1,0,16384,35728,448,0,0,0,0,0,1
0,train,"Nullable(FOR(BitPack))",BETWEEN,4,0.00024414,buffered_hot,selective_closure,8787.4,8790.8,8793.8,502,856,856,6,0,4,35728,448,0,0,0,0,0,1
0,train,"Nullable(FOR(BitPack))",BETWEEN,4,0.00024414,buffered_hot,broad_fused,804580.0,804790.0,806042.0,35276,35728,35728,1,0,16384,35728,448,0,0,0,0,0,1
0,train,"Nullable(FOR(BitPack))",BETWEEN,4,0.00024414,buffered_drop_cache,selective_closure,173448.0,176333.0,179177.0,502,856,856,6,0,4,35728,448,0,0,0,0,0,1
0,train,"Nullable(FOR(BitPack))",BETWEEN,4,0.00024414,buffered_drop_cache,broad_fused,933753.0,935075.0,935366.0,35276,35728,35728,1,0,16384,35728,448,0,0,0,0,0,1
0,train,"Nullable(FOR(BitPack))",SUM,16,0.00097656,memory_warm,selective_closure,3582.9,3607.7,3639.4,526,856,856,6,0,16,35728,448,0,0,0,0,0,1
0,train,"Nullable(FOR(BitPack))",SUM,16,0.00097656,memory_warm,broad_fused,798040.0,799052.0,799392.0,35276,35728,35728,1,0,16384,35728,448,0,0,0,0,0,1
0,train,"Nullable(FOR(BitPack))",SUM,16,0.00097656,mmap_hot,selective_closure,4102.3,4137.7,4139.9,526,856,856,6,0,16,35728,448,0,0,0,0,0,1
0,train,"Nullable(FOR(BitPack))",SUM,16,0.00097656,mmap_hot,broad_fused,801716.0,806483.0,813704.0,35276,35728,35728,1,0,16384,35728,448,0,0,0,0,0,1
0,train,"Nullable(FOR(BitPack))",SUM,16,0.00097656,buffered_hot,selective_closure,9589.0,9597.5,9612.4,526,856,856,6,0,16,35728,448,0,0,0,0,0,1
0,train,"Nullable(FOR(BitPack))",SUM,16,0.00097656,buffered_hot,broad_fused,806072.0,809097.0,813514.0,35276,35728,35728,1,0,16384,35728,448,0,0,0,0,0,1
0,train,"Nullable(FOR(BitPack))",SUM,16,0.00097656,buffered_drop_cache,selective_closure,173939.0,178316.0,182622.0,526,856,856,6,0,16,35728,448,0,0,0,0,0,1
0,train,"Nullable(FOR(BitPack))",SUM,16,0.00097656,buffered_drop_cache,broad_fused,934273.0,934533.0,935255.0,35276,35728,35728,1,0,16384,35728,448,0,0,0,0,0,1
0,train,"Nullable(FOR(BitPack))",BETWEEN,16,0.00097656,memory_warm,selective_closure,3638.6,3666.4,3672.4,526,856,856,6,0,16,35728,448,0,0,0,0,0,1
0,train,"Nullable(FOR(BitPack))",BETWEEN,16,0.00097656,memory_warm,broad_fused,802127.0,802467.0,806352.0,35276,35728,35728,1,0,16384,35728,448,0,0,0,0,0,1
0,train,"Nullable(FOR(BitPack))",BETWEEN,16,0.00097656,mmap_hot,selective_closure,4095.4,4103.9,4154.5,526,856,856,6,0,16,35728,448,0,0,0,0,0,1
0,train,"Nullable(FOR(BitPack))",BETWEEN,16,0.00097656,mmap_hot,broad_fused,804469.0,805071.0,805090.0,35276,35728,35728,1,0,16384,35728,448,0,0,0,0,0,1
0,train,"Nullable(FOR(BitPack))",BETWEEN,16,0.00097656,buffered_hot,selective_closure,9476.6,9570.2,9592.2,526,856,856,6,0,16,35728,448,0,0,0,0,0,1
0,train,"Nullable(FOR(BitPack))",BETWEEN,16,0.00097656,buffered_hot,broad_fused,809738.0,810819.0,812071.0,35276,35728,35728,1,0,16384,35728,448,0,0,0,0,0,1
0,train,"Nullable(FOR(BitPack))",BETWEEN,16,0.00097656,buffered_drop_cache,selective_closure,173639.0,175853.0,180890.0,526,856,856,6,0,16,35728,448,0,0,0,0,0,1
0,train,"Nullable(FOR(BitPack))",BETWEEN,16,0.00097656,buffered_drop_cache,broad_fused,940784.0,940964.0,941734.0,35276,35728,35728,1,0,16384,35728,448,0,0,0,0,0,1
0,train,"Nullable(FOR(BitPack))",SUM,64,0.00390625,memory_warm,selective_closure,5880.1,5894.9,5929.8,624,856,856,6,0,64,35728,448,0,0,0,0,0,1
0,train,"Nullable(FOR(BitPack))",SUM,64,0.00390625,memory_warm,broad_fused,796508.0,797960.0,799303.0,35276,35728,35728,1,0,16384,35728,448,0,0,0,0,0,1
0,train,"Nullable(FOR(BitPack))",SUM,64,0.00390625,mmap_hot,selective_closure,6299.8,6304.7,6353.8,624,856,856,6,0,64,35728,448,0,0,0,0,0,1
0,train,"Nullable(FOR(BitPack))",SUM,64,0.00390625,mmap_hot,broad_fused,813714.0,817099.0,829026.0,35276,35728,35728,1,0,16384,35728,448,0,0,0,0,0,1
0,train,"Nullable(FOR(BitPack))",SUM,64,0.00390625,buffered_hot,selective_closure,11692.8,11693.8,11809.1,624,856,856,6,0,64,35728,448,0,0,0,0,0,1
0,train,"Nullable(FOR(BitPack))",SUM,64,0.00390625,buffered_hot,broad_fused,819773.0,821716.0,831320.0,35276,35728,35728,1,0,16384,35728,448,0,0,0,0,0,1
0,train,"Nullable(FOR(BitPack))",SUM,64,0.00390625,buffered_drop_cache,selective_closure,177155.0,177575.0,180259.0,624,856,856,6,0,64,35728,448,0,0,0,0,0,1
0,train,"Nullable(FOR(BitPack))",SUM,64,0.00390625,buffered_drop_cache,broad_fused,947503.0,950448.0,964408.0,35276,35728,35728,1,0,16384,35728,448,0,0,0,0,0,1
0,train,"Nullable(FOR(BitPack))",BETWEEN,64,0.00390625,memory_warm,selective_closure,5987.8,5999.6,6062.3,624,856,856,6,0,64,35728,448,0,0,0,0,0,1
0,train,"Nullable(FOR(BitPack))",BETWEEN,64,0.00390625,memory_warm,broad_fused,814395.0,817039.0,818842.0,35276,35728,35728,1,0,16384,35728,448,0,0,0,0,0,1
0,train,"Nullable(FOR(BitPack))",BETWEEN,64,0.00390625,mmap_hot,selective_closure,6441.4,6474.2,6504.2,624,856,856,6,0,64,35728,448,0,0,0,0,0,1
0,train,"Nullable(FOR(BitPack))",BETWEEN,64,0.00390625,mmap_hot,broad_fused,816868.0,818661.0,827965.0,35276,35728,35728,1,0,16384,35728,448,0,0,0,0,0,1
0,train,"Nullable(FOR(BitPack))",BETWEEN,64,0.00390625,buffered_hot,selective_closure,11894.1,11896.8,12071.4,624,856,856,6,0,64,35728,448,0,0,0,0,0,1
0,train,"Nullable(FOR(BitPack))",BETWEEN,64,0.00390625,buffered_hot,broad_fused,820033.0,828886.0,834575.0,35276,35728,35728,1,0,16384,35728,448,0,0,0,0,0,1
0,train,"Nullable(FOR(BitPack))",BETWEEN,64,0.00390625,buffered_drop_cache,selective_closure,178636.0,178657.0,183984.0,624,856,856,6,0,64,35728,448,0,0,0,0,0,1
0,train,"Nullable(FOR(BitPack))",BETWEEN,64,0.00390625,buffered_drop_cache,broad_fused,947713.0,948335.0,959231.0,35276,35728,35728,1,0,16384,35728,448,0,0,0,0,0,1
0,train,"Nullable(FOR(BitPack))",SUM,163,0.00994873,memory_warm,selective_closure,10914.9,10968.2,10972.7,831,1128,1128,7,0,163,35728,448,0,0,0,0,0,1
0,train,"Nullable(FOR(BitPack))",SUM,163,0.00994873,memory_warm,broad_fused,812612.0,812893.0,820033.0,35276,35728,35728,1,0,16384,35728,448,0,0,0,0,0,1
0,train,"Nullable(FOR(BitPack))",SUM,163,0.00994873,mmap_hot,selective_closure,11353.7,11361.8,11467.1,831,1128,1128,7,0,163,35728,448,0,0,0,0,0,1
0,train,"Nullable(FOR(BitPack))",SUM,163,0.00994873,mmap_hot,broad_fused,810549.0,811581.0,812982.0,35276,35728,35728,1,0,16384,35728,448,0,0,0,0,0,1
0,train,"Nullable(FOR(BitPack))",SUM,163,0.00994873,buffered_hot,selective_closure,17599.8,17635.6,17720.4,831,1128,1128,7,0,163,35728,448,0,0,0,0,0,1
0,train,"Nullable(FOR(BitPack))",SUM,163,0.00994873,buffered_hot,broad_fused,816167.0,818581.0,828796.0,35276,35728,35728,1,0,16384,35728,448,0,0,0,0,0,1
0,train,"Nullable(FOR(BitPack))",SUM,163,0.00994873,buffered_drop_cache,selective_closure,181261.0,182492.0,182542.0,831,1128,1128,7,0,163,35728,448,0,0,0,0,0,1
0,train,"Nullable(FOR(BitPack))",SUM,163,0.00994873,buffered_drop_cache,broad_fused,942776.0,949346.0,958589.0,35276,35728,35728,1,0,16384,35728,448,0,0,0,0,0,1
0,train,"Nullable(FOR(BitPack))",BETWEEN,163,0.00994873,memory_warm,selective_closure,11285.9,11320.6,11404.0,831,1128,1128,7,0,163,35728,448,0,0,0,0,0,1
0,train,"Nullable(FOR(BitPack))",BETWEEN,163,0.00994873,memory_warm,broad_fused,817930.0,820213.0,826182.0,35276,35728,35728,1,0,16384,35728,448,0,0,0,0,0,1
0,train,"Nullable(FOR(BitPack))",BETWEEN,163,0.00994873,mmap_hot,selective_closure,11668.9,11794.9,11821.3,831,1128,1128,7,0,163,35728,448,0,0,0,0,0,1
0,train,"Nullable(FOR(BitPack))",BETWEEN,163,0.00994873,mmap_hot,broad_fused,818320.0,819092.0,819191.0,35276,35728,35728,1,0,16384,35728,448,0,0,0,0,0,1
0,train,"Nullable(FOR(BitPack))",BETWEEN,163,0.00994873,buffered_hot,selective_closure,17917.9,18013.6,18136.7,831,1128,1128,7,0,163,35728,448,0,0,0,0,0,1
0,train,"Nullable(FOR(BitPack))",BETWEEN,163,0.00994873,buffered_hot,broad_fused,821015.0,821074.0,828886.0,35276,35728,35728,1,0,16384,35728,448,0,0,0,0,0,1
0,train,"Nullable(FOR(BitPack))",BETWEEN,163,0.00994873,buffered_drop_cache,selective_closure,186748.0,187049.0,188280.0,831,1128,1128,7,0,163,35728,448,0,0,0,0,0,1
0,train,"Nullable(FOR(BitPack))",BETWEEN,163,0.00994873,buffered_drop_cache,broad_fused,949106.0,952170.0,959591.0,35276,35728,35728,1,0,16384,35728,448,0,0,0,0,0,1
0,train,"Nullable(FOR(BitPack))",SUM,256,0.01562500,memory_warm,selective_closure,15457.3,15510.2,15646.2,1021,1400,1400,8,0,256,35728,448,0,0,0,0,0,1
0,train,"Nullable(FOR(BitPack))",SUM,256,0.01562500,memory_warm,broad_fused,811320.0,811390.0,811390.0,35276,35728,35728,1,0,16384,35728,448,0,0,0,0,0,1
0,train,"Nullable(FOR(BitPack))",SUM,256,0.01562500,mmap_hot,selective_closure,15908.2,15952.8,16054.3,1021,1400,1400,8,0,256,35728,448,0,0,0,0,0,1
0,train,"Nullable(FOR(BitPack))",SUM,256,0.01562500,mmap_hot,broad_fused,812663.0,815166.0,821886.0,35276,35728,35728,1,0,16384,35728,448,0,0,0,0,0,1
0,train,"Nullable(FOR(BitPack))",SUM,256,0.01562500,buffered_hot,selective_closure,23084.0,23117.3,23280.4,1021,1400,1400,8,0,256,35728,448,0,0,0,0,0,1
0,train,"Nullable(FOR(BitPack))",SUM,256,0.01562500,buffered_hot,broad_fused,816137.0,820353.0,821925.0,35276,35728,35728,1,0,16384,35728,448,0,0,0,0,0,1
0,train,"Nullable(FOR(BitPack))",SUM,256,0.01562500,buffered_drop_cache,selective_closure,188761.0,190264.0,192978.0,1021,1400,1400,8,0,256,35728,448,0,0,0,0,0,1
0,train,"Nullable(FOR(BitPack))",SUM,256,0.01562500,buffered_drop_cache,broad_fused,939010.0,942846.0,951259.0,35276,35728,35728,1,0,16384,35728,448,0,0,0,0,0,1
0,train,"Nullable(FOR(BitPack))",BETWEEN,256,0.01562500,memory_warm,selective_closure,16143.4,16287.3,16295.0,1021,1400,1400,8,0,256,35728,448,0,0,0,0,0,1
0,train,"Nullable(FOR(BitPack))",BETWEEN,256,0.01562500,memory_warm,broad_fused,818761.0,819292.0,820103.0,35276,35728,35728,1,0,16384,35728,448,0,0,0,0,0,1
0,train,"Nullable(FOR(BitPack))",BETWEEN,256,0.01562500,mmap_hot,selective_closure,16535.0,16689.7,16699.4,1021,1400,1400,8,0,256,35728,448,0,0,0,0,0,1
0,train,"Nullable(FOR(BitPack))",BETWEEN,256,0.01562500,mmap_hot,broad_fused,816428.0,817580.0,819403.0,35276,35728,35728,1,0,16384,35728,448,0,0,0,0,0,1
0,train,"Nullable(FOR(BitPack))",BETWEEN,256,0.01562500,buffered_hot,selective_closure,23669.8,23889.2,23909.7,1021,1400,1400,8,0,256,35728,448,0,0,0,0,0,1
0,train,"Nullable(FOR(BitPack))",BETWEEN,256,0.01562500,buffered_hot,broad_fused,818400.0,819302.0,821004.0,35276,35728,35728,1,0,16384,35728,448,0,0,0,0,0,1
0,train,"Nullable(FOR(BitPack))",BETWEEN,256,0.01562500,buffered_drop_cache,selective_closure,188862.0,190154.0,200399.0,1021,1400,1400,8,0,256,35728,448,0,0,0,0,0,1
0,train,"Nullable(FOR(BitPack))",BETWEEN,256,0.01562500,buffered_drop_cache,broad_fused,950898.0,952310.0,956877.0,35276,35728,35728,1,0,16384,35728,448,0,0,0,0,0,1
0,train,"Nullable(FOR(BitPack))",SUM,819,0.04998779,memory_warm,selective_closure,44853.9,44873.0,45163.3,2215,2552,2552,14,0,819,35728,448,0,0,0,0,0,1
0,train,"Nullable(FOR(BitPack))",SUM,819,0.04998779,memory_warm,broad_fused,816708.0,821125.0,822227.0,35276,35728,35728,1,0,16384,35728,448,0,0,0,0,0,1
0,train,"Nullable(FOR(BitPack))",SUM,819,0.04998779,mmap_hot,selective_closure,45337.6,45492.5,45766.5,2215,2552,2552,14,0,819,35728,448,0,0,0,0,0,1
0,train,"Nullable(FOR(BitPack))",SUM,819,0.04998779,mmap_hot,broad_fused,813694.0,814925.0,817119.0,35276,35728,35728,1,0,16384,35728,448,0,0,0,0,0,1
0,train,"Nullable(FOR(BitPack))",SUM,819,0.04998779,buffered_hot,selective_closure,57913.9,57923.9,58511.0,2215,2552,2552,14,0,819,35728,448,0,0,0,0,0,1
0,train,"Nullable(FOR(BitPack))",SUM,819,0.04998779,buffered_hot,broad_fused,812582.0,817008.0,820624.0,35276,35728,35728,1,0,16384,35728,448,0,0,0,0,0,1
0,train,"Nullable(FOR(BitPack))",SUM,819,0.04998779,buffered_drop_cache,selective_closure,224935.0,225216.0,229262.0,2215,2552,2552,14,0,819,35728,448,0,0,0,0,0,1
0,train,"Nullable(FOR(BitPack))",SUM,819,0.04998779,buffered_drop_cache,broad_fused,945370.0,947914.0,950688.0,35276,35728,35728,1,0,16384,35728,448,0,0,0,0,0,1
0,train,"Nullable(FOR(BitPack))",BETWEEN,819,0.04998779,memory_warm,selective_closure,47289.6,47372.7,47749.2,2215,2552,2552,14,0,819,35728,448,0,0,0,0,0,1
0,train,"Nullable(FOR(BitPack))",BETWEEN,819,0.04998779,memory_warm,broad_fused,831400.0,832191.0,832452.0,35276,35728,35728,1,0,16384,35728,448,0,0,0,0,0,1
0,train,"Nullable(FOR(BitPack))",BETWEEN,819,0.04998779,mmap_hot,selective_closure,47605.0,47941.5,47975.6,2215,2552,2552,14,0,819,35728,448,0,0,0,0,0,1
0,train,"Nullable(FOR(BitPack))",BETWEEN,819,0.04998779,mmap_hot,broad_fused,832090.0,834795.0,835025.0,35276,35728,35728,1,0,16384,35728,448,0,0,0,0,0,1
0,train,"Nullable(FOR(BitPack))",BETWEEN,819,0.04998779,buffered_hot,selective_closure,59918.1,60505.2,60566.6,2215,2552,2552,14,0,819,35728,448,0,0,0,0,0,1
0,train,"Nullable(FOR(BitPack))",BETWEEN,819,0.04998779,buffered_hot,broad_fused,837990.0,838530.0,840884.0,35276,35728,35728,1,0,16384,35728,448,0,0,0,0,0,1
0,train,"Nullable(FOR(BitPack))",BETWEEN,819,0.04998779,buffered_drop_cache,selective_closure,224825.0,230844.0,230974.0,2215,2552,2552,14,0,819,35728,448,0,0,0,0,0,1
0,train,"Nullable(FOR(BitPack))",BETWEEN,819,0.04998779,buffered_drop_cache,broad_fused,965620.0,966031.0,968685.0,35276,35728,35728,1,0,16384,35728,448,0,0,0,0,0,1
0,train,"Nullable(FOR(BitPack))",SUM,1638,0.09997559,memory_warm,selective_closure,89583.6,90320.8,90378.8,3966,4312,4312,24,0,1638,35728,448,0,0,0,0,0,1
0,train,"Nullable(FOR(BitPack))",SUM,1638,0.09997559,memory_warm,broad_fused,826753.0,828806.0,829637.0,35276,35728,35728,1,0,16384,35728,448,0,0,0,0,0,1
0,train,"Nullable(FOR(BitPack))",SUM,1638,0.09997559,mmap_hot,selective_closure,89922.2,90465.0,90527.0,3966,4312,4312,24,0,1638,35728,448,0,0,0,0,0,1
0,train,"Nullable(FOR(BitPack))",SUM,1638,0.09997559,mmap_hot,broad_fused,830559.0,832832.0,834614.0,35276,35728,35728,1,0,16384,35728,448,0,0,0,0,0,1
0,train,"Nullable(FOR(BitPack))",SUM,1638,0.09997559,buffered_hot,selective_closure,111636.5,112082.0,112623.0,3966,4312,4312,24,0,1638,35728,448,0,0,0,0,0,1
0,train,"Nullable(FOR(BitPack))",SUM,1638,0.09997559,buffered_hot,broad_fused,830659.0,831310.0,837179.0,35276,35728,35728,1,0,16384,35728,448,0,0,0,0,0,1
0,train,"Nullable(FOR(BitPack))",SUM,1638,0.09997559,buffered_drop_cache,selective_closure,277965.0,279026.0,281490.0,3966,4312,4312,24,0,1638,35728,448,0,0,0,0,0,1
0,train,"Nullable(FOR(BitPack))",SUM,1638,0.09997559,buffered_drop_cache,broad_fused,958489.0,960904.0,962365.0,35276,35728,35728,1,0,16384,35728,448,0,0,0,0,0,1
0,train,"Nullable(FOR(BitPack))",BETWEEN,1638,0.09997559,memory_warm,selective_closure,93407.2,94018.2,94663.2,3966,4312,4312,24,0,1638,35728,448,0,0,0,0,0,1
0,train,"Nullable(FOR(BitPack))",BETWEEN,1638,0.09997559,memory_warm,broad_fused,832041.0,834264.0,835416.0,35276,35728,35728,1,0,16384,35728,448,0,0,0,0,0,1
0,train,"Nullable(FOR(BitPack))",BETWEEN,1638,0.09997559,mmap_hot,selective_closure,93775.8,93800.0,94475.0,3966,4312,4312,24,0,1638,35728,448,0,0,0,0,0,1
0,train,"Nullable(FOR(BitPack))",BETWEEN,1638,0.09997559,mmap_hot,broad_fused,835406.0,835907.0,835947.0,35276,35728,35728,1,0,16384,35728,448,0,0,0,0,0,1
0,train,"Nullable(FOR(BitPack))",BETWEEN,1638,0.09997559,buffered_hot,selective_closure,115029.0,116003.0,116246.0,3966,4312,4312,24,0,1638,35728,448,0,0,0,0,0,1
0,train,"Nullable(FOR(BitPack))",BETWEEN,1638,0.09997559,buffered_hot,broad_fused,834354.0,836137.0,838340.0,35276,35728,35728,1,0,16384,35728,448,0,0,0,0,0,1
0,train,"Nullable(FOR(BitPack))",BETWEEN,1638,0.09997559,buffered_drop_cache,selective_closure,282321.0,283463.0,283884.0,3966,4312,4312,24,0,1638,35728,448,0,0,0,0,0,1
0,train,"Nullable(FOR(BitPack))",BETWEEN,1638,0.09997559,buffered_drop_cache,broad_fused,966281.0,966542.0,966672.0,35276,35728,35728,1,0,16384,35728,448,0,0,0,0,0,1
0,train,"Nullable(FOR(BitPack))",SUM,3276,0.19995117,memory_warm,selective_closure,176443.5,176603.5,178160.5,7441,7768,7768,42,0,3276,35728,448,0,0,0,0,0,1
0,train,"Nullable(FOR(BitPack))",SUM,3276,0.19995117,memory_warm,broad_fused,826173.0,828595.0,830629.0,35276,35728,35728,1,0,16384,35728,448,0,0,0,0,0,1
0,train,"Nullable(FOR(BitPack))",SUM,3276,0.19995117,mmap_hot,selective_closure,175987.5,176052.5,176683.5,7441,7768,7768,42,0,3276,35728,448,0,0,0,0,0,1
0,train,"Nullable(FOR(BitPack))",SUM,3276,0.19995117,mmap_hot,broad_fused,832021.0,832581.0,832913.0,35276,35728,35728,1,0,16384,35728,448,0,0,0,0,0,1
0,train,"Nullable(FOR(BitPack))",SUM,3276,0.19995117,buffered_hot,selective_closure,218085.5,218926.5,220043.0,7441,7768,7768,42,0,3276,35728,448,0,0,0,0,0,1
0,train,"Nullable(FOR(BitPack))",SUM,3276,0.19995117,buffered_hot,broad_fused,833794.0,837840.0,838330.0,35276,35728,35728,1,0,16384,35728,448,0,0,0,0,0,1
0,train,"Nullable(FOR(BitPack))",SUM,3276,0.19995117,buffered_drop_cache,selective_closure,381319.0,381489.0,394298.0,7441,7768,7768,42,0,3276,35728,448,0,0,0,0,0,1
0,train,"Nullable(FOR(BitPack))",SUM,3276,0.19995117,buffered_drop_cache,broad_fused,960903.0,964669.0,970808.0,35276,35728,35728,1,0,16384,35728,448,0,0,0,0,0,1
0,train,"Nullable(FOR(BitPack))",BETWEEN,3276,0.19995117,memory_warm,selective_closure,183564.0,183689.0,184590.0,7441,7768,7768,42,0,3276,35728,448,0,0,0,0,0,1
0,train,"Nullable(FOR(BitPack))",BETWEEN,3276,0.19995117,memory_warm,broad_fused,840003.0,843388.0,845721.0,35276,35728,35728,1,0,16384,35728,448,0,0,0,0,0,1
0,train,"Nullable(FOR(BitPack))",BETWEEN,3276,0.19995117,mmap_hot,selective_closure,184224.5,184420.0,185952.5,7441,7768,7768,42,0,3276,35728,448,0,0,0,0,0,1
0,train,"Nullable(FOR(BitPack))",BETWEEN,3276,0.19995117,mmap_hot,broad_fused,840544.0,840744.0,841705.0,35276,35728,35728,1,0,16384,35728,448,0,0,0,0,0,1
0,train,"Nullable(FOR(BitPack))",BETWEEN,3276,0.19995117,buffered_hot,selective_closure,220378.5,220989.5,222141.0,7441,7768,7768,42,0,3276,35728,448,0,0,0,0,0,1
0,train,"Nullable(FOR(BitPack))",BETWEEN,3276,0.19995117,buffered_hot,broad_fused,842226.0,843498.0,844460.0,35276,35728,35728,1,0,16384,35728,448,0,0,0,0,0,1
0,train,"Nullable(FOR(BitPack))",BETWEEN,3276,0.19995117,buffered_drop_cache,selective_closure,387838.0,390643.0,404474.0,7441,7768,7768,42,0,3276,35728,448,0,0,0,0,0,1
0,train,"Nullable(FOR(BitPack))",BETWEEN,3276,0.19995117,buffered_drop_cache,broad_fused,970117.0,970247.0,972550.0,35276,35728,35728,1,0,16384,35728,448,0,0,0,0,0,1
0,train,"Nullable(FOR(BitPack))",SUM,4915,0.29998779,memory_warm,selective_closure,261930.0,262201.0,262612.0,10919,11224,11224,60,0,4915,35728,448,0,0,0,0,0,1
0,train,"Nullable(FOR(BitPack))",SUM,4915,0.29998779,memory_warm,broad_fused,831430.0,831700.0,833393.0,35276,35728,35728,1,0,16384,35728,448,0,0,0,0,0,1
0,train,"Nullable(FOR(BitPack))",SUM,4915,0.29998779,mmap_hot,selective_closure,261420.0,261470.0,261490.0,10919,11224,11224,60,0,4915,35728,448,0,0,0,0,0,1
0,train,"Nullable(FOR(BitPack))",SUM,4915,0.29998779,mmap_hot,broad_fused,829517.0,829738.0,834184.0,35276,35728,35728,1,0,16384,35728,448,0,0,0,0,0,1
0,train,"Nullable(FOR(BitPack))",SUM,4915,0.29998779,buffered_hot,selective_closure,314389.0,315240.0,315811.0,10919,11224,11224,60,0,4915,35728,448,0,0,0,0,0,1
0,train,"Nullable(FOR(BitPack))",SUM,4915,0.29998779,buffered_hot,broad_fused,835236.0,836738.0,840344.0,35276,35728,35728,1,0,16384,35728,448,0,0,0,0,0,1
0,train,"Nullable(FOR(BitPack))",SUM,4915,0.29998779,buffered_drop_cache,selective_closure,482820.0,490602.0,492815.0,10919,11224,11224,60,0,4915,35728,448,0,0,0,0,0,1
0,train,"Nullable(FOR(BitPack))",SUM,4915,0.29998779,buffered_drop_cache,broad_fused,967112.0,971118.0,972991.0,35276,35728,35728,1,0,16384,35728,448,0,0,0,0,0,1
0,train,"Nullable(FOR(BitPack))",BETWEEN,4915,0.29998779,memory_warm,selective_closure,274059.0,274179.0,274449.0,10919,11224,11224,60,0,4915,35728,448,0,0,0,0,0,1
0,train,"Nullable(FOR(BitPack))",BETWEEN,4915,0.29998779,memory_warm,broad_fused,849157.0,849226.0,849988.0,35276,35728,35728,1,0,16384,35728,448,0,0,0,0,0,1
0,train,"Nullable(FOR(BitPack))",BETWEEN,4915,0.29998779,mmap_hot,selective_closure,273448.0,273728.0,273809.0,10919,11224,11224,60,0,4915,35728,448,0,0,0,0,0,1
0,train,"Nullable(FOR(BitPack))",BETWEEN,4915,0.29998779,mmap_hot,broad_fused,843338.0,844580.0,844790.0,35276,35728,35728,1,0,16384,35728,448,0,0,0,0,0,1
0,train,"Nullable(FOR(BitPack))",BETWEEN,4915,0.29998779,buffered_hot,selective_closure,326246.0,326287.0,330974.0,10919,11224,11224,60,0,4915,35728,448,0,0,0,0,0,1
0,train,"Nullable(FOR(BitPack))",BETWEEN,4915,0.29998779,buffered_hot,broad_fused,848095.0,848525.0,848566.0,35276,35728,35728,1,0,16384,35728,448,0,0,0,0,0,1
0,train,"Nullable(FOR(BitPack))",BETWEEN,4915,0.29998779,buffered_drop_cache,selective_closure,494478.0,499776.0,501608.0,10919,11224,11224,60,0,4915,35728,448,0,0,0,0,0,1
0,train,"Nullable(FOR(BitPack))",BETWEEN,4915,0.29998779,buffered_drop_cache,broad_fused,973482.0,974694.0,975054.0,35276,35728,35728,1,0,16384,35728,448,0,0,0,0,0,1
0,train,"Nullable(FOR(BitPack))",SUM,6553,0.39996338,memory_warm,selective_closure,349842.0,350002.0,353517.0,14394,14680,14680,78,0,6553,35728,448,0,0,0,0,0,1
0,train,"Nullable(FOR(BitPack))",SUM,6553,0.39996338,memory_warm,broad_fused,830859.0,830949.0,833794.0,35276,35728,35728,1,0,16384,35728,448,0,0,0,0,0,1
0,train,"Nullable(FOR(BitPack))",SUM,6553,0.39996338,mmap_hot,selective_closure,347829.0,349091.0,351054.0,14394,14680,14680,78,0,6553,35728,448,0,0,0,0,0,1
0,train,"Nullable(FOR(BitPack))",SUM,6553,0.39996338,mmap_hot,broad_fused,830498.0,831050.0,835156.0,35276,35728,35728,1,0,16384,35728,448,0,0,0,0,0,1
0,train,"Nullable(FOR(BitPack))",SUM,6553,0.39996338,buffered_hot,selective_closure,419265.0,419525.0,420287.0,14394,14680,14680,78,0,6553,35728,448,0,0,0,0,0,1
0,train,"Nullable(FOR(BitPack))",SUM,6553,0.39996338,buffered_hot,broad_fused,835396.0,835876.0,836388.0,35276,35728,35728,1,0,16384,35728,448,0,0,0,0,0,1
0,train,"Nullable(FOR(BitPack))",SUM,6553,0.39996338,buffered_drop_cache,selective_closure,585393.0,586004.0,589969.0,14394,14680,14680,78,0,6553,35728,448,0,0,0,0,0,1
0,train,"Nullable(FOR(BitPack))",SUM,6553,0.39996338,buffered_drop_cache,broad_fused,968705.0,971099.0,972170.0,35276,35728,35728,1,0,16384,35728,448,0,0,0,0,0,1
0,train,"Nullable(FOR(BitPack))",BETWEEN,6553,0.39996338,memory_warm,selective_closure,364153.0,364334.0,370973.0,14394,14680,14680,78,0,6553,35728,448,0,0,0,0,0,1
0,train,"Nullable(FOR(BitPack))",BETWEEN,6553,0.39996338,memory_warm,broad_fused,850248.0,852582.0,853653.0,35276,35728,35728,1,0,16384,35728,448,0,0,0,0,0,1
0,train,"Nullable(FOR(BitPack))",BETWEEN,6553,0.39996338,mmap_hot,selective_closure,364593.0,365275.0,370803.0,14394,14680,14680,78,0,6553,35728,448,0,0,0,0,0,1
0,train,"Nullable(FOR(BitPack))",BETWEEN,6553,0.39996338,mmap_hot,broad_fused,849417.0,849477.0,852271.0,35276,35728,35728,1,0,16384,35728,448,0,0,0,0,0,1
0,train,"Nullable(FOR(BitPack))",BETWEEN,6553,0.39996338,buffered_hot,selective_closure,432916.0,435470.0,438053.0,14394,14680,14680,78,0,6553,35728,448,0,0,0,0,0,1
0,train,"Nullable(FOR(BitPack))",BETWEEN,6553,0.39996338,buffered_hot,broad_fused,851410.0,853483.0,854474.0,35276,35728,35728,1,0,16384,35728,448,0,0,0,0,0,1
0,train,"Nullable(FOR(BitPack))",BETWEEN,6553,0.39996338,buffered_drop_cache,selective_closure,604231.0,604261.0,607576.0,14394,14680,14680,78,0,6553,35728,448,0,0,0,0,0,1
0,train,"Nullable(FOR(BitPack))",BETWEEN,6553,0.39996338,buffered_drop_cache,broad_fused,984017.0,986451.0,986541.0,35276,35728,35728,1,0,16384,35728,448,0,0,0,0,0,1
0,train,"Nullable(FOR(BitPack))",SUM,8192,0.50000000,memory_warm,selective_closure,435009.0,435299.0,440477.0,17869,18136,18136,96,0,8192,35728,448,0,0,0,0,0,1
0,train,"Nullable(FOR(BitPack))",SUM,8192,0.50000000,memory_warm,broad_fused,831720.0,834304.0,834695.0,35276,35728,35728,1,0,16384,35728,448,0,0,0,0,0,1
0,train,"Nullable(FOR(BitPack))",SUM,8192,0.50000000,mmap_hot,selective_closure,436110.0,437472.0,439486.0,17869,18136,18136,96,0,8192,35728,448,0,0,0,0,0,1
0,train,"Nullable(FOR(BitPack))",SUM,8192,0.50000000,mmap_hot,broad_fused,835046.0,841004.0,845190.0,35276,35728,35728,1,0,16384,35728,448,0,0,0,0,0,1
0,train,"Nullable(FOR(BitPack))",SUM,8192,0.50000000,buffered_hot,selective_closure,522649.0,526816.0,528088.0,17869,18136,18136,96,0,8192,35728,448,0,0,0,0,0,1
0,train,"Nullable(FOR(BitPack))",SUM,8192,0.50000000,buffered_hot,broad_fused,835767.0,838882.0,839802.0,35276,35728,35728,1,0,16384,35728,448,0,0,0,0,0,1
0,train,"Nullable(FOR(BitPack))",SUM,8192,0.50000000,buffered_drop_cache,selective_closure,689478.0,692272.0,697610.0,17869,18136,18136,96,0,8192,35728,448,0,0,0,0,0,1
0,train,"Nullable(FOR(BitPack))",SUM,8192,0.50000000,buffered_drop_cache,broad_fused,970167.0,973853.0,973853.0,35276,35728,35728,1,0,16384,35728,448,0,0,0,0,0,1
0,train,"Nullable(FOR(BitPack))",BETWEEN,8192,0.50000000,memory_warm,selective_closure,454738.0,455480.0,459154.0,17869,18136,18136,96,0,8192,35728,448,0,0,0,0,0,1
0,train,"Nullable(FOR(BitPack))",BETWEEN,8192,0.50000000,memory_warm,broad_fused,851540.0,852231.0,852772.0,35276,35728,35728,1,0,16384,35728,448,0,0,0,0,0,1
0,train,"Nullable(FOR(BitPack))",BETWEEN,8192,0.50000000,mmap_hot,selective_closure,454327.0,454578.0,457662.0,17869,18136,18136,96,0,8192,35728,448,0,0,0,0,0,1
0,train,"Nullable(FOR(BitPack))",BETWEEN,8192,0.50000000,mmap_hot,broad_fused,854484.0,855216.0,859081.0,35276,35728,35728,1,0,16384,35728,448,0,0,0,0,0,1
0,train,"Nullable(FOR(BitPack))",BETWEEN,8192,0.50000000,buffered_hot,selective_closure,540516.0,543661.0,544923.0,17869,18136,18136,96,0,8192,35728,448,0,0,0,0,0,1
0,train,"Nullable(FOR(BitPack))",BETWEEN,8192,0.50000000,buffered_hot,broad_fused,856257.0,856307.0,856838.0,35276,35728,35728,1,0,16384,35728,448,0,0,0,0,0,1
0,train,"Nullable(FOR(BitPack))",BETWEEN,8192,0.50000000,buffered_drop_cache,selective_closure,711602.0,713715.0,715888.0,17869,18136,18136,96,0,8192,35728,448,0,0,0,0,0,1
0,train,"Nullable(FOR(BitPack))",BETWEEN,8192,0.50000000,buffered_drop_cache,broad_fused,985290.0,986091.0,988755.0,35276,35728,35728,1,0,16384,35728,448,0,0,0,0,0,1
0,train,"Nullable(FOR(BitPack))",SUM,9830,0.59997559,memory_warm,selective_closure,530100.0,531934.0,532815.0,21376,21656,21656,116,0,9830,35728,448,0,0,0,0,0,1
0,train,"Nullable(FOR(BitPack))",SUM,9830,0.59997559,memory_warm,broad_fused,835386.0,836397.0,836497.0,35276,35728,35728,1,0,16384,35728,448,0,0,0,0,0,1
0,train,"Nullable(FOR(BitPack))",SUM,9830,0.59997559,mmap_hot,selective_closure,527426.0,529209.0,530501.0,21376,21656,21656,116,0,9830,35728,448,0,0,0,0,0,1
0,train,"Nullable(FOR(BitPack))",SUM,9830,0.59997559,mmap_hot,broad_fused,837089.0,841626.0,846051.0,35276,35728,35728,1,0,16384,35728,448,0,0,0,0,0,1
0,train,"Nullable(FOR(BitPack))",SUM,9830,0.59997559,buffered_hot,selective_closure,627736.0,632673.0,637892.0,21376,21656,21656,116,0,9830,35728,448,0,0,0,0,0,1
0,train,"Nullable(FOR(BitPack))",SUM,9830,0.59997559,buffered_hot,broad_fused,835727.0,839672.0,840754.0,35276,35728,35728,1,0,16384,35728,448,0,0,0,0,0,1
0,train,"Nullable(FOR(BitPack))",SUM,9830,0.59997559,buffered_drop_cache,selective_closure,797119.0,804840.0,807654.0,21376,21656,21656,116,0,9830,35728,448,0,0,0,0,0,1
0,train,"Nullable(FOR(BitPack))",SUM,9830,0.59997559,buffered_drop_cache,broad_fused,962486.0,967363.0,970538.0,35276,35728,35728,1,0,16384,35728,448,0,0,0,0,0,1
0,train,"Nullable(FOR(BitPack))",BETWEEN,9830,0.59997559,memory_warm,selective_closure,544723.0,549760.0,551152.0,21376,21656,21656,116,0,9830,35728,448,0,0,0,0,0,1
0,train,"Nullable(FOR(BitPack))",BETWEEN,9830,0.59997559,memory_warm,broad_fused,855256.0,857619.0,859371.0,35276,35728,35728,1,0,16384,35728,448,0,0,0,0,0,1
0,train,"Nullable(FOR(BitPack))",BETWEEN,9830,0.59997559,mmap_hot,selective_closure,545664.0,548478.0,552725.0,21376,21656,21656,116,0,9830,35728,448,0,0,0,0,0,1
0,train,"Nullable(FOR(BitPack))",BETWEEN,9830,0.59997559,mmap_hot,broad_fused,856397.0,857609.0,858150.0,35276,35728,35728,1,0,16384,35728,448,0,0,0,0,0,1
0,train,"Nullable(FOR(BitPack))",BETWEEN,9830,0.59997559,buffered_hot,selective_closure,651301.0,652854.0,653625.0,21376,21656,21656,116,0,9830,35728,448,0,0,0,0,0,1
0,train,"Nullable(FOR(BitPack))",BETWEEN,9830,0.59997559,buffered_hot,broad_fused,856187.0,858801.0,860994.0,35276,35728,35728,1,0,16384,35728,448,0,0,0,0,0,1
0,train,"Nullable(FOR(BitPack))",BETWEEN,9830,0.59997559,buffered_drop_cache,selective_closure,827073.0,830849.0,831921.0,21376,21656,21656,116,0,9830,35728,448,0,0,0,0,0,1
0,train,"Nullable(FOR(BitPack))",BETWEEN,9830,0.59997559,buffered_drop_cache,broad_fused,979871.0,980243.0,985179.0,35276,35728,35728,1,0,16384,35728,448,0,0,0,0,0,1
0,train,"Nullable(FOR(BitPack))",SUM,11468,0.69995117,memory_warm,selective_closure,609459.0,612994.0,613475.0,24849,25112,25112,134,0,11468,35728,448,0,0,0,0,0,1
0,train,"Nullable(FOR(BitPack))",SUM,11468,0.69995117,memory_warm,broad_fused,832161.0,834545.0,844499.0,35276,35728,35728,1,0,16384,35728,448,0,0,0,0,0,1
0,train,"Nullable(FOR(BitPack))",SUM,11468,0.69995117,mmap_hot,selective_closure,610751.0,612223.0,612644.0,24849,25112,25112,134,0,11468,35728,448,0,0,0,0,0,1
0,train,"Nullable(FOR(BitPack))",SUM,11468,0.69995117,mmap_hot,broad_fused,837880.0,839051.0,839432.0,35276,35728,35728,1,0,16384,35728,448,0,0,0,0,0,1
0,train,"Nullable(FOR(BitPack))",SUM,11468,0.69995117,buffered_hot,selective_closure,731591.0,732152.0,733284.0,24849,25112,25112,134,0,11468,35728,448,0,0,0,0,0,1
0,train,"Nullable(FOR(BitPack))",SUM,11468,0.69995117,buffered_hot,broad_fused,838421.0,841775.0,843338.0,35276,35728,35728,1,0,16384,35728,448,0,0,0,0,0,1
0,train,"Nullable(FOR(BitPack))",SUM,11468,0.69995117,buffered_drop_cache,selective_closure,896607.0,904248.0,905701.0,24849,25112,25112,134,0,11468,35728,448,0,0,0,0,0,1
0,train,"Nullable(FOR(BitPack))",SUM,11468,0.69995117,buffered_drop_cache,broad_fused,966872.0,968104.0,976467.0,35276,35728,35728,1,0,16384,35728,448,0,0,0,0,0,1
0,train,"Nullable(FOR(BitPack))",BETWEEN,11468,0.69995117,memory_warm,selective_closure,633314.0,637571.0,638523.0,24849,25112,25112,134,0,11468,35728,448,0,0,0,0,0,1
0,train,"Nullable(FOR(BitPack))",BETWEEN,11468,0.69995117,memory_warm,broad_fused,853413.0,853563.0,857179.0,35276,35728,35728,1,0,16384,35728,448,0,0,0,0,0,1
0,train,"Nullable(FOR(BitPack))",BETWEEN,11468,0.69995117,mmap_hot,selective_closure,635258.0,636029.0,636159.0,24849,25112,25112,134,0,11468,35728,448,0,0,0,0,0,1
0,train,"Nullable(FOR(BitPack))",BETWEEN,11468,0.69995117,mmap_hot,broad_fused,855676.0,856618.0,856718.0,35276,35728,35728,1,0,16384,35728,448,0,0,0,0,0,1
0,train,"Nullable(FOR(BitPack))",BETWEEN,11468,0.69995117,buffered_hot,selective_closure,752862.0,754946.0,755617.0,24849,25112,25112,134,0,11468,35728,448,0,0,0,0,0,1
0,train,"Nullable(FOR(BitPack))",BETWEEN,11468,0.69995117,buffered_hot,broad_fused,857359.0,859722.0,859993.0,35276,35728,35728,1,0,16384,35728,448,0,0,0,0,0,1
0,train,"Nullable(FOR(BitPack))",BETWEEN,11468,0.69995117,buffered_drop_cache,selective_closure,921775.0,921844.0,922816.0,24849,25112,25112,134,0,11468,35728,448,0,0,0,0,0,1
0,train,"Nullable(FOR(BitPack))",BETWEEN,11468,0.69995117,buffered_drop_cache,broad_fused,987242.0,988184.0,989235.0,35276,35728,35728,1,0,16384,35728,448,0,0,0,0,0,1
0,train,"Nullable(FOR(BitPack))",SUM,13107,0.79998779,memory_warm,selective_closure,697670.0,698212.0,698452.0,28327,28568,28568,152,0,13107,35728,448,0,0,0,0,0,1
0,train,"Nullable(FOR(BitPack))",SUM,13107,0.79998779,memory_warm,broad_fused,837800.0,837850.0,840273.0,35276,35728,35728,1,0,16384,35728,448,0,0,0,0,0,1
0,train,"Nullable(FOR(BitPack))",SUM,13107,0.79998779,mmap_hot,selective_closure,695778.0,699183.0,699683.0,28327,28568,28568,152,0,13107,35728,448,0,0,0,0,0,1
0,train,"Nullable(FOR(BitPack))",SUM,13107,0.79998779,mmap_hot,broad_fused,833924.0,837359.0,837599.0,35276,35728,35728,1,0,16384,35728,448,0,0,0,0,0,1
0,train,"Nullable(FOR(BitPack))",SUM,13107,0.79998779,buffered_hot,selective_closure,831230.0,833273.0,834855.0,28327,28568,28568,152,0,13107,35728,448,0,0,0,0,0,1
0,train,"Nullable(FOR(BitPack))",SUM,13107,0.79998779,buffered_hot,broad_fused,836458.0,837539.0,841655.0,35276,35728,35728,1,0,16384,35728,448,0,0,0,0,0,1
0,train,"Nullable(FOR(BitPack))",SUM,13107,0.79998779,buffered_drop_cache,selective_closure,1009075.0,1015074.0,1015104.0,28327,28568,28568,152,0,13107,35728,448,0,0,0,0,0,1
0,train,"Nullable(FOR(BitPack))",SUM,13107,0.79998779,buffered_drop_cache,broad_fused,969296.0,974574.0,975384.0,35276,35728,35728,1,0,16384,35728,448,0,0,0,0,0,1
0,train,"Nullable(FOR(BitPack))",BETWEEN,13107,0.79998779,memory_warm,selective_closure,720995.0,722047.0,723790.0,28327,28568,28568,152,0,13107,35728,448,0,0,0,0,0,1
0,train,"Nullable(FOR(BitPack))",BETWEEN,13107,0.79998779,memory_warm,broad_fused,854044.0,854685.0,858711.0,35276,35728,35728,1,0,16384,35728,448,0,0,0,0,0,1
0,train,"Nullable(FOR(BitPack))",BETWEEN,13107,0.79998779,mmap_hot,selective_closure,721797.0,722978.0,725021.0,28327,28568,28568,152,0,13107,35728,448,0,0,0,0,0,1
0,train,"Nullable(FOR(BitPack))",BETWEEN,13107,0.79998779,mmap_hot,broad_fused,855817.0,858340.0,859091.0,35276,35728,35728,1,0,16384,35728,448,0,0,0,0,0,1
0,train,"Nullable(FOR(BitPack))",BETWEEN,13107,0.79998779,buffered_hot,selective_closure,857089.0,857899.0,858521.0,28327,28568,28568,152,0,13107,35728,448,0,0,0,0,0,1
0,train,"Nullable(FOR(BitPack))",BETWEEN,13107,0.79998779,buffered_hot,broad_fused,860844.0,861735.0,861955.0,35276,35728,35728,1,0,16384,35728,448,0,0,0,0,0,1
0,train,"Nullable(FOR(BitPack))",BETWEEN,13107,0.79998779,buffered_drop_cache,selective_closure,1028554.0,1029906.0,1037527.0,28327,28568,28568,152,0,13107,35728,448,0,0,0,0,0,1
0,train,"Nullable(FOR(BitPack))",BETWEEN,13107,0.79998779,buffered_drop_cache,broad_fused,983006.0,988765.0,992630.0,35276,35728,35728,1,0,16384,35728,448,0,0,0,0,0,1
0,train,"Nullable(FOR(BitPack))",SUM,14745,0.89996338,memory_warm,selective_closure,785712.0,787124.0,788136.0,31801,32024,32024,170,0,14745,35728,448,0,0,0,0,0,1
0,train,"Nullable(FOR(BitPack))",SUM,14745,0.89996338,memory_warm,broad_fused,838781.0,839202.0,843027.0,35276,35728,35728,1,0,16384,35728,448,0,0,0,0,0,1
0,train,"Nullable(FOR(BitPack))",SUM,14745,0.89996338,mmap_hot,selective_closure,785171.0,785271.0,786783.0,31801,32024,32024,170,0,14745,35728,448,0,0,0,0,0,1
0,train,"Nullable(FOR(BitPack))",SUM,14745,0.89996338,mmap_hot,broad_fused,841244.0,843128.0,847784.0,35276,35728,35728,1,0,16384,35728,448,0,0,0,0,0,1
0,train,"Nullable(FOR(BitPack))",SUM,14745,0.89996338,buffered_hot,selective_closure,936657.0,939130.0,941444.0,31801,32024,32024,170,0,14745,35728,448,0,0,0,0,0,1
0,train,"Nullable(FOR(BitPack))",SUM,14745,0.89996338,buffered_hot,broad_fused,840584.0,841355.0,841655.0,35276,35728,35728,1,0,16384,35728,448,0,0,0,0,0,1
0,train,"Nullable(FOR(BitPack))",SUM,14745,0.89996338,buffered_drop_cache,selective_closure,1103897.0,1104117.0,1112640.0,31801,32024,32024,170,0,14745,35728,448,0,0,0,0,0,1
0,train,"Nullable(FOR(BitPack))",SUM,14745,0.89996338,buffered_drop_cache,broad_fused,979961.0,982726.0,984588.0,35276,35728,35728,1,0,16384,35728,448,0,0,0,0,0,1
0,train,"Nullable(FOR(BitPack))",BETWEEN,14745,0.89996338,memory_warm,selective_closure,807584.0,810289.0,810739.0,31801,32024,32024,170,0,14745,35728,448,0,0,0,0,0,1
0,train,"Nullable(FOR(BitPack))",BETWEEN,14745,0.89996338,memory_warm,broad_fused,853413.0,855336.0,856437.0,35276,35728,35728,1,0,16384,35728,448,0,0,0,0,0,1
0,train,"Nullable(FOR(BitPack))",BETWEEN,14745,0.89996338,mmap_hot,selective_closure,805501.0,808416.0,809568.0,31801,32024,32024,170,0,14745,35728,448,0,0,0,0,0,1
0,train,"Nullable(FOR(BitPack))",BETWEEN,14745,0.89996338,mmap_hot,broad_fused,856948.0,858711.0,859221.0,35276,35728,35728,1,0,16384,35728,448,0,0,0,0,0,1
0,train,"Nullable(FOR(BitPack))",BETWEEN,14745,0.89996338,buffered_hot,selective_closure,955395.0,956387.0,958439.0,31801,32024,32024,170,0,14745,35728,448,0,0,0,0,0,1
0,train,"Nullable(FOR(BitPack))",BETWEEN,14745,0.89996338,buffered_hot,broad_fused,856267.0,861265.0,862777.0,35276,35728,35728,1,0,16384,35728,448,0,0,0,0,0,1
0,train,"Nullable(FOR(BitPack))",BETWEEN,14745,0.89996338,buffered_drop_cache,selective_closure,1138237.0,1139009.0,1149925.0,31801,32024,32024,170,0,14745,35728,448,0,0,0,0,0,1
0,train,"Nullable(FOR(BitPack))",BETWEEN,14745,0.89996338,buffered_drop_cache,broad_fused,988274.0,1044868.0,1093430.0,35276,35728,35728,1,0,16384,35728,448,0,0,0,0,0,1
0,train,"Nullable(FOR(BitPack))",SUM,16384,1.00000000,memory_warm,selective_closure,861225.0,862357.0,862606.0,35276,35480,35480,188,0,16384,35728,448,0,0,0,0,0,1
0,train,"Nullable(FOR(BitPack))",SUM,16384,1.00000000,memory_warm,broad_fused,836338.0,837229.0,837429.0,35276,35728,35728,1,0,16384,35728,448,0,0,0,0,0,1
0,train,"Nullable(FOR(BitPack))",SUM,16384,1.00000000,mmap_hot,selective_closure,862367.0,865631.0,867013.0,35276,35480,35480,188,0,16384,35728,448,0,0,0,0,0,1
0,train,"Nullable(FOR(BitPack))",SUM,16384,1.00000000,mmap_hot,broad_fused,836698.0,839612.0,840394.0,35276,35728,35728,1,0,16384,35728,448,0,0,0,0,0,1
0,train,"Nullable(FOR(BitPack))",SUM,16384,1.00000000,buffered_hot,selective_closure,1028173.0,1028313.0,1031158.0,35276,35480,35480,188,0,16384,35728,448,0,0,0,0,0,1
0,train,"Nullable(FOR(BitPack))",SUM,16384,1.00000000,buffered_hot,broad_fused,839572.0,842456.0,846903.0,35276,35728,35728,1,0,16384,35728,448,0,0,0,0,0,1
0,train,"Nullable(FOR(BitPack))",SUM,16384,1.00000000,buffered_drop_cache,selective_closure,1423724.0,1427389.0,1437284.0,35276,35480,35480,188,0,16384,35728,448,0,0,0,0,0,1
0,train,"Nullable(FOR(BitPack))",SUM,16384,1.00000000,buffered_drop_cache,broad_fused,1135694.0,1137387.0,1143385.0,35276,35728,35728,1,0,16384,35728,448,0,0,0,0,0,1
0,train,"Nullable(FOR(BitPack))",BETWEEN,16384,1.00000000,memory_warm,selective_closure,883768.0,883838.0,884550.0,35276,35480,35480,188,0,16384,35728,448,0,0,0,0,0,1
0,train,"Nullable(FOR(BitPack))",BETWEEN,16384,1.00000000,memory_warm,broad_fused,851640.0,853422.0,858220.0,35276,35728,35728,1,0,16384,35728,448,0,0,0,0,0,1
0,train,"Nullable(FOR(BitPack))",BETWEEN,16384,1.00000000,mmap_hot,selective_closure,886723.0,887083.0,888996.0,35276,35480,35480,188,0,16384,35728,448,0,0,0,0,0,1
0,train,"Nullable(FOR(BitPack))",BETWEEN,16384,1.00000000,mmap_hot,broad_fused,853643.0,857009.0,862346.0,35276,35728,35728,1,0,16384,35728,448,0,0,0,0,0,1
0,train,"Nullable(FOR(BitPack))",BETWEEN,16384,1.00000000,buffered_hot,selective_closure,1050617.0,1052019.0,1056336.0,35276,35480,35480,188,0,16384,35728,448,0,0,0,0,0,1
0,train,"Nullable(FOR(BitPack))",BETWEEN,16384,1.00000000,buffered_hot,broad_fused,857449.0,858640.0,862937.0,35276,35728,35728,1,0,16384,35728,448,0,0,0,0,0,1
0,train,"Nullable(FOR(BitPack))",BETWEEN,16384,1.00000000,buffered_drop_cache,selective_closure,1448230.0,1459877.0,1471485.0,35276,35480,35480,188,0,16384,35728,448,0,0,0,0,0,1
0,train,"Nullable(FOR(BitPack))",BETWEEN,16384,1.00000000,buffered_drop_cache,broad_fused,1157907.0,1160431.0,1167401.0,35276,35728,35728,1,0,16384,35728,448,0,0,0,0,0,1
1,train,"Patch(FOR(BitPack))",SUM,1,0.00006104,memory_warm,selective_closure,1325.7,1327.2,1340.8,631,936,936,5,0,1,35648,576,0,0,0,0,16,0
1,train,"Patch(FOR(BitPack))",SUM,1,0.00006104,memory_warm,broad_fused,138416.3,138657.0,139975.3,35600,35648,35648,1,0,16384,35648,576,0,0,0,0,16,0
1,train,"Patch(FOR(BitPack))",SUM,1,0.00006104,mmap_hot,selective_closure,1812.1,1815.7,1830.1,631,936,936,5,0,1,35648,576,0,0,0,0,16,0
1,train,"Patch(FOR(BitPack))",SUM,1,0.00006104,mmap_hot,broad_fused,139581.7,139624.7,141140.7,35600,35648,35648,1,0,16384,35648,576,0,0,0,0,16,0
1,train,"Patch(FOR(BitPack))",SUM,1,0.00006104,buffered_hot,selective_closure,6217.5,6264.2,6299.4,631,936,936,5,0,1,35648,576,0,0,0,0,16,0
1,train,"Patch(FOR(BitPack))",SUM,1,0.00006104,buffered_hot,broad_fused,141317.3,141404.3,142726.3,35600,35648,35648,1,0,16384,35648,576,0,0,0,0,16,0
1,train,"Patch(FOR(BitPack))",SUM,1,0.00006104,buffered_drop_cache,selective_closure,269752.0,276062.0,277674.0,631,936,936,5,0,1,35648,576,0,0,0,0,16,0
1,train,"Patch(FOR(BitPack))",SUM,1,0.00006104,buffered_drop_cache,broad_fused,424994.0,426286.0,430412.0,35600,35648,35648,1,0,16384,35648,576,0,0,0,0,16,0
1,train,"Patch(FOR(BitPack))",BETWEEN,1,0.00006104,memory_warm,selective_closure,1336.6,1344.4,1347.7,631,936,936,5,0,1,35648,576,0,0,0,0,16,0
1,train,"Patch(FOR(BitPack))",BETWEEN,1,0.00006104,memory_warm,broad_fused,153862.7,153876.0,155308.3,35600,35648,35648,1,0,16384,35648,576,0,0,0,0,16,0
1,train,"Patch(FOR(BitPack))",BETWEEN,1,0.00006104,mmap_hot,selective_closure,1819.1,1836.5,1840.3,631,936,936,5,0,1,35648,576,0,0,0,0,16,0
1,train,"Patch(FOR(BitPack))",BETWEEN,1,0.00006104,mmap_hot,broad_fused,155138.0,155218.0,156774.0,35600,35648,35648,1,0,16384,35648,576,0,0,0,0,16,0
1,train,"Patch(FOR(BitPack))",BETWEEN,1,0.00006104,buffered_hot,selective_closure,6194.9,6233.9,6315.2,631,936,936,5,0,1,35648,576,0,0,0,0,16,0
1,train,"Patch(FOR(BitPack))",BETWEEN,1,0.00006104,buffered_hot,broad_fused,156660.3,158389.7,158693.3,35600,35648,35648,1,0,16384,35648,576,0,0,0,0,16,0
1,train,"Patch(FOR(BitPack))",BETWEEN,1,0.00006104,buffered_drop_cache,selective_closure,277364.0,278035.0,278435.0,631,936,936,5,0,1,35648,576,0,0,0,0,16,0
1,train,"Patch(FOR(BitPack))",BETWEEN,1,0.00006104,buffered_drop_cache,broad_fused,438644.0,438905.0,439786.0,35600,35648,35648,1,0,16384,35648,576,0,0,0,0,16,0
1,train,"Patch(FOR(BitPack))",SUM,4,0.00024414,memory_warm,selective_closure,1344.2,1357.1,1362.5,638,1208,1208,5,0,4,35648,576,0,0,0,0,16,0
1,train,"Patch(FOR(BitPack))",SUM,4,0.00024414,memory_warm,broad_fused,138356.3,138483.3,140049.0,35600,35648,35648,1,0,16384,35648,576,0,0,0,0,16,0
1,train,"Patch(FOR(BitPack))",SUM,4,0.00024414,mmap_hot,selective_closure,1861.5,1882.2,1884.0,638,1208,1208,5,0,4,35648,576,0,0,0,0,16,0
1,train,"Patch(FOR(BitPack))",SUM,4,0.00024414,mmap_hot,broad_fused,139571.3,139681.7,141130.3,35600,35648,35648,1,0,16384,35648,576,0,0,0,0,16,0
1,train,"Patch(FOR(BitPack))",SUM,4,0.00024414,buffered_hot,selective_closure,6292.0,6319.9,6356.2,638,1208,1208,5,0,4,35648,576,0,0,0,0,16,0
1,train,"Patch(FOR(BitPack))",SUM,4,0.00024414,buffered_hot,broad_fused,141524.3,143173.7,143714.3,35600,35648,35648,1,0,16384,35648,576,0,0,0,0,16,0
1,train,"Patch(FOR(BitPack))",SUM,4,0.00024414,buffered_drop_cache,selective_closure,276542.0,276853.0,281751.0,638,1208,1208,5,0,4,35648,576,0,0,0,0,16,0
1,train,"Patch(FOR(BitPack))",SUM,4,0.00024414,buffered_drop_cache,broad_fused,425735.0,426166.0,428459.0,35600,35648,35648,1,0,16384,35648,576,0,0,0,0,16,0
1,train,"Patch(FOR(BitPack))",BETWEEN,4,0.00024414,memory_warm,selective_closure,1382.0,1382.2,1390.7,638,1208,1208,5,0,4,35648,576,0,0,0,0,16,0
1,train,"Patch(FOR(BitPack))",BETWEEN,4,0.00024414,memory_warm,broad_fused,153852.7,155338.3,155585.3,35600,35648,35648,1,0,16384,35648,576,0,0,0,0,16,0
1,train,"Patch(FOR(BitPack))",BETWEEN,4,0.00024414,mmap_hot,selective_closure,1881.7,1898.8,1902.2,638,1208,1208,5,0,4,35648,576,0,0,0,0,16,0
1,train,"Patch(FOR(BitPack))",BETWEEN,4,0.00024414,mmap_hot,broad_fused,155074.3,156623.7,156723.7,35600,35648,35648,1,0,16384,35648,576,0,0,0,0,16,0
1,train,"Patch(FOR(BitPack))",BETWEEN,4,0.00024414,buffered_hot,selective_closure,6329.6,6359.6,6371.7,638,1208,1208,5,0,4,35648,576,0,0,0,0,16,0
1,train,"Patch(FOR(BitPack))",BETWEEN,4,0.00024414,buffered_hot,broad_fused,156910.7,157221.3,158496.3,35600,35648,35648,1,0,16384,35648,576,0,0,0,0,16,0
1,train,"Patch(FOR(BitPack))",BETWEEN,4,0.00024414,buffered_drop_cache,selective_closure,276883.0,277414.0,278896.0,638,1208,1208,5,0,4,35648,576,0,0,0,0,16,0
1,train,"Patch(FOR(BitPack))",BETWEEN,4,0.00024414,buffered_drop_cache,broad_fused,441729.0,442089.0,444343.0,35600,35648,35648,1,0,16384,35648,576,0,0,0,0,16,0
1,train,"Patch(FOR(BitPack))",SUM,16,0.00097656,memory_warm,selective_closure,1454.0,1457.8,1471.7,662,1208,1208,5,0,16,35648,576,0,0,0,0,16,0
1,train,"Patch(FOR(BitPack))",SUM,16,0.00097656,memory_warm,broad_fused,138393.0,139905.3,140092.3,35600,35648,35648,1,0,16384,35648,576,0,0,0,0,16,0
1,train,"Patch(FOR(BitPack))",SUM,16,0.00097656,mmap_hot,selective_closure,1971.6,1980.1,1986.6,662,1208,1208,5,0,16,35648,576,0,0,0,0,16,0
1,train,"Patch(FOR(BitPack))",SUM,16,0.00097656,mmap_hot,broad_fused,139568.3,139621.7,141244.0,35600,35648,35648,1,0,16384,35648,576,0,0,0,0,16,0
1,train,"Patch(FOR(BitPack))",SUM,16,0.00097656,buffered_hot,selective_closure,6408.1,6475.1,6517.7,662,1208,1208,5,0,16,35648,576,0,0,0,0,16,0
1,train,"Patch(FOR(BitPack))",SUM,16,0.00097656,buffered_hot,broad_fused,141320.7,141498.0,143036.7,35600,35648,35648,1,0,16384,35648,576,0,0,0,0,16,0
1,train,"Patch(FOR(BitPack))",SUM,16,0.00097656,buffered_drop_cache,selective_closure,276232.0,277714.0,278615.0,662,1208,1208,5,0,16,35648,576,0,0,0,0,16,0
1,train,"Patch(FOR(BitPack))",SUM,16,0.00097656,buffered_drop_cache,broad_fused,424483.0,425074.0,426517.0,35600,35648,35648,1,0,16384,35648,576,0,0,0,0,16,0
1,train,"Patch(FOR(BitPack))",BETWEEN,16,0.00097656,memory_warm,selective_closure,1503.4,1518.3,1520.2,662,1208,1208,5,0,16,35648,576,0,0,0,0,16,0
1,train,"Patch(FOR(BitPack))",BETWEEN,16,0.00097656,memory_warm,broad_fused,154033.0,155037.7,155425.3,35600,35648,35648,1,0,16384,35648,576,0,0,0,0,16,0
1,train,"Patch(FOR(BitPack))",BETWEEN,16,0.00097656,mmap_hot,selective_closure,1997.6,2007.7,2018.9,662,1208,1208,5,0,16,35648,576,0,0,0,0,16,0
1,train,"Patch(FOR(BitPack))",BETWEEN,16,0.00097656,mmap_hot,broad_fused,154978.0,155218.0,156446.7,35600,35648,35648,1,0,16384,35648,576,0,0,0,0,16,0
1,train,"Patch(FOR(BitPack))",BETWEEN,16,0.00097656,buffered_hot,selective_closure,6454.9,6466.8,6505.0,662,1208,1208,5,0,16,35648,576,0,0,0,0,16,0
1,train,"Patch(FOR(BitPack))",BETWEEN,16,0.00097656,buffered_hot,broad_fused,156987.7,158226.0,158740.0,35600,35648,35648,1,0,16384,35648,576,0,0,0,0,16,0
1,train,"Patch(FOR(BitPack))",BETWEEN,16,0.00097656,buffered_drop_cache,selective_closure,275962.0,277454.0,280629.0,662,1208,1208,5,0,16,35648,576,0,0,0,0,16,0
1,train,"Patch(FOR(BitPack))",BETWEEN,16,0.00097656,buffered_drop_cache,broad_fused,438975.0,440236.0,440787.0,35600,35648,35648,1,0,16384,35648,576,0,0,0,0,16,0
1,train,"Patch(FOR(BitPack))",SUM,64,0.00390625,memory_warm,selective_closure,1884.8,1889.3,1896.9,764,1208,1208,5,0,64,35648,576,0,0,0,0,16,0
1,train,"Patch(FOR(BitPack))",SUM,64,0.00390625,memory_warm,broad_fused,138456.7,138690.0,140095.7,35600,35648,35648,1,0,16384,35648,576,0,0,0,0,16,0
1,train,"Patch(FOR(BitPack))",SUM,64,0.00390625,mmap_hot,selective_closure,2396.1,2414.5,2416.2,764,1208,1208,5,0,64,35648,576,0,0,0,0,16,0
1,train,"Patch(FOR(BitPack))",SUM,64,0.00390625,mmap_hot,broad_fused,139568.3,139638.3,141240.7,35600,35648,35648,1,0,16384,35648,576,0,0,0,0,16,0
1,train,"Patch(FOR(BitPack))",SUM,64,0.00390625,buffered_hot,selective_closure,6792.1,6833.2,6868.5,764,1208,1208,5,0,64,35648,576,0,0,0,0,16,0
1,train,"Patch(FOR(BitPack))",SUM,64,0.00390625,buffered_hot,broad_fused,141387.3,141467.7,143758.0,35600,35648,35648,1,0,16384,35648,576,0,0,0,0,16,0
1,train,"Patch(FOR(BitPack))",SUM,64,0.00390625,buffered_drop_cache,selective_closure,276712.0,276743.0,276762.0,764,1208,1208,5,0,64,35648,576,0,0,0,0,16,0
1,train,"Patch(FOR(BitPack))",SUM,64,0.00390625,buffered_drop_cache,broad_fused,424342.0,424393.0,424483.0,35600,35648,35648,1,0,16384,35648,576,0,0,0,0,16,0
1,train,"Patch(FOR(BitPack))",BETWEEN,64,0.00390625,memory_warm,selective_closure,1975.3,1978.6,1993.1,764,1208,1208,5,0,64,35648,576,0,0,0,0,16,0
1,train,"Patch(FOR(BitPack))",BETWEEN,64,0.00390625,memory_warm,broad_fused,154053.0,155559.0,156066.0,35600,35648,35648,1,0,16384,35648,576,0,0,0,0,16,0
1,train,"Patch(FOR(BitPack))",BETWEEN,64,0.00390625,mmap_hot,selective_closure,2492.2,2494.4,2524.7,764,1208,1208,5,0,64,35648,576,0,0,0,0,16,0
1,train,"Patch(FOR(BitPack))",BETWEEN,64,0.00390625,mmap_hot,broad_fused,155121.3,155144.7,156747.3,35600,35648,35648,1,0,16384,35648,576,0,0,0,0,16,0
1,train,"Patch(FOR(BitPack))",BETWEEN,64,0.00390625,buffered_hot,selective_closure,6893.3,6925.2,6999.6,764,1208,1208,5,0,64,35648,576,0,0,0,0,16,0
1,train,"Patch(FOR(BitPack))",BETWEEN,64,0.00390625,buffered_hot,broad_fused,156880.7,157608.7,158933.7,35600,35648,35648,1,0,16384,35648,576,0,0,0,0,16,0
1,train,"Patch(FOR(BitPack))",BETWEEN,64,0.00390625,buffered_drop_cache,selective_closure,278105.0,278856.0,279757.0,764,1208,1208,5,0,64,35648,576,0,0,0,0,16,0
1,train,"Patch(FOR(BitPack))",BETWEEN,64,0.00390625,buffered_drop_cache,broad_fused,439255.0,440116.0,440688.0,35600,35648,35648,1,0,16384,35648,576,0,0,0,0,16,0
1,train,"Patch(FOR(BitPack))",SUM,163,0.00994873,memory_warm,selective_closure,2794.9,2805.3,2813.0,976,1208,1208,5,0,163,35648,576,0,0,0,0,16,0
1,train,"Patch(FOR(BitPack))",SUM,163,0.00994873,memory_warm,broad_fused,138503.3,138646.7,139778.3,35600,35648,35648,1,0,16384,35648,576,0,0,0,0,16,0
1,train,"Patch(FOR(BitPack))",SUM,163,0.00994873,mmap_hot,selective_closure,3314.9,3323.1,3346.9,976,1208,1208,5,0,163,35648,576,0,0,0,0,16,0
1,train,"Patch(FOR(BitPack))",SUM,163,0.00994873,mmap_hot,broad_fused,139651.3,139762.0,141007.0,35600,35648,35648,1,0,16384,35648,576,0,0,0,0,16,0
1,train,"Patch(FOR(BitPack))",SUM,163,0.00994873,buffered_hot,selective_closure,7762.9,7794.2,7850.1,976,1208,1208,5,0,163,35648,576,0,0,0,0,16,0
1,train,"Patch(FOR(BitPack))",SUM,163,0.00994873,buffered_hot,broad_fused,141721.3,141724.7,143374.0,35600,35648,35648,1,0,16384,35648,576,0,0,0,0,16,0
1,train,"Patch(FOR(BitPack))",SUM,163,0.00994873,buffered_drop_cache,selective_closure,279226.0,280208.0,282000.0,976,1208,1208,5,0,163,35648,576,0,0,0,0,16,0
1,train,"Patch(FOR(BitPack))",SUM,163,0.00994873,buffered_drop_cache,broad_fused,426947.0,427087.0,433606.0,35600,35648,35648,1,0,16384,35648,576,0,0,0,0,16,0
1,train,"Patch(FOR(BitPack))",BETWEEN,163,0.00994873,memory_warm,selective_closure,3141.4,3164.5,3165.6,976,1208,1208,5,0,163,35648,576,0,0,0,0,16,0
1,train,"Patch(FOR(BitPack))",BETWEEN,163,0.00994873,memory_warm,broad_fused,154540.7,155532.0,155622.0,35600,35648,35648,1,0,16384,35648,576,0,0,0,0,16,0
1,train,"Patch(FOR(BitPack))",BETWEEN,163,0.00994873,mmap_hot,selective_closure,3561.6,3570.1,3591.8,976,1208,1208,5,0,163,35648,576,0,0,0,0,16,0
1,train,"Patch(FOR(BitPack))",BETWEEN,163,0.00994873,mmap_hot,broad_fused,155288.3,155415.0,156807.3,35600,35648,35648,1,0,16384,35648,576,0,0,0,0,16,0
1,train,"Patch(FOR(BitPack))",BETWEEN,163,0.00994873,buffered_hot,selective_closure,8233.3,8363.5,8409.9,976,1208,1208,5,0,163,35648,576,0,0,0,0,16,0
1,train,"Patch(FOR(BitPack))",BETWEEN,163,0.00994873,buffered_hot,broad_fused,157161.0,157174.3,158703.3,35600,35648,35648,1,0,16384,35648,576,0,0,0,0,16,0
1,train,"Patch(FOR(BitPack))",BETWEEN,163,0.00994873,buffered_drop_cache,selective_closure,277784.0,278996.0,280188.0,976,1208,1208,5,0,163,35648,576,0,0,0,0,16,0
1,train,"Patch(FOR(BitPack))",BETWEEN,163,0.00994873,buffered_drop_cache,broad_fused,437873.0,438905.0,439976.0,35600,35648,35648,1,0,16384,35648,576,0,0,0,0,16,0
1,train,"Patch(FOR(BitPack))",SUM,256,0.01562500,memory_warm,selective_closure,3650.3,3652.1,3686.2,1172,1208,1208,5,0,256,35648,576,0,0,0,0,16,0
1,train,"Patch(FOR(BitPack))",SUM,256,0.01562500,memory_warm,broad_fused,138673.7,138787.0,140135.7,35600,35648,35648,1,0,16384,35648,576,0,0,0,0,16,0
1,train,"Patch(FOR(BitPack))",SUM,256,0.01562500,mmap_hot,selective_closure,4179.3,4183.4,4206.7,1172,1208,1208,5,0,256,35648,576,0,0,0,0,16,0
1,train,"Patch(FOR(BitPack))",SUM,256,0.01562500,mmap_hot,broad_fused,143764.3,143931.3,145223.3,35600,35648,35648,1,0,16384,35648,576,0,0,0,0,16,0
1,train,"Patch(FOR(BitPack))",SUM,256,0.01562500,buffered_hot,selective_closure,8572.2,8584.6,8642.4,1172,1208,1208,5,0,256,35648,576,0,0,0,0,16,0
1,train,"Patch(FOR(BitPack))",SUM,256,0.01562500,buffered_hot,broad_fused,141518.0,141537.7,143130.0,35600,35648,35648,1,0,16384,35648,576,0,0,0,0,16,0
1,train,"Patch(FOR(BitPack))",SUM,256,0.01562500,buffered_drop_cache,selective_closure,279026.0,279927.0,281450.0,1172,1208,1208,5,0,256,35648,576,0,0,0,0,16,0
1,train,"Patch(FOR(BitPack))",SUM,256,0.01562500,buffered_drop_cache,broad_fused,423381.0,424023.0,424473.0,35600,35648,35648,1,0,16384,35648,576,0,0,0,0,16,0
1,train,"Patch(FOR(BitPack))",BETWEEN,256,0.01562500,memory_warm,selective_closure,4080.3,4103.6,4111.2,1172,1208,1208,5,0,256,35648,576,0,0,0,0,16,0
1,train,"Patch(FOR(BitPack))",BETWEEN,256,0.01562500,memory_warm,broad_fused,154440.3,154440.3,155775.7,35600,35648,35648,1,0,16384,35648,576,0,0,0,0,16,0
1,train,"Patch(FOR(BitPack))",BETWEEN,256,0.01562500,mmap_hot,selective_closure,4536.6,4562.7,4564.2,1172,1208,1208,5,0,256,35648,576,0,0,0,0,16,0
1,train,"Patch(FOR(BitPack))",BETWEEN,256,0.01562500,mmap_hot,broad_fused,155465.3,157044.3,157060.7,35600,35648,35648,1,0,16384,35648,576,0,0,0,0,16,0
1,train,"Patch(FOR(BitPack))",BETWEEN,256,0.01562500,buffered_hot,selective_closure,8943.0,8952.4,9029.7,1172,1208,1208,5,0,256,35648,576,0,0,0,0,16,0
1,train,"Patch(FOR(BitPack))",BETWEEN,256,0.01562500,buffered_hot,broad_fused,157691.7,158870.3,159361.0,35600,35648,35648,1,0,16384,35648,576,0,0,0,0,16,0
1,train,"Patch(FOR(BitPack))",BETWEEN,256,0.01562500,buffered_drop_cache,selective_closure,277414.0,279537.0,281810.0,1172,1208,1208,5,0,256,35648,576,0,0,0,0,16,0
1,train,"Patch(FOR(BitPack))",BETWEEN,256,0.01562500,buffered_drop_cache,broad_fused,443391.0,444583.0,445425.0,35600,35648,35648,1,0,16384,35648,576,0,0,0,0,16,0
1,train,"Patch(FOR(BitPack))",SUM,819,0.04998779,memory_warm,selective_closure,9195.6,9218.2,9320.0,2382,2904,2904,6,0,819,35648,576,0,0,0,0,16,0
1,train,"Patch(FOR(BitPack))",SUM,819,0.04998779,memory_warm,broad_fused,138830.3,138864.0,140646.3,35600,35648,35648,1,0,16384,35648,576,0,0,0,0,16,0
1,train,"Patch(FOR(BitPack))",SUM,819,0.04998779,mmap_hot,selective_closure,9750.0,9791.7,9841.2,2382,2904,2904,6,0,819,35648,576,0,0,0,0,16,0
1,train,"Patch(FOR(BitPack))",SUM,819,0.04998779,mmap_hot,broad_fused,140018.7,140689.7,141361.0,35600,35648,35648,1,0,16384,35648,576,0,0,0,0,16,0
1,train,"Patch(FOR(BitPack))",SUM,819,0.04998779,buffered_hot,selective_closure,15092.8,15153.8,15237.4,2382,2904,2904,6,0,819,35648,576,0,0,0,0,16,0
1,train,"Patch(FOR(BitPack))",SUM,819,0.04998779,buffered_hot,broad_fused,141858.3,142128.7,143083.3,35600,35648,35648,1,0,16384,35648,576,0,0,0,0,16,0
1,train,"Patch(FOR(BitPack))",SUM,819,0.04998779,buffered_drop_cache,selective_closure,286378.0,286808.0,294679.0,2382,2904,2904,6,0,819,35648,576,0,0,0,0,16,0
1,train,"Patch(FOR(BitPack))",SUM,819,0.04998779,buffered_drop_cache,broad_fused,424904.0,426196.0,429260.0,35600,35648,35648,1,0,16384,35648,576,0,0,0,0,16,0
1,train,"Patch(FOR(BitPack))",BETWEEN,819,0.04998779,memory_warm,selective_closure,10714.5,10807.4,10822.0,2382,2904,2904,6,0,819,35648,576,0,0,0,0,16,0
1,train,"Patch(FOR(BitPack))",BETWEEN,819,0.04998779,memory_warm,broad_fused,155745.7,157488.3,158145.7,35600,35648,35648,1,0,16384,35648,576,0,0,0,0,16,0
1,train,"Patch(FOR(BitPack))",BETWEEN,819,0.04998779,mmap_hot,selective_closure,11180.1,11205.1,11277.5,2382,2904,2904,6,0,819,35648,576,0,0,0,0,16,0
1,train,"Patch(FOR(BitPack))",BETWEEN,819,0.04998779,mmap_hot,broad_fused,156787.0,157040.7,158092.7,35600,35648,35648,1,0,16384,35648,576,0,0,0,0,16,0
1,train,"Patch(FOR(BitPack))",BETWEEN,819,0.04998779,buffered_hot,selective_closure,16494.6,16622.8,16627.5,2382,2904,2904,6,0,819,35648,576,0,0,0,0,16,0
1,train,"Patch(FOR(BitPack))",BETWEEN,819,0.04998779,buffered_hot,broad_fused,158623.3,158967.3,160232.3,35600,35648,35648,1,0,16384,35648,576,0,0,0,0,16,0
1,train,"Patch(FOR(BitPack))",BETWEEN,819,0.04998779,buffered_drop_cache,selective_closure,285766.0,287198.0,289331.0,2382,2904,2904,6,0,819,35648,576,0,0,0,0,16,0
1,train,"Patch(FOR(BitPack))",BETWEEN,819,0.04998779,buffered_drop_cache,broad_fused,441488.0,441979.0,442780.0,35600,35648,35648,1,0,16384,35648,576,0,0,0,0,16,0
1,train,"Patch(FOR(BitPack))",SUM,1638,0.09997559,memory_warm,selective_closure,16821.6,16994.0,17054.0,4130,4600,4600,7,0,1638,35648,576,0,0,0,0,16,0
1,train,"Patch(FOR(BitPack))",SUM,1638,0.09997559,memory_warm,broad_fused,139511.3,139621.7,141113.7,35600,35648,35648,1,0,16384,35648,576,0,0,0,0,16,0
1,train,"Patch(FOR(BitPack))",SUM,1638,0.09997559,mmap_hot,selective_closure,17424.9,17616.6,17618.1,4130,4600,4600,7,0,1638,35648,576,0,0,0,0,16,0
1,train,"Patch(FOR(BitPack))",SUM,1638,0.09997559,mmap_hot,broad_fused,140449.7,140736.3,142242.0,35600,35648,35648,1,0,16384,35648,576,0,0,0,0,16,0
1,train,"Patch(FOR(BitPack))",SUM,1638,0.09997559,buffered_hot,selective_closure,23752.0,24004.8,24025.3,4130,4600,4600,7,0,1638,35648,576,0,0,0,0,16,0
1,train,"Patch(FOR(BitPack))",SUM,1638,0.09997559,buffered_hot,broad_fused,142325.7,142466.0,143577.3,35600,35648,35648,1,0,16384,35648,576,0,0,0,0,16,0
1,train,"Patch(FOR(BitPack))",SUM,1638,0.09997559,buffered_drop_cache,selective_closure,294138.0,294209.0,294990.0,4130,4600,4600,7,0,1638,35648,576,0,0,0,0,16,0
1,train,"Patch(FOR(BitPack))",SUM,1638,0.09997559,buffered_drop_cache,broad_fused,423281.0,423552.0,424303.0,35600,35648,35648,1,0,16384,35648,576,0,0,0,0,16,0
1,train,"Patch(FOR(BitPack))",BETWEEN,1638,0.09997559,memory_warm,selective_closure,19635.3,19744.2,19823.2,4130,4600,4600,7,0,1638,35648,576,0,0,0,0,16,0
1,train,"Patch(FOR(BitPack))",BETWEEN,1638,0.09997559,memory_warm,broad_fused,157525.0,158099.0,158987.3,35600,35648,35648,1,0,16384,35648,576,0,0,0,0,16,0
1,train,"Patch(FOR(BitPack))",BETWEEN,1638,0.09997559,mmap_hot,selective_closure,20226.8,20435.0,20440.9,4130,4600,4600,7,0,1638,35648,576,0,0,0,0,16,0
1,train,"Patch(FOR(BitPack))",BETWEEN,1638,0.09997559,mmap_hot,broad_fused,158282.7,159861.7,159972.0,35600,35648,35648,1,0,16384,35648,576,0,0,0,0,16,0
1,train,"Patch(FOR(BitPack))",BETWEEN,1638,0.09997559,buffered_hot,selective_closure,26597.4,26608.0,26803.9,4130,4600,4600,7,0,1638,35648,576,0,0,0,0,16,0
1,train,"Patch(FOR(BitPack))",BETWEEN,1638,0.09997559,buffered_hot,broad_fused,160870.0,161470.7,161527.7,35600,35648,35648,1,0,16384,35648,576,0,0,0,0,16,0
1,train,"Patch(FOR(BitPack))",BETWEEN,1638,0.09997559,buffered_drop_cache,selective_closure,296563.0,297174.0,297594.0,4130,4600,4600,7,0,1638,35648,576,0,0,0,0,16,0
1,train,"Patch(FOR(BitPack))",BETWEEN,1638,0.09997559,buffered_drop_cache,broad_fused,442079.0,442190.0,442419.0,35600,35648,35648,1,0,16384,35648,576,0,0,0,0,16,0
1,train,"Patch(FOR(BitPack))",SUM,3276,0.19995117,memory_warm,selective_closure,32519.9,32520.5,32866.3,7622,7864,7864,7,0,3276,35648,576,0,0,0,0,16,0
1,train,"Patch(FOR(BitPack))",SUM,3276,0.19995117,memory_warm,broad_fused,144001.7,145607.3,147216.3,35600,35648,35648,1,0,16384,35648,576,0,0,0,0,16,0
1,train,"Patch(FOR(BitPack))",SUM,3276,0.19995117,mmap_hot,selective_closure,33238.3,33401.1,33506.7,7622,7864,7864,7,0,3276,35648,576,0,0,0,0,16,0
1,train,"Patch(FOR(BitPack))",SUM,3276,0.19995117,mmap_hot,broad_fused,141250.7,141411.0,142763.0,35600,35648,35648,1,0,16384,35648,576,0,0,0,0,16,0
1,train,"Patch(FOR(BitPack))",SUM,3276,0.19995117,buffered_hot,selective_closure,39594.1,40030.5,40082.2,7622,7864,7864,7,0,3276,35648,576,0,0,0,0,16,0
1,train,"Patch(FOR(BitPack))",SUM,3276,0.19995117,buffered_hot,broad_fused,143200.3,143580.7,145140.0,35600,35648,35648,1,0,16384,35648,576,0,0,0,0,16,0
1,train,"Patch(FOR(BitPack))",SUM,3276,0.19995117,buffered_drop_cache,selective_closure,310062.0,311084.0,312085.0,7622,7864,7864,7,0,3276,35648,576,0,0,0,0,16,0
1,train,"Patch(FOR(BitPack))",SUM,3276,0.19995117,buffered_drop_cache,broad_fused,426496.0,426626.0,429621.0,35600,35648,35648,1,0,16384,35648,576,0,0,0,0,16,0
1,train,"Patch(FOR(BitPack))",BETWEEN,3276,0.19995117,memory_warm,selective_closure,38477.3,38482.4,38868.0,7622,7864,7864,7,0,3276,35648,576,0,0,0,0,16,0
1,train,"Patch(FOR(BitPack))",BETWEEN,3276,0.19995117,memory_warm,broad_fused,161327.3,161337.0,162662.3,35600,35648,35648,1,0,16384,35648,576,0,0,0,0,16,0
1,train,"Patch(FOR(BitPack))",BETWEEN,3276,0.19995117,mmap_hot,selective_closure,39034.8,39491.4,39563.2,7622,7864,7864,7,0,3276,35648,576,0,0,0,0,16,0
1,train,"Patch(FOR(BitPack))",BETWEEN,3276,0.19995117,mmap_hot,broad_fused,162008.3,163510.3,163657.3,35600,35648,35648,1,0,16384,35648,576,0,0,0,0,16,0
1,train,"Patch(FOR(BitPack))",BETWEEN,3276,0.19995117,buffered_hot,selective_closure,45622.0,45969.6,46035.7,7622,7864,7864,7,0,3276,35648,576,0,0,0,0,16,0
1,train,"Patch(FOR(BitPack))",BETWEEN,3276,0.19995117,buffered_hot,broad_fused,163794.5,164100.0,164731.0,35600,35648,35648,1,0,16384,35648,576,0,0,0,0,16,0
1,train,"Patch(FOR(BitPack))",BETWEEN,3276,0.19995117,buffered_drop_cache,selective_closure,315931.0,318615.0,319196.0,7622,7864,7864,7,0,3276,35648,576,0,0,0,0,16,0
1,train,"Patch(FOR(BitPack))",BETWEEN,3276,0.19995117,buffered_drop_cache,broad_fused,446135.0,446817.0,448549.0,35600,35648,35648,1,0,16384,35648,576,0,0,0,0,16,0
1,train,"Patch(FOR(BitPack))",SUM,4915,0.29998779,memory_warm,selective_closure,48332.1,48853.9,48857.8,11126,11672,11672,7,0,4915,35648,576,0,0,0,0,16,0
1,train,"Patch(FOR(BitPack))",SUM,4915,0.29998779,memory_warm,broad_fused,141290.7,141324.0,143227.0,35600,35648,35648,1,0,16384,35648,576,0,0,0,0,16,0
1,train,"Patch(FOR(BitPack))",SUM,4915,0.29998779,mmap_hot,selective_closure,48910.0,49407.7,49470.8,11126,11672,11672,7,0,4915,35648,576,0,0,0,0,16,0
1,train,"Patch(FOR(BitPack))",SUM,4915,0.29998779,mmap_hot,broad_fused,142275.7,143644.3,144071.3,35600,35648,35648,1,0,16384,35648,576,0,0,0,0,16,0
1,train,"Patch(FOR(BitPack))",SUM,4915,0.29998779,buffered_hot,selective_closure,55472.6,55485.2,56037.4,11126,11672,11672,7,0,4915,35648,576,0,0,0,0,16,0
1,train,"Patch(FOR(BitPack))",SUM,4915,0.29998779,buffered_hot,broad_fused,144298.7,145527.0,145697.3,35600,35648,35648,1,0,16384,35648,576,0,0,0,0,16,0
1,train,"Patch(FOR(BitPack))",SUM,4915,0.29998779,buffered_drop_cache,selective_closure,325686.0,327028.0,328390.0,11126,11672,11672,7,0,4915,35648,576,0,0,0,0,16,0
1,train,"Patch(FOR(BitPack))",SUM,4915,0.29998779,buffered_drop_cache,broad_fused,427888.0,428990.0,437112.0,35600,35648,35648,1,0,16384,35648,576,0,0,0,0,16,0
1,train,"Patch(FOR(BitPack))",BETWEEN,4915,0.29998779,memory_warm,selective_closure,57359.9,57508.6,58025.0,11126,11672,11672,7,0,4915,35648,576,0,0,0,0,16,0
1,train,"Patch(FOR(BitPack))",BETWEEN,4915,0.29998779,memory_warm,broad_fused,164592.0,165907.7,165951.0,35600,35648,35648,1,0,16384,35648,576,0,0,0,0,16,0
1,train,"Patch(FOR(BitPack))",BETWEEN,4915,0.29998779,mmap_hot,selective_closure,57880.1,57900.1,58559.9,11126,11672,11672,7,0,4915,35648,576,0,0,0,0,16,0
1,train,"Patch(FOR(BitPack))",BETWEEN,4915,0.29998779,mmap_hot,broad_fused,165151.5,165276.5,165296.5,35600,35648,35648,1,0,16384,35648,576,0,0,0,0,16,0
1,train,"Patch(FOR(BitPack))",BETWEEN,4915,0.29998779,buffered_hot,selective_closure,64616.3,65237.3,65257.4,11126,11672,11672,7,0,4915,35648,576,0,0,0,0,16,0
1,train,"Patch(FOR(BitPack))",BETWEEN,4915,0.29998779,buffered_hot,broad_fused,167089.5,167284.5,169472.5,35600,35648,35648,1,0,16384,35648,576,0,0,0,0,16,0
1,train,"Patch(FOR(BitPack))",BETWEEN,4915,0.29998779,buffered_drop_cache,selective_closure,334198.0,335420.0,337453.0,11126,11672,11672,7,0,4915,35648,576,0,0,0,0,16,0
1,train,"Patch(FOR(BitPack))",BETWEEN,4915,0.29998779,buffered_drop_cache,broad_fused,447948.0,451043.0,451323.0,35600,35648,35648,1,0,16384,35648,576,0,0,0,0,16,0
1,train,"Patch(FOR(BitPack))",SUM,6553,0.39996338,memory_warm,selective_closure,63297.3,63354.4,63961.1,14614,14936,14936,7,0,6553,35648,576,0,0,0,0,16,0
1,train,"Patch(FOR(BitPack))",SUM,6553,0.39996338,memory_warm,broad_fused,142339.0,144128.3,144589.0,35600,35648,35648,1,0,16384,35648,576,0,0,0,0,16,0
1,train,"Patch(FOR(BitPack))",SUM,6553,0.39996338,mmap_hot,selective_closure,64097.0,64105.6,64779.4,14614,14936,14936,7,0,6553,35648,576,0,0,0,0,16,0
1,train,"Patch(FOR(BitPack))",SUM,6553,0.39996338,mmap_hot,broad_fused,143166.7,143167.0,144752.7,35600,35648,35648,1,0,16384,35648,576,0,0,0,0,16,0
1,train,"Patch(FOR(BitPack))",SUM,6553,0.39996338,buffered_hot,selective_closure,70832.7,71388.0,71440.9,14614,14936,14936,7,0,6553,35648,576,0,0,0,0,16,0
1,train,"Patch(FOR(BitPack))",SUM,6553,0.39996338,buffered_hot,broad_fused,145199.7,145266.7,146922.3,35600,35648,35648,1,0,16384,35648,576,0,0,0,0,16,0
1,train,"Patch(FOR(BitPack))",SUM,6553,0.39996338,buffered_drop_cache,selective_closure,342501.0,343412.0,345295.0,14614,14936,14936,7,0,6553,35648,576,0,0,0,0,16,0
1,train,"Patch(FOR(BitPack))",SUM,6553,0.39996338,buffered_drop_cache,broad_fused,425735.0,426987.0,429541.0,35600,35648,35648,1,0,16384,35648,576,0,0,0,0,16,0
1,train,"Patch(FOR(BitPack))",BETWEEN,6553,0.39996338,memory_warm,selective_closure,75412.5,75838.2,76075.0,14614,14936,14936,7,0,6553,35648,576,0,0,0,0,16,0
1,train,"Patch(FOR(BitPack))",BETWEEN,6553,0.39996338,memory_warm,broad_fused,167380.0,167680.0,169923.5,35600,35648,35648,1,0,16384,35648,576,0,0,0,0,16,0
1,train,"Patch(FOR(BitPack))",BETWEEN,6553,0.39996338,mmap_hot,selective_closure,75888.2,75931.5,76571.0,14614,14936,14936,7,0,6553,35648,576,0,0,0,0,16,0
1,train,"Patch(FOR(BitPack))",BETWEEN,6553,0.39996338,mmap_hot,broad_fused,168601.5,168952.0,170840.0,35600,35648,35648,1,0,16384,35648,576,0,0,0,0,16,0
1,train,"Patch(FOR(BitPack))",BETWEEN,6553,0.39996338,buffered_hot,selective_closure,82226.0,82816.8,83205.7,14614,14936,14936,7,0,6553,35648,576,0,0,0,0,16,0
1,train,"Patch(FOR(BitPack))",BETWEEN,6553,0.39996338,buffered_hot,broad_fused,170319.0,170459.5,172802.5,35600,35648,35648,1,0,16384,35648,576,0,0,0,0,16,0
1,train,"Patch(FOR(BitPack))",BETWEEN,6553,0.39996338,buffered_drop_cache,selective_closure,354368.0,354759.0,360538.0,14614,14936,14936,7,0,6553,35648,576,0,0,0,0,16,0
1,train,"Patch(FOR(BitPack))",BETWEEN,6553,0.39996338,buffered_drop_cache,broad_fused,452064.0,453156.0,453406.0,35600,35648,35648,1,0,16384,35648,576,0,0,0,0,16,0
1,train,"Patch(FOR(BitPack))",SUM,8192,0.50000000,memory_warm,selective_closure,79079.7,79139.7,80112.8,18116,18200,18200,7,0,8192,35648,576,0,0,0,0,16,0
1,train,"Patch(FOR(BitPack))",SUM,8192,0.50000000,memory_warm,broad_fused,143053.3,143310.3,144472.3,35600,35648,35648,1,0,16384,35648,576,0,0,0,0,16,0
1,train,"Patch(FOR(BitPack))",SUM,8192,0.50000000,mmap_hot,selective_closure,79827.3,80540.2,80673.7,18116,18200,18200,7,0,8192,35648,576,0,0,0,0,16,0
1,train,"Patch(FOR(BitPack))",SUM,8192,0.50000000,mmap_hot,broad_fused,144011.3,144185.0,145443.7,35600,35648,35648,1,0,16384,35648,576,0,0,0,0,16,0
1,train,"Patch(FOR(BitPack))",SUM,8192,0.50000000,buffered_hot,selective_closure,86465.0,86465.0,87342.4,18116,18200,18200,7,0,8192,35648,576,0,0,0,0,16,0
1,train,"Patch(FOR(BitPack))",SUM,8192,0.50000000,buffered_hot,broad_fused,145590.3,145787.3,147620.3,35600,35648,35648,1,0,16384,35648,576,0,0,0,0,16,0
1,train,"Patch(FOR(BitPack))",SUM,8192,0.50000000,buffered_drop_cache,selective_closure,355210.0,359516.0,360017.0,18116,18200,18200,7,0,8192,35648,576,0,0,0,0,16,0
1,train,"Patch(FOR(BitPack))",SUM,8192,0.50000000,buffered_drop_cache,broad_fused,428259.0,428469.0,429441.0,35600,35648,35648,1,0,16384,35648,576,0,0,0,0,16,0
1,train,"Patch(FOR(BitPack))",BETWEEN,8192,0.50000000,memory_warm,selective_closure,93940.0,93970.2,94591.2,18116,18200,18200,7,0,8192,35648,576,0,0,0,0,16,0
1,train,"Patch(FOR(BitPack))",BETWEEN,8192,0.50000000,memory_warm,broad_fused,171075.0,171315.5,171340.5,35600,35648,35648,1,0,16384,35648,576,0,0,0,0,16,0
1,train,"Patch(FOR(BitPack))",BETWEEN,8192,0.50000000,mmap_hot,selective_closure,94597.0,94851.4,95444.4,18116,18200,18200,7,0,8192,35648,576,0,0,0,0,16,0
1,train,"Patch(FOR(BitPack))",BETWEEN,8192,0.50000000,mmap_hot,broad_fused,171981.5,172222.0,174435.0,35600,35648,35648,1,0,16384,35648,576,0,0,0,0,16,0
1,train,"Patch(FOR(BitPack))",BETWEEN,8192,0.50000000,buffered_hot,selective_closure,101509.0,102440.2,102665.8,18116,18200,18200,7,0,8192,35648,576,0,0,0,0,16,0
1,train,"Patch(FOR(BitPack))",BETWEEN,8192,0.50000000,buffered_hot,broad_fused,173844.5,173914.5,175862.0,35600,35648,35648,1,0,16384,35648,576,0,0,0,0,16,0
1,train,"Patch(FOR(BitPack))",BETWEEN,8192,0.50000000,buffered_drop_cache,selective_closure,372716.0,374879.0,377513.0,18116,18200,18200,7,0,8192,35648,576,0,0,0,0,16,0
1,train,"Patch(FOR(BitPack))",BETWEEN,8192,0.50000000,buffered_drop_cache,broad_fused,456010.0,457492.0,459095.0,35600,35648,35648,1,0,16384,35648,576,0,0,0,0,16,0
1,train,"Patch(FOR(BitPack))",SUM,9830,0.59997559,memory_warm,selective_closure,94707.2,95584.6,95710.6,21618,22008,22008,7,0,9830,35648,576,0,0,0,0,16,0
1,train,"Patch(FOR(BitPack))",SUM,9830,0.59997559,memory_warm,broad_fused,143701.0,143914.7,145340.0,35600,35648,35648,1,0,16384,35648,576,0,0,0,0,16,0
1,train,"Patch(FOR(BitPack))",SUM,9830,0.59997559,mmap_hot,selective_closure,95586.6,95736.8,96429.8,21618,22008,22008,7,0,9830,35648,576,0,0,0,0,16,0
1,train,"Patch(FOR(BitPack))",SUM,9830,0.59997559,mmap_hot,broad_fused,144886.0,146354.7,146391.7,35600,35648,35648,1,0,16384,35648,576,0,0,0,0,16,0
1,train,"Patch(FOR(BitPack))",SUM,9830,0.59997559,buffered_hot,selective_closure,102412.8,102482.8,103554.5,21618,22008,22008,7,0,9830,35648,576,0,0,0,0,16,0
1,train,"Patch(FOR(BitPack))",SUM,9830,0.59997559,buffered_hot,broad_fused,146862.3,148174.3,148551.7,35600,35648,35648,1,0,16384,35648,576,0,0,0,0,16,0
1,train,"Patch(FOR(BitPack))",SUM,9830,0.59997559,buffered_drop_cache,selective_closure,372646.0,374769.0,379095.0,21618,22008,22008,7,0,9830,35648,576,0,0,0,0,16,0
1,train,"Patch(FOR(BitPack))",SUM,9830,0.59997559,buffered_drop_cache,broad_fused,432215.0,433316.0,436151.0,35600,35648,35648,1,0,16384,35648,576,0,0,0,0,16,0
1,train,"Patch(FOR(BitPack))",BETWEEN,9830,0.59997559,memory_warm,selective_closure,109601.0,109751.2,111584.0,21618,22008,22008,7,0,9830,35648,576,0,0,0,0,16,0
1,train,"Patch(FOR(BitPack))",BETWEEN,9830,0.59997559,memory_warm,broad_fused,171836.5,172096.5,173849.0,35600,35648,35648,1,0,16384,35648,576,0,0,0,0,16,0
1,train,"Patch(FOR(BitPack))",BETWEEN,9830,0.59997559,mmap_hot,selective_closure,110574.8,110665.0,111897.0,21618,22008,22008,7,0,9830,35648,576,0,0,0,0,16,0
1,train,"Patch(FOR(BitPack))",BETWEEN,9830,0.59997559,mmap_hot,broad_fused,173093.0,174025.0,175912.5,35600,35648,35648,1,0,16384,35648,576,0,0,0,0,16,0
1,train,"Patch(FOR(BitPack))",BETWEEN,9830,0.59997559,buffered_hot,selective_closure,117390.0,117395.0,118724.5,21618,22008,22008,7,0,9830,35648,576,0,0,0,0,16,0
1,train,"Patch(FOR(BitPack))",BETWEEN,9830,0.59997559,buffered_hot,broad_fused,174730.5,175211.5,177289.5,35600,35648,35648,1,0,16384,35648,576,0,0,0,0,16,0
1,train,"Patch(FOR(BitPack))",BETWEEN,9830,0.59997559,buffered_drop_cache,selective_closure,386326.0,388590.0,396681.0,21618,22008,22008,7,0,9830,35648,576,0,0,0,0,16,0
1,train,"Patch(FOR(BitPack))",BETWEEN,9830,0.59997559,buffered_drop_cache,broad_fused,457172.0,458594.0,460097.0,35600,35648,35648,1,0,16384,35648,576,0,0,0,0,16,0
1,train,"Patch(FOR(BitPack))",SUM,11468,0.69995117,memory_warm,selective_closure,110402.2,110447.2,111453.8,25118,25272,25272,7,0,11468,35648,576,0,0,0,0,16,0
1,train,"Patch(FOR(BitPack))",SUM,11468,0.69995117,memory_warm,broad_fused,144642.3,144669.0,146278.3,35600,35648,35648,1,0,16384,35648,576,0,0,0,0,16,0
1,train,"Patch(FOR(BitPack))",SUM,11468,0.69995117,mmap_hot,selective_closure,111604.0,112618.0,112630.5,25118,25272,25272,7,0,11468,35648,576,0,0,0,0,16,0
1,train,"Patch(FOR(BitPack))",SUM,11468,0.69995117,mmap_hot,broad_fused,145830.7,145897.7,147136.0,35600,35648,35648,1,0,16384,35648,576,0,0,0,0,16,0
1,train,"Patch(FOR(BitPack))",SUM,11468,0.69995117,buffered_hot,selective_closure,118314.0,118424.2,119100.0,25118,25272,25272,7,0,11468,35648,576,0,0,0,0,16,0
1,train,"Patch(FOR(BitPack))",SUM,11468,0.69995117,buffered_hot,broad_fused,147903.7,149119.0,149216.0,35600,35648,35648,1,0,16384,35648,576,0,0,0,0,16,0
1,train,"Patch(FOR(BitPack))",SUM,11468,0.69995117,buffered_drop_cache,selective_closure,388540.0,391233.0,392164.0,25118,25272,25272,7,0,11468,35648,576,0,0,0,0,16,0
1,train,"Patch(FOR(BitPack))",SUM,11468,0.69995117,buffered_drop_cache,broad_fused,429591.0,429631.0,431434.0,35600,35648,35648,1,0,16384,35648,576,0,0,0,0,16,0
1,train,"Patch(FOR(BitPack))",BETWEEN,11468,0.69995117,memory_warm,selective_closure,125103.0,125193.3,126695.7,25118,25272,25272,7,0,11468,35648,576,0,0,0,0,16,0
1,train,"Patch(FOR(BitPack))",BETWEEN,11468,0.69995117,memory_warm,broad_fused,172317.0,172732.5,172878.0,35600,35648,35648,1,0,16384,35648,576,0,0,0,0,16,0
1,train,"Patch(FOR(BitPack))",BETWEEN,11468,0.69995117,mmap_hot,selective_closure,126041.3,126048.0,127587.0,25118,25272,25272,7,0,11468,35648,576,0,0,0,0,16,0
1,train,"Patch(FOR(BitPack))",BETWEEN,11468,0.69995117,mmap_hot,broad_fused,173528.5,173909.5,175612.0,35600,35648,35648,1,0,16384,35648,576,0,0,0,0,16,0
1,train,"Patch(FOR(BitPack))",BETWEEN,11468,0.69995117,buffered_hot,selective_closure,132861.3,132931.7,134303.7,25118,25272,25272,7,0,11468,35648,576,0,0,0,0,16,0
1,train,"Patch(FOR(BitPack))",BETWEEN,11468,0.69995117,buffered_hot,broad_fused,175777.0,175842.5,178491.0,35600,35648,35648,1,0,16384,35648,576,0,0,0,0,16,0
1,train,"Patch(FOR(BitPack))",BETWEEN,11468,0.69995117,buffered_drop_cache,selective_closure,404162.0,406376.0,415089.0,25118,25272,25272,7,0,11468,35648,576,0,0,0,0,16,0
1,train,"Patch(FOR(BitPack))",BETWEEN,11468,0.69995117,buffered_drop_cache,broad_fused,457332.0,457663.0,458704.0,35600,35648,35648,1,0,16384,35648,576,0,0,0,0,16,0
1,train,"Patch(FOR(BitPack))",SUM,13107,0.79998779,memory_warm,selective_closure,126228.3,126422.0,127720.7,28614,29080,29080,7,0,13107,35648,576,0,0,0,0,16,0
1,train,"Patch(FOR(BitPack))",SUM,13107,0.79998779,memory_warm,broad_fused,146578.3,146655.3,148231.3,35600,35648,35648,1,0,16384,35648,576,0,0,0,0,16,0
1,train,"Patch(FOR(BitPack))",SUM,13107,0.79998779,mmap_hot,selective_closure,127026.0,127052.7,127059.7,28614,29080,29080,7,0,13107,35648,576,0,0,0,0,16,0
1,train,"Patch(FOR(BitPack))",SUM,13107,0.79998779,mmap_hot,broad_fused,146598.3,146658.7,148321.3,35600,35648,35648,1,0,16384,35648,576,0,0,0,0,16,0
1,train,"Patch(FOR(BitPack))",SUM,13107,0.79998779,buffered_hot,selective_closure,133759.3,134066.7,135308.7,28614,29080,29080,7,0,13107,35648,576,0,0,0,0,16,0
1,train,"Patch(FOR(BitPack))",SUM,13107,0.79998779,buffered_hot,broad_fused,148428.0,148751.7,150331.0,35600,35648,35648,1,0,16384,35648,576,0,0,0,0,16,0
1,train,"Patch(FOR(BitPack))",SUM,13107,0.79998779,buffered_drop_cache,selective_closure,403682.0,404954.0,407027.0,28614,29080,29080,7,0,13107,35648,576,0,0,0,0,16,0
1,train,"Patch(FOR(BitPack))",SUM,13107,0.79998779,buffered_drop_cache,broad_fused,430953.0,431254.0,431684.0,35600,35648,35648,1,0,16384,35648,576,0,0,0,0,16,0
1,train,"Patch(FOR(BitPack))",BETWEEN,13107,0.79998779,memory_warm,selective_closure,140529.7,140549.7,142188.7,28614,29080,29080,7,0,13107,35648,576,0,0,0,0,16,0
1,train,"Patch(FOR(BitPack))",BETWEEN,13107,0.79998779,memory_warm,broad_fused,173729.0,173829.5,174235.0,35600,35648,35648,1,0,16384,35648,576,0,0,0,0,16,0
1,train,"Patch(FOR(BitPack))",BETWEEN,13107,0.79998779,mmap_hot,selective_closure,141548.0,142001.7,143070.0,28614,29080,29080,7,0,13107,35648,576,0,0,0,0,16,0
1,train,"Patch(FOR(BitPack))",BETWEEN,13107,0.79998779,mmap_hot,broad_fused,174285.0,174470.5,177269.5,35600,35648,35648,1,0,16384,35648,576,0,0,0,0,16,0
1,train,"Patch(FOR(BitPack))",BETWEEN,13107,0.79998779,buffered_hot,selective_closure,148481.3,148892.0,149706.7,28614,29080,29080,7,0,13107,35648,576,0,0,0,0,16,0
1,train,"Patch(FOR(BitPack))",BETWEEN,13107,0.79998779,buffered_hot,broad_fused,176208.0,176308.0,179097.0,35600,35648,35648,1,0,16384,35648,576,0,0,0,0,16,0
1,train,"Patch(FOR(BitPack))",BETWEEN,13107,0.79998779,buffered_drop_cache,selective_closure,418845.0,418905.0,420507.0,28614,29080,29080,7,0,13107,35648,576,0,0,0,0,16,0
1,train,"Patch(FOR(BitPack))",BETWEEN,13107,0.79998779,buffered_drop_cache,broad_fused,458745.0,458894.0,461518.0,35600,35648,35648,1,0,16384,35648,576,0,0,0,0,16,0
1,train,"Patch(FOR(BitPack))",SUM,14745,0.89996338,memory_warm,selective_closure,141935.0,141991.7,143761.3,32110,32344,32344,7,0,14745,35648,576,0,0,0,0,16,0
1,train,"Patch(FOR(BitPack))",SUM,14745,0.89996338,memory_warm,broad_fused,146695.7,146849.0,148311.0,35600,35648,35648,1,0,16384,35648,576,0,0,0,0,16,0
1,train,"Patch(FOR(BitPack))",SUM,14745,0.89996338,mmap_hot,selective_closure,143013.3,144612.3,144999.7,32110,32344,32344,7,0,14745,35648,576,0,0,0,0,16,0
1,train,"Patch(FOR(BitPack))",SUM,14745,0.89996338,mmap_hot,broad_fused,147440.0,147566.7,149186.0,35600,35648,35648,1,0,16384,35648,576,0,0,0,0,16,0
1,train,"Patch(FOR(BitPack))",SUM,14745,0.89996338,buffered_hot,selective_closure,149736.7,149780.0,151172.0,32110,32344,32344,7,0,14745,35648,576,0,0,0,0,16,0
1,train,"Patch(FOR(BitPack))",SUM,14745,0.89996338,buffered_hot,broad_fused,150297.3,150968.7,151419.3,35600,35648,35648,1,0,16384,35648,576,0,0,0,0,16,0
1,train,"Patch(FOR(BitPack))",SUM,14745,0.89996338,buffered_drop_cache,selective_closure,422831.0,426386.0,432155.0,32110,32344,32344,7,0,14745,35648,576,0,0,0,0,16,0
1,train,"Patch(FOR(BitPack))",SUM,14745,0.89996338,buffered_drop_cache,broad_fused,430862.0,431554.0,431924.0,35600,35648,35648,1,0,16384,35648,576,0,0,0,0,16,0
1,train,"Patch(FOR(BitPack))",BETWEEN,14745,0.89996338,memory_warm,selective_closure,156016.0,156079.3,157601.7,32110,32344,32344,7,0,14745,35648,576,0,0,0,0,16,0
1,train,"Patch(FOR(BitPack))",BETWEEN,14745,0.89996338,memory_warm,broad_fused,174425.0,174495.0,176723.5,35600,35648,35648,1,0,16384,35648,576,0,0,0,0,16,0
1,train,"Patch(FOR(BitPack))",BETWEEN,14745,0.89996338,mmap_hot,selective_closure,157051.0,157104.3,158246.0,32110,32344,32344,7,0,14745,35648,576,0,0,0,0,16,0
1,train,"Patch(FOR(BitPack))",BETWEEN,14745,0.89996338,mmap_hot,broad_fused,175106.0,175116.5,175451.5,35600,35648,35648,1,0,16384,35648,576,0,0,0,0,16,0
1,train,"Patch(FOR(BitPack))",BETWEEN,14745,0.89996338,buffered_hot,selective_closure,163981.3,163994.7,165480.0,32110,32344,32344,7,0,14745,35648,576,0,0,0,0,16,0
1,train,"Patch(FOR(BitPack))",BETWEEN,14745,0.89996338,buffered_hot,broad_fused,176698.5,177595.0,179017.0,35600,35648,35648,1,0,16384,35648,576,0,0,0,0,16,0
1,train,"Patch(FOR(BitPack))",BETWEEN,14745,0.89996338,buffered_drop_cache,selective_closure,434037.0,435479.0,437042.0,32110,32344,32344,7,0,14745,35648,576,0,0,0,0,16,0
1,train,"Patch(FOR(BitPack))",BETWEEN,14745,0.89996338,buffered_drop_cache,broad_fused,460297.0,463512.0,463862.0,35600,35648,35648,1,0,16384,35648,576,0,0,0,0,16,0
1,train,"Patch(FOR(BitPack))",SUM,16384,1.00000000,memory_warm,selective_closure,156617.0,157057.7,158757.0,35600,35608,35608,7,0,16384,35648,576,0,0,0,0,16,0
1,train,"Patch(FOR(BitPack))",SUM,16384,1.00000000,memory_warm,broad_fused,147730.3,147800.7,149139.0,35600,35648,35648,1,0,16384,35648,576,0,0,0,0,16,0
1,train,"Patch(FOR(BitPack))",SUM,16384,1.00000000,mmap_hot,selective_closure,157718.7,159367.7,159377.7,35600,35608,35608,7,0,16384,35648,576,0,0,0,0,16,0
1,train,"Patch(FOR(BitPack))",SUM,16384,1.00000000,mmap_hot,broad_fused,148471.3,148832.0,150204.0,35600,35648,35648,1,0,16384,35648,576,0,0,0,0,16,0
1,train,"Patch(FOR(BitPack))",SUM,16384,1.00000000,buffered_hot,selective_closure,164512.0,164885.7,166278.0,35600,35608,35608,7,0,16384,35648,576,0,0,0,0,16,0
1,train,"Patch(FOR(BitPack))",SUM,16384,1.00000000,buffered_hot,broad_fused,150478.0,150574.7,151803.0,35600,35648,35648,1,0,16384,35648,576,0,0,0,0,16,0
1,train,"Patch(FOR(BitPack))",SUM,16384,1.00000000,buffered_drop_cache,selective_closure,436231.0,436361.0,441118.0,35600,35608,35608,7,0,16384,35648,576,0,0,0,0,16,0
1,train,"Patch(FOR(BitPack))",SUM,16384,1.00000000,buffered_drop_cache,broad_fused,432395.0,432686.0,433597.0,35600,35648,35648,1,0,16384,35648,576,0,0,0,0,16,0
1,train,"Patch(FOR(BitPack))",BETWEEN,16384,1.00000000,memory_warm,selective_closure,170744.5,171010.5,172847.5,35600,35608,35608,7,0,16384,35648,576,0,0,0,0,16,0
1,train,"Patch(FOR(BitPack))",BETWEEN,16384,1.00000000,memory_warm,broad_fused,174620.5,174695.5,174905.5,35600,35648,35648,1,0,16384,35648,576,0,0,0,0,16,0
1,train,"Patch(FOR(BitPack))",BETWEEN,16384,1.00000000,mmap_hot,selective_closure,171726.5,172001.5,173939.5,35600,35608,35608,7,0,16384,35648,576,0,0,0,0,16,0
1,train,"Patch(FOR(BitPack))",BETWEEN,16384,1.00000000,mmap_hot,broad_fused,176017.5,176073.0,178947.0,35600,35648,35648,1,0,16384,35648,576,0,0,0,0,16,0
1,train,"Patch(FOR(BitPack))",BETWEEN,16384,1.00000000,buffered_hot,selective_closure,178516.0,178536.0,180704.5,35600,35608,35608,7,0,16384,35648,576,0,0,0,0,16,0
1,train,"Patch(FOR(BitPack))",BETWEEN,16384,1.00000000,buffered_hot,broad_fused,177755.0,177845.0,177975.5,35600,35648,35648,1,0,16384,35648,576,0,0,0,0,16,0
1,train,"Patch(FOR(BitPack))",BETWEEN,16384,1.00000000,buffered_drop_cache,selective_closure,450381.0,452175.0,453095.0,35600,35608,35608,7,0,16384,35648,576,0,0,0,0,16,0
1,train,"Patch(FOR(BitPack))",BETWEEN,16384,1.00000000,buffered_drop_cache,broad_fused,459365.0,459515.0,460607.0,35600,35648,35648,1,0,16384,35648,576,0,0,0,0,16,0
2,train,"Nullable(Dictionary(RLE(BitPack)))",SUM,1,0.00006104,memory_warm,selective_closure,5587.2,5634.9,5635.2,825,984,984,7,0,1,5056,640,0,0,443,3,0,1
2,train,"Nullable(Dictionary(RLE(BitPack)))",SUM,1,0.00006104,memory_warm,broad_fused,1411616.0,1434409.0,1436412.0,4715,5056,5056,1,0,16384,5056,640,0,0,443,3,0,1
2,train,"Nullable(Dictionary(RLE(BitPack)))",SUM,1,0.00006104,mmap_hot,selective_closure,5770.9,5779.1,5800.8,825,984,984,7,0,1,5056,640,0,0,443,3,0,1
2,train,"Nullable(Dictionary(RLE(BitPack)))",SUM,1,0.00006104,mmap_hot,broad_fused,1412717.0,1433879.0,1434639.0,4715,5056,5056,1,0,16384,5056,640,0,0,443,3,0,1
2,train,"Nullable(Dictionary(RLE(BitPack)))",SUM,1,0.00006104,buffered_hot,selective_closure,11936.3,11986.4,12008.1,825,984,984,7,0,1,5056,640,0,0,443,3,0,1
2,train,"Nullable(Dictionary(RLE(BitPack)))",SUM,1,0.00006104,buffered_hot,broad_fused,1409612.0,1435582.0,1435931.0,4715,5056,5056,1,0,16384,5056,640,0,0,443,3,0,1
2,train,"Nullable(Dictionary(RLE(BitPack)))",SUM,1,0.00006104,buffered_drop_cache,selective_closure,137836.0,139588.0,140099.0,825,984,984,7,0,1,5056,640,0,0,443,3,0,1
2,train,"Nullable(Dictionary(RLE(BitPack)))",SUM,1,0.00006104,buffered_drop_cache,broad_fused,1543773.0,1567898.0,1573547.0,4715,5056,5056,1,0,16384,5056,640,0,0,443,3,0,1
2,train,"Nullable(Dictionary(RLE(BitPack)))",BETWEEN,1,0.00006104,memory_warm,selective_closure,5585.3,5595.6,5608.6,825,984,984,7,0,1,5056,640,0,0,443,3,0,1
2,train,"Nullable(Dictionary(RLE(BitPack)))",BETWEEN,1,0.00006104,memory_warm,broad_fused,1412607.0,1434099.0,1436823.0,4715,5056,5056,1,0,16384,5056,640,0,0,443,3,0,1
2,train,"Nullable(Dictionary(RLE(BitPack)))",BETWEEN,1,0.00006104,mmap_hot,selective_closure,5804.6,5804.7,5864.3,825,984,984,7,0,1,5056,640,0,0,443,3,0,1
2,train,"Nullable(Dictionary(RLE(BitPack)))",BETWEEN,1,0.00006104,mmap_hot,broad_fused,1428481.0,1428901.0,1431926.0,4715,5056,5056,1,0,16384,5056,640,0,0,443,3,0,1
2,train,"Nullable(Dictionary(RLE(BitPack)))",BETWEEN,1,0.00006104,buffered_hot,selective_closure,11916.1,12030.4,12051.9,825,984,984,7,0,1,5056,640,0,0,443,3,0,1
2,train,"Nullable(Dictionary(RLE(BitPack)))",BETWEEN,1,0.00006104,buffered_hot,broad_fused,1421991.0,1434790.0,1438295.0,4715,5056,5056,1,0,16384,5056,640,0,0,443,3,0,1
2,train,"Nullable(Dictionary(RLE(BitPack)))",BETWEEN,1,0.00006104,buffered_drop_cache,selective_closure,138917.0,139498.0,140559.0,825,984,984,7,0,1,5056,640,0,0,443,3,0,1
2,train,"Nullable(Dictionary(RLE(BitPack)))",BETWEEN,1,0.00006104,buffered_drop_cache,broad_fused,1551504.0,1567087.0,1575921.0,4715,5056,5056,1,0,16384,5056,640,0,0,443,3,0,1
2,train,"Nullable(Dictionary(RLE(BitPack)))",SUM,4,0.00024414,memory_warm,selective_closure,5803.2,5836.2,5859.3,826,1016,1016,8,0,4,5056,640,0,0,443,3,0,1
2,train,"Nullable(Dictionary(RLE(BitPack)))",SUM,4,0.00024414,memory_warm,broad_fused,1415381.0,1433438.0,1438095.0,4715,5056,5056,1,0,16384,5056,640,0,0,443,3,0,1
2,train,"Nullable(Dictionary(RLE(BitPack)))",SUM,4,0.00024414,mmap_hot,selective_closure,5988.6,6015.8,6021.6,826,1016,1016,8,0,4,5056,640,0,0,443,3,0,1
2,train,"Nullable(Dictionary(RLE(BitPack)))",SUM,4,0.00024414,mmap_hot,broad_fused,1412557.0,1429412.0,1435701.0,4715,5056,5056,1,0,16384,5056,640,0,0,443,3,0,1
2,train,"Nullable(Dictionary(RLE(BitPack)))",SUM,4,0.00024414,buffered_hot,selective_closure,12981.3,13019.2,13023.8,826,1016,1016,8,0,4,5056,640,0,0,443,3,0,1
2,train,"Nullable(Dictionary(RLE(BitPack)))",SUM,4,0.00024414,buffered_hot,broad_fused,1414140.0,1436102.0,1441580.0,4715,5056,5056,1,0,16384,5056,640,0,0,443,3,0,1
2,train,"Nullable(Dictionary(RLE(BitPack)))",SUM,4,0.00024414,buffered_drop_cache,selective_closure,139878.0,141311.0,141892.0,826,1016,1016,8,0,4,5056,640,0,0,443,3,0,1
2,train,"Nullable(Dictionary(RLE(BitPack)))",SUM,4,0.00024414,buffered_drop_cache,broad_fused,1541208.0,1567198.0,1570262.0,4715,5056,5056,1,0,16384,5056,640,0,0,443,3,0,1
2,train,"Nullable(Dictionary(RLE(BitPack)))",BETWEEN,4,0.00024414,memory_warm,selective_closure,5796.4,5808.2,5845.8,826,1016,1016,8,0,4,5056,640,0,0,443,3,0,1
2,train,"Nullable(Dictionary(RLE(BitPack)))",BETWEEN,4,0.00024414,memory_warm,broad_fused,1420699.0,1443713.0,1444415.0,4715,5056,5056,1,0,16384,5056,640,0,0,443,3,0,1
2,train,"Nullable(Dictionary(RLE(BitPack)))",BETWEEN,4,0.00024414,mmap_hot,selective_closure,5912.9,5943.0,5979.2,826,1016,1016,8,0,4,5056,640,0,0,443,3,0,1
2,train,"Nullable(Dictionary(RLE(BitPack)))",BETWEEN,4,0.00024414,mmap_hot,broad_fused,1424835.0,1434300.0,1438144.0,4715,5056,5056,1,0,16384,5056,640,0,0,443,3,0,1
2,train,"Nullable(Dictionary(RLE(BitPack)))",BETWEEN,4,0.00024414,buffered_hot,selective_closure,12900.8,12961.2,13067.4,826,1016,1016,8,0,4,5056,640,0,0,443,3,0,1
2,train,"Nullable(Dictionary(RLE(BitPack)))",BETWEEN,4,0.00024414,buffered_hot,broad_fused,1414911.0,1441189.0,1448791.0,4715,5056,5056,1,0,16384,5056,640,0,0,443,3,0,1
2,train,"Nullable(Dictionary(RLE(BitPack)))",BETWEEN,4,0.00024414,buffered_drop_cache,selective_closure,139598.0,141060.0,142452.0,826,1016,1016,8,0,4,5056,640,0,0,443,3,0,1
2,train,"Nullable(Dictionary(RLE(BitPack)))",BETWEEN,4,0.00024414,buffered_drop_cache,broad_fused,1552075.0,1561499.0,1563862.0,4715,5056,5056,1,0,16384,5056,640,0,0,443,3,0,1
2,train,"Nullable(Dictionary(RLE(BitPack)))",SUM,16,0.00097656,memory_warm,selective_closure,7484.8,7490.5,7550.2,826,1016,1016,8,0,16,5056,640,0,0,443,3,0,1
2,train,"Nullable(Dictionary(RLE(BitPack)))",SUM,16,0.00097656,memory_warm,broad_fused,1417985.0,1438526.0,1441680.0,4715,5056,5056,1,0,16384,5056,640,0,0,443,3,0,1
2,train,"Nullable(Dictionary(RLE(BitPack)))",SUM,16,0.00097656,mmap_hot,selective_closure,7685.0,7742.5,7742.7,826,1016,1016,8,0,16,5056,640,0,0,443,3,0,1
2,train,"Nullable(Dictionary(RLE(BitPack)))",SUM,16,0.00097656,mmap_hot,broad_fused,1416362.0,1435441.0,1437143.0,4715,5056,5056,1,0,16384,5056,640,0,0,443,3,0,1
2,train,"Nullable(Dictionary(RLE(BitPack)))",SUM,16,0.00097656,buffered_hot,selective_closure,14729.2,14809.1,14842.8,826,1016,1016,8,0,16,5056,640,0,0,443,3,0,1
2,train,"Nullable(Dictionary(RLE(BitPack)))",SUM,16,0.00097656,buffered_hot,broad_fused,1425556.0,1436422.0,1437444.0,4715,5056,5056,1,0,16384,5056,640,0,0,443,3,0,1
2,train,"Nullable(Dictionary(RLE(BitPack)))",SUM,16,0.00097656,buffered_drop_cache,selective_closure,141120.0,142282.0,150224.0,826,1016,1016,8,0,16,5056,640,0,0,443,3,0,1
2,train,"Nullable(Dictionary(RLE(BitPack)))",SUM,16,0.00097656,buffered_drop_cache,broad_fused,1554098.0,1575660.0,1579246.0,4715,5056,5056,1,0,16384,5056,640,0,0,443,3,0,1
2,train,"Nullable(Dictionary(RLE(BitPack)))",BETWEEN,16,0.00097656,memory_warm,selective_closure,7482.1,7569.3,7588.0,826,1016,1016,8,0,16,5056,640,0,0,443,3,0,1
2,train,"Nullable(Dictionary(RLE(BitPack)))",BETWEEN,16,0.00097656,memory_warm,broad_fused,1428270.0,1445647.0,1445846.0,4715,5056,5056,1,0,16384,5056,640,0,0,443,3,0,1
2,train,"Nullable(Dictionary(RLE(BitPack)))",BETWEEN,16,0.00097656,mmap_hot,selective_closure,7685.3,7758.4,7770.5,826,1016,1016,8,0,16,5056,640,0,0,443,3,0,1
2,train,"Nullable(Dictionary(RLE(BitPack)))",BETWEEN,16,0.00097656,mmap_hot,broad_fused,1418025.0,1430052.0,1433588.0,4715,5056,5056,1,0,16384,5056,640,0,0,443,3,0,1
2,train,"Nullable(Dictionary(RLE(BitPack)))",BETWEEN,16,0.00097656,buffered_hot,selective_closure,14648.8,14680.7,14791.2,826,1016,1016,8,0,16,5056,640,0,0,443,3,0,1
2,train,"Nullable(Dictionary(RLE(BitPack)))",BETWEEN,16,0.00097656,buffered_hot,broad_fused,1424064.0,1434500.0,1440899.0,4715,5056,5056,1,0,16384,5056,640,0,0,443,3,0,1
2,train,"Nullable(Dictionary(RLE(BitPack)))",BETWEEN,16,0.00097656,buffered_drop_cache,selective_closure,141611.0,142743.0,143554.0,826,1016,1016,8,0,16,5056,640,0,0,443,3,0,1
2,train,"Nullable(Dictionary(RLE(BitPack)))",BETWEEN,16,0.00097656,buffered_drop_cache,broad_fused,1552015.0,1567538.0,1568890.0,4715,5056,5056,1,0,16384,5056,640,0,0,443,3,0,1
2,train,"Nullable(Dictionary(RLE(BitPack)))",SUM,64,0.00390625,memory_warm,selective_closure,11954.6,11969.6,12047.2,841,1016,1016,8,0,64,5056,640,0,0,443,3,0,1
2,train,"Nullable(Dictionary(RLE(BitPack)))",SUM,64,0.00390625,memory_warm,broad_fused,1412156.0,1412537.0,1418226.0,4715,5056,5056,1,0,16384,5056,640,0,0,443,3,0,1
2,train,"Nullable(Dictionary(RLE(BitPack)))",SUM,64,0.00390625,mmap_hot,selective_closure,12108.6,12129.6,12229.7,841,1016,1016,8,0,64,5056,640,0,0,443,3,0,1
2,train,"Nullable(Dictionary(RLE(BitPack)))",SUM,64,0.00390625,mmap_hot,broad_fused,1415001.0,1436232.0,1437824.0,4715,5056,5056,1,0,16384,5056,640,0,0,443,3,0,1
2,train,"Nullable(Dictionary(RLE(BitPack)))",SUM,64,0.00390625,buffered_hot,selective_closure,19237.5,19261.1,19422.2,841,1016,1016,8,0,64,5056,640,0,0,443,3,0,1
2,train,"Nullable(Dictionary(RLE(BitPack)))",SUM,64,0.00390625,buffered_hot,broad_fused,1420398.0,1440278.0,1442341.0,4715,5056,5056,1,0,16384,5056,640,0,0,443,3,0,1
2,train,"Nullable(Dictionary(RLE(BitPack)))",SUM,64,0.00390625,buffered_drop_cache,selective_closure,146678.0,146729.0,148412.0,841,1016,1016,8,0,64,5056,640,0,0,443,3,0,1
2,train,"Nullable(Dictionary(RLE(BitPack)))",SUM,64,0.00390625,buffered_drop_cache,broad_fused,1562711.0,1573527.0,1573847.0,4715,5056,5056,1,0,16384,5056,640,0,0,443,3,0,1
2,train,"Nullable(Dictionary(RLE(BitPack)))",BETWEEN,64,0.00390625,memory_warm,selective_closure,11984.6,12001.1,12063.0,841,1016,1016,8,0,64,5056,640,0,0,443,3,0,1
2,train,"Nullable(Dictionary(RLE(BitPack)))",BETWEEN,64,0.00390625,memory_warm,broad_fused,1413669.0,1416322.0,1417063.0,4715,5056,5056,1,0,16384,5056,640,0,0,443,3,0,1
2,train,"Nullable(Dictionary(RLE(BitPack)))",BETWEEN,64,0.00390625,mmap_hot,selective_closure,12058.5,12178.9,12213.5,841,1016,1016,8,0,64,5056,640,0,0,443,3,0,1
2,train,"Nullable(Dictionary(RLE(BitPack)))",BETWEEN,64,0.00390625,mmap_hot,broad_fused,1430294.0,1432317.0,1432356.0,4715,5056,5056,1,0,16384,5056,640,0,0,443,3,0,1
2,train,"Nullable(Dictionary(RLE(BitPack)))",BETWEEN,64,0.00390625,buffered_hot,selective_closure,19113.5,19253.7,19302.2,841,1016,1016,8,0,64,5056,640,0,0,443,3,0,1
2,train,"Nullable(Dictionary(RLE(BitPack)))",BETWEEN,64,0.00390625,buffered_hot,broad_fused,1414740.0,1416503.0,1418035.0,4715,5056,5056,1,0,16384,5056,640,0,0,443,3,0,1
2,train,"Nullable(Dictionary(RLE(BitPack)))",BETWEEN,64,0.00390625,buffered_drop_cache,selective_closure,146889.0,147060.0,147310.0,841,1016,1016,8,0,64,5056,640,0,0,443,3,0,1
2,train,"Nullable(Dictionary(RLE(BitPack)))",BETWEEN,64,0.00390625,buffered_drop_cache,broad_fused,1550282.0,1550363.0,1551634.0,4715,5056,5056,1,0,16384,5056,640,0,0,443,3,0,1
2,train,"Nullable(Dictionary(RLE(BitPack)))",SUM,163,0.00994873,memory_warm,selective_closure,23588.7,23602.2,23853.6,861,1016,1016,8,0,163,5056,640,0,0,443,3,0,1
2,train,"Nullable(Dictionary(RLE(BitPack)))",SUM,163,0.00994873,memory_warm,broad_fused,1408742.0,1411385.0,1414059.0,4715,5056,5056,1,0,16384,5056,640,0,0,443,3,0,1
2,train,"Nullable(Dictionary(RLE(BitPack)))",SUM,163,0.00994873,mmap_hot,selective_closure,23729.9,23801.0,24063.8,861,1016,1016,8,0,163,5056,640,0,0,443,3,0,1
2,train,"Nullable(Dictionary(RLE(BitPack)))",SUM,163,0.00994873,mmap_hot,broad_fused,1415611.0,1416412.0,1417154.0,4715,5056,5056,1,0,16384,5056,640,0,0,443,3,0,1
2,train,"Nullable(Dictionary(RLE(BitPack)))",SUM,163,0.00994873,buffered_hot,selective_closure,30862.0,31083.7,31233.9,861,1016,1016,8,0,163,5056,640,0,0,443,3,0,1
2,train,"Nullable(Dictionary(RLE(BitPack)))",SUM,163,0.00994873,buffered_hot,broad_fused,1410344.0,1410614.0,1415592.0,4715,5056,5056,1,0,16384,5056,640,0,0,443,3,0,1
2,train,"Nullable(Dictionary(RLE(BitPack)))",SUM,163,0.00994873,buffered_drop_cache,selective_closure,157605.0,159267.0,159427.0,861,1016,1016,8,0,163,5056,640,0,0,443,3,0,1
2,train,"Nullable(Dictionary(RLE(BitPack)))",SUM,163,0.00994873,buffered_drop_cache,broad_fused,1544854.0,1546126.0,1546546.0,4715,5056,5056,1,0,16384,5056,640,0,0,443,3,0,1
2,train,"Nullable(Dictionary(RLE(BitPack)))",BETWEEN,163,0.00994873,memory_warm,selective_closure,23467.4,23563.2,23654.8,861,1016,1016,8,0,163,5056,640,0,0,443,3,0,1
2,train,"Nullable(Dictionary(RLE(BitPack)))",BETWEEN,163,0.00994873,memory_warm,broad_fused,1415601.0,1420428.0,1421010.0,4715,5056,5056,1,0,16384,5056,640,0,0,443,3,0,1
2,train,"Nullable(Dictionary(RLE(BitPack)))",BETWEEN,163,0.00994873,mmap_hot,selective_closure,23472.6,23624.2,23645.2,861,1016,1016,8,0,163,5056,640,0,0,443,3,0,1
2,train,"Nullable(Dictionary(RLE(BitPack)))",BETWEEN,163,0.00994873,mmap_hot,broad_fused,1411024.0,1412967.0,1414490.0,4715,5056,5056,1,0,16384,5056,640,0,0,443,3,0,1
2,train,"Nullable(Dictionary(RLE(BitPack)))",BETWEEN,163,0.00994873,buffered_hot,selective_closure,30577.5,30724.6,30796.6,861,1016,1016,8,0,163,5056,640,0,0,443,3,0,1
2,train,"Nullable(Dictionary(RLE(BitPack)))",BETWEEN,163,0.00994873,buffered_hot,broad_fused,1415541.0,1417053.0,1418736.0,4715,5056,5056,1,0,16384,5056,640,0,0,443,3,0,1
2,train,"Nullable(Dictionary(RLE(BitPack)))",BETWEEN,163,0.00994873,buffered_drop_cache,selective_closure,159518.0,159658.0,160359.0,861,1016,1016,8,0,163,5056,640,0,0,443,3,0,1
2,train,"Nullable(Dictionary(RLE(BitPack)))",BETWEEN,163,0.00994873,buffered_drop_cache,broad_fused,1547037.0,1547608.0,1551554.0,4715,5056,5056,1,0,16384,5056,640,0,0,443,3,0,1
2,train,"Nullable(Dictionary(RLE(BitPack)))",SUM,256,0.01562500,memory_warm,selective_closure,33306.1,33379.8,33711.0,887,1200,1200,10,0,256,5056,640,0,0,443,3,0,1
2,train,"Nullable(Dictionary(RLE(BitPack)))",SUM,256,0.01562500,memory_warm,broad_fused,1412136.0,1412367.0,1413458.0,4715,5056,5056,1,0,16384,5056,640,0,0,443,3,0,1
2,train,"Nullable(Dictionary(RLE(BitPack)))",SUM,256,0.01562500,mmap_hot,selective_closure,33532.1,33602.2,33855.4,887,1200,1200,10,0,256,5056,640,0,0,443,3,0,1
2,train,"Nullable(Dictionary(RLE(BitPack)))",SUM,256,0.01562500,mmap_hot,broad_fused,1407409.0,1408791.0,1413829.0,4715,5056,5056,1,0,16384,5056,640,0,0,443,3,0,1
2,train,"Nullable(Dictionary(RLE(BitPack)))",SUM,256,0.01562500,buffered_hot,selective_closure,42329.5,42390.5,42750.2,887,1200,1200,10,0,256,5056,640,0,0,443,3,0,1
2,train,"Nullable(Dictionary(RLE(BitPack)))",SUM,256,0.01562500,buffered_hot,broad_fused,1413148.0,1415421.0,1418445.0,4715,5056,5056,1,0,16384,5056,640,0,0,443,3,0,1
2,train,"Nullable(Dictionary(RLE(BitPack)))",SUM,256,0.01562500,buffered_drop_cache,selective_closure,168952.0,170875.0,172667.0,887,1200,1200,10,0,256,5056,640,0,0,443,3,0,1
2,train,"Nullable(Dictionary(RLE(BitPack)))",SUM,256,0.01562500,buffered_drop_cache,broad_fused,1542150.0,1543202.0,1544573.0,4715,5056,5056,1,0,16384,5056,640,0,0,443,3,0,1
2,train,"Nullable(Dictionary(RLE(BitPack)))",BETWEEN,256,0.01562500,memory_warm,selective_closure,33326.1,33718.9,33834.7,887,1200,1200,10,0,256,5056,640,0,0,443,3,0,1
2,train,"Nullable(Dictionary(RLE(BitPack)))",BETWEEN,256,0.01562500,memory_warm,broad_fused,1413458.0,1419748.0,1422482.0,4715,5056,5056,1,0,16384,5056,640,0,0,443,3,0,1
2,train,"Nullable(Dictionary(RLE(BitPack)))",BETWEEN,256,0.01562500,mmap_hot,selective_closure,33434.1,33776.1,33846.9,887,1200,1200,10,0,256,5056,640,0,0,443,3,0,1
2,train,"Nullable(Dictionary(RLE(BitPack)))",BETWEEN,256,0.01562500,mmap_hot,broad_fused,1412086.0,1412557.0,1413709.0,4715,5056,5056,1,0,16384,5056,640,0,0,443,3,0,1
2,train,"Nullable(Dictionary(RLE(BitPack)))",BETWEEN,256,0.01562500,buffered_hot,selective_closure,42987.7,42998.6,43403.8,887,1200,1200,10,0,256,5056,640,0,0,443,3,0,1
2,train,"Nullable(Dictionary(RLE(BitPack)))",BETWEEN,256,0.01562500,buffered_hot,broad_fused,1417854.0,1418916.0,1424484.0,4715,5056,5056,1,0,16384,5056,640,0,0,443,3,0,1
2,train,"Nullable(Dictionary(RLE(BitPack)))",BETWEEN,256,0.01562500,buffered_drop_cache,selective_closure,170394.0,171866.0,174099.0,887,1200,1200,10,0,256,5056,640,0,0,443,3,0,1
2,train,"Nullable(Dictionary(RLE(BitPack)))",BETWEEN,256,0.01562500,buffered_drop_cache,broad_fused,1544304.0,1547588.0,1549721.0,4715,5056,5056,1,0,16384,5056,640,0,0,443,3,0,1
2,train,"Nullable(Dictionary(RLE(BitPack)))",SUM,819,0.04998779,memory_warm,selective_closure,83142.0,83384.4,84219.6,991,1264,1264,12,0,819,5056,640,0,0,443,3,0,1
2,train,"Nullable(Dictionary(RLE(BitPack)))",SUM,819,0.04998779,memory_warm,broad_fused,1410613.0,1412136.0,1415260.0,4715,5056,5056,1,0,16384,5056,640,0,0,443,3,0,1
2,train,"Nullable(Dictionary(RLE(BitPack)))",SUM,819,0.04998779,mmap_hot,selective_closure,82903.7,83063.8,83880.0,991,1264,1264,12,0,819,5056,640,0,0,443,3,0,1
2,train,"Nullable(Dictionary(RLE(BitPack)))",SUM,819,0.04998779,mmap_hot,broad_fused,1411285.0,1414219.0,1416102.0,4715,5056,5056,1,0,16384,5056,640,0,0,443,3,0,1
2,train,"Nullable(Dictionary(RLE(BitPack)))",SUM,819,0.04998779,buffered_hot,selective_closure,94461.0,95212.0,95566.4,991,1264,1264,12,0,819,5056,640,0,0,443,3,0,1
2,train,"Nullable(Dictionary(RLE(BitPack)))",SUM,819,0.04998779,buffered_hot,broad_fused,1414579.0,1414971.0,1415141.0,4715,5056,5056,1,0,16384,5056,640,0,0,443,3,0,1
2,train,"Nullable(Dictionary(RLE(BitPack)))",SUM,819,0.04998779,buffered_drop_cache,selective_closure,221110.0,221440.0,225457.0,991,1264,1264,12,0,819,5056,640,0,0,443,3,0,1
2,train,"Nullable(Dictionary(RLE(BitPack)))",SUM,819,0.04998779,buffered_drop_cache,broad_fused,1548870.0,1552827.0,1563913.0,4715,5056,5056,1,0,16384,5056,640,0,0,443,3,0,1
2,train,"Nullable(Dictionary(RLE(BitPack)))",BETWEEN,819,0.04998779,memory_warm,selective_closure,82529.2,82919.8,83997.2,991,1264,1264,12,0,819,5056,640,0,0,443,3,0,1
2,train,"Nullable(Dictionary(RLE(BitPack)))",BETWEEN,819,0.04998779,memory_warm,broad_fused,1420478.0,1420609.0,1420879.0,4715,5056,5056,1,0,16384,5056,640,0,0,443,3,0,1
2,train,"Nullable(Dictionary(RLE(BitPack)))",BETWEEN,819,0.04998779,mmap_hot,selective_closure,82693.3,82967.2,83536.2,991,1264,1264,12,0,819,5056,640,0,0,443,3,0,1
2,train,"Nullable(Dictionary(RLE(BitPack)))",BETWEEN,819,0.04998779,mmap_hot,broad_fused,1416884.0,1420638.0,1422101.0,4715,5056,5056,1,0,16384,5056,640,0,0,443,3,0,1
2,train,"Nullable(Dictionary(RLE(BitPack)))",BETWEEN,819,0.04998779,buffered_hot,selective_closure,92874.6,93020.6,94090.4,991,1264,1264,12,0,819,5056,640,0,0,443,3,0,1
2,train,"Nullable(Dictionary(RLE(BitPack)))",BETWEEN,819,0.04998779,buffered_hot,broad_fused,1427369.0,1436742.0,1439127.0,4715,5056,5056,1,0,16384,5056,640,0,0,443,3,0,1
2,train,"Nullable(Dictionary(RLE(BitPack)))",BETWEEN,819,0.04998779,buffered_drop_cache,selective_closure,220579.0,222902.0,229602.0,991,1264,1264,12,0,819,5056,640,0,0,443,3,0,1
2,train,"Nullable(Dictionary(RLE(BitPack)))",BETWEEN,819,0.04998779,buffered_drop_cache,broad_fused,1556201.0,1563031.0,1570383.0,4715,5056,5056,1,0,16384,5056,640,0,0,443,3,0,1
2,train,"Nullable(Dictionary(RLE(BitPack)))",SUM,1638,0.09997559,memory_warm,selective_closure,154948.0,154951.3,156293.0,1155,1392,1392,16,0,1638,5056,640,0,0,443,3,0,1
2,train,"Nullable(Dictionary(RLE(BitPack)))",SUM,1638,0.09997559,memory_warm,broad_fused,1412116.0,1414159.0,1414760.0,4715,5056,5056,1,0,16384,5056,640,0,0,443,3,0,1
2,train,"Nullable(Dictionary(RLE(BitPack)))",SUM,1638,0.09997559,mmap_hot,selective_closure,155685.7,155705.7,157087.7,1155,1392,1392,16,0,1638,5056,640,0,0,443,3,0,1
2,train,"Nullable(Dictionary(RLE(BitPack)))",SUM,1638,0.09997559,mmap_hot,broad_fused,1417875.0,1417955.0,1418395.0,4715,5056,5056,1,0,16384,5056,640,0,0,443,3,0,1
2,train,"Nullable(Dictionary(RLE(BitPack)))",SUM,1638,0.09997559,buffered_hot,selective_closure,169417.5,170409.0,172266.5,1155,1392,1392,16,0,1638,5056,640,0,0,443,3,0,1
2,train,"Nullable(Dictionary(RLE(BitPack)))",SUM,1638,0.09997559,buffered_hot,broad_fused,1420038.0,1421470.0,1424094.0,4715,5056,5056,1,0,16384,5056,640,0,0,443,3,0,1
2,train,"Nullable(Dictionary(RLE(BitPack)))",SUM,1638,0.09997559,buffered_drop_cache,selective_closure,297603.0,301670.0,308640.0,1155,1392,1392,16,0,1638,5056,640,0,0,443,3,0,1
2,train,"Nullable(Dictionary(RLE(BitPack)))",SUM,1638,0.09997559,buffered_drop_cache,broad_fused,1544574.0,1544994.0,1546036.0,4715,5056,5056,1,0,16384,5056,640,0,0,443,3,0,1
2,train,"Nullable(Dictionary(RLE(BitPack)))",BETWEEN,1638,0.09997559,memory_warm,selective_closure,153846.0,156647.0,157528.3,1155,1392,1392,16,0,1638,5056,640,0,0,443,3,0,1
2,train,"Nullable(Dictionary(RLE(BitPack)))",BETWEEN,1638,0.09997559,memory_warm,broad_fused,1415952.0,1416773.0,1417755.0,4715,5056,5056,1,0,16384,5056,640,0,0,443,3,0,1
2,train,"Nullable(Dictionary(RLE(BitPack)))",BETWEEN,1638,0.09997559,mmap_hot,selective_closure,154403.7,154644.0,155785.7,1155,1392,1392,16,0,1638,5056,640,0,0,443,3,0,1
2,train,"Nullable(Dictionary(RLE(BitPack)))",BETWEEN,1638,0.09997559,mmap_hot,broad_fused,1414089.0,1414299.0,1414890.0,4715,5056,5056,1,0,16384,5056,640,0,0,443,3,0,1
2,train,"Nullable(Dictionary(RLE(BitPack)))",BETWEEN,1638,0.09997559,buffered_hot,selective_closure,168201.0,168301.0,168701.5,1155,1392,1392,16,0,1638,5056,640,0,0,443,3,0,1
2,train,"Nullable(Dictionary(RLE(BitPack)))",BETWEEN,1638,0.09997559,buffered_hot,broad_fused,1417034.0,1417895.0,1418996.0,4715,5056,5056,1,0,16384,5056,640,0,0,443,3,0,1
2,train,"Nullable(Dictionary(RLE(BitPack)))",BETWEEN,1638,0.09997559,buffered_drop_cache,selective_closure,295791.0,296262.0,299747.0,1155,1392,1392,16,0,1638,5056,640,0,0,443,3,0,1
2,train,"Nullable(Dictionary(RLE(BitPack)))",BETWEEN,1638,0.09997559,buffered_drop_cache,broad_fused,1542721.0,1543412.0,1546266.0,4715,5056,5056,1,0,16384,5056,640,0,0,443,3,0,1
2,train,"Nullable(Dictionary(RLE(BitPack)))",SUM,3276,0.19995117,memory_warm,selective_closure,311104.0,311584.0,312917.0,1588,1872,1872,25,0,3276,5056,640,0,0,443,3,0,1
2,train,"Nullable(Dictionary(RLE(BitPack)))",SUM,3276,0.19995117,memory_warm,broad_fused,1416443.0,1417194.0,1421951.0,4715,5056,5056,1,0,16384,5056,640,0,0,443,3,0,1
2,train,"Nullable(Dictionary(RLE(BitPack)))",SUM,3276,0.19995117,mmap_hot,selective_closure,313588.0,313918.0,317964.0,1588,1872,1872,25,0,3276,5056,640,0,0,443,3,0,1
2,train,"Nullable(Dictionary(RLE(BitPack)))",SUM,3276,0.19995117,mmap_hot,broad_fused,1410143.0,1414590.0,1415612.0,4715,5056,5056,1,0,16384,5056,640,0,0,443,3,0,1
2,train,"Nullable(Dictionary(RLE(BitPack)))",SUM,3276,0.19995117,buffered_hot,selective_closure,337123.0,339586.0,341430.0,1588,1872,1872,25,0,3276,5056,640,0,0,443,3,0,1
2,train,"Nullable(Dictionary(RLE(BitPack)))",SUM,3276,0.19995117,buffered_hot,broad_fused,1411595.0,1412297.0,1417324.0,4715,5056,5056,1,0,16384,5056,640,0,0,443,3,0,1
2,train,"Nullable(Dictionary(RLE(BitPack)))",SUM,3276,0.19995117,buffered_drop_cache,selective_closure,463100.0,463931.0,466405.0,1588,1872,1872,25,0,3276,5056,640,0,0,443,3,0,1
2,train,"Nullable(Dictionary(RLE(BitPack)))",SUM,3276,0.19995117,buffered_drop_cache,broad_fused,1539145.0,1543272.0,1543862.0,4715,5056,5056,1,0,16384,5056,640,0,0,443,3,0,1
2,train,"Nullable(Dictionary(RLE(BitPack)))",BETWEEN,3276,0.19995117,memory_warm,selective_closure,308390.0,309722.0,313948.0,1588,1872,1872,25,0,3276,5056,640,0,0,443,3,0,1
2,train,"Nullable(Dictionary(RLE(BitPack)))",BETWEEN,3276,0.19995117,memory_warm,broad_fused,1414500.0,1415782.0,1417384.0,4715,5056,5056,1,0,16384,5056,640,0,0,443,3,0,1
2,train,"Nullable(Dictionary(RLE(BitPack)))",BETWEEN,3276,0.19995117,mmap_hot,selective_closure,309021.0,309752.0,309892.0,1588,1872,1872,25,0,3276,5056,640,0,0,443,3,0,1
2,train,"Nullable(Dictionary(RLE(BitPack)))",BETWEEN,3276,0.19995117,mmap_hot,broad_fused,1409543.0,1415050.0,1415221.0,4715,5056,5056,1,0,16384,5056,640,0,0,443,3,0,1
2,train,"Nullable(Dictionary(RLE(BitPack)))",BETWEEN,3276,0.19995117,buffered_hot,selective_closure,330653.0,331003.0,331004.0,1588,1872,1872,25,0,3276,5056,640,0,0,443,3,0,1
2,train,"Nullable(Dictionary(RLE(BitPack)))",BETWEEN,3276,0.19995117,buffered_hot,broad_fused,1410944.0,1414710.0,1418706.0,4715,5056,5056,1,0,16384,5056,640,0,0,443,3,0,1
2,train,"Nullable(Dictionary(RLE(BitPack)))",BETWEEN,3276,0.19995117,buffered_drop_cache,selective_closure,458414.0,460927.0,462450.0,1588,1872,1872,25,0,3276,5056,640,0,0,443,3,0,1
2,train,"Nullable(Dictionary(RLE(BitPack)))",BETWEEN,3276,0.19995117,buffered_drop_cache,broad_fused,1538825.0,1545976.0,1548209.0,4715,5056,5056,1,0,16384,5056,640,0,0,443,3,0,1
2,train,"Nullable(Dictionary(RLE(BitPack)))",SUM,4915,0.29998779,memory_warm,selective_closure,467277.0,467497.0,470742.0,2022,2192,2192,32,0,4915,5056,640,0,0,443,3,0,1
2,train,"Nullable(Dictionary(RLE(BitPack)))",SUM,4915,0.29998779,memory_warm,broad_fused,1412307.0,1413468.0,1415701.0,4715,5056,5056,1,0,16384,5056,640,0,0,443,3,0,1
2,train,"Nullable(Dictionary(RLE(BitPack)))",SUM,4915,0.29998779,mmap_hot,selective_closure,466556.0,467397.0,470211.0,2022,2192,2192,32,0,4915,5056,640,0,0,443,3,0,1
2,train,"Nullable(Dictionary(RLE(BitPack)))",SUM,4915,0.29998779,mmap_hot,broad_fused,1409812.0,1410714.0,1412858.0,4715,5056,5056,1,0,16384,5056,640,0,0,443,3,0,1
2,train,"Nullable(Dictionary(RLE(BitPack)))",SUM,4915,0.29998779,buffered_hot,selective_closure,498193.0,499545.0,500857.0,2022,2192,2192,32,0,4915,5056,640,0,0,443,3,0,1
2,train,"Nullable(Dictionary(RLE(BitPack)))",SUM,4915,0.29998779,buffered_hot,broad_fused,1416022.0,1416382.0,1417294.0,4715,5056,5056,1,0,16384,5056,640,0,0,443,3,0,1
2,train,"Nullable(Dictionary(RLE(BitPack)))",SUM,4915,0.29998779,buffered_drop_cache,selective_closure,623790.0,625272.0,629118.0,2022,2192,2192,32,0,4915,5056,640,0,0,443,3,0,1
2,train,"Nullable(Dictionary(RLE(BitPack)))",SUM,4915,0.29998779,buffered_drop_cache,broad_fused,1544473.0,1545045.0,1550162.0,4715,5056,5056,1,0,16384,5056,640,0,0,443,3,0,1
2,train,"Nullable(Dictionary(RLE(BitPack)))",BETWEEN,4915,0.29998779,memory_warm,selective_closure,464453.0,468869.0,468919.0,2022,2192,2192,32,0,4915,5056,640,0,0,443,3,0,1
2,train,"Nullable(Dictionary(RLE(BitPack)))",BETWEEN,4915,0.29998779,memory_warm,broad_fused,1415351.0,1419527.0,1420909.0,4715,5056,5056,1,0,16384,5056,640,0,0,443,3,0,1
2,train,"Nullable(Dictionary(RLE(BitPack)))",BETWEEN,4915,0.29998779,mmap_hot,selective_closure,463822.0,468589.0,469931.0,2022,2192,2192,32,0,4915,5056,640,0,0,443,3,0,1
2,train,"Nullable(Dictionary(RLE(BitPack)))",BETWEEN,4915,0.29998779,mmap_hot,broad_fused,1420619.0,1422862.0,1429763.0,4715,5056,5056,1,0,16384,5056,640,0,0,443,3,0,1
2,train,"Nullable(Dictionary(RLE(BitPack)))",BETWEEN,4915,0.29998779,buffered_hot,selective_closure,490081.0,492935.0,494397.0,2022,2192,2192,32,0,4915,5056,640,0,0,443,3,0,1
2,train,"Nullable(Dictionary(RLE(BitPack)))",BETWEEN,4915,0.29998779,buffered_hot,broad_fused,1413358.0,1416083.0,1420098.0,4715,5056,5056,1,0,16384,5056,640,0,0,443,3,0,1
2,train,"Nullable(Dictionary(RLE(BitPack)))",BETWEEN,4915,0.29998779,buffered_drop_cache,selective_closure,619454.0,621978.0,630821.0,2022,2192,2192,32,0,4915,5056,640,0,0,443,3,0,1
2,train,"Nullable(Dictionary(RLE(BitPack)))",BETWEEN,4915,0.29998779,buffered_drop_cache,broad_fused,1544463.0,1547308.0,1550933.0,4715,5056,5056,1,0,16384,5056,640,0,0,443,3,0,1
2,train,"Nullable(Dictionary(RLE(BitPack)))",SUM,6553,0.39996338,memory_warm,selective_closure,608898.0,613345.0,615468.0,2327,2512,2512,39,0,6553,5056,640,0,0,443,3,0,1
2,train,"Nullable(Dictionary(RLE(BitPack)))",SUM,6553,0.39996338,memory_warm,broad_fused,1410493.0,1410904.0,1412838.0,4715,5056,5056,1,0,16384,5056,640,0,0,443,3,0,1
2,train,"Nullable(Dictionary(RLE(BitPack)))",SUM,6553,0.39996338,mmap_hot,selective_closure,614126.0,614446.0,615358.0,2327,2512,2512,39,0,6553,5056,640,0,0,443,3,0,1
2,train,"Nullable(Dictionary(RLE(BitPack)))",SUM,6553,0.39996338,mmap_hot,broad_fused,1407850.0,1408390.0,1408641.0,4715,5056,5056,1,0,16384,5056,640,0,0,443,3,0,1
2,train,"Nullable(Dictionary(RLE(BitPack)))",SUM,6553,0.39996338,buffered_hot,selective_closure,641837.0,646004.0,647125.0,2327,2512,2512,39,0,6553,5056,640,0,0,443,3,0,1
2,train,"Nullable(Dictionary(RLE(BitPack)))",SUM,6553,0.39996338,buffered_hot,broad_fused,1414200.0,1417053.0,1419216.0,4715,5056,5056,1,0,16384,5056,640,0,0,443,3,0,1
2,train,"Nullable(Dictionary(RLE(BitPack)))",SUM,6553,0.39996338,buffered_drop_cache,selective_closure,780544.0,782357.0,783058.0,2327,2512,2512,39,0,6553,5056,640,0,0,443,3,0,1
2,train,"Nullable(Dictionary(RLE(BitPack)))",SUM,6553,0.39996338,buffered_drop_cache,broad_fused,1550242.0,1550622.0,1553597.0,4715,5056,5056,1,0,16384,5056,640,0,0,443,3,0,1
2,train,"Nullable(Dictionary(RLE(BitPack)))",BETWEEN,6553,0.39996338,memory_warm,selective_closure,607056.0,610030.0,610691.0,2327,2512,2512,39,0,6553,5056,640,0,0,443,3,0,1
2,train,"Nullable(Dictionary(RLE(BitPack)))",BETWEEN,6553,0.39996338,memory_warm,broad_fused,1417244.0,1417755.0,1419517.0,4715,5056,5056,1,0,16384,5056,640,0,0,443,3,0,1
2,train,"Nullable(Dictionary(RLE(BitPack)))",BETWEEN,6553,0.39996338,mmap_hot,selective_closure,607516.0,609629.0,611472.0,2327,2512,2512,39,0,6553,5056,640,0,0,443,3,0,1
2,train,"Nullable(Dictionary(RLE(BitPack)))",BETWEEN,6553,0.39996338,mmap_hot,broad_fused,1411816.0,1413588.0,1418296.0,4715,5056,5056,1,0,16384,5056,640,0,0,443,3,0,1
2,train,"Nullable(Dictionary(RLE(BitPack)))",BETWEEN,6553,0.39996338,buffered_hot,selective_closure,635688.0,639884.0,640446.0,2327,2512,2512,39,0,6553,5056,640,0,0,443,3,0,1
2,train,"Nullable(Dictionary(RLE(BitPack)))",BETWEEN,6553,0.39996338,buffered_hot,broad_fused,1421369.0,1423503.0,1425506.0,4715,5056,5056,1,0,16384,5056,640,0,0,443,3,0,1
2,train,"Nullable(Dictionary(RLE(BitPack)))",BETWEEN,6553,0.39996338,buffered_drop_cache,selective_closure,765852.0,778801.0,780434.0,2327,2512,2512,39,0,6553,5056,640,0,0,443,3,0,1
2,train,"Nullable(Dictionary(RLE(BitPack)))",BETWEEN,6553,0.39996338,buffered_drop_cache,broad_fused,1549031.0,1556652.0,1559747.0,4715,5056,5056,1,0,16384,5056,640,0,0,443,3,0,1
2,train,"Nullable(Dictionary(RLE(BitPack)))",SUM,8192,0.50000000,memory_warm,selective_closure,771581.0,771720.0,772873.0,2765,2992,2992,48,0,8192,5056,640,0,0,443,3,0,1
2,train,"Nullable(Dictionary(RLE(BitPack)))",SUM,8192,0.50000000,memory_warm,broad_fused,1413728.0,1413739.0,1414369.0,4715,5056,5056,1,0,16384,5056,640,0,0,443,3,0,1
2,train,"Nullable(Dictionary(RLE(BitPack)))",SUM,8192,0.50000000,mmap_hot,selective_closure,771881.0,772202.0,772312.0,2765,2992,2992,48,0,8192,5056,640,0,0,443,3,0,1
2,train,"Nullable(Dictionary(RLE(BitPack)))",SUM,8192,0.50000000,mmap_hot,broad_fused,1407950.0,1409272.0,1411646.0,4715,5056,5056,1,0,16384,5056,640,0,0,443,3,0,1
2,train,"Nullable(Dictionary(RLE(BitPack)))",SUM,8192,0.50000000,buffered_hot,selective_closure,813273.0,815347.0,816138.0,2765,2992,2992,48,0,8192,5056,640,0,0,443,3,0,1
2,train,"Nullable(Dictionary(RLE(BitPack)))",SUM,8192,0.50000000,buffered_hot,broad_fused,1416193.0,1435251.0,1435741.0,4715,5056,5056,1,0,16384,5056,640,0,0,443,3,0,1
2,train,"Nullable(Dictionary(RLE(BitPack)))",SUM,8192,0.50000000,buffered_drop_cache,selective_closure,940933.0,953632.0,959531.0,2765,2992,2992,48,0,8192,5056,640,0,0,443,3,0,1
2,train,"Nullable(Dictionary(RLE(BitPack)))",SUM,8192,0.50000000,buffered_drop_cache,broad_fused,1551404.0,1561419.0,1562871.0,4715,5056,5056,1,0,16384,5056,640,0,0,443,3,0,1
2,train,"Nullable(Dictionary(RLE(BitPack)))",BETWEEN,8192,0.50000000,memory_warm,selective_closure,765632.0,773905.0,777940.0,2765,2992,2992,48,0,8192,5056,640,0,0,443,3,0,1
2,train,"Nullable(Dictionary(RLE(BitPack)))",BETWEEN,8192,0.50000000,memory_warm,broad_fused,1419517.0,1434540.0,1440979.0,4715,5056,5056,1,0,16384,5056,640,0,0,443,3,0,1
2,train,"Nullable(Dictionary(RLE(BitPack)))",BETWEEN,8192,0.50000000,mmap_hot,selective_closure,767575.0,782707.0,783509.0,2765,2992,2992,48,0,8192,5056,640,0,0,443,3,0,1
2,train,"Nullable(Dictionary(RLE(BitPack)))",BETWEEN,8192,0.50000000,mmap_hot,broad_fused,1419147.0,1433538.0,1440378.0,4715,5056,5056,1,0,16384,5056,640,0,0,443,3,0,1
2,train,"Nullable(Dictionary(RLE(BitPack)))",BETWEEN,8192,0.50000000,buffered_hot,selective_closure,806853.0,812272.0,817419.0,2765,2992,2992,48,0,8192,5056,640,0,0,443,3,0,1
2,train,"Nullable(Dictionary(RLE(BitPack)))",BETWEEN,8192,0.50000000,buffered_hot,broad_fused,1418436.0,1439788.0,1440529.0,4715,5056,5056,1,0,16384,5056,640,0,0,443,3,0,1
2,train,"Nullable(Dictionary(RLE(BitPack)))",BETWEEN,8192,0.50000000,buffered_drop_cache,selective_closure,940503.0,948285.0,952530.0,2765,2992,2992,48,0,8192,5056,640,0,0,443,3,0,1
2,train,"Nullable(Dictionary(RLE(BitPack)))",BETWEEN,8192,0.50000000,buffered_drop_cache,broad_fused,1549361.0,1558945.0,1568760.0,4715,5056,5056,1,0,16384,5056,640,0,0,443,3,0,1
2,train,"Nullable(Dictionary(RLE(BitPack)))",SUM,9830,0.59997559,memory_warm,selective_closure,932861.0,952120.0,952771.0,3246,3504,3504,58,0,9830,5056,640,0,0,443,3,0,1
2,train,"Nullable(Dictionary(RLE(BitPack)))",SUM,9830,0.59997559,memory_warm,broad_fused,1427219.0,1440349.0,1444734.0,4715,5056,5056,1,0,16384,5056,640,0,0,443,3,0,1
2,train,"Nullable(Dictionary(RLE(BitPack)))",SUM,9830,0.59997559,mmap_hot,selective_closure,930348.0,955054.0,956717.0,3246,3504,3504,58,0,9830,5056,640,0,0,443,3,0,1
2,train,"Nullable(Dictionary(RLE(BitPack)))",SUM,9830,0.59997559,mmap_hot,broad_fused,1423733.0,1436492.0,1436673.0,4715,5056,5056,1,0,16384,5056,640,0,0,443,3,0,1
2,train,"Nullable(Dictionary(RLE(BitPack)))",SUM,9830,0.59997559,buffered_hot,selective_closure,981675.0,999230.0,1000833.0,3246,3504,3504,58,0,9830,5056,640,0,0,443,3,0,1
2,train,"Nullable(Dictionary(RLE(BitPack)))",SUM,9830,0.59997559,buffered_hot,broad_fused,1418415.0,1441630.0,1443924.0,4715,5056,5056,1,0,16384,5056,640,0,0,443,3,0,1
2,train,"Nullable(Dictionary(RLE(BitPack)))",SUM,9830,0.59997559,buffered_drop_cache,selective_closure,1114652.0,1128593.0,1131458.0,3246,3504,3504,58,0,9830,5056,640,0,0,443,3,0,1
2,train,"Nullable(Dictionary(RLE(BitPack)))",SUM,9830,0.59997559,buffered_drop_cache,broad_fused,1550653.0,1565705.0,1570593.0,4715,5056,5056,1,0,16384,5056,640,0,0,443,3,0,1
2,train,"Nullable(Dictionary(RLE(BitPack)))",BETWEEN,9830,0.59997559,memory_warm,selective_closure,921174.0,933271.0,935926.0,3246,3504,3504,58,0,9830,5056,640,0,0,443,3,0,1
2,train,"Nullable(Dictionary(RLE(BitPack)))",BETWEEN,9830,0.59997559,memory_warm,broad_fused,1422671.0,1434490.0,1438926.0,4715,5056,5056,1,0,16384,5056,640,0,0,443,3,0,1
2,train,"Nullable(Dictionary(RLE(BitPack)))",BETWEEN,9830,0.59997559,mmap_hot,selective_closure,927553.0,940673.0,941685.0,3246,3504,3504,58,0,9830,5056,640,0,0,443,3,0,1
2,train,"Nullable(Dictionary(RLE(BitPack)))",BETWEEN,9830,0.59997559,mmap_hot,broad_fused,1421420.0,1432036.0,1434159.0,4715,5056,5056,1,0,16384,5056,640,0,0,443,3,0,1
2,train,"Nullable(Dictionary(RLE(BitPack)))",BETWEEN,9830,0.59997559,buffered_hot,selective_closure,979150.0,989376.0,993602.0,3246,3504,3504,58,0,9830,5056,640,0,0,443,3,0,1
2,train,"Nullable(Dictionary(RLE(BitPack)))",BETWEEN,9830,0.59997559,buffered_hot,broad_fused,1413728.0,1438025.0,1444985.0,4715,5056,5056,1,0,16384,5056,640,0,0,443,3,0,1
2,train,"Nullable(Dictionary(RLE(BitPack)))",BETWEEN,9830,0.59997559,buffered_drop_cache,selective_closure,1115594.0,1126981.0,1130216.0,3246,3504,3504,58,0,9830,5056,640,0,0,443,3,0,1
2,train,"Nullable(Dictionary(RLE(BitPack)))",BETWEEN,9830,0.59997559,buffered_drop_cache,broad_fused,1554238.0,1562991.0,1571404.0,4715,5056,5056,1,0,16384,5056,640,0,0,443,3,0,1
2,train,"Nullable(Dictionary(RLE(BitPack)))",SUM,11468,0.69995117,memory_warm,selective_closure,1075834.0,1091058.0,1092479.0,3544,3696,3696,64,0,11468,5056,640,0,0,443,3,0,1
2,train,"Nullable(Dictionary(RLE(BitPack)))",SUM,11468,0.69995117,memory_warm,broad_fused,1424525.0,1434990.0,1440699.0,4715,5056,5056,1,0,16384,5056,640,0,0,443,3,0,1
2,train,"Nullable(Dictionary(RLE(BitPack)))",SUM,11468,0.69995117,mmap_hot,selective_closure,1076425.0,1089695.0,1093231.0,3544,3696,3696,64,0,11468,5056,640,0,0,443,3,0,1
2,train,"Nullable(Dictionary(RLE(BitPack)))",SUM,11468,0.69995117,mmap_hot,broad_fused,1422151.0,1441380.0,1442201.0,4715,5056,5056,1,0,16384,5056,640,0,0,443,3,0,1
2,train,"Nullable(Dictionary(RLE(BitPack)))",SUM,11468,0.69995117,buffered_hot,selective_closure,1136294.0,1150826.0,1151658.0,3544,3696,3696,64,0,11468,5056,640,0,0,443,3,0,1
2,train,"Nullable(Dictionary(RLE(BitPack)))",SUM,11468,0.69995117,buffered_hot,broad_fused,1428691.0,1437504.0,1439918.0,4715,5056,5056,1,0,16384,5056,640,0,0,443,3,0,1
2,train,"Nullable(Dictionary(RLE(BitPack)))",SUM,11468,0.69995117,buffered_drop_cache,selective_closure,1254921.0,1281682.0,1285507.0,3544,3696,3696,64,0,11468,5056,640,0,0,443,3,0,1
2,train,"Nullable(Dictionary(RLE(BitPack)))",SUM,11468,0.69995117,buffered_drop_cache,broad_fused,1559246.0,1568920.0,1578415.0,4715,5056,5056,1,0,16384,5056,640,0,0,443,3,0,1
2,train,"Nullable(Dictionary(RLE(BitPack)))",BETWEEN,11468,0.69995117,memory_warm,selective_closure,1065299.0,1084147.0,1084978.0,3544,3696,3696,64,0,11468,5056,640,0,0,443,3,0,1
2,train,"Nullable(Dictionary(RLE(BitPack)))",BETWEEN,11468,0.69995117,memory_warm,broad_fused,1428561.0,1444635.0,1447368.0,4715,5056,5056,1,0,16384,5056,640,0,0,443,3,0,1
2,train,"Nullable(Dictionary(RLE(BitPack)))",BETWEEN,11468,0.69995117,mmap_hot,selective_closure,1065599.0,1081453.0,1084177.0,3544,3696,3696,64,0,11468,5056,640,0,0,443,3,0,1
2,train,"Nullable(Dictionary(RLE(BitPack)))",BETWEEN,11468,0.69995117,mmap_hot,broad_fused,1418175.0,1435592.0,1436353.0,4715,5056,5056,1,0,16384,5056,640,0,0,443,3,0,1
2,train,"Nullable(Dictionary(RLE(BitPack)))",BETWEEN,11468,0.69995117,buffered_hot,selective_closure,1115895.0,1134001.0,1138067.0,3544,3696,3696,64,0,11468,5056,640,0,0,443,3,0,1
2,train,"Nullable(Dictionary(RLE(BitPack)))",BETWEEN,11468,0.69995117,buffered_hot,broad_fused,1419538.0,1444074.0,1444524.0,4715,5056,5056,1,0,16384,5056,640,0,0,443,3,0,1
2,train,"Nullable(Dictionary(RLE(BitPack)))",BETWEEN,11468,0.69995117,buffered_drop_cache,selective_closure,1250084.0,1265037.0,1284666.0,3544,3696,3696,64,0,11468,5056,640,0,0,443,3,0,1
2,train,"Nullable(Dictionary(RLE(BitPack)))",BETWEEN,11468,0.69995117,buffered_drop_cache,broad_fused,1557703.0,1563562.0,1566036.0,4715,5056,5056,1,0,16384,5056,640,0,0,443,3,0,1
2,train,"Nullable(Dictionary(RLE(BitPack)))",SUM,13107,0.79998779,memory_warm,selective_closure,1231416.0,1250355.0,1250876.0,3977,4176,4176,73,0,13107,5056,640,0,0,443,3,0,1
2,train,"Nullable(Dictionary(RLE(BitPack)))",SUM,13107,0.79998779,memory_warm,broad_fused,1418676.0,1435050.0,1440639.0,4715,5056,5056,1,0,16384,5056,640,0,0,443,3,0,1
2,train,"Nullable(Dictionary(RLE(BitPack)))",SUM,13107,0.79998779,mmap_hot,selective_closure,1227180.0,1248703.0,1250345.0,3977,4176,4176,73,0,13107,5056,640,0,0,443,3,0,1
2,train,"Nullable(Dictionary(RLE(BitPack)))",SUM,13107,0.79998779,mmap_hot,broad_fused,1426467.0,1434500.0,1437454.0,4715,5056,5056,1,0,16384,5056,640,0,0,443,3,0,1
2,train,"Nullable(Dictionary(RLE(BitPack)))",SUM,13107,0.79998779,buffered_hot,selective_closure,1300560.0,1308421.0,1317616.0,3977,4176,4176,73,0,13107,5056,640,0,0,443,3,0,1
2,train,"Nullable(Dictionary(RLE(BitPack)))",SUM,13107,0.79998779,buffered_hot,broad_fused,1429752.0,1438165.0,1441020.0,4715,5056,5056,1,0,16384,5056,640,0,0,443,3,0,1
2,train,"Nullable(Dictionary(RLE(BitPack)))",SUM,13107,0.79998779,buffered_drop_cache,selective_closure,1420359.0,1439457.0,1449081.0,3977,4176,4176,73,0,13107,5056,640,0,0,443,3,0,1
2,train,"Nullable(Dictionary(RLE(BitPack)))",SUM,13107,0.79998779,buffered_drop_cache,broad_fused,1557233.0,1572645.0,1577653.0,4715,5056,5056,1,0,16384,5056,640,0,0,443,3,0,1
2,train,"Nullable(Dictionary(RLE(BitPack)))",BETWEEN,13107,0.79998779,memory_warm,selective_closure,1220631.0,1243635.0,1247361.0,3977,4176,4176,73,0,13107,5056,640,0,0,443,3,0,1
2,train,"Nullable(Dictionary(RLE(BitPack)))",BETWEEN,13107,0.79998779,memory_warm,broad_fused,1424765.0,1438456.0,1441390.0,4715,5056,5056,1,0,16384,5056,640,0,0,443,3,0,1
2,train,"Nullable(Dictionary(RLE(BitPack)))",BETWEEN,13107,0.79998779,mmap_hot,selective_closure,1222844.0,1231828.0,1232108.0,3977,4176,4176,73,0,13107,5056,640,0,0,443,3,0,1
2,train,"Nullable(Dictionary(RLE(BitPack)))",BETWEEN,13107,0.79998779,mmap_hot,broad_fused,1413608.0,1436933.0,1440568.0,4715,5056,5056,1,0,16384,5056,640,0,0,443,3,0,1
2,train,"Nullable(Dictionary(RLE(BitPack)))",BETWEEN,13107,0.79998779,buffered_hot,selective_closure,1282533.0,1302082.0,1305237.0,3977,4176,4176,73,0,13107,5056,640,0,0,443,3,0,1
2,train,"Nullable(Dictionary(RLE(BitPack)))",BETWEEN,13107,0.79998779,buffered_hot,broad_fused,1420569.0,1434119.0,1437754.0,4715,5056,5056,1,0,16384,5056,640,0,0,443,3,0,1
2,train,"Nullable(Dictionary(RLE(BitPack)))",BETWEEN,13107,0.79998779,buffered_drop_cache,selective_closure,1418115.0,1437925.0,1438275.0,3977,4176,4176,73,0,13107,5056,640,0,0,443,3,0,1
2,train,"Nullable(Dictionary(RLE(BitPack)))",BETWEEN,13107,0.79998779,buffered_drop_cache,broad_fused,1562300.0,1576892.0,1582370.0,4715,5056,5056,1,0,16384,5056,640,0,0,443,3,0,1
2,train,"Nullable(Dictionary(RLE(BitPack)))",SUM,14745,0.89996338,memory_warm,selective_closure,1383294.0,1392767.0,1395000.0,4419,4604,4604,81,0,14745,5056,640,0,0,443,3,0,1
2,train,"Nullable(Dictionary(RLE(BitPack)))",SUM,14745,0.89996338,memory_warm,broad_fused,1419908.0,1436763.0,1444094.0,4715,5056,5056,1,0,16384,5056,640,0,0,443,3,0,1
2,train,"Nullable(Dictionary(RLE(BitPack)))",SUM,14745,0.89996338,mmap_hot,selective_closure,1374220.0,1388551.0,1397965.0,4419,4604,4604,81,0,14745,5056,640,0,0,443,3,0,1
2,train,"Nullable(Dictionary(RLE(BitPack)))",SUM,14745,0.89996338,mmap_hot,broad_fused,1419798.0,1432126.0,1435260.0,4715,5056,5056,1,0,16384,5056,640,0,0,443,3,0,1
2,train,"Nullable(Dictionary(RLE(BitPack)))",SUM,14745,0.89996338,buffered_hot,selective_closure,1444104.0,1464254.0,1470433.0,4419,4604,4604,81,0,14745,5056,640,0,0,443,3,0,1
2,train,"Nullable(Dictionary(RLE(BitPack)))",SUM,14745,0.89996338,buffered_hot,broad_fused,1429492.0,1434930.0,1439938.0,4715,5056,5056,1,0,16384,5056,640,0,0,443,3,0,1
2,train,"Nullable(Dictionary(RLE(BitPack)))",SUM,14745,0.89996338,buffered_drop_cache,selective_closure,1580116.0,1586566.0,1602170.0,4419,4604,4604,81,0,14745,5056,640,0,0,443,3,0,1
2,train,"Nullable(Dictionary(RLE(BitPack)))",SUM,14745,0.89996338,buffered_drop_cache,broad_fused,1561629.0,1574288.0,1580257.0,4715,5056,5056,1,0,16384,5056,640,0,0,443,3,0,1
2,train,"Nullable(Dictionary(RLE(BitPack)))",BETWEEN,14745,0.89996338,memory_warm,selective_closure,1365286.0,1378847.0,1379718.0,4419,4604,4604,81,0,14745,5056,640,0,0,443,3,0,1
2,train,"Nullable(Dictionary(RLE(BitPack)))",BETWEEN,14745,0.89996338,memory_warm,broad_fused,1418425.0,1434029.0,1434530.0,4715,5056,5056,1,0,16384,5056,640,0,0,443,3,0,1
2,train,"Nullable(Dictionary(RLE(BitPack)))",BETWEEN,14745,0.89996338,mmap_hot,selective_closure,1358977.0,1380769.0,1387669.0,4419,4604,4604,81,0,14745,5056,640,0,0,443,3,0,1
2,train,"Nullable(Dictionary(RLE(BitPack)))",BETWEEN,14745,0.89996338,mmap_hot,broad_fused,1419777.0,1441330.0,1442261.0,4715,5056,5056,1,0,16384,5056,640,0,0,443,3,0,1
2,train,"Nullable(Dictionary(RLE(BitPack)))",BETWEEN,14745,0.89996338,buffered_hot,selective_closure,1431155.0,1447609.0,1448571.0,4419,4604,4604,81,0,14745,5056,640,0,0,443,3,0,1
2,train,"Nullable(Dictionary(RLE(BitPack)))",BETWEEN,14745,0.89996338,buffered_hot,broad_fused,1425105.0,1447109.0,1447449.0,4715,5056,5056,1,0,16384,5056,640,0,0,443,3,0,1
2,train,"Nullable(Dictionary(RLE(BitPack)))",BETWEEN,14745,0.89996338,buffered_drop_cache,selective_closure,1555610.0,1578875.0,1599085.0,4419,4604,4604,81,0,14745,5056,640,0,0,443,3,0,1
2,train,"Nullable(Dictionary(RLE(BitPack)))",BETWEEN,14745,0.89996338,buffered_drop_cache,broad_fused,1556361.0,1575190.0,1576411.0,4715,5056,5056,1,0,16384,5056,640,0,0,443,3,0,1
2,train,"Nullable(Dictionary(RLE(BitPack)))",SUM,16384,1.00000000,memory_warm,selective_closure,1503613.0,1524033.0,1525846.0,4715,4796,4796,87,0,16384,5056,640,0,0,443,3,0,1
2,train,"Nullable(Dictionary(RLE(BitPack)))",SUM,16384,1.00000000,memory_warm,broad_fused,1426168.0,1441359.0,1444965.0,4715,5056,5056,1,0,16384,5056,640,0,0,443,3,0,1
2,train,"Nullable(Dictionary(RLE(BitPack)))",SUM,16384,1.00000000,mmap_hot,selective_closure,1506687.0,1520217.0,1521509.0,4715,4796,4796,87,0,16384,5056,640,0,0,443,3,0,1
2,train,"Nullable(Dictionary(RLE(BitPack)))",SUM,16384,1.00000000,mmap_hot,broad_fused,1424264.0,1447959.0,1450503.0,4715,5056,5056,1,0,16384,5056,640,0,0,443,3,0,1
2,train,"Nullable(Dictionary(RLE(BitPack)))",SUM,16384,1.00000000,buffered_hot,selective_closure,1593957.0,1603762.0,1608920.0,4715,4796,4796,87,0,16384,5056,640,0,0,443,3,0,1
2,train,"Nullable(Dictionary(RLE(BitPack)))",SUM,16384,1.00000000,buffered_hot,broad_fused,1431304.0,1443052.0,1448300.0,4715,5056,5056,1,0,16384,5056,640,0,0,443,3,0,1
2,train,"Nullable(Dictionary(RLE(BitPack)))",SUM,16384,1.00000000,buffered_drop_cache,selective_closure,1694047.0,1725133.0,1742509.0,4715,4796,4796,87,0,16384,5056,640,0,0,443,3,0,1
2,train,"Nullable(Dictionary(RLE(BitPack)))",SUM,16384,1.00000000,buffered_drop_cache,broad_fused,1559636.0,1571173.0,1581559.0,4715,5056,5056,1,0,16384,5056,640,0,0,443,3,0,1
2,train,"Nullable(Dictionary(RLE(BitPack)))",BETWEEN,16384,1.00000000,memory_warm,selective_closure,1483263.0,1498015.0,1503172.0,4715,4796,4796,87,0,16384,5056,640,0,0,443,3,0,1
2,train,"Nullable(Dictionary(RLE(BitPack)))",BETWEEN,16384,1.00000000,memory_warm,broad_fused,1420288.0,1435100.0,1439938.0,4715,5056,5056,1,0,16384,5056,640,0,0,443,3,0,1
2,train,"Nullable(Dictionary(RLE(BitPack)))",BETWEEN,16384,1.00000000,mmap_hot,selective_closure,1480228.0,1511334.0,1512576.0,4715,4796,4796,87,0,16384,5056,640,0,0,443,3,0,1
2,train,"Nullable(Dictionary(RLE(BitPack)))",BETWEEN,16384,1.00000000,mmap_hot,broad_fused,1422632.0,1438376.0,1442681.0,4715,5056,5056,1,0,16384,5056,640,0,0,443,3,0,1
2,train,"Nullable(Dictionary(RLE(BitPack)))",BETWEEN,16384,1.00000000,buffered_hot,selective_closure,1560137.0,1580777.0,1584072.0,4715,4796,4796,87,0,16384,5056,640,0,0,443,3,0,1
2,train,"Nullable(Dictionary(RLE(BitPack)))",BETWEEN,16384,1.00000000,buffered_hot,broad_fused,1422582.0,1423884.0,1424294.0,4715,5056,5056,1,0,16384,5056,640,0,0,443,3,0,1
2,train,"Nullable(Dictionary(RLE(BitPack)))",BETWEEN,16384,1.00000000,buffered_drop_cache,selective_closure,1683091.0,1692414.0,1697101.0,4715,4796,4796,87,0,16384,5056,640,0,0,443,3,0,1
2,train,"Nullable(Dictionary(RLE(BitPack)))",BETWEEN,16384,1.00000000,buffered_drop_cache,broad_fused,1549882.0,1551043.0,1552205.0,4715,5056,5056,1,0,16384,5056,640,0,0,443,3,0,1
3,train,"Frame(FOR(Delta(BitPack)))",SUM,1,0.00006104,memory_warm,selective_closure,9355.6,9443.3,9451.7,624,866,866,2,1,1,866,448,1,64,0,0,0,0
3,train,"Frame(FOR(Delta(BitPack)))",SUM,1,0.00006104,memory_warm,broad_fused,139511.3,139628.0,141494.3,11208,866,866,1,1,16384,866,448,1,64,0,0,0,0
3,train,"Frame(FOR(Delta(BitPack)))",SUM,1,0.00006104,mmap_hot,selective_closure,9412.3,9488.5,9526.4,624,866,866,2,1,1,866,448,1,64,0,0,0,0
3,train,"Frame(FOR(Delta(BitPack)))",SUM,1,0.00006104,mmap_hot,broad_fused,140019.0,140389.3,141284.0,11208,866,866,1,1,16384,866,448,1,64,0,0,0,0
3,train,"Frame(FOR(Delta(BitPack)))",SUM,1,0.00006104,buffered_hot,selective_closure,11413.3,11498.5,11518.1,624,866,866,2,1,1,866,448,1,64,0,0,0,0
3,train,"Frame(FOR(Delta(BitPack)))",SUM,1,0.00006104,buffered_hot,broad_fused,141240.7,141424.3,142739.3,11208,866,866,1,1,16384,866,448,1,64,0,0,0,0
3,train,"Frame(FOR(Delta(BitPack)))",SUM,1,0.00006104,buffered_drop_cache,selective_closure,11447.0,11457.0,11467.0,624,866,866,2,1,1,866,448,1,64,0,0,0,0
3,train,"Frame(FOR(Delta(BitPack)))",SUM,1,0.00006104,buffered_drop_cache,broad_fused,141041.0,141120.0,141120.0,11208,866,866,1,1,16384,866,448,1,64,0,0,0,0
3,train,"Frame(FOR(Delta(BitPack)))",BETWEEN,1,0.00006104,memory_warm,selective_closure,9378.3,9464.3,9465.2,624,866,866,2,1,1,866,448,1,64,0,0,0,0
3,train,"Frame(FOR(Delta(BitPack)))",BETWEEN,1,0.00006104,memory_warm,broad_fused,119238.0,120329.5,120539.8,11208,866,866,1,1,16384,866,448,1,64,0,0,0,0
3,train,"Frame(FOR(Delta(BitPack)))",BETWEEN,1,0.00006104,mmap_hot,selective_closure,9431.9,9442.3,9502.1,624,866,866,2,1,1,866,448,1,64,0,0,0,0
3,train,"Frame(FOR(Delta(BitPack)))",BETWEEN,1,0.00006104,mmap_hot,broad_fused,119723.5,120417.0,120484.5,11208,866,866,1,1,16384,866,448,1,64,0,0,0,0
3,train,"Frame(FOR(Delta(BitPack)))",BETWEEN,1,0.00006104,buffered_hot,selective_closure,11418.4,11418.7,11530.4,624,866,866,2,1,1,866,448,1,64,0,0,0,0
3,train,"Frame(FOR(Delta(BitPack)))",BETWEEN,1,0.00006104,buffered_hot,broad_fused,121065.5,121353.5,121641.2,11208,866,866,1,1,16384,866,448,1,64,0,0,0,0
3,train,"Frame(FOR(Delta(BitPack)))",BETWEEN,1,0.00006104,buffered_drop_cache,selective_closure,11387.0,11457.0,11497.0,624,866,866,2,1,1,866,448,1,64,0,0,0,0
3,train,"Frame(FOR(Delta(BitPack)))",BETWEEN,1,0.00006104,buffered_drop_cache,broad_fused,120460.0,120580.0,121091.0,11208,866,866,1,1,16384,866,448,1,64,0,0,0,0
3,train,"Frame(FOR(Delta(BitPack)))",SUM,4,0.00024414,memory_warm,selective_closure,9672.7,9738.6,9747.3,634,866,866,2,1,4,866,448,1,64,0,0,0,0
3,train,"Frame(FOR(Delta(BitPack)))",SUM,4,0.00024414,memory_warm,broad_fused,139735.0,139892.0,141280.7,11208,866,866,1,1,16384,866,448,1,64,0,0,0,0
3,train,"Frame(FOR(Delta(BitPack)))",SUM,4,0.00024414,mmap_hot,selective_closure,9713.1,9775.2,9793.0,634,866,866,2,1,4,866,448,1,64,0,0,0,0
3,train,"Frame(FOR(Delta(BitPack)))",SUM,4,0.00024414,mmap_hot,broad_fused,140299.3,140833.3,141745.0,11208,866,866,1,1,16384,866,448,1,64,0,0,0,0
3,train,"Frame(FOR(Delta(BitPack)))",SUM,4,0.00024414,buffered_hot,selective_closure,11819.3,11836.5,11842.7,634,866,866,2,1,4,866,448,1,64,0,0,0,0
3,train,"Frame(FOR(Delta(BitPack)))",SUM,4,0.00024414,buffered_hot,broad_fused,141290.7,142032.0,142602.7,11208,866,866,1,1,16384,866,448,1,64,0,0,0,0
3,train,"Frame(FOR(Delta(BitPack)))",SUM,4,0.00024414,buffered_drop_cache,selective_closure,11787.0,11817.0,11818.0,634,866,866,2,1,4,866,448,1,64,0,0,0,0
3,train,"Frame(FOR(Delta(BitPack)))",SUM,4,0.00024414,buffered_drop_cache,broad_fused,141231.0,141862.0,142803.0,11208,866,866,1,1,16384,866,448,1,64,0,0,0,0
3,train,"Frame(FOR(Delta(BitPack)))",BETWEEN,4,0.00024414,memory_warm,selective_closure,9741.5,9815.8,9819.0,634,866,866,2,1,4,866,448,1,64,0,0,0,0
3,train,"Frame(FOR(Delta(BitPack)))",BETWEEN,4,0.00024414,memory_warm,broad_fused,119310.5,119395.5,120447.2,11208,866,866,1,1,16384,866,448,1,64,0,0,0,0
3,train,"Frame(FOR(Delta(BitPack)))",BETWEEN,4,0.00024414,mmap_hot,selective_closure,9747.1,9839.9,9861.3,634,866,866,2,1,4,866,448,1,64,0,0,0,0
3,train,"Frame(FOR(Delta(BitPack)))",BETWEEN,4,0.00024414,mmap_hot,broad_fused,119548.2,120487.2,120514.8,11208,866,866,1,1,16384,866,448,1,64,0,0,0,0
3,train,"Frame(FOR(Delta(BitPack)))",BETWEEN,4,0.00024414,buffered_hot,selective_closure,11818.8,11906.3,11936.8,634,866,866,2,1,4,866,448,1,64,0,0,0,0
3,train,"Frame(FOR(Delta(BitPack)))",BETWEEN,4,0.00024414,buffered_hot,broad_fused,120667.5,121967.0,122062.0,11208,866,866,1,1,16384,866,448,1,64,0,0,0,0
3,train,"Frame(FOR(Delta(BitPack)))",BETWEEN,4,0.00024414,buffered_drop_cache,selective_closure,11867.0,11868.0,11918.0,634,866,866,2,1,4,866,448,1,64,0,0,0,0
3,train,"Frame(FOR(Delta(BitPack)))",BETWEEN,4,0.00024414,buffered_drop_cache,broad_fused,120610.0,120700.0,121522.0,11208,866,866,1,1,16384,866,448,1,64,0,0,0,0
3,train,"Frame(FOR(Delta(BitPack)))",SUM,16,0.00097656,memory_warm,selective_closure,9731.5,9738.3,9826.5,637,866,866,2,1,16,866,448,1,64,0,0,0,0
3,train,"Frame(FOR(Delta(BitPack)))",SUM,16,0.00097656,memory_warm,broad_fused,139882.0,140366.0,141601.3,11208,866,866,1,1,16384,866,448,1,64,0,0,0,0
3,train,"Frame(FOR(Delta(BitPack)))",SUM,16,0.00097656,mmap_hot,selective_closure,9776.8,9785.2,9886.9,637,866,866,2,1,16,866,448,1,64,0,0,0,0
3,train,"Frame(FOR(Delta(BitPack)))",SUM,16,0.00097656,mmap_hot,broad_fused,140025.3,140059.0,141467.7,11208,866,866,1,1,16384,866,448,1,64,0,0,0,0
3,train,"Frame(FOR(Delta(BitPack)))",SUM,16,0.00097656,buffered_hot,selective_closure,11757.8,11794.5,11872.0,637,866,866,2,1,16,866,448,1,64,0,0,0,0
3,train,"Frame(FOR(Delta(BitPack)))",SUM,16,0.00097656,buffered_hot,broad_fused,141941.7,142299.0,143477.3,11208,866,866,1,1,16384,866,448,1,64,0,0,0,0
3,train,"Frame(FOR(Delta(BitPack)))",SUM,16,0.00097656,buffered_drop_cache,selective_closure,11818.0,11847.0,11928.0,637,866,866,2,1,16,866,448,1,64,0,0,0,0
3,train,"Frame(FOR(Delta(BitPack)))",SUM,16,0.00097656,buffered_drop_cache,broad_fused,141041.0,141361.0,141471.0,11208,866,866,1,1,16384,866,448,1,64,0,0,0,0
3,train,"Frame(FOR(Delta(BitPack)))",BETWEEN,16,0.00097656,memory_warm,selective_closure,9751.7,9789.9,9853.7,637,866,866,2,1,16,866,448,1,64,0,0,0,0
3,train,"Frame(FOR(Delta(BitPack)))",BETWEEN,16,0.00097656,memory_warm,broad_fused,119418.2,119613.2,120309.5,11208,866,866,1,1,16384,866,448,1,64,0,0,0,0
3,train,"Frame(FOR(Delta(BitPack)))",BETWEEN,16,0.00097656,mmap_hot,selective_closure,9847.3,9917.7,9923.4,637,866,866,2,1,16,866,448,1,64,0,0,0,0
3,train,"Frame(FOR(Delta(BitPack)))",BETWEEN,16,0.00097656,mmap_hot,broad_fused,119320.5,119335.5,120562.2,11208,866,866,1,1,16384,866,448,1,64,0,0,0,0
3,train,"Frame(FOR(Delta(BitPack)))",BETWEEN,16,0.00097656,buffered_hot,selective_closure,11850.0,11891.1,11917.0,637,866,866,2,1,16,866,448,1,64,0,0,0,0
3,train,"Frame(FOR(Delta(BitPack)))",BETWEEN,16,0.00097656,buffered_hot,broad_fused,120575.0,121886.8,121996.8,11208,866,866,1,1,16384,866,448,1,64,0,0,0,0
3,train,"Frame(FOR(Delta(BitPack)))",BETWEEN,16,0.00097656,buffered_drop_cache,selective_closure,11967.0,12008.0,12028.0,637,866,866,2,1,16,866,448,1,64,0,0,0,0
3,train,"Frame(FOR(Delta(BitPack)))",BETWEEN,16,0.00097656,buffered_drop_cache,broad_fused,120540.0,120570.0,120570.0,11208,866,866,1,1,16384,866,448,1,64,0,0,0,0
3,train,"Frame(FOR(Delta(BitPack)))",SUM,64,0.00390625,memory_warm,selective_closure,10063.8,10105.1,10105.7,652,866,866,2,1,64,866,448,1,64,0,0,0,0
3,train,"Frame(FOR(Delta(BitPack)))",SUM,64,0.00390625,memory_warm,broad_fused,140002.3,140142.3,141521.0,11208,866,866,1,1,16384,866,448,1,64,0,0,0,0
3,train,"Frame(FOR(Delta(BitPack)))",SUM,64,0.00390625,mmap_hot,selective_closure,10075.9,10081.7,10155.6,652,866,866,2,1,64,866,448,1,64,0,0,0,0
3,train,"Frame(FOR(Delta(BitPack)))",SUM,64,0.00390625,mmap_hot,broad_fused,140109.0,141598.0,141881.7,11208,866,866,1,1,16384,866,448,1,64,0,0,0,0
3,train,"Frame(FOR(Delta(BitPack)))",SUM,64,0.00390625,buffered_hot,selective_closure,12088.8,12128.1,12204.6,652,866,866,2,1,64,866,448,1,64,0,0,0,0
3,train,"Frame(FOR(Delta(BitPack)))",SUM,64,0.00390625,buffered_hot,broad_fused,141097.0,142652.7,142803.0,11208,866,866,1,1,16384,866,448,1,64,0,0,0,0
3,train,"Frame(FOR(Delta(BitPack)))",SUM,64,0.00390625,buffered_drop_cache,selective_closure,12238.0,12239.0,12439.0,652,866,866,2,1,64,866,448,1,64,0,0,0,0
3,train,"Frame(FOR(Delta(BitPack)))",SUM,64,0.00390625,buffered_drop_cache,broad_fused,141190.0,141501.0,141601.0,11208,866,866,1,1,16384,866,448,1,64,0,0,0,0
3,train,"Frame(FOR(Delta(BitPack)))",BETWEEN,64,0.00390625,memory_warm,selective_closure,10028.8,10054.8,10182.8,652,866,866,2,1,64,866,448,1,64,0,0,0,0
3,train,"Frame(FOR(Delta(BitPack)))",BETWEEN,64,0.00390625,memory_warm,broad_fused,119440.5,120600.0,120637.5,11208,866,866,1,1,16384,866,448,1,64,0,0,0,0
3,train,"Frame(FOR(Delta(BitPack)))",BETWEEN,64,0.00390625,mmap_hot,selective_closure,10103.8,10110.0,10190.7,652,866,866,2,1,64,866,448,1,64,0,0,0,0
3,train,"Frame(FOR(Delta(BitPack)))",BETWEEN,64,0.00390625,mmap_hot,broad_fused,119455.8,119540.8,120492.2,11208,866,866,1,1,16384,866,448,1,64,0,0,0,0
3,train,"Frame(FOR(Delta(BitPack)))",BETWEEN,64,0.00390625,buffered_hot,selective_closure,12128.9,12190.2,12228.0,652,866,866,2,1,64,866,448,1,64,0,0,0,0
3,train,"Frame(FOR(Delta(BitPack)))",BETWEEN,64,0.00390625,buffered_hot,broad_fused,121130.8,121946.8,123369.0,11208,866,866,1,1,16384,866,448,1,64,0,0,0,0
3,train,"Frame(FOR(Delta(BitPack)))",BETWEEN,64,0.00390625,buffered_drop_cache,selective_closure,12078.0,12158.0,12188.0,652,866,866,2,1,64,866,448,1,64,0,0,0,0
3,train,"Frame(FOR(Delta(BitPack)))",BETWEEN,64,0.00390625,buffered_drop_cache,broad_fused,120630.0,120670.0,120770.0,11208,866,866,1,1,16384,866,448,1,64,0,0,0,0
3,train,"Frame(FOR(Delta(BitPack)))",SUM,163,0.00994873,memory_warm,selective_closure,10645.7,10703.6,10717.9,683,866,866,2,1,163,866,448,1,64,0,0,0,0
3,train,"Frame(FOR(Delta(BitPack)))",SUM,163,0.00994873,memory_warm,broad_fused,140078.7,140573.0,142429.3,11208,866,866,1,1,16384,866,448,1,64,0,0,0,0
3,train,"Frame(FOR(Delta(BitPack)))",SUM,163,0.00994873,mmap_hot,selective_closure,10713.6,10785.9,10801.6,683,866,866,2,1,163,866,448,1,64,0,0,0,0
3,train,"Frame(FOR(Delta(BitPack)))",SUM,163,0.00994873,mmap_hot,broad_fused,140249.3,140259.0,141691.3,11208,866,866,1,1,16384,866,448,1,64,0,0,0,0
3,train,"Frame(FOR(Delta(BitPack)))",SUM,163,0.00994873,buffered_hot,selective_closure,12685.6,12777.8,12783.7,683,866,866,2,1,163,866,448,1,64,0,0,0,0
3,train,"Frame(FOR(Delta(BitPack)))",SUM,163,0.00994873,buffered_hot,broad_fused,141714.7,141774.7,144802.7,11208,866,866,1,1,16384,866,448,1,64,0,0,0,0
3,train,"Frame(FOR(Delta(BitPack)))",SUM,163,0.00994873,buffered_drop_cache,selective_closure,12679.0,12729.0,12809.0,683,866,866,2,1,163,866,448,1,64,0,0,0,0
3,train,"Frame(FOR(Delta(BitPack)))",SUM,163,0.00994873,buffered_drop_cache,broad_fused,141291.0,141291.0,141311.0,11208,866,866,1,1,16384,866,448,1,64,0,0,0,0
3,train,"Frame(FOR(Delta(BitPack)))",BETWEEN,163,0.00994873,memory_warm,selective_closure,10588.0,10669.8,10679.2,683,866,866,2,1,163,866,448,1,64,0,0,0,0
3,train,"Frame(FOR(Delta(BitPack)))",BETWEEN,163,0.00994873,memory_warm,broad_fused,119663.5,120384.8,120544.8,11208,866,866,1,1,16384,866,448,1,64,0,0,0,0
3,train,"Frame(FOR(Delta(BitPack)))",BETWEEN,163,0.00994873,mmap_hot,selective_closure,10655.2,10678.8,10767.2,683,866,866,2,1,163,866,448,1,64,0,0,0,0
3,train,"Frame(FOR(Delta(BitPack)))",BETWEEN,163,0.00994873,mmap_hot,broad_fused,119773.8,120537.2,120795.2,11208,866,866,1,1,16384,866,448,1,64,0,0,0,0
3,train,"Frame(FOR(Delta(BitPack)))",BETWEEN,163,0.00994873,buffered_hot,selective_closure,12656.8,12664.4,12721.6,683,866,866,2,1,163,866,448,1,64,0,0,0,0
3,train,"Frame(FOR(Delta(BitPack)))",BETWEEN,163,0.00994873,buffered_hot,broad_fused,120767.5,120810.0,121932.0,11208,866,866,1,1,16384,866,448,1,64,0,0,0,0
3,train,"Frame(FOR(Delta(BitPack)))",BETWEEN,163,0.00994873,buffered_drop_cache,selective_closure,12859.0,12909.0,13199.0,683,866,866,2,1,163,866,448,1,64,0,0,0,0
3,train,"Frame(FOR(Delta(BitPack)))",BETWEEN,163,0.00994873,buffered_drop_cache,broad_fused,120570.0,120820.0,120931.0,11208,866,866,1,1,16384,866,448,1,64,0,0,0,0
3,train,"Frame(FOR(Delta(BitPack)))",SUM,256,0.01562500,memory_warm,selective_closure,11205.6,11239.6,11313.9,712,866,866,2,1,256,866,448,1,64,0,0,0,0
3,train,"Frame(FOR(Delta(BitPack)))",SUM,256,0.01562500,memory_warm,broad_fused,140282.7,140349.3,141651.3,11208,866,866,1,1,16384,866,448,1,64,0,0,0,0
3,train,"Frame(FOR(Delta(BitPack)))",SUM,256,0.01562500,mmap_hot,selective_closure,11236.8,11261.1,11348.0,712,866,866,2,1,256,866,448,1,64,0,0,0,0
3,train,"Frame(FOR(Delta(BitPack)))",SUM,256,0.01562500,mmap_hot,broad_fused,140216.0,140459.7,142035.0,11208,866,866,1,1,16384,866,448,1,64,0,0,0,0
3,train,"Frame(FOR(Delta(BitPack)))",SUM,256,0.01562500,buffered_hot,selective_closure,13254.6,13257.4,13397.5,712,866,866,2,1,256,866,448,1,64,0,0,0,0
3,train,"Frame(FOR(Delta(BitPack)))",SUM,256,0.01562500,buffered_hot,broad_fused,141851.3,141891.7,143093.7,11208,866,866,1,1,16384,866,448,1,64,0,0,0,0
3,train,"Frame(FOR(Delta(BitPack)))",SUM,256,0.01562500,buffered_drop_cache,selective_closure,13370.0,13370.0,13670.0,712,866,866,2,1,256,866,448,1,64,0,0,0,0
3,train,"Frame(FOR(Delta(BitPack)))",SUM,256,0.01562500,buffered_drop_cache,broad_fused,141271.0,141320.0,141481.0,11208,866,866,1,1,16384,866,448,1,64,0,0,0,0
3,train,"Frame(FOR(Delta(BitPack)))",BETWEEN,256,0.01562500,memory_warm,selective_closure,11064.7,11160.5,11206.3,712,866,866,2,1,256,866,448,1,64,0,0,0,0
3,train,"Frame(FOR(Delta(BitPack)))",BETWEEN,256,0.01562500,memory_warm,broad_fused,119686.0,119733.5,120707.5,11208,866,866,1,1,16384,866,448,1,64,0,0,0,0
3,train,"Frame(FOR(Delta(BitPack)))",BETWEEN,256,0.01562500,mmap_hot,selective_closure,11183.9,11260.7,11282.7,712,866,866,2,1,256,866,448,1,64,0,0,0,0
3,train,"Frame(FOR(Delta(BitPack)))",BETWEEN,256,0.01562500,mmap_hot,broad_fused,119758.8,120735.0,120795.0,11208,866,866,1,1,16384,866,448,1,64,0,0,0,0
3,train,"Frame(FOR(Delta(BitPack)))",BETWEEN,256,0.01562500,buffered_hot,selective_closure,13199.7,13277.9,13297.9,712,866,866,2,1,256,866,448,1,64,0,0,0,0
3,train,"Frame(FOR(Delta(BitPack)))",BETWEEN,256,0.01562500,buffered_hot,broad_fused,120930.2,121849.2,122074.8,11208,866,866,1,1,16384,866,448,1,64,0,0,0,0
3,train,"Frame(FOR(Delta(BitPack)))",BETWEEN,256,0.01562500,buffered_drop_cache,selective_closure,13170.0,13250.0,13300.0,712,866,866,2,1,256,866,448,1,64,0,0,0,0
3,train,"Frame(FOR(Delta(BitPack)))",BETWEEN,256,0.01562500,buffered_drop_cache,broad_fused,120820.0,120870.0,121602.0,11208,866,866,1,1,16384,866,448,1,64,0,0,0,0
3,train,"Frame(FOR(Delta(BitPack)))",SUM,819,0.04998779,memory_warm,selective_closure,16393.1,16397.2,16527.1,1064,866,866,2,1,819,866,448,1,64,0,0,0,0
3,train,"Frame(FOR(Delta(BitPack)))",SUM,819,0.04998779,memory_warm,broad_fused,140910.3,140950.0,142412.3,11208,866,866,1,1,16384,866,448,1,64,0,0,0,0
3,train,"Frame(FOR(Delta(BitPack)))",SUM,819,0.04998779,mmap_hot,selective_closure,16427.8,16451.2,16587.4,1064,866,866,2,1,819,866,448,1,64,0,0,0,0
3,train,"Frame(FOR(Delta(BitPack)))",SUM,819,0.04998779,mmap_hot,broad_fused,141187.3,141250.7,142499.3,11208,866,866,1,1,16384,866,448,1,64,0,0,0,0
3,train,"Frame(FOR(Delta(BitPack)))",SUM,819,0.04998779,buffered_hot,selective_closure,18436.0,18494.1,18588.5,1064,866,866,2,1,819,866,448,1,64,0,0,0,0
3,train,"Frame(FOR(Delta(BitPack)))",SUM,819,0.04998779,buffered_hot,broad_fused,142425.7,143360.3,143898.0,11208,866,866,1,1,16384,866,448,1,64,0,0,0,0
3,train,"Frame(FOR(Delta(BitPack)))",SUM,819,0.04998779,buffered_drop_cache,selective_closure,18568.0,18577.0,18588.0,1064,866,866,2,1,819,866,448,1,64,0,0,0,0
3,train,"Frame(FOR(Delta(BitPack)))",SUM,819,0.04998779,buffered_drop_cache,broad_fused,142453.0,142573.0,143034.0,11208,866,866,1,1,16384,866,448,1,64,0,0,0,0
3,train,"Frame(FOR(Delta(BitPack)))",BETWEEN,819,0.04998779,memory_warm,selective_closure,15955.5,15996.2,16088.3,1064,866,866,2,1,819,866,448,1,64,0,0,0,0
3,train,"Frame(FOR(Delta(BitPack)))",BETWEEN,819,0.04998779,memory_warm,broad_fused,121018.0,121256.0,121919.2,11208,866,866,1,1,16384,866,448,1,64,0,0,0,0
3,train,"Frame(FOR(Delta(BitPack)))",BETWEEN,819,0.04998779,mmap_hot,selective_closure,16038.3,16180.5,16197.8,1064,866,866,2,1,819,866,448,1,64,0,0,0,0
3,train,"Frame(FOR(Delta(BitPack)))",BETWEEN,819,0.04998779,mmap_hot,broad_fused,120998.0,121068.0,122219.8,11208,866,866,1,1,16384,866,448,1,64,0,0,0,0
3,train,"Frame(FOR(Delta(BitPack)))",BETWEEN,819,0.04998779,buffered_hot,selective_closure,18085.1,18273.6,18280.2,1064,866,866,2,1,819,866,448,1,64,0,0,0,0
3,train,"Frame(FOR(Delta(BitPack)))",BETWEEN,819,0.04998779,buffered_hot,broad_fused,122372.5,123276.2,123419.2,11208,866,866,1,1,16384,866,448,1,64,0,0,0,0
3,train,"Frame(FOR(Delta(BitPack)))",BETWEEN,819,0.04998779,buffered_drop_cache,selective_closure,18037.0,18187.0,18627.0,1064,866,866,2,1,819,866,448,1,64,0,0,0,0
3,train,"Frame(FOR(Delta(BitPack)))",BETWEEN,819,0.04998779,buffered_drop_cache,broad_fused,121962.0,122112.0,122462.0,11208,866,866,1,1,16384,866,448,1,64,0,0,0,0
3,train,"Frame(FOR(Delta(BitPack)))",SUM,1638,0.09997559,memory_warm,selective_closure,24782.7,24797.0,25065.8,1672,866,866,2,1,1638,866,448,1,64,0,0,0,0
3,train,"Frame(FOR(Delta(BitPack)))",SUM,1638,0.09997559,memory_warm,broad_fused,142486.0,143794.3,143827.7,11208,866,866,1,1,16384,866,448,1,64,0,0,0,0
3,train,"Frame(FOR(Delta(BitPack)))",SUM,1638,0.09997559,mmap_hot,selective_closure,24847.5,24874.1,25094.0,1672,866,866,2,1,1638,866,448,1,64,0,0,0,0
3,train,"Frame(FOR(Delta(BitPack)))",SUM,1638,0.09997559,mmap_hot,broad_fused,142219.0,142629.3,144495.7,11208,866,866,1,1,16384,866,448,1,64,0,0,0,0
3,train,"Frame(FOR(Delta(BitPack)))",SUM,1638,0.09997559,buffered_hot,selective_closure,27173.3,27247.9,27442.1,1672,866,866,2,1,1638,866,448,1,64,0,0,0,0
3,train,"Frame(FOR(Delta(BitPack)))",SUM,1638,0.09997559,buffered_hot,broad_fused,143584.0,143797.7,145407.0,11208,866,866,1,1,16384,866,448,1,64,0,0,0,0
3,train,"Frame(FOR(Delta(BitPack)))",SUM,1638,0.09997559,buffered_drop_cache,selective_closure,27050.0,27081.0,27120.0,1672,866,866,2,1,1638,866,448,1,64,0,0,0,0
3,train,"Frame(FOR(Delta(BitPack)))",SUM,1638,0.09997559,buffered_drop_cache,broad_fused,143344.0,143373.0,143374.0,11208,866,866,1,1,16384,866,448,1,64,0,0,0,0
3,train,"Frame(FOR(Delta(BitPack)))",BETWEEN,1638,0.09997559,memory_warm,selective_closure,23929.2,24013.3,24175.5,1672,866,866,2,1,1638,866,448,1,64,0,0,0,0
3,train,"Frame(FOR(Delta(BitPack)))",BETWEEN,1638,0.09997559,memory_warm,broad_fused,122505.2,122585.2,123514.2,11208,866,866,1,1,16384,866,448,1,64,0,0,0,0
3,train,"Frame(FOR(Delta(BitPack)))",BETWEEN,1638,0.09997559,mmap_hot,selective_closure,24114.5,24281.2,24285.8,1672,866,866,2,1,1638,866,448,1,64,0,0,0,0
3,train,"Frame(FOR(Delta(BitPack)))",BETWEEN,1638,0.09997559,mmap_hot,broad_fused,123123.8,124315.2,124365.5,11208,866,866,1,1,16384,866,448,1,64,0,0,0,0
3,train,"Frame(FOR(Delta(BitPack)))",BETWEEN,1638,0.09997559,buffered_hot,selective_closure,26279.2,26294.2,26518.4,1672,866,866,2,1,1638,866,448,1,64,0,0,0,0
3,train,"Frame(FOR(Delta(BitPack)))",BETWEEN,1638,0.09997559,buffered_hot,broad_fused,124328.0,125374.5,125467.2,11208,866,866,1,1,16384,866,448,1,64,0,0,0,0
3,train,"Frame(FOR(Delta(BitPack)))",BETWEEN,1638,0.09997559,buffered_drop_cache,selective_closure,26179.0,26290.0,26299.0,1672,866,866,2,1,1638,866,448,1,64,0,0,0,0
3,train,"Frame(FOR(Delta(BitPack)))",BETWEEN,1638,0.09997559,buffered_drop_cache,broad_fused,124155.0,124305.0,125137.0,11208,866,866,1,1,16384,866,448,1,64,0,0,0,0
3,train,"Frame(FOR(Delta(BitPack)))",SUM,3276,0.19995117,memory_warm,selective_closure,40052.2,40086.4,40382.8,2712,866,866,2,1,3276,866,448,1,64,0,0,0,0
3,train,"Frame(FOR(Delta(BitPack)))",SUM,3276,0.19995117,memory_warm,broad_fused,144766.0,144805.7,146255.0,11208,866,866,1,1,16384,866,448,1,64,0,0,0,0
3,train,"Frame(FOR(Delta(BitPack)))",SUM,3276,0.19995117,mmap_hot,selective_closure,40150.8,40433.7,40542.2,2712,866,866,2,1,3276,866,448,1,64,0,0,0,0
3,train,"Frame(FOR(Delta(BitPack)))",SUM,3276,0.19995117,mmap_hot,broad_fused,144799.3,144889.3,146715.7,11208,866,866,1,1,16384,866,448,1,64,0,0,0,0
3,train,"Frame(FOR(Delta(BitPack)))",SUM,3276,0.19995117,buffered_hot,selective_closure,42479.7,42793.8,42824.8,2712,866,866,2,1,3276,866,448,1,64,0,0,0,0
3,train,"Frame(FOR(Delta(BitPack)))",SUM,3276,0.19995117,buffered_hot,broad_fused,146278.3,146281.7,147867.3,11208,866,866,1,1,16384,866,448,1,64,0,0,0,0
3,train,"Frame(FOR(Delta(BitPack)))",SUM,3276,0.19995117,buffered_drop_cache,selective_closure,42324.0,42333.0,42563.0,2712,866,866,2,1,3276,866,448,1,64,0,0,0,0
3,train,"Frame(FOR(Delta(BitPack)))",SUM,3276,0.19995117,buffered_drop_cache,broad_fused,145968.0,146148.0,146278.0,11208,866,866,1,1,16384,866,448,1,64,0,0,0,0
3,train,"Frame(FOR(Delta(BitPack)))",BETWEEN,3276,0.19995117,memory_warm,selective_closure,38267.9,38305.4,38551.7,2712,866,866,2,1,3276,866,448,1,64,0,0,0,0
3,train,"Frame(FOR(Delta(BitPack)))",BETWEEN,3276,0.19995117,memory_warm,broad_fused,126515.3,126876.0,128148.0,11208,866,866,1,1,16384,866,448,1,64,0,0,0,0
3,train,"Frame(FOR(Delta(BitPack)))",BETWEEN,3276,0.19995117,mmap_hot,selective_closure,38389.8,38681.9,38748.6,2712,866,866,2,1,3276,866,448,1,64,0,0,0,0
3,train,"Frame(FOR(Delta(BitPack)))",BETWEEN,3276,0.19995117,mmap_hot,broad_fused,126342.0,126635.7,127764.0,11208,866,866,1,1,16384,866,448,1,64,0,0,0,0
3,train,"Frame(FOR(Delta(BitPack)))",BETWEEN,3276,0.19995117,buffered_hot,selective_closure,40562.2,40762.5,40883.5,2712,866,866,2,1,3276,866,448,1,64,0,0,0,0
3,train,"Frame(FOR(Delta(BitPack)))",BETWEEN,3276,0.19995117,buffered_hot,broad_fused,128017.7,128067.7,129897.0,11208,866,866,1,1,16384,866,448,1,64,0,0,0,0
3,train,"Frame(FOR(Delta(BitPack)))",BETWEEN,3276,0.19995117,buffered_drop_cache,selective_closure,40491.0,40520.0,40591.0,2712,866,866,2,1,3276,866,448,1,64,0,0,0,0
3,train,"Frame(FOR(Delta(BitPack)))",BETWEEN,3276,0.19995117,buffered_drop_cache,broad_fused,127701.0,128071.0,128071.0,11208,866,866,1,1,16384,866,448,1,64,0,0,0,0
3,train,"Frame(FOR(Delta(BitPack)))",SUM,4915,0.29998779,memory_warm,selective_closure,55627.4,55852.2,55912.3,3752,866,866,2,1,4915,866,448,1,64,0,0,0,0
3,train,"Frame(FOR(Delta(BitPack)))",SUM,4915,0.29998779,memory_warm,broad_fused,147353.0,147747.0,149025.7,11208,866,866,1,1,16384,866,448,1,64,0,0,0,0
3,train,"Frame(FOR(Delta(BitPack)))",SUM,4915,0.29998779,mmap_hot,selective_closure,55329.2,55960.1,56092.6,3752,866,866,2,1,4915,866,448,1,64,0,0,0,0
3,train,"Frame(FOR(Delta(BitPack)))",SUM,4915,0.29998779,mmap_hot,broad_fused,147470.0,148742.0,150140.7,11208,866,866,1,1,16384,866,448,1,64,0,0,0,0
3,train,"Frame(FOR(Delta(BitPack)))",SUM,4915,0.29998779,buffered_hot,selective_closure,57564.6,57664.9,58248.1,3752,866,866,2,1,4915,866,448,1,64,0,0,0,0
3,train,"Frame(FOR(Delta(BitPack)))",SUM,4915,0.29998779,buffered_hot,broad_fused,148425.0,149156.0,149693.0,11208,866,866,1,1,16384,866,448,1,64,0,0,0,0
3,train,"Frame(FOR(Delta(BitPack)))",SUM,4915,0.29998779,buffered_drop_cache,selective_closure,57266.0,57345.0,57466.0,3752,866,866,2,1,4915,866,448,1,64,0,0,0,0
3,train,"Frame(FOR(Delta(BitPack)))",SUM,4915,0.29998779,buffered_drop_cache,broad_fused,148311.0,148452.0,148602.0,11208,866,866,1,1,16384,866,448,1,64,0,0,0,0
3,train,"Frame(FOR(Delta(BitPack)))",BETWEEN,4915,0.29998779,memory_warm,selective_closure,52491.7,53018.0,53101.4,3752,866,866,2,1,4915,866,448,1,64,0,0,0,0
3,train,"Frame(FOR(Delta(BitPack)))",BETWEEN,4915,0.29998779,memory_warm,broad_fused,129977.3,129987.3,131419.3,11208,866,866,1,1,16384,866,448,1,64,0,0,0,0
3,train,"Frame(FOR(Delta(BitPack)))",BETWEEN,4915,0.29998779,mmap_hot,selective_closure,52460.4,52523.9,52841.0,3752,866,866,2,1,4915,866,448,1,64,0,0,0,0
3,train,"Frame(FOR(Delta(BitPack)))",BETWEEN,4915,0.29998779,mmap_hot,broad_fused,130197.7,130240.7,131926.7,11208,866,866,1,1,16384,866,448,1,64,0,0,0,0
3,train,"Frame(FOR(Delta(BitPack)))",BETWEEN,4915,0.29998779,buffered_hot,selective_closure,54896.2,55419.3,55518.3,3752,866,866,2,1,4915,866,448,1,64,0,0,0,0
3,train,"Frame(FOR(Delta(BitPack)))",BETWEEN,4915,0.29998779,buffered_hot,broad_fused,131195.7,131766.7,133055.0,11208,866,866,1,1,16384,866,448,1,64,0,0,0,0
3,train,"Frame(FOR(Delta(BitPack)))",BETWEEN,4915,0.29998779,buffered_drop_cache,selective_closure,54682.0,54712.0,55353.0,3752,866,866,2,1,4915,866,448,1,64,0,0,0,0
3,train,"Frame(FOR(Delta(BitPack)))",BETWEEN,4915,0.29998779,buffered_drop_cache,broad_fused,131075.0,131216.0,131236.0,11208,866,866,1,1,16384,866,448,1,64,0,0,0,0
3,train,"Frame(FOR(Delta(BitPack)))",SUM,6553,0.39996338,memory_warm,selective_closure,70628.3,71222.0,71233.4,4792,866,866,2,1,6553,866,448,1,64,0,0,0,0
3,train,"Frame(FOR(Delta(BitPack)))",SUM,6553,0.39996338,memory_warm,broad_fused,149416.3,150955.0,151075.3,11208,866,866,1,1,16384,866,448,1,64,0,0,0,0
3,train,"Frame(FOR(Delta(BitPack)))",SUM,6553,0.39996338,mmap_hot,selective_closure,70397.9,70555.1,71063.1,4792,866,866,2,1,6553,866,448,1,64,0,0,0,0
3,train,"Frame(FOR(Delta(BitPack)))",SUM,6553,0.39996338,mmap_hot,broad_fused,149599.7,150324.0,151315.7,11208,866,866,1,1,16384,866,448,1,64,0,0,0,0
3,train,"Frame(FOR(Delta(BitPack)))",SUM,6553,0.39996338,buffered_hot,selective_closure,72656.7,72671.7,73476.3,4792,866,866,2,1,6553,866,448,1,64,0,0,0,0
3,train,"Frame(FOR(Delta(BitPack)))",SUM,6553,0.39996338,buffered_hot,broad_fused,150621.3,150708.0,152203.7,11208,866,866,1,1,16384,866,448,1,64,0,0,0,0
3,train,"Frame(FOR(Delta(BitPack)))",SUM,6553,0.39996338,buffered_drop_cache,selective_closure,72609.0,72678.0,72689.0,4792,866,866,2,1,6553,866,448,1,64,0,0,0,0
3,train,"Frame(FOR(Delta(BitPack)))",SUM,6553,0.39996338,buffered_drop_cache,broad_fused,150304.0,150505.0,150665.0,11208,866,866,1,1,16384,866,448,1,64,0,0,0,0
3,train,"Frame(FOR(Delta(BitPack)))",BETWEEN,6553,0.39996338,memory_warm,selective_closure,66543.6,66629.4,67195.9,4792,866,866,2,1,6553,866,448,1,64,0,0,0,0
3,train,"Frame(FOR(Delta(BitPack)))",BETWEEN,6553,0.39996338,memory_warm,broad_fused,133152.0,133198.7,135345.0,11208,866,866,1,1,16384,866,448,1,64,0,0,0,0
3,train,"Frame(FOR(Delta(BitPack)))",BETWEEN,6553,0.39996338,mmap_hot,selective_closure,66868.4,66881.1,67522.1,4792,866,866,2,1,6553,866,448,1,64,0,0,0,0
3,train,"Frame(FOR(Delta(BitPack)))",BETWEEN,6553,0.39996338,mmap_hot,broad_fused,133405.7,133422.3,134958.0,11208,866,866,1,1,16384,866,448,1,64,0,0,0,0
3,train,"Frame(FOR(Delta(BitPack)))",BETWEEN,6553,0.39996338,buffered_hot,selective_closure,68869.9,68898.6,69549.4,4792,866,866,2,1,6553,866,448,1,64,0,0,0,0
3,train,"Frame(FOR(Delta(BitPack)))",BETWEEN,6553,0.39996338,buffered_hot,broad_fused,134473.7,135014.7,135952.7,11208,866,866,1,1,16384,866,448,1,64,0,0,0,0
3,train,"Frame(FOR(Delta(BitPack)))",BETWEEN,6553,0.39996338,buffered_drop_cache,selective_closure,68683.0,68953.0,69043.0,4792,866,866,2,1,6553,866,448,1,64,0,0,0,0
3,train,"Frame(FOR(Delta(BitPack)))",BETWEEN,6553,0.39996338,buffered_drop_cache,broad_fused,134350.0,134371.0,135021.0,11208,866,866,1,1,16384,866,448,1,64,0,0,0,0
3,train,"Frame(FOR(Delta(BitPack)))",SUM,8192,0.50000000,memory_warm,selective_closure,85293.2,85443.4,86443.0,5832,866,866,2,1,8192,866,448,1,64,0,0,0,0
3,train,"Frame(FOR(Delta(BitPack)))",SUM,8192,0.50000000,memory_warm,broad_fused,151486.0,152354.0,153258.7,11208,866,866,1,1,16384,866,448,1,64,0,0,0,0
3,train,"Frame(FOR(Delta(BitPack)))",SUM,8192,0.50000000,mmap_hot,selective_closure,85663.6,85804.0,86635.2,5832,866,866,2,1,8192,866,448,1,64,0,0,0,0
3,train,"Frame(FOR(Delta(BitPack)))",SUM,8192,0.50000000,mmap_hot,broad_fused,151783.0,151849.7,153112.0,11208,866,866,1,1,16384,866,448,1,64,0,0,0,0
3,train,"Frame(FOR(Delta(BitPack)))",SUM,8192,0.50000000,buffered_hot,selective_closure,87799.0,88626.2,88920.6,5832,866,866,2,1,8192,866,448,1,64,0,0,0,0
3,train,"Frame(FOR(Delta(BitPack)))",SUM,8192,0.50000000,buffered_hot,broad_fused,152928.0,153255.3,154687.3,11208,866,866,1,1,16384,866,448,1,64,0,0,0,0
3,train,"Frame(FOR(Delta(BitPack)))",SUM,8192,0.50000000,buffered_drop_cache,selective_closure,87770.0,88031.0,88252.0,5832,866,866,2,1,8192,866,448,1,64,0,0,0,0
3,train,"Frame(FOR(Delta(BitPack)))",SUM,8192,0.50000000,buffered_drop_cache,broad_fused,153349.0,153399.0,153438.0,11208,866,866,1,1,16384,866,448,1,64,0,0,0,0
3,train,"Frame(FOR(Delta(BitPack)))",BETWEEN,8192,0.50000000,memory_warm,selective_closure,80950.8,80989.2,81783.7,5832,866,866,2,1,8192,866,448,1,64,0,0,0,0
3,train,"Frame(FOR(Delta(BitPack)))",BETWEEN,8192,0.50000000,memory_warm,broad_fused,136991.0,137104.3,138463.3,11208,866,866,1,1,16384,866,448,1,64,0,0,0,0
3,train,"Frame(FOR(Delta(BitPack)))",BETWEEN,8192,0.50000000,mmap_hot,selective_closure,81291.2,81678.5,81700.2,5832,866,866,2,1,8192,866,448,1,64,0,0,0,0
3,train,"Frame(FOR(Delta(BitPack)))",BETWEEN,8192,0.50000000,mmap_hot,broad_fused,136984.3,137348.0,138853.7,11208,866,866,1,1,16384,866,448,1,64,0,0,0,0
3,train,"Frame(FOR(Delta(BitPack)))",BETWEEN,8192,0.50000000,buffered_hot,selective_closure,83053.8,83184.0,83881.0,5832,866,866,2,1,8192,866,448,1,64,0,0,0,0
3,train,"Frame(FOR(Delta(BitPack)))",BETWEEN,8192,0.50000000,buffered_hot,broad_fused,138747.0,139020.7,140259.3,11208,866,866,1,1,16384,866,448,1,64,0,0,0,0
3,train,"Frame(FOR(Delta(BitPack)))",BETWEEN,8192,0.50000000,buffered_drop_cache,selective_closure,83004.0,83044.0,83124.0,5832,866,866,2,1,8192,866,448,1,64,0,0,0,0
3,train,"Frame(FOR(Delta(BitPack)))",BETWEEN,8192,0.50000000,buffered_drop_cache,broad_fused,138196.0,138226.0,138616.0,11208,866,866,1,1,16384,866,448,1,64,0,0,0,0
3,train,"Frame(FOR(Delta(BitPack)))",SUM,9830,0.59997559,memory_warm,selective_closure,102335.0,102480.5,103709.5,7048,866,866,2,1,9830,866,448,1,64,0,0,0,0
3,train,"Frame(FOR(Delta(BitPack)))",SUM,9830,0.59997559,memory_warm,broad_fused,154126.3,155308.0,155585.3,11208,866,866,1,1,16384,866,448,1,64,0,0,0,0
3,train,"Frame(FOR(Delta(BitPack)))",SUM,9830,0.59997559,mmap_hot,selective_closure,102477.8,102518.0,103579.5,7048,866,866,2,1,9830,866,448,1,64,0,0,0,0
3,train,"Frame(FOR(Delta(BitPack)))",SUM,9830,0.59997559,mmap_hot,broad_fused,154484.0,155672.0,156303.0,11208,866,866,1,1,16384,866,448,1,64,0,0,0,0
3,train,"Frame(FOR(Delta(BitPack)))",SUM,9830,0.59997559,buffered_hot,selective_closure,104543.5,104571.0,105725.2,7048,866,866,2,1,9830,866,448,1,64,0,0,0,0
3,train,"Frame(FOR(Delta(BitPack)))",SUM,9830,0.59997559,buffered_hot,broad_fused,155448.3,155972.7,156877.3,11208,866,866,1,1,16384,866,448,1,64,0,0,0,0
3,train,"Frame(FOR(Delta(BitPack)))",SUM,9830,0.59997559,buffered_drop_cache,selective_closure,104576.0,104627.0,105116.0,7048,866,866,2,1,9830,866,448,1,64,0,0,0,0
3,train,"Frame(FOR(Delta(BitPack)))",SUM,9830,0.59997559,buffered_drop_cache,broad_fused,155402.0,155432.0,155762.0,11208,866,866,1,1,16384,866,448,1,64,0,0,0,0
3,train,"Frame(FOR(Delta(BitPack)))",BETWEEN,9830,0.59997559,memory_warm,selective_closure,93804.0,93848.0,94703.2,7048,866,866,2,1,9830,866,448,1,64,0,0,0,0
3,train,"Frame(FOR(Delta(BitPack)))",BETWEEN,9830,0.59997559,memory_warm,broad_fused,138002.3,138643.3,138920.3,11208,866,866,1,1,16384,866,448,1,64,0,0,0,0
3,train,"Frame(FOR(Delta(BitPack)))",BETWEEN,9830,0.59997559,mmap_hot,selective_closure,93904.0,94090.4,94875.4,7048,866,866,2,1,9830,866,448,1,64,0,0,0,0
3,train,"Frame(FOR(Delta(BitPack)))",BETWEEN,9830,0.59997559,mmap_hot,broad_fused,137802.3,137912.3,139231.0,11208,866,866,1,1,16384,866,448,1,64,0,0,0,0
3,train,"Frame(FOR(Delta(BitPack)))",BETWEEN,9830,0.59997559,buffered_hot,selective_closure,96706.4,96914.4,96982.6,7048,866,866,2,1,9830,866,448,1,64,0,0,0,0
3,train,"Frame(FOR(Delta(BitPack)))",BETWEEN,9830,0.59997559,buffered_hot,broad_fused,139047.3,139084.0,140793.3,11208,866,866,1,1,16384,866,448,1,64,0,0,0,0
3,train,"Frame(FOR(Delta(BitPack)))",BETWEEN,9830,0.59997559,buffered_drop_cache,selective_closure,96314.0,96424.0,96774.0,7048,866,866,2,1,9830,866,448,1,64,0,0,0,0
3,train,"Frame(FOR(Delta(BitPack)))",BETWEEN,9830,0.59997559,buffered_drop_cache,broad_fused,138798.0,138847.0,138927.0,11208,866,866,1,1,16384,866,448,1,64,0,0,0,0
3,train,"Frame(FOR(Delta(BitPack)))",SUM,11468,0.69995117,memory_warm,selective_closure,117492.8,117678.2,118722.0,8088,866,866,2,1,11468,866,448,1,64,0,0,0,0
3,train,"Frame(FOR(Delta(BitPack)))",SUM,11468,0.69995117,memory_warm,broad_fused,156513.7,156630.3,157908.7,11208,866,866,1,1,16384,866,448,1,64,0,0,0,0
3,train,"Frame(FOR(Delta(BitPack)))",SUM,11468,0.69995117,mmap_hot,selective_closure,117813.2,118882.5,118955.0,8088,866,866,2,1,11468,866,448,1,64,0,0,0,0
3,train,"Frame(FOR(Delta(BitPack)))",SUM,11468,0.69995117,mmap_hot,broad_fused,156673.7,157955.7,158055.7,11208,866,866,1,1,16384,866,448,1,64,0,0,0,0
3,train,"Frame(FOR(Delta(BitPack)))",SUM,11468,0.69995117,buffered_hot,selective_closure,119771.0,119891.2,120795.2,8088,866,866,2,1,11468,866,448,1,64,0,0,0,0
3,train,"Frame(FOR(Delta(BitPack)))",SUM,11468,0.69995117,buffered_hot,broad_fused,157862.3,157879.0,158870.0,11208,866,866,1,1,16384,866,448,1,64,0,0,0,0
3,train,"Frame(FOR(Delta(BitPack)))",SUM,11468,0.69995117,buffered_drop_cache,selective_closure,119277.0,119438.0,119488.0,8088,866,866,2,1,11468,866,448,1,64,0,0,0,0
3,train,"Frame(FOR(Delta(BitPack)))",SUM,11468,0.69995117,buffered_drop_cache,broad_fused,157525.0,157605.0,157635.0,11208,866,866,1,1,16384,866,448,1,64,0,0,0,0
3,train,"Frame(FOR(Delta(BitPack)))",BETWEEN,11468,0.69995117,memory_warm,selective_closure,104976.5,105164.2,106128.5,8088,866,866,2,1,11468,866,448,1,64,0,0,0,0
3,train,"Frame(FOR(Delta(BitPack)))",BETWEEN,11468,0.69995117,memory_warm,broad_fused,138099.3,138706.7,139261.0,11208,866,866,1,1,16384,866,448,1,64,0,0,0,0
3,train,"Frame(FOR(Delta(BitPack)))",BETWEEN,11468,0.69995117,mmap_hot,selective_closure,105101.8,105139.5,106095.8,8088,866,866,2,1,11468,866,448,1,64,0,0,0,0
3,train,"Frame(FOR(Delta(BitPack)))",BETWEEN,11468,0.69995117,mmap_hot,broad_fused,138109.3,138243.0,139508.0,11208,866,866,1,1,16384,866,448,1,64,0,0,0,0
3,train,"Frame(FOR(Delta(BitPack)))",BETWEEN,11468,0.69995117,buffered_hot,selective_closure,107217.2,107217.5,108489.5,8088,866,866,2,1,11468,866,448,1,64,0,0,0,0
3,train,"Frame(FOR(Delta(BitPack)))",BETWEEN,11468,0.69995117,buffered_hot,broad_fused,139334.3,139975.3,141017.0,11208,866,866,1,1,16384,866,448,1,64,0,0,0,0
3,train,"Frame(FOR(Delta(BitPack)))",BETWEEN,11468,0.69995117,buffered_drop_cache,selective_closure,107229.0,107250.0,107480.0,8088,866,866,2,1,11468,866,448,1,64,0,0,0,0
3,train,"Frame(FOR(Delta(BitPack)))",BETWEEN,11468,0.69995117,buffered_drop_cache,broad_fused,139388.0,139428.0,139508.0,11208,866,866,1,1,16384,866,448,1,64,0,0,0,0
3,train,"Frame(FOR(Delta(BitPack)))",SUM,13107,0.79998779,memory_warm,selective_closure,132948.3,133275.3,134186.7,9128,866,866,2,1,13107,866,448,1,64,0,0,0,0
3,train,"Frame(FOR(Delta(BitPack)))",SUM,13107,0.79998779,memory_warm,broad_fused,159294.3,160012.0,160389.3,11208,866,866,1,1,16384,866,448,1,64,0,0,0,0
3,train,"Frame(FOR(Delta(BitPack)))",SUM,13107,0.79998779,mmap_hot,selective_closure,132818.0,132961.7,134821.3,9128,866,866,2,1,13107,866,448,1,64,0,0,0,0
3,train,"Frame(FOR(Delta(BitPack)))",SUM,13107,0.79998779,mmap_hot,broad_fused,159074.0,159080.7,160729.7,11208,866,866,1,1,16384,866,448,1,64,0,0,0,0
3,train,"Frame(FOR(Delta(BitPack)))",SUM,13107,0.79998779,buffered_hot,selective_closure,135011.7,135942.7,136323.3,9128,866,866,2,1,13107,866,448,1,64,0,0,0,0
3,train,"Frame(FOR(Delta(BitPack)))",SUM,13107,0.79998779,buffered_hot,broad_fused,160342.3,160542.7,161951.7,11208,866,866,1,1,16384,866,448,1,64,0,0,0,0
3,train,"Frame(FOR(Delta(BitPack)))",SUM,13107,0.79998779,buffered_drop_cache,selective_closure,134721.0,134832.0,135612.0,9128,866,866,2,1,13107,866,448,1,64,0,0,0,0
3,train,"Frame(FOR(Delta(BitPack)))",SUM,13107,0.79998779,buffered_drop_cache,broad_fused,159748.0,159999.0,160720.0,11208,866,866,1,1,16384,866,448,1,64,0,0,0,0
3,train,"Frame(FOR(Delta(BitPack)))",BETWEEN,13107,0.79998779,memory_warm,selective_closure,116366.0,117658.0,117798.2,9128,866,866,2,1,13107,866,448,1,64,0,0,0,0
3,train,"Frame(FOR(Delta(BitPack)))",BETWEEN,13107,0.79998779,memory_warm,broad_fused,138603.3,138937.3,140793.3,11208,866,866,1,1,16384,866,448,1,64,0,0,0,0
3,train,"Frame(FOR(Delta(BitPack)))",BETWEEN,13107,0.79998779,mmap_hot,selective_closure,116483.8,116704.0,117505.2,9128,866,866,2,1,13107,866,448,1,64,0,0,0,0
3,train,"Frame(FOR(Delta(BitPack)))",BETWEEN,13107,0.79998779,mmap_hot,broad_fused,139010.7,141033.7,141127.3,11208,866,866,1,1,16384,866,448,1,64,0,0,0,0
3,train,"Frame(FOR(Delta(BitPack)))",BETWEEN,13107,0.79998779,buffered_hot,selective_closure,118827.2,118927.5,119693.5,9128,866,866,2,1,13107,866,448,1,64,0,0,0,0
3,train,"Frame(FOR(Delta(BitPack)))",BETWEEN,13107,0.79998779,buffered_hot,broad_fused,139938.7,140372.7,141731.7,11208,866,866,1,1,16384,866,448,1,64,0,0,0,0
3,train,"Frame(FOR(Delta(BitPack)))",BETWEEN,13107,0.79998779,buffered_drop_cache,selective_closure,118457.0,118457.0,118627.0,9128,866,866,2,1,13107,866,448,1,64,0,0,0,0
3,train,"Frame(FOR(Delta(BitPack)))",BETWEEN,13107,0.79998779,buffered_drop_cache,broad_fused,139748.0,139878.0,140089.0,11208,866,866,1,1,16384,866,448,1,64,0,0,0,0
3,train,"Frame(FOR(Delta(BitPack)))",SUM,14745,0.89996338,memory_warm,selective_closure,147466.7,147556.7,149182.3,10168,866,866,2,1,14745,866,448,1,64,0,0,0,0
3,train,"Frame(FOR(Delta(BitPack)))",SUM,14745,0.89996338,memory_warm,broad_fused,160993.3,161006.7,162285.3,11208,866,866,1,1,16384,866,448,1,64,0,0,0,0
3,train,"Frame(FOR(Delta(BitPack)))",SUM,14745,0.89996338,mmap_hot,selective_closure,147737.0,149086.0,149202.3,10168,866,866,2,1,14745,866,448,1,64,0,0,0,0
3,train,"Frame(FOR(Delta(BitPack)))",SUM,14745,0.89996338,mmap_hot,broad_fused,161287.3,162332.0,162619.0,11208,866,866,1,1,16384,866,448,1,64,0,0,0,0
3,train,"Frame(FOR(Delta(BitPack)))",SUM,14745,0.89996338,buffered_hot,selective_closure,149927.0,150137.3,151182.0,10168,866,866,2,1,14745,866,448,1,64,0,0,0,0
3,train,"Frame(FOR(Delta(BitPack)))",SUM,14745,0.89996338,buffered_hot,broad_fused,162545.7,163060.0,163914.3,11208,866,866,1,1,16384,866,448,1,64,0,0,0,0
3,train,"Frame(FOR(Delta(BitPack)))",SUM,14745,0.89996338,buffered_drop_cache,selective_closure,149593.0,149724.0,150064.0,10168,866,866,2,1,14745,866,448,1,64,0,0,0,0
3,train,"Frame(FOR(Delta(BitPack)))",SUM,14745,0.89996338,buffered_drop_cache,broad_fused,162101.0,162121.0,162192.0,11208,866,866,1,1,16384,866,448,1,64,0,0,0,0
3,train,"Frame(FOR(Delta(BitPack)))",BETWEEN,14745,0.89996338,memory_warm,selective_closure,127403.3,127597.0,128087.7,10168,866,866,2,1,14745,866,448,1,64,0,0,0,0
3,train,"Frame(FOR(Delta(BitPack)))",BETWEEN,14745,0.89996338,memory_warm,broad_fused,139131.0,139267.7,140502.7,11208,866,866,1,1,16384,866,448,1,64,0,0,0,0
3,train,"Frame(FOR(Delta(BitPack)))",BETWEEN,14745,0.89996338,mmap_hot,selective_closure,127543.7,127734.0,128959.0,10168,866,866,2,1,14745,866,448,1,64,0,0,0,0
3,train,"Frame(FOR(Delta(BitPack)))",BETWEEN,14745,0.89996338,mmap_hot,broad_fused,139321.0,139988.7,140863.7,11208,866,866,1,1,16384,866,448,1,64,0,0,0,0
3,train,"Frame(FOR(Delta(BitPack)))",BETWEEN,14745,0.89996338,buffered_hot,selective_closure,129927.0,130094.3,131229.0,10168,866,866,2,1,14745,866,448,1,64,0,0,0,0
3,train,"Frame(FOR(Delta(BitPack)))",BETWEEN,14745,0.89996338,buffered_hot,broad_fused,140679.7,141551.3,142192.0,11208,866,866,1,1,16384,866,448,1,64,0,0,0,0
3,train,"Frame(FOR(Delta(BitPack)))",BETWEEN,14745,0.89996338,buffered_drop_cache,selective_closure,129663.0,129663.0,129703.0,10168,866,866,2,1,14745,866,448,1,64,0,0,0,0
3,train,"Frame(FOR(Delta(BitPack)))",BETWEEN,14745,0.89996338,buffered_drop_cache,broad_fused,140239.0,140249.0,140600.0,11208,866,866,1,1,16384,866,448,1,64,0,0,0,0
3,train,"Frame(FOR(Delta(BitPack)))",SUM,16384,1.00000000,memory_warm,selective_closure,161821.3,162282.0,163460.7,11208,866,866,2,1,16384,866,448,1,64,0,0,0,0
3,train,"Frame(FOR(Delta(BitPack)))",SUM,16384,1.00000000,memory_warm,broad_fused,162939.7,163080.0,164538.7,11208,866,866,1,1,16384,866,448,1,64,0,0,0,0
3,train,"Frame(FOR(Delta(BitPack)))",SUM,16384,1.00000000,mmap_hot,selective_closure,162285.3,162335.3,163777.7,11208,866,866,2,1,16384,866,448,1,64,0,0,0,0
3,train,"Frame(FOR(Delta(BitPack)))",SUM,16384,1.00000000,mmap_hot,broad_fused,163594.0,164001.3,165223.0,11208,866,866,1,1,16384,866,448,1,64,0,0,0,0
3,train,"Frame(FOR(Delta(BitPack)))",SUM,16384,1.00000000,buffered_hot,selective_closure,164752.3,165216.3,166632.0,11208,866,866,2,1,16384,866,448,1,64,0,0,0,0
3,train,"Frame(FOR(Delta(BitPack)))",SUM,16384,1.00000000,buffered_hot,broad_fused,164769.3,164785.7,166348.0,11208,866,866,1,1,16384,866,448,1,64,0,0,0,0
3,train,"Frame(FOR(Delta(BitPack)))",SUM,16384,1.00000000,buffered_drop_cache,selective_closure,164255.0,164746.0,165877.0,11208,866,866,2,1,16384,866,448,1,64,0,0,0,0
3,train,"Frame(FOR(Delta(BitPack)))",SUM,16384,1.00000000,buffered_drop_cache,broad_fused,164536.0,164595.0,165186.0,11208,866,866,1,1,16384,866,448,1,64,0,0,0,0
3,train,"Frame(FOR(Delta(BitPack)))",BETWEEN,16384,1.00000000,memory_warm,selective_closure,138833.7,138864.0,141544.3,11208,866,866,2,1,16384,866,448,1,64,0,0,0,0
3,train,"Frame(FOR(Delta(BitPack)))",BETWEEN,16384,1.00000000,memory_warm,broad_fused,139441.3,139718.7,141063.7,11208,866,866,1,1,16384,866,448,1,64,0,0,0,0
3,train,"Frame(FOR(Delta(BitPack)))",BETWEEN,16384,1.00000000,mmap_hot,selective_closure,138977.3,139858.7,140649.7,11208,866,866,2,1,16384,866,448,1,64,0,0,0,0
3,train,"Frame(FOR(Delta(BitPack)))",BETWEEN,16384,1.00000000,mmap_hot,broad_fused,139798.7,139885.3,141381.0,11208,866,866,1,1,16384,866,448,1,64,0,0,0,0
3,train,"Frame(FOR(Delta(BitPack)))",BETWEEN,16384,1.00000000,buffered_hot,selective_closure,141364.3,141597.7,143270.3,11208,866,866,2,1,16384,866,448,1,64,0,0,0,0
3,train,"Frame(FOR(Delta(BitPack)))",BETWEEN,16384,1.00000000,buffered_hot,broad_fused,141027.0,142926.7,143444.0,11208,866,866,1,1,16384,866,448,1,64,0,0,0,0
3,train,"Frame(FOR(Delta(BitPack)))",BETWEEN,16384,1.00000000,buffered_drop_cache,selective_closure,140760.0,140890.0,140990.0,11208,866,866,2,1,16384,866,448,1,64,0,0,0,0
3,train,"Frame(FOR(Delta(BitPack)))",BETWEEN,16384,1.00000000,buffered_drop_cache,broad_fused,140629.0,140730.0,140870.0,11208,866,866,1,1,16384,866,448,1,64,0,0,0,0
4,train,"Patch(Dictionary(BitPack))",SUM,1,0.00006104,memory_warm,selective_closure,1375.4,1377.9,1394.0,629,720,720,5,0,1,4928,576,0,0,0,4,16,0
4,train,"Patch(Dictionary(BitPack))",SUM,1,0.00006104,memory_warm,broad_fused,546235.0,550071.0,551583.0,4904,4928,4928,1,0,16384,4928,576,0,0,0,4,16,0
4,train,"Patch(Dictionary(BitPack))",SUM,1,0.00006104,mmap_hot,selective_closure,1511.5,1516.2,1517.3,629,720,720,5,0,1,4928,576,0,0,0,4,16,0
4,train,"Patch(Dictionary(BitPack))",SUM,1,0.00006104,mmap_hot,broad_fused,547417.0,550181.0,550871.0,4904,4928,4928,1,0,16384,4928,576,0,0,0,4,16,0
4,train,"Patch(Dictionary(BitPack))",SUM,1,0.00006104,buffered_hot,selective_closure,5869.5,5876.0,5934.9,629,720,720,5,0,1,4928,576,0,0,0,4,16,0
4,train,"Patch(Dictionary(BitPack))",SUM,1,0.00006104,buffered_hot,broad_fused,549039.0,552023.0,552294.0,4904,4928,4928,1,0,16384,4928,576,0,0,0,4,16,0
4,train,"Patch(Dictionary(BitPack))",SUM,1,0.00006104,buffered_drop_cache,selective_closure,132658.0,134440.0,135061.0,629,720,720,5,0,1,4928,576,0,0,0,4,16,0
4,train,"Patch(Dictionary(BitPack))",SUM,1,0.00006104,buffered_drop_cache,broad_fused,675898.0,676008.0,677600.0,4904,4928,4928,1,0,16384,4928,576,0,0,0,4,16,0
4,train,"Patch(Dictionary(BitPack))",BETWEEN,1,0.00006104,memory_warm,selective_closure,1368.4,1368.9,1377.7,629,720,720,5,0,1,4928,576,0,0,0,4,16,0
4,train,"Patch(Dictionary(BitPack))",BETWEEN,1,0.00006104,memory_warm,broad_fused,559114.0,564492.0,564713.0,4904,4928,4928,1,0,16384,4928,576,0,0,0,4,16,0
4,train,"Patch(Dictionary(BitPack))",BETWEEN,1,0.00006104,mmap_hot,selective_closure,1535.4,1538.7,1547.6,629,720,720,5,0,1,4928,576,0,0,0,4,16,0
4,train,"Patch(Dictionary(BitPack))",BETWEEN,1,0.00006104,mmap_hot,broad_fused,559094.0,559455.0,563761.0,4904,4928,4928,1,0,16384,4928,576,0,0,0,4,16,0
4,train,"Patch(Dictionary(BitPack))",BETWEEN,1,0.00006104,buffered_hot,selective_closure,5830.3,5897.8,5901.5,629,720,720,5,0,1,4928,576,0,0,0,4,16,0
4,train,"Patch(Dictionary(BitPack))",BETWEEN,1,0.00006104,buffered_hot,broad_fused,560916.0,561728.0,564682.0,4904,4928,4928,1,0,16384,4928,576,0,0,0,4,16,0
4,train,"Patch(Dictionary(BitPack))",BETWEEN,1,0.00006104,buffered_drop_cache,selective_closure,130985.0,133229.0,133580.0,629,720,720,5,0,1,4928,576,0,0,0,4,16,0
4,train,"Patch(Dictionary(BitPack))",BETWEEN,1,0.00006104,buffered_drop_cache,broad_fused,689368.0,691201.0,692163.0,4904,4928,4928,1,0,16384,4928,576,0,0,0,4,16,0
4,train,"Patch(Dictionary(BitPack))",SUM,4,0.00024414,memory_warm,selective_closure,1591.1,1594.2,1597.5,654,752,752,5,0,4,4928,576,0,0,0,4,16,0
4,train,"Patch(Dictionary(BitPack))",SUM,4,0.00024414,memory_warm,broad_fused,546815.0,550211.0,550961.0,4904,4928,4928,1,0,16384,4928,576,0,0,0,4,16,0
4,train,"Patch(Dictionary(BitPack))",SUM,4,0.00024414,mmap_hot,selective_closure,1708.9,1731.6,1734.2,654,752,752,5,0,4,4928,576,0,0,0,4,16,0
4,train,"Patch(Dictionary(BitPack))",SUM,4,0.00024414,mmap_hot,broad_fused,546615.0,547156.0,552104.0,4904,4928,4928,1,0,16384,4928,576,0,0,0,4,16,0
4,train,"Patch(Dictionary(BitPack))",SUM,4,0.00024414,buffered_hot,selective_closure,6449.9,6508.9,6523.6,654,752,752,5,0,4,4928,576,0,0,0,4,16,0
4,train,"Patch(Dictionary(BitPack))",SUM,4,0.00024414,buffered_hot,broad_fused,548317.0,549129.0,551723.0,4904,4928,4928,1,0,16384,4928,576,0,0,0,4,16,0
4,train,"Patch(Dictionary(BitPack))",SUM,4,0.00024414,buffered_drop_cache,selective_closure,134200.0,136553.0,141822.0,654,752,752,5,0,4,4928,576,0,0,0,4,16,0
4,train,"Patch(Dictionary(BitPack))",SUM,4,0.00024414,buffered_drop_cache,broad_fused,679243.0,681196.0,681346.0,4904,4928,4928,1,0,16384,4928,576,0,0,0,4,16,0
4,train,"Patch(Dictionary(BitPack))",BETWEEN,4,0.00024414,memory_warm,selective_closure,1656.0,1657.4,1663.8,654,752,752,5,0,4,4928,576,0,0,0,4,16,0
4,train,"Patch(Dictionary(BitPack))",BETWEEN,4,0.00024414,memory_warm,broad_fused,560136.0,563410.0,563520.0,4904,4928,4928,1,0,16384,4928,576,0,0,0,4,16,0
4,train,"Patch(Dictionary(BitPack))",BETWEEN,4,0.00024414,mmap_hot,selective_closure,1759.4,1781.1,1796.7,654,752,752,5,0,4,4928,576,0,0,0,4,16,0
4,train,"Patch(Dictionary(BitPack))",BETWEEN,4,0.00024414,mmap_hot,broad_fused,560235.0,564652.0,565843.0,4904,4928,4928,1,0,16384,4928,576,0,0,0,4,16,0
4,train,"Patch(Dictionary(BitPack))",BETWEEN,4,0.00024414,buffered_hot,selective_closure,6171.7,6227.9,6236.5,654,752,752,5,0,4,4928,576,0,0,0,4,16,0
4,train,"Patch(Dictionary(BitPack))",BETWEEN,4,0.00024414,buffered_hot,broad_fused,561929.0,565904.0,566234.0,4904,4928,4928,1,0,16384,4928,576,0,0,0,4,16,0
4,train,"Patch(Dictionary(BitPack))",BETWEEN,4,0.00024414,buffered_drop_cache,selective_closure,133189.0,133940.0,134251.0,654,752,752,5,0,4,4928,576,0,0,0,4,16,0
4,train,"Patch(Dictionary(BitPack))",BETWEEN,4,0.00024414,buffered_drop_cache,broad_fused,688577.0,689458.0,690891.0,4904,4928,4928,1,0,16384,4928,576,0,0,0,4,16,0
4,train,"Patch(Dictionary(BitPack))",SUM,16,0.00097656,memory_warm,selective_closure,2048.6,2052.6,2074.5,656,752,752,5,0,16,4928,576,0,0,0,4,16,0
4,train,"Patch(Dictionary(BitPack))",SUM,16,0.00097656,memory_warm,broad_fused,546074.0,550331.0,550971.0,4904,4928,4928,1,0,16384,4928,576,0,0,0,4,16,0
4,train,"Patch(Dictionary(BitPack))",SUM,16,0.00097656,mmap_hot,selective_closure,2114.5,2119.2,2130.8,656,752,752,5,0,16,4928,576,0,0,0,4,16,0
4,train,"Patch(Dictionary(BitPack))",SUM,16,0.00097656,mmap_hot,broad_fused,547186.0,552824.0,554587.0,4904,4928,4928,1,0,16384,4928,576,0,0,0,4,16,0
4,train,"Patch(Dictionary(BitPack))",SUM,16,0.00097656,buffered_hot,selective_closure,6551.3,6578.0,6605.9,656,752,752,5,0,16,4928,576,0,0,0,4,16,0
4,train,"Patch(Dictionary(BitPack))",SUM,16,0.00097656,buffered_hot,broad_fused,548087.0,548318.0,552804.0,4904,4928,4928,1,0,16384,4928,576,0,0,0,4,16,0
4,train,"Patch(Dictionary(BitPack))",SUM,16,0.00097656,buffered_drop_cache,selective_closure,132948.0,133699.0,134140.0,656,752,752,5,0,16,4928,576,0,0,0,4,16,0
4,train,"Patch(Dictionary(BitPack))",SUM,16,0.00097656,buffered_drop_cache,broad_fused,676690.0,676890.0,678222.0,4904,4928,4928,1,0,16384,4928,576,0,0,0,4,16,0
4,train,"Patch(Dictionary(BitPack))",BETWEEN,16,0.00097656,memory_warm,selective_closure,2113.7,2116.7,2121.6,656,752,752,5,0,16,4928,576,0,0,0,4,16,0
4,train,"Patch(Dictionary(BitPack))",BETWEEN,16,0.00097656,memory_warm,broad_fused,559725.0,563500.0,564212.0,4904,4928,4928,1,0,16384,4928,576,0,0,0,4,16,0
4,train,"Patch(Dictionary(BitPack))",BETWEEN,16,0.00097656,mmap_hot,selective_closure,2194.6,2206.0,2212.7,656,752,752,5,0,16,4928,576,0,0,0,4,16,0
4,train,"Patch(Dictionary(BitPack))",BETWEEN,16,0.00097656,mmap_hot,broad_fused,559745.0,563440.0,564752.0,4904,4928,4928,1,0,16384,4928,576,0,0,0,4,16,0
4,train,"Patch(Dictionary(BitPack))",BETWEEN,16,0.00097656,buffered_hot,selective_closure,6605.8,6614.9,6650.2,656,752,752,5,0,16,4928,576,0,0,0,4,16,0
4,train,"Patch(Dictionary(BitPack))",BETWEEN,16,0.00097656,buffered_hot,broad_fused,562529.0,564843.0,566845.0,4904,4928,4928,1,0,16384,4928,576,0,0,0,4,16,0
4,train,"Patch(Dictionary(BitPack))",BETWEEN,16,0.00097656,buffered_drop_cache,selective_closure,132487.0,133980.0,134841.0,656,752,752,5,0,16,4928,576,0,0,0,4,16,0
4,train,"Patch(Dictionary(BitPack))",BETWEEN,16,0.00097656,buffered_drop_cache,broad_fused,688798.0,692583.0,695337.0,4904,4928,4928,1,0,16384,4928,576,0,0,0,4,16,0
4,train,"Patch(Dictionary(BitPack))",SUM,64,0.00390625,memory_warm,selective_closure,3672.7,3706.7,3707.8,668,752,752,5,0,64,4928,576,0,0,0,4,16,0
4,train,"Patch(Dictionary(BitPack))",SUM,64,0.00390625,memory_warm,broad_fused,546255.0,550161.0,550982.0,4904,4928,4928,1,0,16384,4928,576,0,0,0,4,16,0
4,train,"Patch(Dictionary(BitPack))",SUM,64,0.00390625,mmap_hot,selective_closure,3803.0,3806.4,3817.0,668,752,752,5,0,64,4928,576,0,0,0,4,16,0
4,train,"Patch(Dictionary(BitPack))",SUM,64,0.00390625,mmap_hot,broad_fused,546705.0,551062.0,552544.0,4904,4928,4928,1,0,16384,4928,576,0,0,0,4,16,0
4,train,"Patch(Dictionary(BitPack))",SUM,64,0.00390625,buffered_hot,selective_closure,8085.9,8157.8,8170.9,668,752,752,5,0,64,4928,576,0,0,0,4,16,0
4,train,"Patch(Dictionary(BitPack))",SUM,64,0.00390625,buffered_hot,broad_fused,548278.0,551342.0,553586.0,4904,4928,4928,1,0,16384,4928,576,0,0,0,4,16,0
4,train,"Patch(Dictionary(BitPack))",SUM,64,0.00390625,buffered_drop_cache,selective_closure,135823.0,136574.0,143163.0,668,752,752,5,0,64,4928,576,0,0,0,4,16,0
4,train,"Patch(Dictionary(BitPack))",SUM,64,0.00390625,buffered_drop_cache,broad_fused,681407.0,681937.0,685011.0,4904,4928,4928,1,0,16384,4928,576,0,0,0,4,16,0
4,train,"Patch(Dictionary(BitPack))",BETWEEN,64,0.00390625,memory_warm,selective_closure,3842.5,3844.6,3882.5,668,752,752,5,0,64,4928,576,0,0,0,4,16,0
4,train,"Patch(Dictionary(BitPack))",BETWEEN,64,0.00390625,memory_warm,broad_fused,559675.0,563410.0,564442.0,4904,4928,4928,1,0,16384,4928,576,0,0,0,4,16,0
4,train,"Patch(Dictionary(BitPack))",BETWEEN,64,0.00390625,mmap_hot,selective_closure,4001.3,4003.3,4034.2,668,752,752,5,0,64,4928,576,0,0,0,4,16,0
4,train,"Patch(Dictionary(BitPack))",BETWEEN,64,0.00390625,mmap_hot,broad_fused,559604.0,559885.0,564072.0,4904,4928,4928,1,0,16384,4928,576,0,0,0,4,16,0
4,train,"Patch(Dictionary(BitPack))",BETWEEN,64,0.00390625,buffered_hot,selective_closure,8379.0,8494.2,8512.2,668,752,752,5,0,64,4928,576,0,0,0,4,16,0
4,train,"Patch(Dictionary(BitPack))",BETWEEN,64,0.00390625,buffered_hot,broad_fused,562098.0,562499.0,565303.0,4904,4928,4928,1,0,16384,4928,576,0,0,0,4,16,0
4,train,"Patch(Dictionary(BitPack))",BETWEEN,64,0.00390625,buffered_drop_cache,selective_closure,134981.0,135512.0,136323.0,668,752,752,5,0,64,4928,576,0,0,0,4,16,0
4,train,"Patch(Dictionary(BitPack))",BETWEEN,64,0.00390625,buffered_drop_cache,broad_fused,689077.0,689618.0,691772.0,4904,4928,4928,1,0,16384,4928,576,0,0,0,4,16,0
4,train,"Patch(Dictionary(BitPack))",SUM,163,0.00994873,memory_warm,selective_closure,7047.8,7072.6,7080.7,694,752,752,5,0,163,4928,576,0,0,0,4,16,0
4,train,"Patch(Dictionary(BitPack))",SUM,163,0.00994873,memory_warm,broad_fused,546225.0,550561.0,551423.0,4904,4928,4928,1,0,16384,4928,576,0,0,0,4,16,0
4,train,"Patch(Dictionary(BitPack))",SUM,163,0.00994873,mmap_hot,selective_closure,7221.9,7228.1,7274.7,694,752,752,5,0,163,4928,576,0,0,0,4,16,0
4,train,"Patch(Dictionary(BitPack))",SUM,163,0.00994873,mmap_hot,broad_fused,546515.0,549409.0,550381.0,4904,4928,4928,1,0,16384,4928,576,0,0,0,4,16,0
4,train,"Patch(Dictionary(BitPack))",SUM,163,0.00994873,buffered_hot,selective_closure,11543.4,11594.4,11640.7,694,752,752,5,0,163,4928,576,0,0,0,4,16,0
4,train,"Patch(Dictionary(BitPack))",SUM,163,0.00994873,buffered_hot,broad_fused,548608.0,551603.0,553185.0,4904,4928,4928,1,0,16384,4928,576,0,0,0,4,16,0
4,train,"Patch(Dictionary(BitPack))",SUM,163,0.00994873,buffered_drop_cache,selective_closure,138056.0,138827.0,139068.0,694,752,752,5,0,163,4928,576,0,0,0,4,16,0
4,train,"Patch(Dictionary(BitPack))",SUM,163,0.00994873,buffered_drop_cache,broad_fused,678482.0,678883.0,680755.0,4904,4928,4928,1,0,16384,4928,576,0,0,0,4,16,0
4,train,"Patch(Dictionary(BitPack))",BETWEEN,163,0.00994873,memory_warm,selective_closure,7469.3,7499.2,7504.6,694,752,752,5,0,163,4928,576,0,0,0,4,16,0
4,train,"Patch(Dictionary(BitPack))",BETWEEN,163,0.00994873,memory_warm,broad_fused,560276.0,563741.0,563911.0,4904,4928,4928,1,0,16384,4928,576,0,0,0,4,16,0
4,train,"Patch(Dictionary(BitPack))",BETWEEN,163,0.00994873,mmap_hot,selective_closure,7606.8,7679.3,7681.0,694,752,752,5,0,163,4928,576,0,0,0,4,16,0
4,train,"Patch(Dictionary(BitPack))",BETWEEN,163,0.00994873,mmap_hot,broad_fused,560225.0,563370.0,564011.0,4904,4928,4928,1,0,16384,4928,576,0,0,0,4,16,0
4,train,"Patch(Dictionary(BitPack))",BETWEEN,163,0.00994873,buffered_hot,selective_closure,12197.0,12227.7,12255.5,694,752,752,5,0,163,4928,576,0,0,0,4,16,0
4,train,"Patch(Dictionary(BitPack))",BETWEEN,163,0.00994873,buffered_hot,broad_fused,562118.0,565563.0,566104.0,4904,4928,4928,1,0,16384,4928,576,0,0,0,4,16,0
4,train,"Patch(Dictionary(BitPack))",BETWEEN,163,0.00994873,buffered_drop_cache,selective_closure,139468.0,143754.0,147049.0,694,752,752,5,0,163,4928,576,0,0,0,4,16,0
4,train,"Patch(Dictionary(BitPack))",BETWEEN,163,0.00994873,buffered_drop_cache,broad_fused,688957.0,694877.0,694997.0,4904,4928,4928,1,0,16384,4928,576,0,0,0,4,16,0
4,train,"Patch(Dictionary(BitPack))",SUM,256,0.01562500,memory_warm,selective_closure,10125.9,10142.8,10215.0,716,752,752,5,0,256,4928,576,0,0,0,4,16,0
4,train,"Patch(Dictionary(BitPack))",SUM,256,0.01562500,memory_warm,broad_fused,546875.0,552104.0,552204.0,4904,4928,4928,1,0,16384,4928,576,0,0,0,4,16,0
4,train,"Patch(Dictionary(BitPack))",SUM,256,0.01562500,mmap_hot,selective_closure,10366.7,10367.8,10455.6,716,752,752,5,0,256,4928,576,0,0,0,4,16,0
4,train,"Patch(Dictionary(BitPack))",SUM,256,0.01562500,mmap_hot,broad_fused,546865.0,550961.0,551142.0,4904,4928,4928,1,0,16384,4928,576,0,0,0,4,16,0
4,train,"Patch(Dictionary(BitPack))",SUM,256,0.01562500,buffered_hot,selective_closure,14759.9,14768.7,14922.9,716,752,752,5,0,256,4928,576,0,0,0,4,16,0
4,train,"Patch(Dictionary(BitPack))",SUM,256,0.01562500,buffered_hot,broad_fused,548398.0,552805.0,552895.0,4904,4928,4928,1,0,16384,4928,576,0,0,0,4,16,0
4,train,"Patch(Dictionary(BitPack))",SUM,256,0.01562500,buffered_drop_cache,selective_closure,139528.0,141051.0,142142.0,716,752,752,5,0,256,4928,576,0,0,0,4,16,0
4,train,"Patch(Dictionary(BitPack))",SUM,256,0.01562500,buffered_drop_cache,broad_fused,677270.0,681106.0,681286.0,4904,4928,4928,1,0,16384,4928,576,0,0,0,4,16,0
4,train,"Patch(Dictionary(BitPack))",BETWEEN,256,0.01562500,memory_warm,selective_closure,10665.2,10738.9,10776.3,716,752,752,5,0,256,4928,576,0,0,0,4,16,0
4,train,"Patch(Dictionary(BitPack))",BETWEEN,256,0.01562500,memory_warm,broad_fused,560686.0,563521.0,565704.0,4904,4928,4928,1,0,16384,4928,576,0,0,0,4,16,0
4,train,"Patch(Dictionary(BitPack))",BETWEEN,256,0.01562500,mmap_hot,selective_closure,10841.6,10963.0,10976.4,716,752,752,5,0,256,4928,576,0,0,0,4,16,0
4,train,"Patch(Dictionary(BitPack))",BETWEEN,256,0.01562500,mmap_hot,broad_fused,560957.0,564572.0,564812.0,4904,4928,4928,1,0,16384,4928,576,0,0,0,4,16,0
4,train,"Patch(Dictionary(BitPack))",BETWEEN,256,0.01562500,buffered_hot,selective_closure,15464.0,15557.7,15573.2,716,752,752,5,0,256,4928,576,0,0,0,4,16,0
4,train,"Patch(Dictionary(BitPack))",BETWEEN,256,0.01562500,buffered_hot,broad_fused,562289.0,565824.0,565844.0,4904,4928,4928,1,0,16384,4928,576,0,0,0,4,16,0
4,train,"Patch(Dictionary(BitPack))",BETWEEN,256,0.01562500,buffered_drop_cache,selective_closure,142352.0,142392.0,142963.0,716,752,752,5,0,256,4928,576,0,0,0,4,16,0
4,train,"Patch(Dictionary(BitPack))",BETWEEN,256,0.01562500,buffered_drop_cache,broad_fused,688557.0,688667.0,693234.0,4904,4928,4928,1,0,16384,4928,576,0,0,0,4,16,0
4,train,"Patch(Dictionary(BitPack))",SUM,819,0.04998779,memory_warm,selective_closure,30022.9,30057.3,30302.1,870,1008,1008,6,0,819,4928,576,0,0,0,4,16,0
4,train,"Patch(Dictionary(BitPack))",SUM,819,0.04998779,memory_warm,broad_fused,546766.0,551082.0,551232.0,4904,4928,4928,1,0,16384,4928,576,0,0,0,4,16,0
4,train,"Patch(Dictionary(BitPack))",SUM,819,0.04998779,mmap_hot,selective_closure,30220.1,30349.0,30551.2,870,1008,1008,6,0,819,4928,576,0,0,0,4,16,0
4,train,"Patch(Dictionary(BitPack))",SUM,819,0.04998779,mmap_hot,broad_fused,547456.0,550591.0,551883.0,4904,4928,4928,1,0,16384,4928,576,0,0,0,4,16,0
4,train,"Patch(Dictionary(BitPack))",SUM,819,0.04998779,buffered_hot,selective_closure,35557.4,35607.4,35867.1,870,1008,1008,6,0,819,4928,576,0,0,0,4,16,0
4,train,"Patch(Dictionary(BitPack))",SUM,819,0.04998779,buffered_hot,broad_fused,548699.0,552354.0,554527.0,4904,4928,4928,1,0,16384,4928,576,0,0,0,4,16,0
4,train,"Patch(Dictionary(BitPack))",SUM,819,0.04998779,buffered_drop_cache,selective_closure,161752.0,161981.0,170044.0,870,1008,1008,6,0,819,4928,576,0,0,0,4,16,0
4,train,"Patch(Dictionary(BitPack))",SUM,819,0.04998779,buffered_drop_cache,broad_fused,677401.0,678652.0,682208.0,4904,4928,4928,1,0,16384,4928,576,0,0,0,4,16,0
4,train,"Patch(Dictionary(BitPack))",BETWEEN,819,0.04998779,memory_warm,selective_closure,31768.7,31892.9,31975.7,870,1008,1008,6,0,819,4928,576,0,0,0,4,16,0
4,train,"Patch(Dictionary(BitPack))",BETWEEN,819,0.04998779,memory_warm,broad_fused,562499.0,565473.0,567316.0,4904,4928,4928,1,0,16384,4928,576,0,0,0,4,16,0
4,train,"Patch(Dictionary(BitPack))",BETWEEN,819,0.04998779,mmap_hot,selective_closure,31862.9,31902.9,32195.3,870,1008,1008,6,0,819,4928,576,0,0,0,4,16,0
4,train,"Patch(Dictionary(BitPack))",BETWEEN,819,0.04998779,mmap_hot,broad_fused,561518.0,565333.0,567126.0,4904,4928,4928,1,0,16384,4928,576,0,0,0,4,16,0
4,train,"Patch(Dictionary(BitPack))",BETWEEN,819,0.04998779,buffered_hot,selective_closure,37338.0,37391.2,37834.1,870,1008,1008,6,0,819,4928,576,0,0,0,4,16,0
4,train,"Patch(Dictionary(BitPack))",BETWEEN,819,0.04998779,buffered_hot,broad_fused,563460.0,565734.0,566776.0,4904,4928,4928,1,0,16384,4928,576,0,0,0,4,16,0
4,train,"Patch(Dictionary(BitPack))",BETWEEN,819,0.04998779,buffered_drop_cache,selective_closure,164655.0,166348.0,169693.0,870,1008,1008,6,0,819,4928,576,0,0,0,4,16,0
4,train,"Patch(Dictionary(BitPack))",BETWEEN,819,0.04998779,buffered_drop_cache,broad_fused,693704.0,695057.0,696629.0,4904,4928,4928,1,0,16384,4928,576,0,0,0,4,16,0
4,train,"Patch(Dictionary(BitPack))",SUM,1638,0.09997559,memory_warm,selective_closure,57902.6,57951.4,58437.1,1082,1264,1264,7,0,1638,4928,576,0,0,0,4,16,0
4,train,"Patch(Dictionary(BitPack))",SUM,1638,0.09997559,memory_warm,broad_fused,547837.0,547878.0,551733.0,4904,4928,4928,1,0,16384,4928,576,0,0,0,4,16,0
4,train,"Patch(Dictionary(BitPack))",SUM,1638,0.09997559,mmap_hot,selective_closure,58190.6,58220.5,58779.0,1082,1264,1264,7,0,1638,4928,576,0,0,0,4,16,0
4,train,"Patch(Dictionary(BitPack))",SUM,1638,0.09997559,mmap_hot,broad_fused,548588.0,548739.0,552103.0,4904,4928,4928,1,0,16384,4928,576,0,0,0,4,16,0
4,train,"Patch(Dictionary(BitPack))",SUM,1638,0.09997559,buffered_hot,selective_closure,64474.7,64487.6,64995.6,1082,1264,1264,7,0,1638,4928,576,0,0,0,4,16,0
4,train,"Patch(Dictionary(BitPack))",SUM,1638,0.09997559,buffered_hot,broad_fused,549099.0,549139.0,553075.0,4904,4928,4928,1,0,16384,4928,576,0,0,0,4,16,0
4,train,"Patch(Dictionary(BitPack))",SUM,1638,0.09997559,buffered_drop_cache,selective_closure,190054.0,190544.0,191476.0,1082,1264,1264,7,0,1638,4928,576,0,0,0,4,16,0
4,train,"Patch(Dictionary(BitPack))",SUM,1638,0.09997559,buffered_drop_cache,broad_fused,676759.0,679103.0,681186.0,4904,4928,4928,1,0,16384,4928,576,0,0,0,4,16,0
4,train,"Patch(Dictionary(BitPack))",BETWEEN,1638,0.09997559,memory_warm,selective_closure,61011.0,61628.2,61791.0,1082,1264,1264,7,0,1638,4928,576,0,0,0,4,16,0
4,train,"Patch(Dictionary(BitPack))",BETWEEN,1638,0.09997559,memory_warm,broad_fused,561998.0,563190.0,565764.0,4904,4928,4928,1,0,16384,4928,576,0,0,0,4,16,0
4,train,"Patch(Dictionary(BitPack))",BETWEEN,1638,0.09997559,mmap_hot,selective_closure,61121.1,61285.2,61464.2,1082,1264,1264,7,0,1638,4928,576,0,0,0,4,16,0
4,train,"Patch(Dictionary(BitPack))",BETWEEN,1638,0.09997559,mmap_hot,broad_fused,562279.0,566175.0,566235.0,4904,4928,4928,1,0,16384,4928,576,0,0,0,4,16,0
4,train,"Patch(Dictionary(BitPack))",BETWEEN,1638,0.09997559,buffered_hot,selective_closure,67403.3,67944.3,68167.3,1082,1264,1264,7,0,1638,4928,576,0,0,0,4,16,0
4,train,"Patch(Dictionary(BitPack))",BETWEEN,1638,0.09997559,buffered_hot,broad_fused,564522.0,568388.0,568879.0,4904,4928,4928,1,0,16384,4928,576,0,0,0,4,16,0
4,train,"Patch(Dictionary(BitPack))",BETWEEN,1638,0.09997559,buffered_drop_cache,selective_closure,195391.0,195542.0,201431.0,1082,1264,1264,7,0,1638,4928,576,0,0,0,4,16,0
4,train,"Patch(Dictionary(BitPack))",BETWEEN,1638,0.09997559,buffered_drop_cache,broad_fused,696108.0,697350.0,698181.0,4904,4928,4928,1,0,16384,4928,576,0,0,0,4,16,0
4,train,"Patch(Dictionary(BitPack))",SUM,3276,0.19995117,memory_warm,selective_closure,114360.5,114393.2,115474.8,1504,1648,1648,7,0,3276,4928,576,0,0,0,4,16,0
4,train,"Patch(Dictionary(BitPack))",SUM,3276,0.19995117,memory_warm,broad_fused,549129.0,552995.0,553375.0,4904,4928,4928,1,0,16384,4928,576,0,0,0,4,16,0
4,train,"Patch(Dictionary(BitPack))",SUM,3276,0.19995117,mmap_hot,selective_closure,114691.2,115800.2,116313.5,1504,1648,1648,7,0,3276,4928,576,0,0,0,4,16,0
4,train,"Patch(Dictionary(BitPack))",SUM,3276,0.19995117,mmap_hot,broad_fused,549950.0,553426.0,553986.0,4904,4928,4928,1,0,16384,4928,576,0,0,0,4,16,0
4,train,"Patch(Dictionary(BitPack))",SUM,3276,0.19995117,buffered_hot,selective_closure,121215.8,122037.0,122164.8,1504,1648,1648,7,0,3276,4928,576,0,0,0,4,16,0
4,train,"Patch(Dictionary(BitPack))",SUM,3276,0.19995117,buffered_hot,broad_fused,550641.0,555007.0,555168.0,4904,4928,4928,1,0,16384,4928,576,0,0,0,4,16,0
4,train,"Patch(Dictionary(BitPack))",SUM,3276,0.19995117,buffered_drop_cache,selective_closure,246277.0,248090.0,249462.0,1504,1648,1648,7,0,3276,4928,576,0,0,0,4,16,0
4,train,"Patch(Dictionary(BitPack))",SUM,3276,0.19995117,buffered_drop_cache,broad_fused,677240.0,678832.0,684621.0,4904,4928,4928,1,0,16384,4928,576,0,0,0,4,16,0
4,train,"Patch(Dictionary(BitPack))",BETWEEN,3276,0.19995117,memory_warm,selective_closure,120742.8,121063.0,121804.2,1504,1648,1648,7,0,3276,4928,576,0,0,0,4,16,0
4,train,"Patch(Dictionary(BitPack))",BETWEEN,3276,0.19995117,memory_warm,broad_fused,565123.0,568678.0,568889.0,4904,4928,4928,1,0,16384,4928,576,0,0,0,4,16,0
4,train,"Patch(Dictionary(BitPack))",BETWEEN,3276,0.19995117,mmap_hot,selective_closure,120567.5,121468.5,121686.5,1504,1648,1648,7,0,3276,4928,576,0,0,0,4,16,0
4,train,"Patch(Dictionary(BitPack))",BETWEEN,3276,0.19995117,mmap_hot,broad_fused,565283.0,569019.0,570621.0,4904,4928,4928,1,0,16384,4928,576,0,0,0,4,16,0
4,train,"Patch(Dictionary(BitPack))",BETWEEN,3276,0.19995117,buffered_hot,selective_closure,126916.0,126979.3,127407.0,1504,1648,1648,7,0,3276,4928,576,0,0,0,4,16,0
4,train,"Patch(Dictionary(BitPack))",BETWEEN,3276,0.19995117,buffered_hot,broad_fused,566455.0,570291.0,571412.0,4904,4928,4928,1,0,16384,4928,576,0,0,0,4,16,0
4,train,"Patch(Dictionary(BitPack))",BETWEEN,3276,0.19995117,buffered_drop_cache,selective_closure,253849.0,255721.0,256523.0,1504,1648,1648,7,0,3276,4928,576,0,0,0,4,16,0
4,train,"Patch(Dictionary(BitPack))",BETWEEN,3276,0.19995117,buffered_drop_cache,broad_fused,698351.0,699243.0,701707.0,4904,4928,4928,1,0,16384,4928,576,0,0,0,4,16,0
4,train,"Patch(Dictionary(BitPack))",SUM,4915,0.29998779,memory_warm,selective_closure,170950.0,170965.0,173674.0,1934,2096,2096,7,0,4915,4928,576,0,0,0,4,16,0
4,train,"Patch(Dictionary(BitPack))",SUM,4915,0.29998779,memory_warm,broad_fused,550451.0,554086.0,554567.0,4904,4928,4928,1,0,16384,4928,576,0,0,0,4,16,0
4,train,"Patch(Dictionary(BitPack))",SUM,4915,0.29998779,mmap_hot,selective_closure,171090.0,171140.5,171496.0,1934,2096,2096,7,0,4915,4928,576,0,0,0,4,16,0
4,train,"Patch(Dictionary(BitPack))",SUM,4915,0.29998779,mmap_hot,broad_fused,550921.0,554497.0,556540.0,4904,4928,4928,1,0,16384,4928,576,0,0,0,4,16,0
4,train,"Patch(Dictionary(BitPack))",SUM,4915,0.29998779,buffered_hot,selective_closure,177329.5,177479.5,180208.5,1934,2096,2096,7,0,4915,4928,576,0,0,0,4,16,0
4,train,"Patch(Dictionary(BitPack))",SUM,4915,0.29998779,buffered_hot,broad_fused,553656.0,556170.0,556229.0,4904,4928,4928,1,0,16384,4928,576,0,0,0,4,16,0
4,train,"Patch(Dictionary(BitPack))",SUM,4915,0.29998779,buffered_drop_cache,selective_closure,307478.0,308109.0,315841.0,1934,2096,2096,7,0,4915,4928,576,0,0,0,4,16,0
4,train,"Patch(Dictionary(BitPack))",SUM,4915,0.29998779,buffered_drop_cache,broad_fused,681176.0,682198.0,686504.0,4904,4928,4928,1,0,16384,4928,576,0,0,0,4,16,0
4,train,"Patch(Dictionary(BitPack))",BETWEEN,4915,0.29998779,memory_warm,selective_closure,179698.0,179938.5,181936.5,1934,2096,2096,7,0,4915,4928,576,0,0,0,4,16,0
4,train,"Patch(Dictionary(BitPack))",BETWEEN,4915,0.29998779,memory_warm,broad_fused,566274.0,570121.0,570711.0,4904,4928,4928,1,0,16384,4928,576,0,0,0,4,16,0
4,train,"Patch(Dictionary(BitPack))",BETWEEN,4915,0.29998779,mmap_hot,selective_closure,180033.5,180699.5,181821.5,1934,2096,2096,7,0,4915,4928,576,0,0,0,4,16,0
4,train,"Patch(Dictionary(BitPack))",BETWEEN,4915,0.29998779,mmap_hot,broad_fused,567256.0,572243.0,575298.0,4904,4928,4928,1,0,16384,4928,576,0,0,0,4,16,0
4,train,"Patch(Dictionary(BitPack))",BETWEEN,4915,0.29998779,buffered_hot,selective_closure,187094.0,187294.5,188591.0,1934,2096,2096,7,0,4915,4928,576,0,0,0,4,16,0
4,train,"Patch(Dictionary(BitPack))",BETWEEN,4915,0.29998779,buffered_hot,broad_fused,568899.0,572684.0,572845.0,4904,4928,4928,1,0,16384,4928,576,0,0,0,4,16,0
4,train,"Patch(Dictionary(BitPack))",BETWEEN,4915,0.29998779,buffered_drop_cache,selective_closure,314649.0,317433.0,321590.0,1934,2096,2096,7,0,4915,4928,576,0,0,0,4,16,0
4,train,"Patch(Dictionary(BitPack))",BETWEEN,4915,0.29998779,buffered_drop_cache,broad_fused,698892.0,700184.0,700354.0,4904,4928,4928,1,0,16384,4928,576,0,0,0,4,16,0
4,train,"Patch(Dictionary(BitPack))",SUM,6553,0.39996338,memory_warm,selective_closure,226988.5,227073.5,229112.0,2351,2480,2480,7,0,6553,4928,576,0,0,0,4,16,0
4,train,"Patch(Dictionary(BitPack))",SUM,6553,0.39996338,memory_warm,broad_fused,551212.0,551753.0,555649.0,4904,4928,4928,1,0,16384,4928,576,0,0,0,4,16,0
4,train,"Patch(Dictionary(BitPack))",SUM,6553,0.39996338,mmap_hot,selective_closure,227109.0,227109.0,229447.0,2351,2480,2480,7,0,6553,4928,576,0,0,0,4,16,0
4,train,"Patch(Dictionary(BitPack))",SUM,6553,0.39996338,mmap_hot,broad_fused,551633.0,556600.0,556700.0,4904,4928,4928,1,0,16384,4928,576,0,0,0,4,16,0
4,train,"Patch(Dictionary(BitPack))",SUM,6553,0.39996338,buffered_hot,selective_closure,233759.0,235376.0,235801.5,2351,2480,2480,7,0,6553,4928,576,0,0,0,4,16,0
4,train,"Patch(Dictionary(BitPack))",SUM,6553,0.39996338,buffered_hot,broad_fused,553345.0,557682.0,558072.0,4904,4928,4928,1,0,16384,4928,576,0,0,0,4,16,0
4,train,"Patch(Dictionary(BitPack))",SUM,6553,0.39996338,buffered_drop_cache,selective_closure,360708.0,363422.0,366827.0,2351,2480,2480,7,0,6553,4928,576,0,0,0,4,16,0
4,train,"Patch(Dictionary(BitPack))",SUM,6553,0.39996338,buffered_drop_cache,broad_fused,681025.0,681937.0,685402.0,4904,4928,4928,1,0,16384,4928,576,0,0,0,4,16,0
4,train,"Patch(Dictionary(BitPack))",BETWEEN,6553,0.39996338,memory_warm,selective_closure,238966.5,240038.0,240959.5,2351,2480,2480,7,0,6553,4928,576,0,0,0,4,16,0
4,train,"Patch(Dictionary(BitPack))",BETWEEN,6553,0.39996338,memory_warm,broad_fused,569479.0,572995.0,573916.0,4904,4928,4928,1,0,16384,4928,576,0,0,0,4,16,0
4,train,"Patch(Dictionary(BitPack))",BETWEEN,6553,0.39996338,mmap_hot,selective_closure,239056.5,239071.5,240759.0,2351,2480,2480,7,0,6553,4928,576,0,0,0,4,16,0
4,train,"Patch(Dictionary(BitPack))",BETWEEN,6553,0.39996338,mmap_hot,broad_fused,569119.0,573145.0,573205.0,4904,4928,4928,1,0,16384,4928,576,0,0,0,4,16,0
4,train,"Patch(Dictionary(BitPack))",BETWEEN,6553,0.39996338,buffered_hot,selective_closure,245320.5,247599.5,247714.0,2351,2480,2480,7,0,6553,4928,576,0,0,0,4,16,0
4,train,"Patch(Dictionary(BitPack))",BETWEEN,6553,0.39996338,buffered_hot,broad_fused,570501.0,572784.0,575489.0,4904,4928,4928,1,0,16384,4928,576,0,0,0,4,16,0
4,train,"Patch(Dictionary(BitPack))",BETWEEN,6553,0.39996338,buffered_drop_cache,selective_closure,376702.0,378264.0,385765.0,2351,2480,2480,7,0,6553,4928,576,0,0,0,4,16,0
4,train,"Patch(Dictionary(BitPack))",BETWEEN,6553,0.39996338,buffered_drop_cache,broad_fused,703229.0,703749.0,704070.0,4904,4928,4928,1,0,16384,4928,576,0,0,0,4,16,0
4,train,"Patch(Dictionary(BitPack))",SUM,8192,0.50000000,memory_warm,selective_closure,283794.0,283873.0,288660.0,2780,2864,2864,7,0,8192,4928,576,0,0,0,4,16,0
4,train,"Patch(Dictionary(BitPack))",SUM,8192,0.50000000,memory_warm,broad_fused,552724.0,553075.0,557512.0,4904,4928,4928,1,0,16384,4928,576,0,0,0,4,16,0
4,train,"Patch(Dictionary(BitPack))",SUM,8192,0.50000000,mmap_hot,selective_closure,283453.0,284725.0,287198.0,2780,2864,2864,7,0,8192,4928,576,0,0,0,4,16,0
4,train,"Patch(Dictionary(BitPack))",SUM,8192,0.50000000,mmap_hot,broad_fused,553255.0,557361.0,560045.0,4904,4928,4928,1,0,16384,4928,576,0,0,0,4,16,0
4,train,"Patch(Dictionary(BitPack))",SUM,8192,0.50000000,buffered_hot,selective_closure,289813.0,290964.0,291264.0,2780,2864,2864,7,0,8192,4928,576,0,0,0,4,16,0
4,train,"Patch(Dictionary(BitPack))",SUM,8192,0.50000000,buffered_hot,broad_fused,554847.0,558013.0,560416.0,4904,4928,4928,1,0,16384,4928,576,0,0,0,4,16,0
4,train,"Patch(Dictionary(BitPack))",SUM,8192,0.50000000,buffered_drop_cache,selective_closure,417503.0,419015.0,420217.0,2780,2864,2864,7,0,8192,4928,576,0,0,0,4,16,0
4,train,"Patch(Dictionary(BitPack))",SUM,8192,0.50000000,buffered_drop_cache,broad_fused,681657.0,687145.0,688157.0,4904,4928,4928,1,0,16384,4928,576,0,0,0,4,16,0
4,train,"Patch(Dictionary(BitPack))",BETWEEN,8192,0.50000000,memory_warm,selective_closure,298255.0,298625.0,302782.0,2780,2864,2864,7,0,8192,4928,576,0,0,0,4,16,0
4,train,"Patch(Dictionary(BitPack))",BETWEEN,8192,0.50000000,memory_warm,broad_fused,571142.0,574778.0,575178.0,4904,4928,4928,1,0,16384,4928,576,0,0,0,4,16,0
4,train,"Patch(Dictionary(BitPack))",BETWEEN,8192,0.50000000,mmap_hot,selective_closure,298175.0,298816.0,303433.0,2780,2864,2864,7,0,8192,4928,576,0,0,0,4,16,0
4,train,"Patch(Dictionary(BitPack))",BETWEEN,8192,0.50000000,mmap_hot,broad_fused,570791.0,574768.0,574857.0,4904,4928,4928,1,0,16384,4928,576,0,0,0,4,16,0
4,train,"Patch(Dictionary(BitPack))",BETWEEN,8192,0.50000000,buffered_hot,selective_closure,304715.0,304815.0,309211.0,2780,2864,2864,7,0,8192,4928,576,0,0,0,4,16,0
4,train,"Patch(Dictionary(BitPack))",BETWEEN,8192,0.50000000,buffered_hot,broad_fused,572864.0,578663.0,578754.0,4904,4928,4928,1,0,16384,4928,576,0,0,0,4,16,0
4,train,"Patch(Dictionary(BitPack))",BETWEEN,8192,0.50000000,buffered_drop_cache,selective_closure,431053.0,434048.0,439416.0,2780,2864,2864,7,0,8192,4928,576,0,0,0,4,16,0
4,train,"Patch(Dictionary(BitPack))",BETWEEN,8192,0.50000000,buffered_drop_cache,broad_fused,701967.0,703239.0,708497.0,4904,4928,4928,1,0,16384,4928,576,0,0,0,4,16,0
4,train,"Patch(Dictionary(BitPack))",SUM,9830,0.59997559,memory_warm,selective_closure,339726.0,339777.0,344104.0,3210,3312,3312,7,0,9830,4928,576,0,0,0,4,16,0
4,train,"Patch(Dictionary(BitPack))",SUM,9830,0.59997559,memory_warm,broad_fused,554167.0,557772.0,558002.0,4904,4928,4928,1,0,16384,4928,576,0,0,0,4,16,0
4,train,"Patch(Dictionary(BitPack))",SUM,9830,0.59997559,mmap_hot,selective_closure,340027.0,340338.0,343803.0,3210,3312,3312,7,0,9830,4928,576,0,0,0,4,16,0
4,train,"Patch(Dictionary(BitPack))",SUM,9830,0.59997559,mmap_hot,broad_fused,554727.0,555038.0,557832.0,4904,4928,4928,1,0,16384,4928,576,0,0,0,4,16,0
4,train,"Patch(Dictionary(BitPack))",SUM,9830,0.59997559,buffered_hot,selective_closure,346527.0,346767.0,350383.0,3210,3312,3312,7,0,9830,4928,576,0,0,0,4,16,0
4,train,"Patch(Dictionary(BitPack))",SUM,9830,0.59997559,buffered_hot,broad_fused,556160.0,559304.0,560756.0,4904,4928,4928,1,0,16384,4928,576,0,0,0,4,16,0
4,train,"Patch(Dictionary(BitPack))",SUM,9830,0.59997559,buffered_drop_cache,selective_closure,474789.0,476040.0,478614.0,3210,3312,3312,7,0,9830,4928,576,0,0,0,4,16,0
4,train,"Patch(Dictionary(BitPack))",SUM,9830,0.59997559,buffered_drop_cache,broad_fused,688127.0,689578.0,691311.0,4904,4928,4928,1,0,16384,4928,576,0,0,0,4,16,0
4,train,"Patch(Dictionary(BitPack))",BETWEEN,9830,0.59997559,memory_warm,selective_closure,357363.0,357954.0,361930.0,3210,3312,3312,7,0,9830,4928,576,0,0,0,4,16,0
4,train,"Patch(Dictionary(BitPack))",BETWEEN,9830,0.59997559,memory_warm,broad_fused,573165.0,578072.0,578093.0,4904,4928,4928,1,0,16384,4928,576,0,0,0,4,16,0
4,train,"Patch(Dictionary(BitPack))",BETWEEN,9830,0.59997559,mmap_hot,selective_closure,357914.0,358294.0,361730.0,3210,3312,3312,7,0,9830,4928,576,0,0,0,4,16,0
4,train,"Patch(Dictionary(BitPack))",BETWEEN,9830,0.59997559,mmap_hot,broad_fused,576530.0,577131.0,578743.0,4904,4928,4928,1,0,16384,4928,576,0,0,0,4,16,0
4,train,"Patch(Dictionary(BitPack))",BETWEEN,9830,0.59997559,buffered_hot,selective_closure,364214.0,364524.0,369130.0,3210,3312,3312,7,0,9830,4928,576,0,0,0,4,16,0
4,train,"Patch(Dictionary(BitPack))",BETWEEN,9830,0.59997559,buffered_hot,broad_fused,576019.0,579514.0,584051.0,4904,4928,4928,1,0,16384,4928,576,0,0,0,4,16,0
4,train,"Patch(Dictionary(BitPack))",BETWEEN,9830,0.59997559,buffered_drop_cache,selective_closure,495239.0,500757.0,500927.0,3210,3312,3312,7,0,9830,4928,576,0,0,0,4,16,0
4,train,"Patch(Dictionary(BitPack))",BETWEEN,9830,0.59997559,buffered_drop_cache,broad_fused,707666.0,707796.0,710340.0,4904,4928,4928,1,0,16384,4928,576,0,0,0,4,16,0
4,train,"Patch(Dictionary(BitPack))",SUM,11468,0.69995117,memory_warm,selective_closure,396031.0,396171.0,401178.0,3640,3696,3696,7,0,11468,4928,576,0,0,0,4,16,0
4,train,"Patch(Dictionary(BitPack))",SUM,11468,0.69995117,memory_warm,broad_fused,555609.0,556219.0,559284.0,4904,4928,4928,1,0,16384,4928,576,0,0,0,4,16,0
4,train,"Patch(Dictionary(BitPack))",SUM,11468,0.69995117,mmap_hot,selective_closure,396852.0,397614.0,400457.0,3640,3696,3696,7,0,11468,4928,576,0,0,0,4,16,0
4,train,"Patch(Dictionary(BitPack))",SUM,11468,0.69995117,mmap_hot,broad_fused,555749.0,559474.0,560266.0,4904,4928,4928,1,0,16384,4928,576,0,0,0,4,16,0
4,train,"Patch(Dictionary(BitPack))",SUM,11468,0.69995117,buffered_hot,selective_closure,403111.0,406025.0,408139.0,3640,3696,3696,7,0,11468,4928,576,0,0,0,4,16,0
4,train,"Patch(Dictionary(BitPack))",SUM,11468,0.69995117,buffered_hot,broad_fused,557492.0,562018.0,562118.0,4904,4928,4928,1,0,16384,4928,576,0,0,0,4,16,0
4,train,"Patch(Dictionary(BitPack))",SUM,11468,0.69995117,buffered_drop_cache,selective_closure,530161.0,535188.0,540766.0,3640,3696,3696,7,0,11468,4928,576,0,0,0,4,16,0
4,train,"Patch(Dictionary(BitPack))",SUM,11468,0.69995117,buffered_drop_cache,broad_fused,685042.0,688327.0,689098.0,4904,4928,4928,1,0,16384,4928,576,0,0,0,4,16,0
4,train,"Patch(Dictionary(BitPack))",BETWEEN,11468,0.69995117,memory_warm,selective_closure,415800.0,416131.0,420207.0,3640,3696,3696,7,0,11468,4928,576,0,0,0,4,16,0
4,train,"Patch(Dictionary(BitPack))",BETWEEN,11468,0.69995117,memory_warm,broad_fused,576290.0,580626.0,580796.0,4904,4928,4928,1,0,16384,4928,576,0,0,0,4,16,0
4,train,"Patch(Dictionary(BitPack))",BETWEEN,11468,0.69995117,mmap_hot,selective_closure,415790.0,415971.0,419786.0,3640,3696,3696,7,0,11468,4928,576,0,0,0,4,16,0
4,train,"Patch(Dictionary(BitPack))",BETWEEN,11468,0.69995117,mmap_hot,broad_fused,576100.0,579725.0,580075.0,4904,4928,4928,1,0,16384,4928,576,0,0,0,4,16,0
4,train,"Patch(Dictionary(BitPack))",BETWEEN,11468,0.69995117,buffered_hot,selective_closure,424202.0,424413.0,427828.0,3640,3696,3696,7,0,11468,4928,576,0,0,0,4,16,0
4,train,"Patch(Dictionary(BitPack))",BETWEEN,11468,0.69995117,buffered_hot,broad_fused,578273.0,580987.0,583040.0,4904,4928,4928,1,0,16384,4928,576,0,0,0,4,16,0
4,train,"Patch(Dictionary(BitPack))",BETWEEN,11468,0.69995117,buffered_drop_cache,selective_closure,550881.0,552124.0,555368.0,3640,3696,3696,7,0,11468,4928,576,0,0,0,4,16,0
4,train,"Patch(Dictionary(BitPack))",BETWEEN,11468,0.69995117,buffered_drop_cache,broad_fused,708497.0,710400.0,711982.0,4904,4928,4928,1,0,16384,4928,576,0,0,0,4,16,0
4,train,"Patch(Dictionary(BitPack))",SUM,13107,0.79998779,memory_warm,selective_closure,453436.0,454097.0,456861.0,4062,4144,4144,7,0,13107,4928,576,0,0,0,4,16,0
4,train,"Patch(Dictionary(BitPack))",SUM,13107,0.79998779,memory_warm,broad_fused,557071.0,558113.0,561788.0,4904,4928,4928,1,0,16384,4928,576,0,0,0,4,16,0
4,train,"Patch(Dictionary(BitPack))",SUM,13107,0.79998779,mmap_hot,selective_closure,453647.0,453897.0,457433.0,4062,4144,4144,7,0,13107,4928,576,0,0,0,4,16,0
4,train,"Patch(Dictionary(BitPack))",SUM,13107,0.79998779,mmap_hot,broad_fused,557131.0,557732.0,562309.0,4904,4928,4928,1,0,16384,4928,576,0,0,0,4,16,0
4,train,"Patch(Dictionary(BitPack))",SUM,13107,0.79998779,buffered_hot,selective_closure,459526.0,459595.0,463832.0,4062,4144,4144,7,0,13107,4928,576,0,0,0,4,16,0
4,train,"Patch(Dictionary(BitPack))",SUM,13107,0.79998779,buffered_hot,broad_fused,559164.0,562318.0,563150.0,4904,4928,4928,1,0,16384,4928,576,0,0,0,4,16,0
4,train,"Patch(Dictionary(BitPack))",SUM,13107,0.79998779,buffered_drop_cache,selective_closure,588057.0,589008.0,593866.0,4062,4144,4144,7,0,13107,4928,576,0,0,0,4,16,0
4,train,"Patch(Dictionary(BitPack))",SUM,13107,0.79998779,buffered_drop_cache,broad_fused,686144.0,687916.0,691131.0,4904,4928,4928,1,0,16384,4928,576,0,0,0,4,16,0
4,train,"Patch(Dictionary(BitPack))",BETWEEN,13107,0.79998779,memory_warm,selective_closure,475479.0,475990.0,478854.0,4062,4144,4144,7,0,13107,4928,576,0,0,0,4,16,0
4,train,"Patch(Dictionary(BitPack))",BETWEEN,13107,0.79998779,memory_warm,broad_fused,578352.0,581266.0,582128.0,4904,4928,4928,1,0,16384,4928,576,0,0,0,4,16,0
4,train,"Patch(Dictionary(BitPack))",BETWEEN,13107,0.79998779,mmap_hot,selective_closure,476040.0,477081.0,480878.0,4062,4144,4144,7,0,13107,4928,576,0,0,0,4,16,0
4,train,"Patch(Dictionary(BitPack))",BETWEEN,13107,0.79998779,mmap_hot,broad_fused,578012.0,582408.0,582740.0,4904,4928,4928,1,0,16384,4928,576,0,0,0,4,16,0
4,train,"Patch(Dictionary(BitPack))",BETWEEN,13107,0.79998779,buffered_hot,selective_closure,483271.0,485624.0,488238.0,4062,4144,4144,7,0,13107,4928,576,0,0,0,4,16,0
4,train,"Patch(Dictionary(BitPack))",BETWEEN,13107,0.79998779,buffered_hot,broad_fused,579845.0,583490.0,583621.0,4904,4928,4928,1,0,16384,4928,576,0,0,0,4,16,0
4,train,"Patch(Dictionary(BitPack))",BETWEEN,13107,0.79998779,buffered_drop_cache,selective_closure,613675.0,619764.0,620245.0,4062,4144,4144,7,0,13107,4928,576,0,0,0,4,16,0
4,train,"Patch(Dictionary(BitPack))",BETWEEN,13107,0.79998779,buffered_drop_cache,broad_fused,713103.0,713644.0,715737.0,4904,4928,4928,1,0,16384,4928,576,0,0,0,4,16,0
4,train,"Patch(Dictionary(BitPack))",SUM,14745,0.89996338,memory_warm,selective_closure,508529.0,508709.0,513095.0,4487,4528,4528,7,0,14745,4928,576,0,0,0,4,16,0
4,train,"Patch(Dictionary(BitPack))",SUM,14745,0.89996338,memory_warm,broad_fused,558623.0,562139.0,563831.0,4904,4928,4928,1,0,16384,4928,576,0,0,0,4,16,0
4,train,"Patch(Dictionary(BitPack))",SUM,14745,0.89996338,mmap_hot,selective_closure,509570.0,510491.0,513326.0,4487,4528,4528,7,0,14745,4928,576,0,0,0,4,16,0
4,train,"Patch(Dictionary(BitPack))",SUM,14745,0.89996338,mmap_hot,broad_fused,559715.0,561758.0,563310.0,4904,4928,4928,1,0,16384,4928,576,0,0,0,4,16,0
4,train,"Patch(Dictionary(BitPack))",SUM,14745,0.89996338,buffered_hot,selective_closure,517292.0,519765.0,520145.0,4487,4528,4528,7,0,14745,4928,576,0,0,0,4,16,0
4,train,"Patch(Dictionary(BitPack))",SUM,14745,0.89996338,buffered_hot,broad_fused,561157.0,564933.0,566585.0,4904,4928,4928,1,0,16384,4928,576,0,0,0,4,16,0
4,train,"Patch(Dictionary(BitPack))",SUM,14745,0.89996338,buffered_drop_cache,selective_closure,646394.0,648597.0,653695.0,4487,4528,4528,7,0,14745,4928,576,0,0,0,4,16,0
4,train,"Patch(Dictionary(BitPack))",SUM,14745,0.89996338,buffered_drop_cache,broad_fused,688917.0,692422.0,693063.0,4904,4928,4928,1,0,16384,4928,576,0,0,0,4,16,0
4,train,"Patch(Dictionary(BitPack))",BETWEEN,14745,0.89996338,memory_warm,selective_closure,536560.0,538262.0,539745.0,4487,4528,4528,7,0,14745,4928,576,0,0,0,4,16,0
4,train,"Patch(Dictionary(BitPack))",BETWEEN,14745,0.89996338,memory_warm,broad_fused,582368.0,586334.0,586755.0,4904,4928,4928,1,0,16384,4928,576,0,0,0,4,16,0
4,train,"Patch(Dictionary(BitPack))",BETWEEN,14745,0.89996338,mmap_hot,selective_closure,535739.0,536771.0,540596.0,4487,4528,4528,7,0,14745,4928,576,0,0,0,4,16,0
4,train,"Patch(Dictionary(BitPack))",BETWEEN,14745,0.89996338,mmap_hot,broad_fused,580756.0,584742.0,584742.0,4904,4928,4928,1,0,16384,4928,576,0,0,0,4,16,0
4,train,"Patch(Dictionary(BitPack))",BETWEEN,14745,0.89996338,buffered_hot,selective_closure,542669.0,542699.0,547236.0,4487,4528,4528,7,0,14745,4928,576,0,0,0,4,16,0
4,train,"Patch(Dictionary(BitPack))",BETWEEN,14745,0.89996338,buffered_hot,broad_fused,583450.0,587086.0,587306.0,4904,4928,4928,1,0,16384,4928,576,0,0,0,4,16,0
4,train,"Patch(Dictionary(BitPack))",BETWEEN,14745,0.89996338,buffered_drop_cache,selective_closure,672894.0,673755.0,677941.0,4487,4528,4528,7,0,14745,4928,576,0,0,0,4,16,0
4,train,"Patch(Dictionary(BitPack))",BETWEEN,14745,0.89996338,buffered_drop_cache,broad_fused,710971.0,712523.0,716098.0,4904,4928,4928,1,0,16384,4928,576,0,0,0,4,16,0
4,train,"Patch(Dictionary(BitPack))",SUM,16384,1.00000000,memory_warm,selective_closure,567386.0,569500.0,570010.0,4904,4912,4912,7,0,16384,4928,576,0,0,0,4,16,0
4,train,"Patch(Dictionary(BitPack))",SUM,16384,1.00000000,memory_warm,broad_fused,559575.0,563511.0,564011.0,4904,4928,4928,1,0,16384,4928,576,0,0,0,4,16,0
4,train,"Patch(Dictionary(BitPack))",SUM,16384,1.00000000,mmap_hot,selective_closure,565283.0,568528.0,570331.0,4904,4912,4912,7,0,16384,4928,576,0,0,0,4,16,0
4,train,"Patch(Dictionary(BitPack))",SUM,16384,1.00000000,mmap_hot,broad_fused,559625.0,563490.0,563801.0,4904,4928,4928,1,0,16384,4928,576,0,0,0,4,16,0
4,train,"Patch(Dictionary(BitPack))",SUM,16384,1.00000000,buffered_hot,selective_closure,573415.0,575568.0,577752.0,4904,4912,4912,7,0,16384,4928,576,0,0,0,4,16,0
4,train,"Patch(Dictionary(BitPack))",SUM,16384,1.00000000,buffered_hot,broad_fused,561497.0,561507.0,565774.0,4904,4928,4928,1,0,16384,4928,576,0,0,0,4,16,0
4,train,"Patch(Dictionary(BitPack))",SUM,16384,1.00000000,buffered_drop_cache,selective_closure,701666.0,708476.0,708697.0,4904,4912,4912,7,0,16384,4928,576,0,0,0,4,16,0
4,train,"Patch(Dictionary(BitPack))",SUM,16384,1.00000000,buffered_drop_cache,broad_fused,690710.0,691020.0,693665.0,4904,4928,4928,1,0,16384,4928,576,0,0,0,4,16,0
4,train,"Patch(Dictionary(BitPack))",BETWEEN,16384,1.00000000,memory_warm,selective_closure,595168.0,598443.0,599564.0,4904,4912,4912,7,0,16384,4928,576,0,0,0,4,16,0
4,train,"Patch(Dictionary(BitPack))",BETWEEN,16384,1.00000000,memory_warm,broad_fused,583009.0,587036.0,587647.0,4904,4928,4928,1,0,16384,4928,576,0,0,0,4,16,0
4,train,"Patch(Dictionary(BitPack))",BETWEEN,16384,1.00000000,mmap_hot,selective_closure,595288.0,599034.0,599865.0,4904,4912,4912,7,0,16384,4928,576,0,0,0,4,16,0
4,train,"Patch(Dictionary(BitPack))",BETWEEN,16384,1.00000000,mmap_hot,broad_fused,582489.0,583040.0,587626.0,4904,4928,4928,1,0,16384,4928,576,0,0,0,4,16,0
4,train,"Patch(Dictionary(BitPack))",BETWEEN,16384,1.00000000,buffered_hot,selective_closure,601277.0,605243.0,605804.0,4904,4912,4912,7,0,16384,4928,576,0,0,0,4,16,0
4,train,"Patch(Dictionary(BitPack))",BETWEEN,16384,1.00000000,buffered_hot,broad_fused,584382.0,589019.0,589209.0,4904,4928,4928,1,0,16384,4928,576,0,0,0,4,16,0
4,train,"Patch(Dictionary(BitPack))",BETWEEN,16384,1.00000000,buffered_drop_cache,selective_closure,730610.0,738131.0,741165.0,4904,4912,4912,7,0,16384,4928,576,0,0,0,4,16,0
4,train,"Patch(Dictionary(BitPack))",BETWEEN,16384,1.00000000,buffered_drop_cache,broad_fused,713965.0,717109.0,717770.0,4904,4928,4928,1,0,16384,4928,576,0,0,0,4,16,0
5,train,"Nullable(Patch(FOR(Delta(BitPack))))",SUM,1,0.00006104,memory_warm,selective_closure,4205.3,4220.3,4248.2,951,1172,1172,8,0,1,15456,832,0,61,0,0,15,1
5,train,"Nullable(Patch(FOR(Delta(BitPack))))",SUM,1,0.00006104,memory_warm,broad_fused,1899273.0,1899583.0,1901296.0,15133,15456,15456,1,0,16384,15456,832,0,61,0,0,15,1
5,train,"Nullable(Patch(FOR(Delta(BitPack))))",SUM,1,0.00006104,mmap_hot,selective_closure,4589.1,4612.5,4634.5,951,1172,1172,8,0,1,15456,832,0,61,0,0,15,1
5,train,"Nullable(Patch(FOR(Delta(BitPack))))",SUM,1,0.00006104,mmap_hot,broad_fused,1903920.0,1904821.0,1906413.0,15133,15456,15456,1,0,16384,15456,832,0,61,0,0,15,1
5,train,"Nullable(Patch(FOR(Delta(BitPack))))",SUM,1,0.00006104,buffered_hot,selective_closure,11445.4,11572.0,11589.2,951,1172,1172,8,0,1,15456,832,0,61,0,0,15,1
5,train,"Nullable(Patch(FOR(Delta(BitPack))))",SUM,1,0.00006104,buffered_hot,broad_fused,1902998.0,1903309.0,1905432.0,15133,15456,15456,1,0,16384,15456,832,0,61,0,0,15,1
5,train,"Nullable(Patch(FOR(Delta(BitPack))))",SUM,1,0.00006104,buffered_drop_cache,selective_closure,157234.0,157715.0,159688.0,951,1172,1172,8,0,1,15456,832,0,61,0,0,15,1
5,train,"Nullable(Patch(FOR(Delta(BitPack))))",SUM,1,0.00006104,buffered_drop_cache,broad_fused,2067614.0,2068194.0,2072010.0,15133,15456,15456,1,0,16384,15456,832,0,61,0,0,15,1
5,train,"Nullable(Patch(FOR(Delta(BitPack))))",BETWEEN,1,0.00006104,memory_warm,selective_closure,4238.2,4241.3,4297.0,951,1172,1172,8,0,1,15456,832,0,61,0,0,15,1
5,train,"Nullable(Patch(FOR(Delta(BitPack))))",BETWEEN,1,0.00006104,memory_warm,broad_fused,1914956.0,1915727.0,1915817.0,15133,15456,15456,1,0,16384,15456,832,0,61,0,0,15,1
5,train,"Nullable(Patch(FOR(Delta(BitPack))))",BETWEEN,1,0.00006104,mmap_hot,selective_closure,4541.6,4592.2,4610.2,951,1172,1172,8,0,1,15456,832,0,61,0,0,15,1
5,train,"Nullable(Patch(FOR(Delta(BitPack))))",BETWEEN,1,0.00006104,mmap_hot,broad_fused,1911761.0,1912262.0,1914656.0,15133,15456,15456,1,0,16384,15456,832,0,61,0,0,15,1
5,train,"Nullable(Patch(FOR(Delta(BitPack))))",BETWEEN,1,0.00006104,buffered_hot,selective_closure,11438.3,11460.7,11556.3,951,1172,1172,8,0,1,15456,832,0,61,0,0,15,1
5,train,"Nullable(Patch(FOR(Delta(BitPack))))",BETWEEN,1,0.00006104,buffered_hot,broad_fused,1913033.0,1913735.0,1918822.0,15133,15456,15456,1,0,16384,15456,832,0,61,0,0,15,1
5,train,"Nullable(Patch(FOR(Delta(BitPack))))",BETWEEN,1,0.00006104,buffered_drop_cache,selective_closure,158056.0,158596.0,162612.0,951,1172,1172,8,0,1,15456,832,0,61,0,0,15,1
5,train,"Nullable(Patch(FOR(Delta(BitPack))))",BETWEEN,1,0.00006104,buffered_drop_cache,broad_fused,2077209.0,2080523.0,2086352.0,15133,15456,15456,1,0,16384,15456,832,0,61,0,0,15,1
5,train,"Nullable(Patch(FOR(Delta(BitPack))))",SUM,4,0.00024414,memory_warm,selective_closure,4454.6,4475.2,4483.5,953,1204,1204,9,0,4,15456,832,0,61,0,0,15,1
5,train,"Nullable(Patch(FOR(Delta(BitPack))))",SUM,4,0.00024414,memory_warm,broad_fused,1907435.0,1908116.0,1908206.0,15133,15456,15456,1,0,16384,15456,832,0,61,0,0,15,1
5,train,"Nullable(Patch(FOR(Delta(BitPack))))",SUM,4,0.00024414,mmap_hot,selective_closure,4719.0,4732.2,4762.1,953,1204,1204,9,0,4,15456,832,0,61,0,0,15,1
5,train,"Nullable(Patch(FOR(Delta(BitPack))))",SUM,4,0.00024414,mmap_hot,broad_fused,1901375.0,1902398.0,1903680.0,15133,15456,15456,1,0,16384,15456,832,0,61,0,0,15,1
5,train,"Nullable(Patch(FOR(Delta(BitPack))))",SUM,4,0.00024414,buffered_hot,selective_closure,12571.6,12658.1,12729.5,953,1204,1204,9,0,4,15456,832,0,61,0,0,15,1
5,train,"Nullable(Patch(FOR(Delta(BitPack))))",SUM,4,0.00024414,buffered_hot,broad_fused,1899504.0,1901777.0,1904851.0,15133,15456,15456,1,0,16384,15456,832,0,61,0,0,15,1
5,train,"Nullable(Patch(FOR(Delta(BitPack))))",SUM,4,0.00024414,buffered_drop_cache,selective_closure,172127.0,185507.0,224806.0,953,1204,1204,9,0,4,15456,832,0,61,0,0,15,1
5,train,"Nullable(Patch(FOR(Delta(BitPack))))",SUM,4,0.00024414,buffered_drop_cache,broad_fused,2050348.0,2054334.0,2061775.0,15133,15456,15456,1,0,16384,15456,832,0,61,0,0,15,1
5,train,"Nullable(Patch(FOR(Delta(BitPack))))",BETWEEN,4,0.00024414,memory_warm,selective_closure,4534.5,4545.4,4573.5,953,1204,1204,9,0,4,15456,832,0,61,0,0,15,1
5,train,"Nullable(Patch(FOR(Delta(BitPack))))",BETWEEN,4,0.00024414,memory_warm,broad_fused,1908867.0,1909809.0,1910990.0,15133,15456,15456,1,0,16384,15456,832,0,61,0,0,15,1
5,train,"Nullable(Patch(FOR(Delta(BitPack))))",BETWEEN,4,0.00024414,mmap_hot,selective_closure,4753.7,4753.8,4804.6,953,1204,1204,9,0,4,15456,832,0,61,0,0,15,1
5,train,"Nullable(Patch(FOR(Delta(BitPack))))",BETWEEN,4,0.00024414,mmap_hot,broad_fused,1913094.0,1913214.0,1917340.0,15133,15456,15456,1,0,16384,15456,832,0,61,0,0,15,1
5,train,"Nullable(Patch(FOR(Delta(BitPack))))",BETWEEN,4,0.00024414,buffered_hot,selective_closure,12629.6,12726.0,12727.4,953,1204,1204,9,0,4,15456,832,0,61,0,0,15,1
5,train,"Nullable(Patch(FOR(Delta(BitPack))))",BETWEEN,4,0.00024414,buffered_hot,broad_fused,1909778.0,1915717.0,1917389.0,15133,15456,15456,1,0,16384,15456,832,0,61,0,0,15,1
5,train,"Nullable(Patch(FOR(Delta(BitPack))))",BETWEEN,4,0.00024414,buffered_drop_cache,selective_closure,158646.0,159277.0,161551.0,953,1204,1204,9,0,4,15456,832,0,61,0,0,15,1
5,train,"Nullable(Patch(FOR(Delta(BitPack))))",BETWEEN,4,0.00024414,buffered_drop_cache,broad_fused,2073032.0,2074504.0,2079051.0,15133,15456,15456,1,0,16384,15456,832,0,61,0,0,15,1
5,train,"Nullable(Patch(FOR(Delta(BitPack))))",SUM,16,0.00097656,memory_warm,selective_closure,5726.0,5767.1,5769.3,957,1204,1204,9,0,16,15456,832,0,61,0,0,15,1
5,train,"Nullable(Patch(FOR(Delta(BitPack))))",SUM,16,0.00097656,memory_warm,broad_fused,1903729.0,1905713.0,1906213.0,15133,15456,15456,1,0,16384,15456,832,0,61,0,0,15,1
5,train,"Nullable(Patch(FOR(Delta(BitPack))))",SUM,16,0.00097656,mmap_hot,selective_closure,5987.7,6011.7,6011.7,957,1204,1204,9,0,16,15456,832,0,61,0,0,15,1
5,train,"Nullable(Patch(FOR(Delta(BitPack))))",SUM,16,0.00097656,mmap_hot,broad_fused,1901787.0,1902758.0,1905151.0,15133,15456,15456,1,0,16384,15456,832,0,61,0,0,15,1
5,train,"Nullable(Patch(FOR(Delta(BitPack))))",SUM,16,0.00097656,buffered_hot,selective_closure,13866.9,13879.8,13976.8,957,1204,1204,9,0,16,15456,832,0,61,0,0,15,1
5,train,"Nullable(Patch(FOR(Delta(BitPack))))",SUM,16,0.00097656,buffered_hot,broad_fused,1904220.0,1904601.0,1913664.0,15133,15456,15456,1,0,16384,15456,832,0,61,0,0,15,1
5,train,"Nullable(Patch(FOR(Delta(BitPack))))",SUM,16,0.00097656,buffered_drop_cache,selective_closure,157825.0,158877.0,162683.0,957,1204,1204,9,0,16,15456,832,0,61,0,0,15,1
5,train,"Nullable(Patch(FOR(Delta(BitPack))))",SUM,16,0.00097656,buffered_drop_cache,broad_fused,2060192.0,2062266.0,2064910.0,15133,15456,15456,1,0,16384,15456,832,0,61,0,0,15,1
5,train,"Nullable(Patch(FOR(Delta(BitPack))))",BETWEEN,16,0.00097656,memory_warm,selective_closure,5715.5,5736.2,5765.0,957,1204,1204,9,0,16,15456,832,0,61,0,0,15,1
5,train,"Nullable(Patch(FOR(Delta(BitPack))))",BETWEEN,16,0.00097656,memory_warm,broad_fused,1907585.0,1908246.0,1910209.0,15133,15456,15456,1,0,16384,15456,832,0,61,0,0,15,1
5,train,"Nullable(Patch(FOR(Delta(BitPack))))",BETWEEN,16,0.00097656,mmap_hot,selective_closure,5997.0,6046.6,6053.7,957,1204,1204,9,0,16,15456,832,0,61,0,0,15,1
5,train,"Nullable(Patch(FOR(Delta(BitPack))))",BETWEEN,16,0.00097656,mmap_hot,broad_fused,1908887.0,1912622.0,1912763.0,15133,15456,15456,1,0,16384,15456,832,0,61,0,0,15,1
5,train,"Nullable(Patch(FOR(Delta(BitPack))))",BETWEEN,16,0.00097656,buffered_hot,selective_closure,13919.6,13997.1,14079.5,957,1204,1204,9,0,16,15456,832,0,61,0,0,15,1
5,train,"Nullable(Patch(FOR(Delta(BitPack))))",BETWEEN,16,0.00097656,buffered_hot,broad_fused,1913174.0,1914636.0,1914816.0,15133,15456,15456,1,0,16384,15456,832,0,61,0,0,15,1
5,train,"Nullable(Patch(FOR(Delta(BitPack))))",BETWEEN,16,0.00097656,buffered_drop_cache,selective_closure,158436.0,158616.0,159758.0,957,1204,1204,9,0,16,15456,832,0,61,0,0,15,1
5,train,"Nullable(Patch(FOR(Delta(BitPack))))",BETWEEN,16,0.00097656,buffered_drop_cache,broad_fused,2076097.0,2076507.0,2077108.0,15133,15456,15456,1,0,16384,15456,832,0,61,0,0,15,1
5,train,"Nullable(Patch(FOR(Delta(BitPack))))",SUM,64,0.00390625,memory_warm,selective_closure,9240.9,9244.5,9353.2,977,1204,1204,9,0,64,15456,832,0,61,0,0,15,1
5,train,"Nullable(Patch(FOR(Delta(BitPack))))",SUM,64,0.00390625,memory_warm,broad_fused,1895137.0,1896870.0,1901165.0,15133,15456,15456,1,0,16384,15456,832,0,61,0,0,15,1
5,train,"Nullable(Patch(FOR(Delta(BitPack))))",SUM,64,0.00390625,mmap_hot,selective_closure,9522.0,9599.8,9601.8,977,1204,1204,9,0,64,15456,832,0,61,0,0,15,1
5,train,"Nullable(Patch(FOR(Delta(BitPack))))",SUM,64,0.00390625,mmap_hot,broad_fused,1899703.0,1899894.0,1900244.0,15133,15456,15456,1,0,16384,15456,832,0,61,0,0,15,1
5,train,"Nullable(Patch(FOR(Delta(BitPack))))",SUM,64,0.00390625,buffered_hot,selective_closure,17517.6,17605.5,17633.7,977,1204,1204,9,0,64,15456,832,0,61,0,0,15,1
5,train,"Nullable(Patch(FOR(Delta(BitPack))))",SUM,64,0.00390625,buffered_hot,broad_fused,1902538.0,1902948.0,1903489.0,15133,15456,15456,1,0,16384,15456,832,0,61,0,0,15,1
5,train,"Nullable(Patch(FOR(Delta(BitPack))))",SUM,64,0.00390625,buffered_drop_cache,selective_closure,187780.0,187860.0,190154.0,977,1204,1204,9,0,64,15456,832,0,61,0,0,15,1
5,train,"Nullable(Patch(FOR(Delta(BitPack))))",SUM,64,0.00390625,buffered_drop_cache,broad_fused,2062917.0,2065531.0,2073212.0,15133,15456,15456,1,0,16384,15456,832,0,61,0,0,15,1
5,train,"Nullable(Patch(FOR(Delta(BitPack))))",BETWEEN,64,0.00390625,memory_warm,selective_closure,9409.5,9446.5,9469.2,977,1204,1204,9,0,64,15456,832,0,61,0,0,15,1
5,train,"Nullable(Patch(FOR(Delta(BitPack))))",BETWEEN,64,0.00390625,memory_warm,broad_fused,1912453.0,1912803.0,1915728.0,15133,15456,15456,1,0,16384,15456,832,0,61,0,0,15,1
5,train,"Nullable(Patch(FOR(Delta(BitPack))))",BETWEEN,64,0.00390625,mmap_hot,selective_closure,9556.2,9588.0,9685.2,977,1204,1204,9,0,64,15456,832,0,61,0,0,15,1
5,train,"Nullable(Patch(FOR(Delta(BitPack))))",BETWEEN,64,0.00390625,mmap_hot,broad_fused,1922808.0,1923689.0,1924240.0,15133,15456,15456,1,0,16384,15456,832,0,61,0,0,15,1
5,train,"Nullable(Patch(FOR(Delta(BitPack))))",BETWEEN,64,0.00390625,buffered_hot,selective_closure,17527.3,17548.8,17618.9,977,1204,1204,9,0,64,15456,832,0,61,0,0,15,1
5,train,"Nullable(Patch(FOR(Delta(BitPack))))",BETWEEN,64,0.00390625,buffered_hot,broad_fused,1923699.0,1924220.0,1927104.0,15133,15456,15456,1,0,16384,15456,832,0,61,0,0,15,1
5,train,"Nullable(Patch(FOR(Delta(BitPack))))",BETWEEN,64,0.00390625,buffered_drop_cache,selective_closure,185216.0,187390.0,187590.0,977,1204,1204,9,0,64,15456,832,0,61,0,0,15,1
5,train,"Nullable(Patch(FOR(Delta(BitPack))))",BETWEEN,64,0.00390625,buffered_drop_cache,broad_fused,2081484.0,2081855.0,2084218.0,15133,15456,15456,1,0,16384,15456,832,0,61,0,0,15,1
5,train,"Nullable(Patch(FOR(Delta(BitPack))))",SUM,163,0.00994873,memory_warm,selective_closure,22614.2,22643.8,22801.1,1219,1396,1396,10,0,163,15456,832,0,61,0,0,15,1
5,train,"Nullable(Patch(FOR(Delta(BitPack))))",SUM,163,0.00994873,memory_warm,broad_fused,1896219.0,1896929.0,1898642.0,15133,15456,15456,1,0,16384,15456,832,0,61,0,0,15,1
5,train,"Nullable(Patch(FOR(Delta(BitPack))))",SUM,163,0.00994873,mmap_hot,selective_closure,22824.0,23004.3,23036.3,1219,1396,1396,10,0,163,15456,832,0,61,0,0,15,1
5,train,"Nullable(Patch(FOR(Delta(BitPack))))",SUM,163,0.00994873,mmap_hot,broad_fused,1910659.0,1911522.0,1914365.0,15133,15456,15456,1,0,16384,15456,832,0,61,0,0,15,1
5,train,"Nullable(Patch(FOR(Delta(BitPack))))",SUM,163,0.00994873,buffered_hot,selective_closure,31846.9,32069.1,32153.3,1219,1396,1396,10,0,163,15456,832,0,61,0,0,15,1
5,train,"Nullable(Patch(FOR(Delta(BitPack))))",SUM,163,0.00994873,buffered_hot,broad_fused,1912363.0,1914235.0,1916348.0,15133,15456,15456,1,0,16384,15456,832,0,61,0,0,15,1
5,train,"Nullable(Patch(FOR(Delta(BitPack))))",SUM,163,0.00994873,buffered_drop_cache,selective_closure,198175.0,200169.0,203493.0,1219,1396,1396,10,0,163,15456,832,0,61,0,0,15,1
5,train,"Nullable(Patch(FOR(Delta(BitPack))))",SUM,163,0.00994873,buffered_drop_cache,broad_fused,2071740.0,2072812.0,2074344.0,15133,15456,15456,1,0,16384,15456,832,0,61,0,0,15,1
5,train,"Nullable(Patch(FOR(Delta(BitPack))))",BETWEEN,163,0.00994873,memory_warm,selective_closure,23088.3,23109.7,23194.6,1219,1396,1396,10,0,163,15456,832,0,61,0,0,15,1
5,train,"Nullable(Patch(FOR(Delta(BitPack))))",BETWEEN,163,0.00994873,memory_warm,broad_fused,1916238.0,1919914.0,1922337.0,15133,15456,15456,1,0,16384,15456,832,0,61,0,0,15,1
5,train,"Nullable(Patch(FOR(Delta(BitPack))))",BETWEEN,163,0.00994873,mmap_hot,selective_closure,23317.1,23423.0,23486.4,1219,1396,1396,10,0,163,15456,832,0,61,0,0,15,1
5,train,"Nullable(Patch(FOR(Delta(BitPack))))",BETWEEN,163,0.00994873,mmap_hot,broad_fused,1923629.0,1925642.0,1926003.0,15133,15456,15456,1,0,16384,15456,832,0,61,0,0,15,1
5,train,"Nullable(Patch(FOR(Delta(BitPack))))",BETWEEN,163,0.00994873,buffered_hot,selective_closure,32531.9,32636.7,32650.7,1219,1396,1396,10,0,163,15456,832,0,61,0,0,15,1
5,train,"Nullable(Patch(FOR(Delta(BitPack))))",BETWEEN,163,0.00994873,buffered_hot,broad_fused,1923319.0,1930189.0,1938811.0,15133,15456,15456,1,0,16384,15456,832,0,61,0,0,15,1
5,train,"Nullable(Patch(FOR(Delta(BitPack))))",BETWEEN,163,0.00994873,buffered_drop_cache,selective_closure,202421.0,203153.0,203303.0,1219,1396,1396,10,0,163,15456,832,0,61,0,0,15,1
5,train,"Nullable(Patch(FOR(Delta(BitPack))))",BETWEEN,163,0.00994873,buffered_drop_cache,broad_fused,2086192.0,2087493.0,2087764.0,15133,15456,15456,1,0,16384,15456,832,0,61,0,0,15,1
5,train,"Nullable(Patch(FOR(Delta(BitPack))))",SUM,256,0.01562500,memory_warm,selective_closure,35387.1,35460.1,35701.9,1257,1492,1492,11,0,256,15456,832,0,61,0,0,15,1
5,train,"Nullable(Patch(FOR(Delta(BitPack))))",SUM,256,0.01562500,memory_warm,broad_fused,1904821.0,1905362.0,1906914.0,15133,15456,15456,1,0,16384,15456,832,0,61,0,0,15,1
5,train,"Nullable(Patch(FOR(Delta(BitPack))))",SUM,256,0.01562500,mmap_hot,selective_closure,35682.3,35718.2,36058.8,1257,1492,1492,11,0,256,15456,832,0,61,0,0,15,1
5,train,"Nullable(Patch(FOR(Delta(BitPack))))",SUM,256,0.01562500,mmap_hot,broad_fused,1914265.0,1916107.0,1916859.0,15133,15456,15456,1,0,16384,15456,832,0,61,0,0,15,1
5,train,"Nullable(Patch(FOR(Delta(BitPack))))",SUM,256,0.01562500,buffered_hot,selective_closure,45572.0,45870.4,45955.6,1257,1492,1492,11,0,256,15456,832,0,61,0,0,15,1
5,train,"Nullable(Patch(FOR(Delta(BitPack))))",SUM,256,0.01562500,buffered_hot,broad_fused,1908176.0,1912713.0,1918071.0,15133,15456,15456,1,0,16384,15456,832,0,61,0,0,15,1
5,train,"Nullable(Patch(FOR(Delta(BitPack))))",SUM,256,0.01562500,buffered_drop_cache,selective_closure,193348.0,193889.0,201551.0,1257,1492,1492,11,0,256,15456,832,0,61,0,0,15,1
5,train,"Nullable(Patch(FOR(Delta(BitPack))))",SUM,256,0.01562500,buffered_drop_cache,broad_fused,2071891.0,2075386.0,2076968.0,15133,15456,15456,1,0,16384,15456,832,0,61,0,0,15,1
5,train,"Nullable(Patch(FOR(Delta(BitPack))))",BETWEEN,256,0.01562500,memory_warm,selective_closure,35952.8,35962.2,36204.0,1257,1492,1492,11,0,256,15456,832,0,61,0,0,15,1
5,train,"Nullable(Patch(FOR(Delta(BitPack))))",BETWEEN,256,0.01562500,memory_warm,broad_fused,1923990.0,1925813.0,1927405.0,15133,15456,15456,1,0,16384,15456,832,0,61,0,0,15,1
5,train,"Nullable(Patch(FOR(Delta(BitPack))))",BETWEEN,256,0.01562500,mmap_hot,selective_closure,36202.5,36346.5,36546.8,1257,1492,1492,11,0,256,15456,832,0,61,0,0,15,1
5,train,"Nullable(Patch(FOR(Delta(BitPack))))",BETWEEN,256,0.01562500,mmap_hot,broad_fused,1919283.0,1919333.0,1923188.0,15133,15456,15456,1,0,16384,15456,832,0,61,0,0,15,1
5,train,"Nullable(Patch(FOR(Delta(BitPack))))",BETWEEN,256,0.01562500,buffered_hot,selective_closure,46304.0,46456.3,46607.6,1257,1492,1492,11,0,256,15456,832,0,61,0,0,15,1
5,train,"Nullable(Patch(FOR(Delta(BitPack))))",BETWEEN,256,0.01562500,buffered_hot,broad_fused,1927605.0,1927615.0,1928056.0,15133,15456,15456,1,0,16384,15456,832,0,61,0,0,15,1
5,train,"Nullable(Patch(FOR(Delta(BitPack))))",BETWEEN,256,0.01562500,buffered_drop_cache,selective_closure,193609.0,194731.0,195061.0,1257,1492,1492,11,0,256,15456,832,0,61,0,0,15,1
5,train,"Nullable(Patch(FOR(Delta(BitPack))))",BETWEEN,256,0.01562500,buffered_drop_cache,broad_fused,2097088.0,2097118.0,2098099.0,15133,15456,15456,1,0,16384,15456,832,0,61,0,0,15,1
5,train,"Nullable(Patch(FOR(Delta(BitPack))))",SUM,819,0.04998779,memory_warm,selective_closure,104843.8,104994.0,105928.0,1744,1996,1996,18,0,819,15456,832,0,61,0,0,15,1
5,train,"Nullable(Patch(FOR(Delta(BitPack))))",SUM,819,0.04998779,memory_warm,broad_fused,1906183.0,1909328.0,1910550.0,15133,15456,15456,1,0,16384,15456,832,0,61,0,0,15,1
5,train,"Nullable(Patch(FOR(Delta(BitPack))))",SUM,819,0.04998779,mmap_hot,selective_closure,105392.2,105672.5,106479.0,1744,1996,1996,18,0,819,15456,832,0,61,0,0,15,1
5,train,"Nullable(Patch(FOR(Delta(BitPack))))",SUM,819,0.04998779,mmap_hot,broad_fused,1911891.0,1916339.0,1916759.0,15133,15456,15456,1,0,16384,15456,832,0,61,0,0,15,1
5,train,"Nullable(Patch(FOR(Delta(BitPack))))",SUM,819,0.04998779,buffered_hot,selective_closure,121546.2,121641.2,122951.0,1744,1996,1996,18,0,819,15456,832,0,61,0,0,15,1
5,train,"Nullable(Patch(FOR(Delta(BitPack))))",SUM,819,0.04998779,buffered_hot,broad_fused,1914325.0,1915237.0,1916939.0,15133,15456,15456,1,0,16384,15456,832,0,61,0,0,15,1
5,train,"Nullable(Patch(FOR(Delta(BitPack))))",SUM,819,0.04998779,buffered_drop_cache,selective_closure,270984.0,272105.0,275451.0,1744,1996,1996,18,0,819,15456,832,0,61,0,0,15,1
5,train,"Nullable(Patch(FOR(Delta(BitPack))))",SUM,819,0.04998779,buffered_drop_cache,broad_fused,2070928.0,2071880.0,2072331.0,15133,15456,15456,1,0,16384,15456,832,0,61,0,0,15,1
5,train,"Nullable(Patch(FOR(Delta(BitPack))))",BETWEEN,819,0.04998779,memory_warm,selective_closure,106789.2,107164.8,107788.2,1744,1996,1996,18,0,819,15456,832,0,61,0,0,15,1
5,train,"Nullable(Patch(FOR(Delta(BitPack))))",BETWEEN,819,0.04998779,memory_warm,broad_fused,1926653.0,1927105.0,1928577.0,15133,15456,15456,1,0,16384,15456,832,0,61,0,0,15,1
5,train,"Nullable(Patch(FOR(Delta(BitPack))))",BETWEEN,819,0.04998779,mmap_hot,selective_closure,107252.5,107292.5,108376.8,1744,1996,1996,18,0,819,15456,832,0,61,0,0,15,1
5,train,"Nullable(Patch(FOR(Delta(BitPack))))",BETWEEN,819,0.04998779,mmap_hot,broad_fused,1922798.0,1925982.0,1927304.0,15133,15456,15456,1,0,16384,15456,832,0,61,0,0,15,1
5,train,"Nullable(Patch(FOR(Delta(BitPack))))",BETWEEN,819,0.04998779,buffered_hot,selective_closure,123841.3,124833.0,124936.3,1744,1996,1996,18,0,819,15456,832,0,61,0,0,15,1
5,train,"Nullable(Patch(FOR(Delta(BitPack))))",BETWEEN,819,0.04998779,buffered_hot,broad_fused,1920154.0,1921697.0,1926323.0,15133,15456,15456,1,0,16384,15456,832,0,61,0,0,15,1
5,train,"Nullable(Patch(FOR(Delta(BitPack))))",BETWEEN,819,0.04998779,buffered_drop_cache,selective_closure,270183.0,272236.0,274309.0,1744,1996,1996,18,0,819,15456,832,0,61,0,0,15,1
5,train,"Nullable(Patch(FOR(Delta(BitPack))))",BETWEEN,819,0.04998779,buffered_drop_cache,broad_fused,2082937.0,2086462.0,2091970.0,15133,15456,15456,1,0,16384,15456,832,0,61,0,0,15,1
5,train,"Nullable(Patch(FOR(Delta(BitPack))))",SUM,1638,0.09997559,memory_warm,selective_closure,205656.5,205842.0,207880.0,2371,2732,2732,30,0,1638,15456,832,0,61,0,0,15,1
5,train,"Nullable(Patch(FOR(Delta(BitPack))))",SUM,1638,0.09997559,memory_warm,broad_fused,1908647.0,1910139.0,1910209.0,15133,15456,15456,1,0,16384,15456,832,0,61,0,0,15,1
5,train,"Nullable(Patch(FOR(Delta(BitPack))))",SUM,1638,0.09997559,mmap_hot,selective_closure,206468.0,206843.5,207980.0,2371,2732,2732,30,0,1638,15456,832,0,61,0,0,15,1
5,train,"Nullable(Patch(FOR(Delta(BitPack))))",SUM,1638,0.09997559,mmap_hot,broad_fused,1911031.0,1914265.0,1918892.0,15133,15456,15456,1,0,16384,15456,832,0,61,0,0,15,1
5,train,"Nullable(Patch(FOR(Delta(BitPack))))",SUM,1638,0.09997559,buffered_hot,selective_closure,235165.5,235176.0,235451.5,2371,2732,2732,30,0,1638,15456,832,0,61,0,0,15,1
5,train,"Nullable(Patch(FOR(Delta(BitPack))))",SUM,1638,0.09997559,buffered_hot,broad_fused,1913484.0,1918451.0,1919584.0,15133,15456,15456,1,0,16384,15456,832,0,61,0,0,15,1
5,train,"Nullable(Patch(FOR(Delta(BitPack))))",SUM,1638,0.09997559,buffered_drop_cache,selective_closure,382049.0,385175.0,391954.0,2371,2732,2732,30,0,1638,15456,832,0,61,0,0,15,1
5,train,"Nullable(Patch(FOR(Delta(BitPack))))",SUM,1638,0.09997559,buffered_drop_cache,broad_fused,2070297.0,2071801.0,2073272.0,15133,15456,15456,1,0,16384,15456,832,0,61,0,0,15,1
5,train,"Nullable(Patch(FOR(Delta(BitPack))))",BETWEEN,1638,0.09997559,memory_warm,selective_closure,208140.5,208195.5,210374.0,2371,2732,2732,30,0,1638,15456,832,0,61,0,0,15,1
5,train,"Nullable(Patch(FOR(Delta(BitPack))))",BETWEEN,1638,0.09997559,memory_warm,broad_fused,1925132.0,1925502.0,1925972.0,15133,15456,15456,1,0,16384,15456,832,0,61,0,0,15,1
5,train,"Nullable(Patch(FOR(Delta(BitPack))))",BETWEEN,1638,0.09997559,mmap_hot,selective_closure,208601.5,209367.0,210699.5,2371,2732,2732,30,0,1638,15456,832,0,61,0,0,15,1
5,train,"Nullable(Patch(FOR(Delta(BitPack))))",BETWEEN,1638,0.09997559,mmap_hot,broad_fused,1923449.0,1926053.0,1927856.0,15133,15456,15456,1,0,16384,15456,832,0,61,0,0,15,1
5,train,"Nullable(Patch(FOR(Delta(BitPack))))",BETWEEN,1638,0.09997559,buffered_hot,selective_closure,236888.0,238836.5,239407.0,2371,2732,2732,30,0,1638,15456,832,0,61,0,0,15,1
5,train,"Nullable(Patch(FOR(Delta(BitPack))))",BETWEEN,1638,0.09997559,buffered_hot,broad_fused,1932913.0,1933134.0,1937720.0,15133,15456,15456,1,0,16384,15456,832,0,61,0,0,15,1
5,train,"Nullable(Patch(FOR(Delta(BitPack))))",BETWEEN,1638,0.09997559,buffered_drop_cache,selective_closure,384023.0,384283.0,386306.0,2371,2732,2732,30,0,1638,15456,832,0,61,0,0,15,1
5,train,"Nullable(Patch(FOR(Delta(BitPack))))",BETWEEN,1638,0.09997559,buffered_drop_cache,broad_fused,2087424.0,2087794.0,2095185.0,15133,15456,15456,1,0,16384,15456,832,0,61,0,0,15,1
5,train,"Nullable(Patch(FOR(Delta(BitPack))))",SUM,3276,0.19995117,memory_warm,selective_closure,405595.0,405665.0,409581.0,3784,4076,4076,48,0,3276,15456,832,0,61,0,0,15,1
5,train,"Nullable(Patch(FOR(Delta(BitPack))))",SUM,3276,0.19995117,memory_warm,broad_fused,1911311.0,1911451.0,1914195.0,15133,15456,15456,1,0,16384,15456,832,0,61,0,0,15,1
5,train,"Nullable(Patch(FOR(Delta(BitPack))))",SUM,3276,0.19995117,mmap_hot,selective_closure,406456.0,407718.0,411323.0,3784,4076,4076,48,0,3276,15456,832,0,61,0,0,15,1
5,train,"Nullable(Patch(FOR(Delta(BitPack))))",SUM,3276,0.19995117,mmap_hot,broad_fused,1912452.0,1912602.0,1915577.0,15133,15456,15456,1,0,16384,15456,832,0,61,0,0,15,1
5,train,"Nullable(Patch(FOR(Delta(BitPack))))",SUM,3276,0.19995117,buffered_hot,selective_closure,449321.0,450382.0,454578.0,3784,4076,4076,48,0,3276,15456,832,0,61,0,0,15,1
5,train,"Nullable(Patch(FOR(Delta(BitPack))))",SUM,3276,0.19995117,buffered_hot,broad_fused,1909668.0,1914616.0,1916138.0,15133,15456,15456,1,0,16384,15456,832,0,61,0,0,15,1
5,train,"Nullable(Patch(FOR(Delta(BitPack))))",SUM,3276,0.19995117,buffered_drop_cache,selective_closure,598082.0,603420.0,607216.0,3784,4076,4076,48,0,3276,15456,832,0,61,0,0,15,1
5,train,"Nullable(Patch(FOR(Delta(BitPack))))",SUM,3276,0.19995117,buffered_drop_cache,broad_fused,2074034.0,2074595.0,2075145.0,15133,15456,15456,1,0,16384,15456,832,0,61,0,0,15,1
5,train,"Nullable(Patch(FOR(Delta(BitPack))))",BETWEEN,3276,0.19995117,memory_warm,selective_closure,412936.0,413797.0,416792.0,3784,4076,4076,48,0,3276,15456,832,0,61,0,0,15,1
5,train,"Nullable(Patch(FOR(Delta(BitPack))))",BETWEEN,3276,0.19995117,memory_warm,broad_fused,1935697.0,1936579.0,1941426.0,15133,15456,15456,1,0,16384,15456,832,0,61,0,0,15,1
5,train,"Nullable(Patch(FOR(Delta(BitPack))))",BETWEEN,3276,0.19995117,mmap_hot,selective_closure,412596.0,414298.0,417583.0,3784,4076,4076,48,0,3276,15456,832,0,61,0,0,15,1
5,train,"Nullable(Patch(FOR(Delta(BitPack))))",BETWEEN,3276,0.19995117,mmap_hot,broad_fused,1934175.0,1936919.0,1939403.0,15133,15456,15456,1,0,16384,15456,832,0,61,0,0,15,1
5,train,"Nullable(Patch(FOR(Delta(BitPack))))",BETWEEN,3276,0.19995117,buffered_hot,selective_closure,459316.0,460878.0,465784.0,3784,4076,4076,48,0,3276,15456,832,0,61,0,0,15,1
5,train,"Nullable(Patch(FOR(Delta(BitPack))))",BETWEEN,3276,0.19995117,buffered_hot,broad_fused,1935286.0,1941376.0,1944149.0,15133,15456,15456,1,0,16384,15456,832,0,61,0,0,15,1
5,train,"Nullable(Patch(FOR(Delta(BitPack))))",BETWEEN,3276,0.19995117,buffered_drop_cache,selective_closure,604732.0,608878.0,612774.0,3784,4076,4076,48,0,3276,15456,832,0,61,0,0,15,1
5,train,"Nullable(Patch(FOR(Delta(BitPack))))",BETWEEN,3276,0.19995117,buffered_drop_cache,broad_fused,2116647.0,2117919.0,2119982.0,15133,15456,15456,1,0,16384,15456,832,0,61,0,0,15,1
5,train,"Nullable(Patch(FOR(Delta(BitPack))))",SUM,4915,0.29998779,memory_warm,selective_closure,607596.0,609990.0,610030.0,5205,5484,5484,67,0,4915,15456,832,0,61,0,0,15,1
5,train,"Nullable(Patch(FOR(Delta(BitPack))))",SUM,4915,0.29998779,memory_warm,broad_fused,1914496.0,1914916.0,1915296.0,15133,15456,15456,1,0,16384,15456,832,0,61,0,0,15,1
5,train,"Nullable(Patch(FOR(Delta(BitPack))))",SUM,4915,0.29998779,mmap_hot,selective_closure,607086.0,610911.0,613495.0,5205,5484,5484,67,0,4915,15456,832,0,61,0,0,15,1
5,train,"Nullable(Patch(FOR(Delta(BitPack))))",SUM,4915,0.29998779,mmap_hot,broad_fused,1914065.0,1917420.0,1918041.0,15133,15456,15456,1,0,16384,15456,832,0,61,0,0,15,1
5,train,"Nullable(Patch(FOR(Delta(BitPack))))",SUM,4915,0.29998779,buffered_hot,selective_closure,670651.0,672843.0,673745.0,5205,5484,5484,67,0,4915,15456,832,0,61,0,0,15,1
5,train,"Nullable(Patch(FOR(Delta(BitPack))))",SUM,4915,0.29998779,buffered_hot,broad_fused,1917450.0,1918792.0,1929388.0,15133,15456,15456,1,0,16384,15456,832,0,61,0,0,15,1
5,train,"Nullable(Patch(FOR(Delta(BitPack))))",SUM,4915,0.29998779,buffered_drop_cache,selective_closure,819122.0,821365.0,823899.0,5205,5484,5484,67,0,4915,15456,832,0,61,0,0,15,1
5,train,"Nullable(Patch(FOR(Delta(BitPack))))",SUM,4915,0.29998779,buffered_drop_cache,broad_fused,2076778.0,2077899.0,2080823.0,15133,15456,15456,1,0,16384,15456,832,0,61,0,0,15,1
5,train,"Nullable(Patch(FOR(Delta(BitPack))))",BETWEEN,4915,0.29998779,memory_warm,selective_closure,616209.0,617310.0,619234.0,5205,5484,5484,67,0,4915,15456,832,0,61,0,0,15,1
5,train,"Nullable(Patch(FOR(Delta(BitPack))))",BETWEEN,4915,0.29998779,memory_warm,broad_fused,1932843.0,1934215.0,1937830.0,15133,15456,15456,1,0,16384,15456,832,0,61,0,0,15,1
5,train,"Nullable(Patch(FOR(Delta(BitPack))))",BETWEEN,4915,0.29998779,mmap_hot,selective_closure,614807.0,618122.0,618963.0,5205,5484,5484,67,0,4915,15456,832,0,61,0,0,15,1
5,train,"Nullable(Patch(FOR(Delta(BitPack))))",BETWEEN,4915,0.29998779,mmap_hot,broad_fused,1934054.0,1935667.0,1936038.0,15133,15456,15456,1,0,16384,15456,832,0,61,0,0,15,1
5,train,"Nullable(Patch(FOR(Delta(BitPack))))",BETWEEN,4915,0.29998779,buffered_hot,selective_closure,681386.0,681477.0,681947.0,5205,5484,5484,67,0,4915,15456,832,0,61,0,0,15,1
5,train,"Nullable(Patch(FOR(Delta(BitPack))))",BETWEEN,4915,0.29998779,buffered_hot,broad_fused,1935167.0,1937810.0,1938561.0,15133,15456,15456,1,0,16384,15456,832,0,61,0,0,15,1
5,train,"Nullable(Patch(FOR(Delta(BitPack))))",BETWEEN,4915,0.29998779,buffered_drop_cache,selective_closure,824960.0,829357.0,830459.0,5205,5484,5484,67,0,4915,15456,832,0,61,0,0,15,1
5,train,"Nullable(Patch(FOR(Delta(BitPack))))",BETWEEN,4915,0.29998779,buffered_drop_cache,broad_fused,2097579.0,2097688.0,2099161.0,15133,15456,15456,1,0,16384,15456,832,0,61,0,0,15,1
5,train,"Nullable(Patch(FOR(Delta(BitPack))))",SUM,6553,0.39996338,memory_warm,selective_closure,816287.0,816468.0,817610.0,6613,6892,6892,86,0,6553,15456,832,0,61,0,0,15,1
5,train,"Nullable(Patch(FOR(Delta(BitPack))))",SUM,6553,0.39996338,memory_warm,broad_fused,1928767.0,1928867.0,1934405.0,15133,15456,15456,1,0,16384,15456,832,0,61,0,0,15,1
5,train,"Nullable(Patch(FOR(Delta(BitPack))))",SUM,6553,0.39996338,mmap_hot,selective_closure,814975.0,818712.0,818792.0,6613,6892,6892,86,0,6553,15456,832,0,61,0,0,15,1
5,train,"Nullable(Patch(FOR(Delta(BitPack))))",SUM,6553,0.39996338,mmap_hot,broad_fused,1929398.0,1929668.0,1929868.0,15133,15456,15456,1,0,16384,15456,832,0,61,0,0,15,1
5,train,"Nullable(Patch(FOR(Delta(BitPack))))",SUM,6553,0.39996338,buffered_hot,selective_closure,893613.0,894254.0,894615.0,6613,6892,6892,86,0,6553,15456,832,0,61,0,0,15,1
5,train,"Nullable(Patch(FOR(Delta(BitPack))))",SUM,6553,0.39996338,buffered_hot,broad_fused,1931291.0,1935977.0,1949718.0,15133,15456,15456,1,0,16384,15456,832,0,61,0,0,15,1
5,train,"Nullable(Patch(FOR(Delta(BitPack))))",SUM,6553,0.39996338,buffered_drop_cache,selective_closure,1046601.0,1047322.0,1050246.0,6613,6892,6892,86,0,6553,15456,832,0,61,0,0,15,1
5,train,"Nullable(Patch(FOR(Delta(BitPack))))",SUM,6553,0.39996338,buffered_drop_cache,broad_fused,2096808.0,2097688.0,2100083.0,15133,15456,15456,1,0,16384,15456,832,0,61,0,0,15,1
5,train,"Nullable(Patch(FOR(Delta(BitPack))))",BETWEEN,6553,0.39996338,memory_warm,selective_closure,819202.0,820043.0,820584.0,6613,6892,6892,86,0,6553,15456,832,0,61,0,0,15,1
5,train,"Nullable(Patch(FOR(Delta(BitPack))))",BETWEEN,6553,0.39996338,memory_warm,broad_fused,1934024.0,1934576.0,1934936.0,15133,15456,15456,1,0,16384,15456,832,0,61,0,0,15,1
5,train,"Nullable(Patch(FOR(Delta(BitPack))))",BETWEEN,6553,0.39996338,mmap_hot,selective_closure,822968.0,824069.0,824570.0,6613,6892,6892,86,0,6553,15456,832,0,61,0,0,15,1
5,train,"Nullable(Patch(FOR(Delta(BitPack))))",BETWEEN,6553,0.39996338,mmap_hot,broad_fused,1943679.0,1943710.0,1948846.0,15133,15456,15456,1,0,16384,15456,832,0,61,0,0,15,1
5,train,"Nullable(Patch(FOR(Delta(BitPack))))",BETWEEN,6553,0.39996338,buffered_hot,selective_closure,899642.0,902596.0,903567.0,6613,6892,6892,86,0,6553,15456,832,0,61,0,0,15,1
5,train,"Nullable(Patch(FOR(Delta(BitPack))))",BETWEEN,6553,0.39996338,buffered_hot,broad_fused,1947354.0,1949989.0,1950198.0,15133,15456,15456,1,0,16384,15456,832,0,61,0,0,15,1
5,train,"Nullable(Patch(FOR(Delta(BitPack))))",BETWEEN,6553,0.39996338,buffered_drop_cache,selective_closure,1049886.0,1050137.0,1050357.0,6613,6892,6892,86,0,6553,15456,832,0,61,0,0,15,1
5,train,"Nullable(Patch(FOR(Delta(BitPack))))",BETWEEN,6553,0.39996338,buffered_drop_cache,broad_fused,2098089.0,2099321.0,2101024.0,15133,15456,15456,1,0,16384,15456,832,0,61,0,0,15,1
5,train,"Nullable(Patch(FOR(Delta(BitPack))))",SUM,8192,0.50000000,memory_warm,selective_closure,1009495.0,1009776.0,1010137.0,8034,8300,8300,105,0,8192,15456,832,0,61,0,0,15,1
5,train,"Nullable(Patch(FOR(Delta(BitPack))))",SUM,8192,0.50000000,memory_warm,broad_fused,1912292.0,1912543.0,1912933.0,15133,15456,15456,1,0,16384,15456,832,0,61,0,0,15,1
5,train,"Nullable(Patch(FOR(Delta(BitPack))))",SUM,8192,0.50000000,mmap_hot,selective_closure,1016116.0,1017648.0,1017868.0,8034,8300,8300,105,0,8192,15456,832,0,61,0,0,15,1
5,train,"Nullable(Patch(FOR(Delta(BitPack))))",SUM,8192,0.50000000,mmap_hot,broad_fused,1919693.0,1920434.0,1922968.0,15133,15456,15456,1,0,16384,15456,832,0,61,0,0,15,1
5,train,"Nullable(Patch(FOR(Delta(BitPack))))",SUM,8192,0.50000000,buffered_hot,selective_closure,1108604.0,1108633.0,1109625.0,8034,8300,8300,105,0,8192,15456,832,0,61,0,0,15,1
5,train,"Nullable(Patch(FOR(Delta(BitPack))))",SUM,8192,0.50000000,buffered_hot,broad_fused,1918452.0,1919824.0,1919893.0,15133,15456,15456,1,0,16384,15456,832,0,61,0,0,15,1
5,train,"Nullable(Patch(FOR(Delta(BitPack))))",SUM,8192,0.50000000,buffered_drop_cache,selective_closure,1256404.0,1260059.0,1262112.0,8034,8300,8300,105,0,8192,15456,832,0,61,0,0,15,1
5,train,"Nullable(Patch(FOR(Delta(BitPack))))",SUM,8192,0.50000000,buffered_drop_cache,broad_fused,2084649.0,2084860.0,2087183.0,15133,15456,15456,1,0,16384,15456,832,0,61,0,0,15,1
5,train,"Nullable(Patch(FOR(Delta(BitPack))))",BETWEEN,8192,0.50000000,memory_warm,selective_closure,1024598.0,1025460.0,1029215.0,8034,8300,8300,105,0,8192,15456,832,0,61,0,0,15,1
5,train,"Nullable(Patch(FOR(Delta(BitPack))))",BETWEEN,8192,0.50000000,memory_warm,broad_fused,1941946.0,1944911.0,1947054.0,15133,15456,15456,1,0,16384,15456,832,0,61,0,0,15,1
5,train,"Nullable(Patch(FOR(Delta(BitPack))))",BETWEEN,8192,0.50000000,mmap_hot,selective_closure,1023557.0,1024418.0,1025059.0,8034,8300,8300,105,0,8192,15456,832,0,61,0,0,15,1
5,train,"Nullable(Patch(FOR(Delta(BitPack))))",BETWEEN,8192,0.50000000,mmap_hot,broad_fused,1939142.0,1939183.0,1940023.0,15133,15456,15456,1,0,16384,15456,832,0,61,0,0,15,1
5,train,"Nullable(Patch(FOR(Delta(BitPack))))",BETWEEN,8192,0.50000000,buffered_hot,selective_closure,1121052.0,1121193.0,1122975.0,8034,8300,8300,105,0,8192,15456,832,0,61,0,0,15,1
5,train,"Nullable(Patch(FOR(Delta(BitPack))))",BETWEEN,8192,0.50000000,buffered_hot,broad_fused,1940885.0,1941025.0,1948075.0,15133,15456,15456,1,0,16384,15456,832,0,61,0,0,15,1
5,train,"Nullable(Patch(FOR(Delta(BitPack))))",BETWEEN,8192,0.50000000,buffered_drop_cache,selective_closure,1275523.0,1276484.0,1280490.0,8034,8300,8300,105,0,8192,15456,832,0,61,0,0,15,1
5,train,"Nullable(Patch(FOR(Delta(BitPack))))",BETWEEN,8192,0.50000000,buffered_drop_cache,broad_fused,2104599.0,2106532.0,2108626.0,15133,15456,15456,1,0,16384,15456,832,0,61,0,0,15,1
5,train,"Nullable(Patch(FOR(Delta(BitPack))))",SUM,9830,0.59997559,memory_warm,selective_closure,1213851.0,1220611.0,1223625.0,9487,9772,9772,126,0,9830,15456,832,0,61,0,0,15,1
5,train,"Nullable(Patch(FOR(Delta(BitPack))))",SUM,9830,0.59997559,memory_warm,broad_fused,1915758.0,1917280.0,1918191.0,15133,15456,15456,1,0,16384,15456,832,0,61,0,0,15,1
5,train,"Nullable(Patch(FOR(Delta(BitPack))))",SUM,9830,0.59997559,mmap_hot,selective_closure,1214842.0,1215272.0,1217206.0,9487,9772,9772,126,0,9830,15456,832,0,61,0,0,15,1
5,train,"Nullable(Patch(FOR(Delta(BitPack))))",SUM,9830,0.59997559,mmap_hot,broad_fused,1915107.0,1917790.0,1920364.0,15133,15456,15456,1,0,16384,15456,832,0,61,0,0,15,1
5,train,"Nullable(Patch(FOR(Delta(BitPack))))",SUM,9830,0.59997559,buffered_hot,selective_closure,1324155.0,1324706.0,1326038.0,9487,9772,9772,126,0,9830,15456,832,0,61,0,0,15,1
5,train,"Nullable(Patch(FOR(Delta(BitPack))))",SUM,9830,0.59997559,buffered_hot,broad_fused,1921086.0,1921185.0,1921506.0,15133,15456,15456,1,0,16384,15456,832,0,61,0,0,15,1
5,train,"Nullable(Patch(FOR(Delta(BitPack))))",SUM,9830,0.59997559,buffered_drop_cache,selective_closure,1475771.0,1480287.0,1481740.0,9487,9772,9772,126,0,9830,15456,832,0,61,0,0,15,1
5,train,"Nullable(Patch(FOR(Delta(BitPack))))",SUM,9830,0.59997559,buffered_drop_cache,broad_fused,2079532.0,2079652.0,2090478.0,15133,15456,15456,1,0,16384,15456,832,0,61,0,0,15,1
5,train,"Nullable(Patch(FOR(Delta(BitPack))))",BETWEEN,9830,0.59997559,memory_warm,selective_closure,1227951.0,1228923.0,1230826.0,9487,9772,9772,126,0,9830,15456,832,0,61,0,0,15,1
5,train,"Nullable(Patch(FOR(Delta(BitPack))))",BETWEEN,9830,0.59997559,memory_warm,broad_fused,1935868.0,1936888.0,1938581.0,15133,15456,15456,1,0,16384,15456,832,0,61,0,0,15,1
5,train,"Nullable(Patch(FOR(Delta(BitPack))))",BETWEEN,9830,0.59997559,mmap_hot,selective_closure,1227071.0,1227331.0,1231496.0,9487,9772,9772,126,0,9830,15456,832,0,61,0,0,15,1
5,train,"Nullable(Patch(FOR(Delta(BitPack))))",BETWEEN,9830,0.59997559,mmap_hot,broad_fused,1938231.0,1939172.0,1941846.0,15133,15456,15456,1,0,16384,15456,832,0,61,0,0,15,1
5,train,"Nullable(Patch(FOR(Delta(BitPack))))",BETWEEN,9830,0.59997559,buffered_hot,selective_closure,1348461.0,1351215.0,1352717.0,9487,9772,9772,126,0,9830,15456,832,0,61,0,0,15,1
5,train,"Nullable(Patch(FOR(Delta(BitPack))))",BETWEEN,9830,0.59997559,buffered_hot,broad_fused,1940635.0,1947344.0,1950990.0,15133,15456,15456,1,0,16384,15456,832,0,61,0,0,15,1
5,train,"Nullable(Patch(FOR(Delta(BitPack))))",BETWEEN,9830,0.59997559,buffered_drop_cache,selective_closure,1506027.0,1508601.0,1537753.0,9487,9772,9772,126,0,9830,15456,832,0,61,0,0,15,1
5,train,"Nullable(Patch(FOR(Delta(BitPack))))",BETWEEN,9830,0.59997559,buffered_drop_cache,broad_fused,2105901.0,2112240.0,2118300.0,15133,15456,15456,1,0,16384,15456,832,0,61,0,0,15,1
5,train,"Nullable(Patch(FOR(Delta(BitPack))))",SUM,11468,0.69995117,memory_warm,selective_closure,1414349.0,1415050.0,1415401.0,10895,11116,11116,144,0,11468,15456,832,0,61,0,0,15,1
5,train,"Nullable(Patch(FOR(Delta(BitPack))))",SUM,11468,0.69995117,memory_warm,broad_fused,1912623.0,1912813.0,1914326.0,15133,15456,15456,1,0,16384,15456,832,0,61,0,0,15,1
5,train,"Nullable(Patch(FOR(Delta(BitPack))))",SUM,11468,0.69995117,mmap_hot,selective_closure,1416002.0,1418366.0,1418957.0,10895,11116,11116,144,0,11468,15456,832,0,61,0,0,15,1
5,train,"Nullable(Patch(FOR(Delta(BitPack))))",SUM,11468,0.69995117,mmap_hot,broad_fused,1918882.0,1919213.0,1920324.0,15133,15456,15456,1,0,16384,15456,832,0,61,0,0,15,1
5,train,"Nullable(Patch(FOR(Delta(BitPack))))",SUM,11468,0.69995117,buffered_hot,selective_closure,1543672.0,1543923.0,1544834.0,10895,11116,11116,144,0,11468,15456,832,0,61,0,0,15,1
5,train,"Nullable(Patch(FOR(Delta(BitPack))))",SUM,11468,0.69995117,buffered_hot,broad_fused,1923409.0,1925041.0,1929748.0,15133,15456,15456,1,0,16384,15456,832,0,61,0,0,15,1
5,train,"Nullable(Patch(FOR(Delta(BitPack))))",SUM,11468,0.69995117,buffered_drop_cache,selective_closure,1689880.0,1691683.0,1696991.0,10895,11116,11116,144,0,11468,15456,832,0,61,0,0,15,1
5,train,"Nullable(Patch(FOR(Delta(BitPack))))",SUM,11468,0.69995117,buffered_drop_cache,broad_fused,2075446.0,2079832.0,2080843.0,15133,15456,15456,1,0,16384,15456,832,0,61,0,0,15,1
5,train,"Nullable(Patch(FOR(Delta(BitPack))))",BETWEEN,11468,0.69995117,memory_warm,selective_closure,1435310.0,1436283.0,1438936.0,10895,11116,11116,144,0,11468,15456,832,0,61,0,0,15,1
5,train,"Nullable(Patch(FOR(Delta(BitPack))))",BETWEEN,11468,0.69995117,memory_warm,broad_fused,1951160.0,1951170.0,1953544.0,15133,15456,15456,1,0,16384,15456,832,0,61,0,0,15,1
5,train,"Nullable(Patch(FOR(Delta(BitPack))))",BETWEEN,11468,0.69995117,mmap_hot,selective_closure,1433498.0,1436482.0,1436713.0,10895,11116,11116,144,0,11468,15456,832,0,61,0,0,15,1
5,train,"Nullable(Patch(FOR(Delta(BitPack))))",BETWEEN,11468,0.69995117,mmap_hot,broad_fused,1946302.0,1950179.0,1951220.0,15133,15456,15456,1,0,16384,15456,832,0,61,0,0,15,1
5,train,"Nullable(Patch(FOR(Delta(BitPack))))",BETWEEN,11468,0.69995117,buffered_hot,selective_closure,1562270.0,1566988.0,1567197.0,10895,11116,11116,144,0,11468,15456,832,0,61,0,0,15,1
5,train,"Nullable(Patch(FOR(Delta(BitPack))))",BETWEEN,11468,0.69995117,buffered_hot,broad_fused,1950119.0,1956027.0,1958521.0,15133,15456,15456,1,0,16384,15456,832,0,61,0,0,15,1
5,train,"Nullable(Patch(FOR(Delta(BitPack))))",BETWEEN,11468,0.69995117,buffered_drop_cache,selective_closure,1713085.0,1715689.0,1720377.0,10895,11116,11116,144,0,11468,15456,832,0,61,0,0,15,1
5,train,"Nullable(Patch(FOR(Delta(BitPack))))",BETWEEN,11468,0.69995117,buffered_drop_cache,broad_fused,2105981.0,2110368.0,2111970.0,15133,15456,15456,1,0,16384,15456,832,0,61,0,0,15,1
5,train,"Nullable(Patch(FOR(Delta(BitPack))))",SUM,13107,0.79998779,memory_warm,selective_closure,1609520.0,1613937.0,1617563.0,12308,12524,12524,163,0,13107,15456,832,0,61,0,0,15,1
5,train,"Nullable(Patch(FOR(Delta(BitPack))))",SUM,13107,0.79998779,memory_warm,broad_fused,1919363.0,1920465.0,1923699.0,15133,15456,15456,1,0,16384,15456,832,0,61,0,0,15,1
5,train,"Nullable(Patch(FOR(Delta(BitPack))))",SUM,13107,0.79998779,mmap_hot,selective_closure,1612986.0,1615600.0,1616571.0,12308,12524,12524,163,0,13107,15456,832,0,61,0,0,15,1
5,train,"Nullable(Patch(FOR(Delta(BitPack))))",SUM,13107,0.79998779,mmap_hot,broad_fused,1926884.0,1928476.0,1929107.0,15133,15456,15456,1,0,16384,15456,832,0,61,0,0,15,1
5,train,"Nullable(Patch(FOR(Delta(BitPack))))",SUM,13107,0.79998779,buffered_hot,selective_closure,1757611.0,1758322.0,1763240.0,12308,12524,12524,163,0,13107,15456,832,0,61,0,0,15,1
5,train,"Nullable(Patch(FOR(Delta(BitPack))))",SUM,13107,0.79998779,buffered_hot,broad_fused,1922878.0,1923809.0,1925022.0,15133,15456,15456,1,0,16384,15456,832,0,61,0,0,15,1
5,train,"Nullable(Patch(FOR(Delta(BitPack))))",SUM,13107,0.79998779,buffered_drop_cache,selective_closure,1911230.0,1914215.0,1917219.0,12308,12524,12524,163,0,13107,15456,832,0,61,0,0,15,1
5,train,"Nullable(Patch(FOR(Delta(BitPack))))",SUM,13107,0.79998779,buffered_drop_cache,broad_fused,2085461.0,2089377.0,2090057.0,15133,15456,15456,1,0,16384,15456,832,0,61,0,0,15,1
5,train,"Nullable(Patch(FOR(Delta(BitPack))))",BETWEEN,13107,0.79998779,memory_warm,selective_closure,1628129.0,1632875.0,1636051.0,12308,12524,12524,163,0,13107,15456,832,0,61,0,0,15,1
5,train,"Nullable(Patch(FOR(Delta(BitPack))))",BETWEEN,13107,0.79998779,memory_warm,broad_fused,1953594.0,1955737.0,1956819.0,15133,15456,15456,1,0,16384,15456,832,0,61,0,0,15,1
5,train,"Nullable(Patch(FOR(Delta(BitPack))))",BETWEEN,13107,0.79998779,mmap_hot,selective_closure,1620017.0,1621528.0,1623381.0,12308,12524,12524,163,0,13107,15456,832,0,61,0,0,15,1
5,train,"Nullable(Patch(FOR(Delta(BitPack))))",BETWEEN,13107,0.79998779,mmap_hot,broad_fused,1961125.0,1963028.0,1963088.0,15133,15456,15456,1,0,16384,15456,832,0,61,0,0,15,1
5,train,"Nullable(Patch(FOR(Delta(BitPack))))",BETWEEN,13107,0.79998779,buffered_hot,selective_closure,1772594.0,1773025.0,1775929.0,12308,12524,12524,163,0,13107,15456,832,0,61,0,0,15,1
5,train,"Nullable(Patch(FOR(Delta(BitPack))))",BETWEEN,13107,0.79998779,buffered_hot,broad_fused,1946854.0,1949177.0,1951311.0,15133,15456,15456,1,0,16384,15456,832,0,61,0,0,15,1
5,train,"Nullable(Patch(FOR(Delta(BitPack))))",BETWEEN,13107,0.79998779,buffered_drop_cache,selective_closure,1924791.0,1927315.0,1930449.0,12308,12524,12524,163,0,13107,15456,832,0,61,0,0,15,1
5,train,"Nullable(Patch(FOR(Delta(BitPack))))",BETWEEN,13107,0.79998779,buffered_drop_cache,broad_fused,2102907.0,2104399.0,2105480.0,15133,15456,15456,1,0,16384,15456,832,0,61,0,0,15,1
5,train,"Nullable(Patch(FOR(Delta(BitPack))))",SUM,14745,0.89996338,memory_warm,selective_closure,1806345.0,1810691.0,1812012.0,13724,13908,13908,182,0,14745,15456,832,0,61,0,0,15,1
5,train,"Nullable(Patch(FOR(Delta(BitPack))))",SUM,14745,0.89996338,memory_warm,broad_fused,1916909.0,1917279.0,1918592.0,15133,15456,15456,1,0,16384,15456,832,0,61,0,0,15,1
5,train,"Nullable(Patch(FOR(Delta(BitPack))))",SUM,14745,0.89996338,mmap_hot,selective_closure,1810280.0,1810640.0,1812433.0,13724,13908,13908,182,0,14745,15456,832,0,61,0,0,15,1
5,train,"Nullable(Patch(FOR(Delta(BitPack))))",SUM,14745,0.89996338,mmap_hot,broad_fused,1921346.0,1922638.0,1929938.0,15133,15456,15456,1,0,16384,15456,832,0,61,0,0,15,1
5,train,"Nullable(Patch(FOR(Delta(BitPack))))",SUM,14745,0.89996338,buffered_hot,selective_closure,1971811.0,1971961.0,1974275.0,13724,13908,13908,182,0,14745,15456,832,0,61,0,0,15,1
5,train,"Nullable(Patch(FOR(Delta(BitPack))))",SUM,14745,0.89996338,buffered_hot,broad_fused,1926754.0,1926934.0,1927715.0,15133,15456,15456,1,0,16384,15456,832,0,61,0,0,15,1
5,train,"Nullable(Patch(FOR(Delta(BitPack))))",SUM,14745,0.89996338,buffered_drop_cache,selective_closure,2125610.0,2126862.0,2131409.0,13724,13908,13908,182,0,14745,15456,832,0,61,0,0,15,1
5,train,"Nullable(Patch(FOR(Delta(BitPack))))",SUM,14745,0.89996338,buffered_drop_cache,broad_fused,2079401.0,2084128.0,2084429.0,15133,15456,15456,1,0,16384,15456,832,0,61,0,0,15,1
5,train,"Nullable(Patch(FOR(Delta(BitPack))))",BETWEEN,14745,0.89996338,memory_warm,selective_closure,1815688.0,1820175.0,1820996.0,13724,13908,13908,182,0,14745,15456,832,0,61,0,0,15,1
5,train,"Nullable(Patch(FOR(Delta(BitPack))))",BETWEEN,14745,0.89996338,memory_warm,broad_fused,1942136.0,1943118.0,1943639.0,15133,15456,15456,1,0,16384,15456,832,0,61,0,0,15,1
5,train,"Nullable(Patch(FOR(Delta(BitPack))))",BETWEEN,14745,0.89996338,mmap_hot,selective_closure,1818842.0,1819484.0,1819544.0,13724,13908,13908,182,0,14745,15456,832,0,61,0,0,15,1
5,train,"Nullable(Patch(FOR(Delta(BitPack))))",BETWEEN,14745,0.89996338,mmap_hot,broad_fused,1943108.0,1943428.0,1945091.0,15133,15456,15456,1,0,16384,15456,832,0,61,0,0,15,1
5,train,"Nullable(Patch(FOR(Delta(BitPack))))",BETWEEN,14745,0.89996338,buffered_hot,selective_closure,1989828.0,1990059.0,1992792.0,13724,13908,13908,182,0,14745,15456,832,0,61,0,0,15,1
5,train,"Nullable(Patch(FOR(Delta(BitPack))))",BETWEEN,14745,0.89996338,buffered_hot,broad_fused,1946343.0,1953724.0,1957059.0,15133,15456,15456,1,0,16384,15456,832,0,61,0,0,15,1
5,train,"Nullable(Patch(FOR(Delta(BitPack))))",BETWEEN,14745,0.89996338,buffered_drop_cache,selective_closure,2141304.0,2142476.0,2162956.0,13724,13908,13908,182,0,14745,15456,832,0,61,0,0,15,1
5,train,"Nullable(Patch(FOR(Delta(BitPack))))",BETWEEN,14745,0.89996338,buffered_drop_cache,broad_fused,2108105.0,2111479.0,2113152.0,15133,15456,15456,1,0,16384,15456,832,0,61,0,0,15,1
5,train,"Nullable(Patch(FOR(Delta(BitPack))))",SUM,16384,1.00000000,memory_warm,selective_closure,1989237.0,1989397.0,1989608.0,15133,15252,15252,200,0,16384,15456,832,0,61,0,0,15,1
5,train,"Nullable(Patch(FOR(Delta(BitPack))))",SUM,16384,1.00000000,memory_warm,broad_fused,1916719.0,1918741.0,1921115.0,15133,15456,15456,1,0,16384,15456,832,0,61,0,0,15,1
5,train,"Nullable(Patch(FOR(Delta(BitPack))))",SUM,16384,1.00000000,mmap_hot,selective_closure,1996217.0,1998231.0,1998901.0,15133,15252,15252,200,0,16384,15456,832,0,61,0,0,15,1
5,train,"Nullable(Patch(FOR(Delta(BitPack))))",SUM,16384,1.00000000,mmap_hot,broad_fused,1922908.0,1924981.0,1926493.0,15133,15456,15456,1,0,16384,15456,832,0,61,0,0,15,1
5,train,"Nullable(Patch(FOR(Delta(BitPack))))",SUM,16384,1.00000000,buffered_hot,selective_closure,2173822.0,2179881.0,2181304.0,15133,15252,15252,200,0,16384,15456,832,0,61,0,0,15,1
5,train,"Nullable(Patch(FOR(Delta(BitPack))))",SUM,16384,1.00000000,buffered_hot,broad_fused,1924841.0,1926844.0,1926894.0,15133,15456,15456,1,0,16384,15456,832,0,61,0,0,15,1
5,train,"Nullable(Patch(FOR(Delta(BitPack))))",SUM,16384,1.00000000,buffered_drop_cache,selective_closure,2314031.0,2314302.0,2323165.0,15133,15252,15252,200,0,16384,15456,832,0,61,0,0,15,1
5,train,"Nullable(Patch(FOR(Delta(BitPack))))",SUM,16384,1.00000000,buffered_drop_cache,broad_fused,2082165.0,2082576.0,2091349.0,15133,15456,15456,1,0,16384,15456,832,0,61,0,0,15,1
5,train,"Nullable(Patch(FOR(Delta(BitPack))))",BETWEEN,16384,1.00000000,memory_warm,selective_closure,2002326.0,2004259.0,2008716.0,15133,15252,15252,200,0,16384,15456,832,0,61,0,0,15,1
5,train,"Nullable(Patch(FOR(Delta(BitPack))))",BETWEEN,16384,1.00000000,memory_warm,broad_fused,1938231.0,1941175.0,1942007.0,15133,15456,15456,1,0,16384,15456,832,0,61,0,0,15,1
5,train,"Nullable(Patch(FOR(Delta(BitPack))))",BETWEEN,16384,1.00000000,mmap_hot,selective_closure,2003438.0,2005661.0,2008445.0,15133,15252,15252,200,0,16384,15456,832,0,61,0,0,15,1
5,train,"Nullable(Patch(FOR(Delta(BitPack))))",BETWEEN,16384,1.00000000,mmap_hot,broad_fused,1945692.0,1946363.0,1947234.0,15133,15456,15456,1,0,16384,15456,832,0,61,0,0,15,1
5,train,"Nullable(Patch(FOR(Delta(BitPack))))",BETWEEN,16384,1.00000000,buffered_hot,selective_closure,2191959.0,2193051.0,2196917.0,15133,15252,15252,200,0,16384,15456,832,0,61,0,0,15,1
5,train,"Nullable(Patch(FOR(Delta(BitPack))))",BETWEEN,16384,1.00000000,buffered_hot,broad_fused,1944660.0,1947234.0,1947625.0,15133,15456,15456,1,0,16384,15456,832,0,61,0,0,15,1
5,train,"Nullable(Patch(FOR(Delta(BitPack))))",BETWEEN,16384,1.00000000,buffered_drop_cache,selective_closure,2328152.0,2330416.0,2332489.0,15133,15252,15252,200,0,16384,15456,832,0,61,0,0,15,1
5,train,"Nullable(Patch(FOR(Delta(BitPack))))",BETWEEN,16384,1.00000000,buffered_drop_cache,broad_fused,2107484.0,2109807.0,2111669.0,15133,15456,15456,1,0,16384,15456,832,0,61,0,0,15,1
6,train,"Frame(Nullable(FOR(BitPack)))",SUM,1,0.00006104,memory_warm,selective_closure,4686.6,4700.0,4704.6,559,33731,33731,2,1,1,33731,512,1,0,0,0,0,1
6,train,"Frame(Nullable(FOR(BitPack)))",SUM,1,0.00006104,memory_warm,broad_fused,790759.0,790759.0,791681.0,35340,33731,33731,1,1,16384,33731,512,1,0,0,0,0,1
6,train,"Frame(Nullable(FOR(BitPack)))",SUM,1,0.00006104,mmap_hot,selective_closure,5600.3,5609.3,5657.4,559,33731,33731,2,1,1,33731,512,1,0,0,0,0,1
6,train,"Frame(Nullable(FOR(BitPack)))",SUM,1,0.00006104,mmap_hot,broad_fused,786463.0,789217.0,789688.0,35340,33731,33731,1,1,16384,33731,512,1,0,0,0,0,1
6,train,"Frame(Nullable(FOR(BitPack)))",SUM,1,0.00006104,buffered_hot,selective_closure,8115.7,8124.0,8194.4,559,33731,33731,2,1,1,33731,512,1,0,0,0,0,1
6,train,"Frame(Nullable(FOR(BitPack)))",SUM,1,0.00006104,buffered_hot,broad_fused,789067.0,789988.0,790509.0,35340,33731,33731,1,1,16384,33731,512,1,0,0,0,0,1
6,train,"Frame(Nullable(FOR(BitPack)))",SUM,1,0.00006104,buffered_drop_cache,selective_closure,291876.0,293768.0,295400.0,559,33731,33731,2,1,1,33731,512,1,0,0,0,0,1
6,train,"Frame(Nullable(FOR(BitPack)))",SUM,1,0.00006104,buffered_drop_cache,broad_fused,1073502.0,1074052.0,1075224.0,35340,33731,33731,1,1,16384,33731,512,1,0,0,0,0,1
6,train,"Frame(Nullable(FOR(BitPack)))",BETWEEN,1,0.00006104,memory_warm,selective_closure,4650.1,4656.5,4703.4,559,33731,33731,2,1,1,33731,512,1,0,0,0,0,1
6,train,"Frame(Nullable(FOR(BitPack)))",BETWEEN,1,0.00006104,memory_warm,broad_fused,792081.0,793093.0,793464.0,35340,33731,33731,1,1,16384,33731,512,1,0,0,0,0,1
6,train,"Frame(Nullable(FOR(BitPack)))",BETWEEN,1,0.00006104,mmap_hot,selective_closure,5596.7,5603.5,5653.9,559,33731,33731,2,1,1,33731,512,1,0,0,0,0,1
6,train,"Frame(Nullable(FOR(BitPack)))",BETWEEN,1,0.00006104,mmap_hot,broad_fused,793283.0,795537.0,795646.0,35340,33731,33731,1,1,16384,33731,512,1,0,0,0,0,1
6,train,"Frame(Nullable(FOR(BitPack)))",BETWEEN,1,0.00006104,buffered_hot,selective_closure,8095.6,8102.9,8189.9,559,33731,33731,2,1,1,33731,512,1,0,0,0,0,1
6,train,"Frame(Nullable(FOR(BitPack)))",BETWEEN,1,0.00006104,buffered_hot,broad_fused,796038.0,797028.0,798460.0,35340,33731,33731,1,1,16384,33731,512,1,0,0,0,0,1
6,train,"Frame(Nullable(FOR(BitPack)))",BETWEEN,1,0.00006104,buffered_drop_cache,selective_closure,295241.0,296652.0,297594.0,559,33731,33731,2,1,1,33731,512,1,0,0,0,0,1
6,train,"Frame(Nullable(FOR(BitPack)))",BETWEEN,1,0.00006104,buffered_drop_cache,broad_fused,1082415.0,1082795.0,1083336.0,35340,33731,33731,1,1,16384,33731,512,1,0,0,0,0,1
6,train,"Frame(Nullable(FOR(BitPack)))",SUM,4,0.00024414,memory_warm,selective_closure,4778.2,4791.7,4825.1,566,33731,33731,2,1,4,33731,512,1,0,0,0,0,1
6,train,"Frame(Nullable(FOR(BitPack)))",SUM,4,0.00024414,memory_warm,broad_fused,783489.0,783769.0,783879.0,35340,33731,33731,1,1,16384,33731,512,1,0,0,0,0,1
6,train,"Frame(Nullable(FOR(BitPack)))",SUM,4,0.00024414,mmap_hot,selective_closure,5744.3,5780.4,5793.6,566,33731,33731,2,1,4,33731,512,1,0,0,0,0,1
6,train,"Frame(Nullable(FOR(BitPack)))",SUM,4,0.00024414,mmap_hot,broad_fused,786593.0,787214.0,789697.0,35340,33731,33731,1,1,16384,33731,512,1,0,0,0,0,1
6,train,"Frame(Nullable(FOR(BitPack)))",SUM,4,0.00024414,buffered_hot,selective_closure,8273.2,8291.4,8309.5,566,33731,33731,2,1,4,33731,512,1,0,0,0,0,1
6,train,"Frame(Nullable(FOR(BitPack)))",SUM,4,0.00024414,buffered_hot,broad_fused,788025.0,788697.0,793654.0,35340,33731,33731,1,1,16384,33731,512,1,0,0,0,0,1
6,train,"Frame(Nullable(FOR(BitPack)))",SUM,4,0.00024414,buffered_drop_cache,selective_closure,293448.0,293658.0,294900.0,566,33731,33731,2,1,4,33731,512,1,0,0,0,0,1
6,train,"Frame(Nullable(FOR(BitPack)))",SUM,4,0.00024414,buffered_drop_cache,broad_fused,1071539.0,1073571.0,1075705.0,35340,33731,33731,1,1,16384,33731,512,1,0,0,0,0,1
6,train,"Frame(Nullable(FOR(BitPack)))",BETWEEN,4,0.00024414,memory_warm,selective_closure,4823.1,4825.3,4866.3,566,33731,33731,2,1,4,33731,512,1,0,0,0,0,1
6,train,"Frame(Nullable(FOR(BitPack)))",BETWEEN,4,0.00024414,memory_warm,broad_fused,794215.0,794595.0,795376.0,35340,33731,33731,1,1,16384,33731,512,1,0,0,0,0,1
6,train,"Frame(Nullable(FOR(BitPack)))",BETWEEN,4,0.00024414,mmap_hot,selective_closure,5775.0,5784.4,5841.0,566,33731,33731,2,1,4,33731,512,1,0,0,0,0,1
6,train,"Frame(Nullable(FOR(BitPack)))",BETWEEN,4,0.00024414,mmap_hot,broad_fused,792853.0,793784.0,794915.0,35340,33731,33731,1,1,16384,33731,512,1,0,0,0,0,1
6,train,"Frame(Nullable(FOR(BitPack)))",BETWEEN,4,0.00024414,buffered_hot,selective_closure,8372.0,8450.8,8459.3,566,33731,33731,2,1,4,33731,512,1,0,0,0,0,1
6,train,"Frame(Nullable(FOR(BitPack)))",BETWEEN,4,0.00024414,buffered_hot,broad_fused,796208.0,796458.0,797851.0,35340,33731,33731,1,1,16384,33731,512,1,0,0,0,0,1
6,train,"Frame(Nullable(FOR(BitPack)))",BETWEEN,4,0.00024414,buffered_drop_cache,selective_closure,292226.0,293297.0,293448.0,566,33731,33731,2,1,4,33731,512,1,0,0,0,0,1
6,train,"Frame(Nullable(FOR(BitPack)))",BETWEEN,4,0.00024414,buffered_drop_cache,broad_fused,1069055.0,1073732.0,1076846.0,35340,33731,33731,1,1,16384,33731,512,1,0,0,0,0,1
6,train,"Frame(Nullable(FOR(BitPack)))",SUM,16,0.00097656,memory_warm,selective_closure,5373.2,5382.2,5419.2,590,33731,33731,2,1,16,33731,512,1,0,0,0,0,1
6,train,"Frame(Nullable(FOR(BitPack)))",SUM,16,0.00097656,memory_warm,broad_fused,772602.0,775257.0,775647.0,35340,33731,33731,1,1,16384,33731,512,1,0,0,0,0,1
6,train,"Frame(Nullable(FOR(BitPack)))",SUM,16,0.00097656,mmap_hot,selective_closure,6365.5,6385.0,6398.5,590,33731,33731,2,1,16,33731,512,1,0,0,0,0,1
6,train,"Frame(Nullable(FOR(BitPack)))",SUM,16,0.00097656,mmap_hot,broad_fused,775266.0,775597.0,775617.0,35340,33731,33731,1,1,16384,33731,512,1,0,0,0,0,1
6,train,"Frame(Nullable(FOR(BitPack)))",SUM,16,0.00097656,buffered_hot,selective_closure,8926.6,8928.8,9016.4,590,33731,33731,2,1,16,33731,512,1,0,0,0,0,1
6,train,"Frame(Nullable(FOR(BitPack)))",SUM,16,0.00097656,buffered_hot,broad_fused,774124.0,776368.0,777069.0,35340,33731,33731,1,1,16384,33731,512,1,0,0,0,0,1
6,train,"Frame(Nullable(FOR(BitPack)))",SUM,16,0.00097656,buffered_drop_cache,selective_closure,294649.0,295231.0,298165.0,590,33731,33731,2,1,16,33731,512,1,0,0,0,0,1
6,train,"Frame(Nullable(FOR(BitPack)))",SUM,16,0.00097656,buffered_drop_cache,broad_fused,1061353.0,1062716.0,1063266.0,35340,33731,33731,1,1,16384,33731,512,1,0,0,0,0,1
6,train,"Frame(Nullable(FOR(BitPack)))",BETWEEN,16,0.00097656,memory_warm,selective_closure,5464.2,5490.9,5544.2,590,33731,33731,2,1,16,33731,512,1,0,0,0,0,1
6,train,"Frame(Nullable(FOR(BitPack)))",BETWEEN,16,0.00097656,memory_warm,broad_fused,781436.0,783399.0,785772.0,35340,33731,33731,1,1,16384,33731,512,1,0,0,0,0,1
6,train,"Frame(Nullable(FOR(BitPack)))",BETWEEN,16,0.00097656,mmap_hot,selective_closure,6411.3,6411.4,6475.7,590,33731,33731,2,1,16,33731,512,1,0,0,0,0,1
6,train,"Frame(Nullable(FOR(BitPack)))",BETWEEN,16,0.00097656,mmap_hot,broad_fused,780525.0,781485.0,781636.0,35340,33731,33731,1,1,16384,33731,512,1,0,0,0,0,1
6,train,"Frame(Nullable(FOR(BitPack)))",BETWEEN,16,0.00097656,buffered_hot,selective_closure,9061.0,9078.3,9119.8,590,33731,33731,2,1,16,33731,512,1,0,0,0,0,1
6,train,"Frame(Nullable(FOR(BitPack)))",BETWEEN,16,0.00097656,buffered_hot,broad_fused,786734.0,789567.0,796378.0,35340,33731,33731,1,1,16384,33731,512,1,0,0,0,0,1
6,train,"Frame(Nullable(FOR(BitPack)))",BETWEEN,16,0.00097656,buffered_drop_cache,selective_closure,293127.0,294519.0,295270.0,590,33731,33731,2,1,16,33731,512,1,0,0,0,0,1
6,train,"Frame(Nullable(FOR(BitPack)))",BETWEEN,16,0.00097656,buffered_drop_cache,broad_fused,1069145.0,1069456.0,1072600.0,35340,33731,33731,1,1,16384,33731,512,1,0,0,0,0,1
6,train,"Frame(Nullable(FOR(BitPack)))",SUM,64,0.00390625,memory_warm,selective_closure,7415.2,7422.2,7494.3,688,33731,33731,2,1,64,33731,512,1,0,0,0,0,1
6,train,"Frame(Nullable(FOR(BitPack)))",SUM,64,0.00390625,memory_warm,broad_fused,769748.0,772863.0,774455.0,35340,33731,33731,1,1,16384,33731,512,1,0,0,0,0,1
6,train,"Frame(Nullable(FOR(BitPack)))",SUM,64,0.00390625,mmap_hot,selective_closure,8382.5,8458.9,8468.6,688,33731,33731,2,1,64,33731,512,1,0,0,0,0,1
6,train,"Frame(Nullable(FOR(BitPack)))",SUM,64,0.00390625,mmap_hot,broad_fused,773043.0,773113.0,773764.0,35340,33731,33731,1,1,16384,33731,512,1,0,0,0,0,1
6,train,"Frame(Nullable(FOR(BitPack)))",SUM,64,0.00390625,buffered_hot,selective_closure,10921.6,11005.1,11019.1,688,33731,33731,2,1,64,33731,512,1,0,0,0,0,1
6,train,"Frame(Nullable(FOR(BitPack)))",SUM,64,0.00390625,buffered_hot,broad_fused,778211.0,778721.0,782858.0,35340,33731,33731,1,1,16384,33731,512,1,0,0,0,0,1
6,train,"Frame(Nullable(FOR(BitPack)))",SUM,64,0.00390625,buffered_drop_cache,selective_closure,294860.0,296933.0,297533.0,688,33731,33731,2,1,64,33731,512,1,0,0,0,0,1
6,train,"Frame(Nullable(FOR(BitPack)))",SUM,64,0.00390625,buffered_drop_cache,broad_fused,1062424.0,1062765.0,1067172.0,35340,33731,33731,1,1,16384,33731,512,1,0,0,0,0,1
6,train,"Frame(Nullable(FOR(BitPack)))",BETWEEN,64,0.00390625,memory_warm,selective_closure,7579.3,7603.2,7653.1,688,33731,33731,2,1,64,33731,512,1,0,0,0,0,1
6,train,"Frame(Nullable(FOR(BitPack)))",BETWEEN,64,0.00390625,memory_warm,broad_fused,778561.0,782377.0,785201.0,35340,33731,33731,1,1,16384,33731,512,1,0,0,0,0,1
6,train,"Frame(Nullable(FOR(BitPack)))",BETWEEN,64,0.00390625,mmap_hot,selective_closure,8526.4,8545.9,8604.9,688,33731,33731,2,1,64,33731,512,1,0,0,0,0,1
6,train,"Frame(Nullable(FOR(BitPack)))",BETWEEN,64,0.00390625,mmap_hot,broad_fused,782857.0,783679.0,788567.0,35340,33731,33731,1,1,16384,33731,512,1,0,0,0,0,1
6,train,"Frame(Nullable(FOR(BitPack)))",BETWEEN,64,0.00390625,buffered_hot,selective_closure,11083.1,11101.8,11153.5,688,33731,33731,2,1,64,33731,512,1,0,0,0,0,1
6,train,"Frame(Nullable(FOR(BitPack)))",BETWEEN,64,0.00390625,buffered_hot,broad_fused,783208.0,784981.0,785642.0,35340,33731,33731,1,1,16384,33731,512,1,0,0,0,0,1
6,train,"Frame(Nullable(FOR(BitPack)))",BETWEEN,64,0.00390625,buffered_drop_cache,selective_closure,293838.0,296052.0,296122.0,688,33731,33731,2,1,64,33731,512,1,0,0,0,0,1
6,train,"Frame(Nullable(FOR(BitPack)))",BETWEEN,64,0.00390625,buffered_drop_cache,broad_fused,1068323.0,1071738.0,1071849.0,35340,33731,33731,1,1,16384,33731,512,1,0,0,0,0,1
6,train,"Frame(Nullable(FOR(BitPack)))",SUM,163,0.00994873,memory_warm,selective_closure,11855.0,11918.8,11947.8,895,33731,33731,2,1,163,33731,512,1,0,0,0,0,1
6,train,"Frame(Nullable(FOR(BitPack)))",SUM,163,0.00994873,memory_warm,broad_fused,771410.0,773173.0,775096.0,35340,33731,33731,1,1,16384,33731,512,1,0,0,0,0,1
6,train,"Frame(Nullable(FOR(BitPack)))",SUM,163,0.00994873,mmap_hot,selective_closure,12847.1,12890.5,12962.5,895,33731,33731,2,1,163,33731,512,1,0,0,0,0,1
6,train,"Frame(Nullable(FOR(BitPack)))",SUM,163,0.00994873,mmap_hot,broad_fused,769387.0,772492.0,773894.0,35340,33731,33731,1,1,16384,33731,512,1,0,0,0,0,1
6,train,"Frame(Nullable(FOR(BitPack)))",SUM,163,0.00994873,buffered_hot,selective_closure,15404.5,15560.7,15574.5,895,33731,33731,2,1,163,33731,512,1,0,0,0,0,1
6,train,"Frame(Nullable(FOR(BitPack)))",SUM,163,0.00994873,buffered_hot,broad_fused,778251.0,779343.0,779773.0,35340,33731,33731,1,1,16384,33731,512,1,0,0,0,0,1
6,train,"Frame(Nullable(FOR(BitPack)))",SUM,163,0.00994873,buffered_drop_cache,selective_closure,299076.0,299537.0,299717.0,895,33731,33731,2,1,163,33731,512,1,0,0,0,0,1
6,train,"Frame(Nullable(FOR(BitPack)))",SUM,163,0.00994873,buffered_drop_cache,broad_fused,1060431.0,1060752.0,1061553.0,35340,33731,33731,1,1,16384,33731,512,1,0,0,0,0,1
6,train,"Frame(Nullable(FOR(BitPack)))",BETWEEN,163,0.00994873,memory_warm,selective_closure,12218.0,12240.8,12305.3,895,33731,33731,2,1,163,33731,512,1,0,0,0,0,1
6,train,"Frame(Nullable(FOR(BitPack)))",BETWEEN,163,0.00994873,memory_warm,broad_fused,782107.0,783809.0,787585.0,35340,33731,33731,1,1,16384,33731,512,1,0,0,0,0,1
6,train,"Frame(Nullable(FOR(BitPack)))",BETWEEN,163,0.00994873,mmap_hot,selective_closure,13263.8,13324.2,13388.4,895,33731,33731,2,1,163,33731,512,1,0,0,0,0,1
6,train,"Frame(Nullable(FOR(BitPack)))",BETWEEN,163,0.00994873,mmap_hot,broad_fused,781545.0,781846.0,783909.0,35340,33731,33731,1,1,16384,33731,512,1,0,0,0,0,1
6,train,"Frame(Nullable(FOR(BitPack)))",BETWEEN,163,0.00994873,buffered_hot,selective_closure,15784.8,15922.5,15925.7,895,33731,33731,2,1,163,33731,512,1,0,0,0,0,1
6,train,"Frame(Nullable(FOR(BitPack)))",BETWEEN,163,0.00994873,buffered_hot,broad_fused,783078.0,784250.0,786072.0,35340,33731,33731,1,1,16384,33731,512,1,0,0,0,0,1
6,train,"Frame(Nullable(FOR(BitPack)))",BETWEEN,163,0.00994873,buffered_drop_cache,selective_closure,299167.0,300408.0,304334.0,895,33731,33731,2,1,163,33731,512,1,0,0,0,0,1
6,train,"Frame(Nullable(FOR(BitPack)))",BETWEEN,163,0.00994873,buffered_drop_cache,broad_fused,1069295.0,1071438.0,1072489.0,35340,33731,33731,1,1,16384,33731,512,1,0,0,0,0,1
6,train,"Frame(Nullable(FOR(BitPack)))",SUM,256,0.01562500,memory_warm,selective_closure,15944.5,15946.5,16084.0,1085,33731,33731,2,1,256,33731,512,1,0,0,0,0,1
6,train,"Frame(Nullable(FOR(BitPack)))",SUM,256,0.01562500,memory_warm,broad_fused,773003.0,773684.0,774485.0,35340,33731,33731,1,1,16384,33731,512,1,0,0,0,0,1
6,train,"Frame(Nullable(FOR(BitPack)))",SUM,256,0.01562500,mmap_hot,selective_closure,16895.9,17063.7,17090.0,1085,33731,33731,2,1,256,33731,512,1,0,0,0,0,1
6,train,"Frame(Nullable(FOR(BitPack)))",SUM,256,0.01562500,mmap_hot,broad_fused,774785.0,775086.0,775246.0,35340,33731,33731,1,1,16384,33731,512,1,0,0,0,0,1
6,train,"Frame(Nullable(FOR(BitPack)))",SUM,256,0.01562500,buffered_hot,selective_closure,19441.0,19570.0,19612.9,1085,33731,33731,2,1,256,33731,512,1,0,0,0,0,1
6,train,"Frame(Nullable(FOR(BitPack)))",SUM,256,0.01562500,buffered_hot,broad_fused,778551.0,779933.0,781075.0,35340,33731,33731,1,1,16384,33731,512,1,0,0,0,0,1
6,train,"Frame(Nullable(FOR(BitPack)))",SUM,256,0.01562500,buffered_drop_cache,selective_closure,303293.0,304434.0,305336.0,1085,33731,33731,2,1,256,33731,512,1,0,0,0,0,1
6,train,"Frame(Nullable(FOR(BitPack)))",SUM,256,0.01562500,buffered_drop_cache,broad_fused,1061484.0,1061794.0,1062144.0,35340,33731,33731,1,1,16384,33731,512,1,0,0,0,0,1
6,train,"Frame(Nullable(FOR(BitPack)))",BETWEEN,256,0.01562500,memory_warm,selective_closure,16581.3,16681.1,16724.3,1085,33731,33731,2,1,256,33731,512,1,0,0,0,0,1
6,train,"Frame(Nullable(FOR(BitPack)))",BETWEEN,256,0.01562500,memory_warm,broad_fused,782607.0,784641.0,785712.0,35340,33731,33731,1,1,16384,33731,512,1,0,0,0,0,1
6,train,"Frame(Nullable(FOR(BitPack)))",BETWEEN,256,0.01562500,mmap_hot,selective_closure,17503.9,17524.3,17678.2,1085,33731,33731,2,1,256,33731,512,1,0,0,0,0,1
6,train,"Frame(Nullable(FOR(BitPack)))",BETWEEN,256,0.01562500,mmap_hot,broad_fused,782337.0,783539.0,784350.0,35340,33731,33731,1,1,16384,33731,512,1,0,0,0,0,1
6,train,"Frame(Nullable(FOR(BitPack)))",BETWEEN,256,0.01562500,buffered_hot,selective_closure,20225.6,20265.2,20420.0,1085,33731,33731,2,1,256,33731,512,1,0,0,0,0,1
6,train,"Frame(Nullable(FOR(BitPack)))",BETWEEN,256,0.01562500,buffered_hot,broad_fused,784360.0,788146.0,793884.0,35340,33731,33731,1,1,16384,33731,512,1,0,0,0,0,1
6,train,"Frame(Nullable(FOR(BitPack)))",BETWEEN,256,0.01562500,buffered_drop_cache,selective_closure,303713.0,304645.0,304764.0,1085,33731,33731,2,1,256,33731,512,1,0,0,0,0,1
6,train,"Frame(Nullable(FOR(BitPack)))",BETWEEN,256,0.01562500,buffered_drop_cache,broad_fused,1070587.0,1070897.0,1072340.0,35340,33731,33731,1,1,16384,33731,512,1,0,0,0,0,1
6,train,"Frame(Nullable(FOR(BitPack)))",SUM,819,0.04998779,memory_warm,selective_closure,42283.9,42682.7,42789.3,2279,33731,33731,2,1,819,33731,512,1,0,0,0,0,1
6,train,"Frame(Nullable(FOR(BitPack)))",SUM,819,0.04998779,memory_warm,broad_fused,772672.0,774375.0,775276.0,35340,33731,33731,1,1,16384,33731,512,1,0,0,0,0,1
6,train,"Frame(Nullable(FOR(BitPack)))",SUM,819,0.04998779,mmap_hot,selective_closure,43230.0,43365.6,43595.9,2279,33731,33731,2,1,819,33731,512,1,0,0,0,0,1
6,train,"Frame(Nullable(FOR(BitPack)))",SUM,819,0.04998779,mmap_hot,broad_fused,773824.0,775416.0,775998.0,35340,33731,33731,1,1,16384,33731,512,1,0,0,0,0,1
6,train,"Frame(Nullable(FOR(BitPack)))",SUM,819,0.04998779,buffered_hot,selective_closure,46242.0,46306.0,46526.4,2279,33731,33731,2,1,819,33731,512,1,0,0,0,0,1
6,train,"Frame(Nullable(FOR(BitPack)))",SUM,819,0.04998779,buffered_hot,broad_fused,775626.0,775987.0,776388.0,35340,33731,33731,1,1,16384,33731,512,1,0,0,0,0,1
6,train,"Frame(Nullable(FOR(BitPack)))",SUM,819,0.04998779,buffered_drop_cache,selective_closure,329161.0,331054.0,331734.0,2279,33731,33731,2,1,819,33731,512,1,0,0,0,0,1
6,train,"Frame(Nullable(FOR(BitPack)))",SUM,819,0.04998779,buffered_drop_cache,broad_fused,1063566.0,1064678.0,1065930.0,35340,33731,33731,1,1,16384,33731,512,1,0,0,0,0,1
6,train,"Frame(Nullable(FOR(BitPack)))",BETWEEN,819,0.04998779,memory_warm,selective_closure,44161.4,44187.7,44673.0,2279,33731,33731,2,1,819,33731,512,1,0,0,0,0,1
6,train,"Frame(Nullable(FOR(BitPack)))",BETWEEN,819,0.04998779,memory_warm,broad_fused,783749.0,784109.0,794866.0,35340,33731,33731,1,1,16384,33731,512,1,0,0,0,0,1
6,train,"Frame(Nullable(FOR(BitPack)))",BETWEEN,819,0.04998779,mmap_hot,selective_closure,45376.7,45512.9,45839.4,2279,33731,33731,2,1,819,33731,512,1,0,0,0,0,1
6,train,"Frame(Nullable(FOR(BitPack)))",BETWEEN,819,0.04998779,mmap_hot,broad_fused,780745.0,785011.0,787144.0,35340,33731,33731,1,1,16384,33731,512,1,0,0,0,0,1
6,train,"Frame(Nullable(FOR(BitPack)))",BETWEEN,819,0.04998779,buffered_hot,selective_closure,47907.4,47942.5,48410.2,2279,33731,33731,2,1,819,33731,512,1,0,0,0,0,1
6,train,"Frame(Nullable(FOR(BitPack)))",BETWEEN,819,0.04998779,buffered_hot,broad_fused,786113.0,787835.0,788086.0,35340,33731,33731,1,1,16384,33731,512,1,0,0,0,0,1
6,train,"Frame(Nullable(FOR(BitPack)))",BETWEEN,819,0.04998779,buffered_drop_cache,selective_closure,331244.0,333318.0,339096.0,2279,33731,33731,2,1,819,33731,512,1,0,0,0,0,1
6,train,"Frame(Nullable(FOR(BitPack)))",BETWEEN,819,0.04998779,buffered_drop_cache,broad_fused,1071418.0,1073231.0,1074452.0,35340,33731,33731,1,1,16384,33731,512,1,0,0,0,0,1
6,train,"Frame(Nullable(FOR(BitPack)))",SUM,1638,0.09997559,memory_warm,selective_closure,81286.2,81852.2,82070.8,4030,33731,33731,2,1,1638,33731,512,1,0,0,0,0,1
6,train,"Frame(Nullable(FOR(BitPack)))",SUM,1638,0.09997559,memory_warm,broad_fused,775376.0,775517.0,776268.0,35340,33731,33731,1,1,16384,33731,512,1,0,0,0,0,1
6,train,"Frame(Nullable(FOR(BitPack)))",SUM,1638,0.09997559,mmap_hot,selective_closure,82372.8,82935.3,83020.5,4030,33731,33731,2,1,1638,33731,512,1,0,0,0,0,1
6,train,"Frame(Nullable(FOR(BitPack)))",SUM,1638,0.09997559,mmap_hot,broad_fused,774715.0,775066.0,775676.0,35340,33731,33731,1,1,16384,33731,512,1,0,0,0,0,1
6,train,"Frame(Nullable(FOR(BitPack)))",SUM,1638,0.09997559,buffered_hot,selective_closure,85040.8,85689.8,86040.4,4030,33731,33731,2,1,1638,33731,512,1,0,0,0,0,1
6,train,"Frame(Nullable(FOR(BitPack)))",SUM,1638,0.09997559,buffered_hot,broad_fused,778291.0,778862.0,781045.0,35340,33731,33731,1,1,16384,33731,512,1,0,0,0,0,1
6,train,"Frame(Nullable(FOR(BitPack)))",SUM,1638,0.09997559,buffered_drop_cache,selective_closure,369891.0,369951.0,376752.0,4030,33731,33731,2,1,1638,33731,512,1,0,0,0,0,1
6,train,"Frame(Nullable(FOR(BitPack)))",SUM,1638,0.09997559,buffered_drop_cache,broad_fused,1063105.0,1065699.0,1066541.0,35340,33731,33731,1,1,16384,33731,512,1,0,0,0,0,1
6,train,"Frame(Nullable(FOR(BitPack)))",BETWEEN,1638,0.09997559,memory_warm,selective_closure,85319.2,85595.6,86455.0,4030,33731,33731,2,1,1638,33731,512,1,0,0,0,0,1
6,train,"Frame(Nullable(FOR(BitPack)))",BETWEEN,1638,0.09997559,memory_warm,broad_fused,784620.0,789658.0,792813.0,35340,33731,33731,1,1,16384,33731,512,1,0,0,0,0,1
6,train,"Frame(Nullable(FOR(BitPack)))",BETWEEN,1638,0.09997559,mmap_hot,selective_closure,86328.8,87117.8,87370.4,4030,33731,33731,2,1,1638,33731,512,1,0,0,0,0,1
6,train,"Frame(Nullable(FOR(BitPack)))",BETWEEN,1638,0.09997559,mmap_hot,broad_fused,787094.0,788006.0,789728.0,35340,33731,33731,1,1,16384,33731,512,1,0,0,0,0,1
6,train,"Frame(Nullable(FOR(BitPack)))",BETWEEN,1638,0.09997559,buffered_hot,selective_closure,88852.6,88912.6,90040.4,4030,33731,33731,2,1,1638,33731,512,1,0,0,0,0,1
6,train,"Frame(Nullable(FOR(BitPack)))",BETWEEN,1638,0.09997559,buffered_hot,broad_fused,789758.0,790379.0,791330.0,35340,33731,33731,1,1,16384,33731,512,1,0,0,0,0,1
6,train,"Frame(Nullable(FOR(BitPack)))",BETWEEN,1638,0.09997559,buffered_drop_cache,selective_closure,373026.0,374198.0,375680.0,4030,33731,33731,2,1,1638,33731,512,1,0,0,0,0,1
6,train,"Frame(Nullable(FOR(BitPack)))",BETWEEN,1638,0.09997559,buffered_drop_cache,broad_fused,1074963.0,1076236.0,1077167.0,35340,33731,33731,1,1,16384,33731,512,1,0,0,0,0,1
6,train,"Frame(Nullable(FOR(BitPack)))",SUM,3276,0.19995117,memory_warm,selective_closure,158716.7,159421.0,159631.7,7505,33731,33731,2,1,3276,33731,512,1,0,0,0,0,1
6,train,"Frame(Nullable(FOR(BitPack)))",SUM,3276,0.19995117,memory_warm,broad_fused,776528.0,778622.0,780134.0,35340,33731,33731,1,1,16384,33731,512,1,0,0,0,0,1
6,train,"Frame(Nullable(FOR(BitPack)))",SUM,3276,0.19995117,mmap_hot,selective_closure,158900.3,160482.7,160669.7,7505,33731,33731,2,1,3276,33731,512,1,0,0,0,0,1
6,train,"Frame(Nullable(FOR(BitPack)))",SUM,3276,0.19995117,mmap_hot,broad_fused,775757.0,776158.0,777570.0,35340,33731,33731,1,1,16384,33731,512,1,0,0,0,0,1
6,train,"Frame(Nullable(FOR(BitPack)))",SUM,3276,0.19995117,buffered_hot,selective_closure,161681.0,161786.5,161986.5,7505,33731,33731,2,1,3276,33731,512,1,0,0,0,0,1
6,train,"Frame(Nullable(FOR(BitPack)))",SUM,3276,0.19995117,buffered_hot,broad_fused,777189.0,777339.0,780915.0,35340,33731,33731,1,1,16384,33731,512,1,0,0,0,0,1
6,train,"Frame(Nullable(FOR(BitPack)))",SUM,3276,0.19995117,buffered_drop_cache,selective_closure,445584.0,447848.0,450863.0,7505,33731,33731,2,1,3276,33731,512,1,0,0,0,0,1
6,train,"Frame(Nullable(FOR(BitPack)))",SUM,3276,0.19995117,buffered_drop_cache,broad_fused,1062535.0,1064928.0,1067513.0,35340,33731,33731,1,1,16384,33731,512,1,0,0,0,0,1
6,train,"Frame(Nullable(FOR(BitPack)))",BETWEEN,3276,0.19995117,memory_warm,selective_closure,165650.3,166551.7,167042.7,7505,33731,33731,2,1,3276,33731,512,1,0,0,0,0,1
6,train,"Frame(Nullable(FOR(BitPack)))",BETWEEN,3276,0.19995117,memory_warm,broad_fused,789978.0,790580.0,792903.0,35340,33731,33731,1,1,16384,33731,512,1,0,0,0,0,1
6,train,"Frame(Nullable(FOR(BitPack)))",BETWEEN,3276,0.19995117,mmap_hot,selective_closure,166438.5,166568.5,167455.0,7505,33731,33731,2,1,3276,33731,512,1,0,0,0,0,1
6,train,"Frame(Nullable(FOR(BitPack)))",BETWEEN,3276,0.19995117,mmap_hot,broad_fused,791721.0,792462.0,793894.0,35340,33731,33731,1,1,16384,33731,512,1,0,0,0,0,1
6,train,"Frame(Nullable(FOR(BitPack)))",BETWEEN,3276,0.19995117,buffered_hot,selective_closure,169312.5,169608.0,171330.5,7505,33731,33731,2,1,3276,33731,512,1,0,0,0,0,1
6,train,"Frame(Nullable(FOR(BitPack)))",BETWEEN,3276,0.19995117,buffered_hot,broad_fused,791490.0,796968.0,798310.0,35340,33731,33731,1,1,16384,33731,512,1,0,0,0,0,1
6,train,"Frame(Nullable(FOR(BitPack)))",BETWEEN,3276,0.19995117,buffered_drop_cache,selective_closure,454428.0,458323.0,460186.0,7505,33731,33731,2,1,3276,33731,512,1,0,0,0,0,1
6,train,"Frame(Nullable(FOR(BitPack)))",BETWEEN,3276,0.19995117,buffered_drop_cache,broad_fused,1077327.0,1080702.0,1080973.0,35340,33731,33731,1,1,16384,33731,512,1,0,0,0,0,1
6,train,"Frame(Nullable(FOR(BitPack)))",SUM,4915,0.29998779,memory_warm,selective_closure,234700.0,236613.0,237043.5,10983,33731,33731,2,1,4915,33731,512,1,0,0,0,0,1
6,train,"Frame(Nullable(FOR(BitPack)))",SUM,4915,0.29998779,memory_warm,broad_fused,775968.0,777449.0,780353.0,35340,33731,33731,1,1,16384,33731,512,1,0,0,0,0,1
6,train,"Frame(Nullable(FOR(BitPack)))",SUM,4915,0.29998779,mmap_hot,selective_closure,235231.0,235696.5,237199.0,10983,33731,33731,2,1,4915,33731,512,1,0,0,0,0,1
6,train,"Frame(Nullable(FOR(BitPack)))",SUM,4915,0.29998779,mmap_hot,broad_fused,776538.0,776859.0,780234.0,35340,33731,33731,1,1,16384,33731,512,1,0,0,0,0,1
6,train,"Frame(Nullable(FOR(BitPack)))",SUM,4915,0.29998779,buffered_hot,selective_closure,238521.0,239091.5,239642.5,10983,33731,33731,2,1,4915,33731,512,1,0,0,0,0,1
6,train,"Frame(Nullable(FOR(BitPack)))",SUM,4915,0.29998779,buffered_hot,broad_fused,778431.0,779733.0,780835.0,35340,33731,33731,1,1,16384,33731,512,1,0,0,0,0,1
6,train,"Frame(Nullable(FOR(BitPack)))",SUM,4915,0.29998779,buffered_drop_cache,selective_closure,521568.0,522389.0,524342.0,10983,33731,33731,2,1,4915,33731,512,1,0,0,0,0,1
6,train,"Frame(Nullable(FOR(BitPack)))",SUM,4915,0.29998779,buffered_drop_cache,broad_fused,1063977.0,1064518.0,1070356.0,35340,33731,33731,1,1,16384,33731,512,1,0,0,0,0,1
6,train,"Frame(Nullable(FOR(BitPack)))",BETWEEN,4915,0.29998779,memory_warm,selective_closure,246217.5,247208.5,247494.5,10983,33731,33731,2,1,4915,33731,512,1,0,0,0,0,1
6,train,"Frame(Nullable(FOR(BitPack)))",BETWEEN,4915,0.29998779,memory_warm,broad_fused,797680.0,799582.0,805282.0,35340,33731,33731,1,1,16384,33731,512,1,0,0,0,0,1
6,train,"Frame(Nullable(FOR(BitPack)))",BETWEEN,4915,0.29998779,mmap_hot,selective_closure,247103.5,247539.0,248931.5,10983,33731,33731,2,1,4915,33731,512,1,0,0,0,0,1
6,train,"Frame(Nullable(FOR(BitPack)))",BETWEEN,4915,0.29998779,mmap_hot,broad_fused,797920.0,798100.0,801606.0,35340,33731,33731,1,1,16384,33731,512,1,0,0,0,0,1
6,train,"Frame(Nullable(FOR(BitPack)))",BETWEEN,4915,0.29998779,buffered_hot,selective_closure,249512.0,250644.0,251696.0,10983,33731,33731,2,1,4915,33731,512,1,0,0,0,0,1
6,train,"Frame(Nullable(FOR(BitPack)))",BETWEEN,4915,0.29998779,buffered_hot,broad_fused,802206.0,803699.0,806523.0,35340,33731,33731,1,1,16384,33731,512,1,0,0,0,0,1
6,train,"Frame(Nullable(FOR(BitPack)))",BETWEEN,4915,0.29998779,buffered_drop_cache,selective_closure,534608.0,536490.0,536700.0,10983,33731,33731,2,1,4915,33731,512,1,0,0,0,0,1
6,train,"Frame(Nullable(FOR(BitPack)))",BETWEEN,4915,0.29998779,buffered_drop_cache,broad_fused,1086010.0,1086700.0,1087202.0,35340,33731,33731,1,1,16384,33731,512,1,0,0,0,0,1
6,train,"Frame(Nullable(FOR(BitPack)))",SUM,6553,0.39996338,memory_warm,selective_closure,310313.0,310494.0,314689.0,14458,33731,33731,2,1,6553,33731,512,1,0,0,0,0,1
6,train,"Frame(Nullable(FOR(BitPack)))",SUM,6553,0.39996338,memory_warm,broad_fused,779582.0,781125.0,784510.0,35340,33731,33731,1,1,16384,33731,512,1,0,0,0,0,1
6,train,"Frame(Nullable(FOR(BitPack)))",SUM,6553,0.39996338,mmap_hot,selective_closure,312135.0,312527.0,316051.0,14458,33731,33731,2,1,6553,33731,512,1,0,0,0,0,1
6,train,"Frame(Nullable(FOR(BitPack)))",SUM,6553,0.39996338,mmap_hot,broad_fused,777740.0,778742.0,781926.0,35340,33731,33731,1,1,16384,33731,512,1,0,0,0,0,1
6,train,"Frame(Nullable(FOR(BitPack)))",SUM,6553,0.39996338,buffered_hot,selective_closure,314219.0,314519.0,316572.0,14458,33731,33731,2,1,6553,33731,512,1,0,0,0,0,1
6,train,"Frame(Nullable(FOR(BitPack)))",SUM,6553,0.39996338,buffered_hot,broad_fused,779653.0,780414.0,780734.0,35340,33731,33731,1,1,16384,33731,512,1,0,0,0,0,1
6,train,"Frame(Nullable(FOR(BitPack)))",SUM,6553,0.39996338,buffered_drop_cache,selective_closure,597191.0,599163.0,602088.0,14458,33731,33731,2,1,6553,33731,512,1,0,0,0,0,1
6,train,"Frame(Nullable(FOR(BitPack)))",SUM,6553,0.39996338,buffered_drop_cache,broad_fused,1066180.0,1067282.0,1069515.0,35340,33731,33731,1,1,16384,33731,512,1,0,0,0,0,1
6,train,"Frame(Nullable(FOR(BitPack)))",BETWEEN,6553,0.39996338,memory_warm,selective_closure,325405.0,325977.0,327298.0,14458,33731,33731,2,1,6553,33731,512,1,0,0,0,0,1
6,train,"Frame(Nullable(FOR(BitPack)))",BETWEEN,6553,0.39996338,memory_warm,broad_fused,801475.0,801556.0,804570.0,35340,33731,33731,1,1,16384,33731,512,1,0,0,0,0,1
6,train,"Frame(Nullable(FOR(BitPack)))",BETWEEN,6553,0.39996338,mmap_hot,selective_closure,326146.0,326477.0,326657.0,14458,33731,33731,2,1,6553,33731,512,1,0,0,0,0,1
6,train,"Frame(Nullable(FOR(BitPack)))",BETWEEN,6553,0.39996338,mmap_hot,broad_fused,801365.0,802347.0,802998.0,35340,33731,33731,1,1,16384,33731,512,1,0,0,0,0,1
6,train,"Frame(Nullable(FOR(BitPack)))",BETWEEN,6553,0.39996338,buffered_hot,selective_closure,329902.0,330503.0,333598.0,14458,33731,33731,2,1,6553,33731,512,1,0,0,0,0,1
6,train,"Frame(Nullable(FOR(BitPack)))",BETWEEN,6553,0.39996338,buffered_hot,broad_fused,801886.0,806854.0,807755.0,35340,33731,33731,1,1,16384,33731,512,1,0,0,0,0,1
6,train,"Frame(Nullable(FOR(BitPack)))",BETWEEN,6553,0.39996338,buffered_drop_cache,selective_closure,618702.0,620235.0,622299.0,14458,33731,33731,2,1,6553,33731,512,1,0,0,0,0,1
6,train,"Frame(Nullable(FOR(BitPack)))",BETWEEN,6553,0.39996338,buffered_drop_cache,broad_fused,1089164.0,1089274.0,1092921.0,35340,33731,33731,1,1,16384,33731,512,1,0,0,0,0,1
6,train,"Frame(Nullable(FOR(BitPack)))",SUM,8192,0.50000000,memory_warm,selective_closure,388690.0,388840.0,391133.0,17933,33731,33731,2,1,8192,33731,512,1,0,0,0,0,1
6,train,"Frame(Nullable(FOR(BitPack)))",SUM,8192,0.50000000,memory_warm,broad_fused,779764.0,780153.0,780545.0,35340,33731,33731,1,1,16384,33731,512,1,0,0,0,0,1
6,train,"Frame(Nullable(FOR(BitPack)))",SUM,8192,0.50000000,mmap_hot,selective_closure,388129.0,388179.0,393086.0,17933,33731,33731,2,1,8192,33731,512,1,0,0,0,0,1
6,train,"Frame(Nullable(FOR(BitPack)))",SUM,8192,0.50000000,mmap_hot,broad_fused,779373.0,779582.0,781625.0,35340,33731,33731,1,1,16384,33731,512,1,0,0,0,0,1
6,train,"Frame(Nullable(FOR(BitPack)))",SUM,8192,0.50000000,buffered_hot,selective_closure,391253.0,392566.0,392596.0,17933,33731,33731,2,1,8192,33731,512,1,0,0,0,0,1
6,train,"Frame(Nullable(FOR(BitPack)))",SUM,8192,0.50000000,buffered_hot,broad_fused,785661.0,787655.0,787755.0,35340,33731,33731,1,1,16384,33731,512,1,0,0,0,0,1
6,train,"Frame(Nullable(FOR(BitPack)))",SUM,8192,0.50000000,buffered_drop_cache,selective_closure,673675.0,675457.0,680074.0,17933,33731,33731,2,1,8192,33731,512,1,0,0,0,0,1
6,train,"Frame(Nullable(FOR(BitPack)))",SUM,8192,0.50000000,buffered_drop_cache,broad_fused,1065209.0,1066821.0,1066882.0,35340,33731,33731,1,1,16384,33731,512,1,0,0,0,0,1
6,train,"Frame(Nullable(FOR(BitPack)))",BETWEEN,8192,0.50000000,memory_warm,selective_closure,406306.0,407678.0,409101.0,17933,33731,33731,2,1,8192,33731,512,1,0,0,0,0,1
6,train,"Frame(Nullable(FOR(BitPack)))",BETWEEN,8192,0.50000000,memory_warm,broad_fused,803739.0,807184.0,811831.0,35340,33731,33731,1,1,16384,33731,512,1,0,0,0,0,1
6,train,"Frame(Nullable(FOR(BitPack)))",BETWEEN,8192,0.50000000,mmap_hot,selective_closure,407187.0,407268.0,410682.0,17933,33731,33731,2,1,8192,33731,512,1,0,0,0,0,1
6,train,"Frame(Nullable(FOR(BitPack)))",BETWEEN,8192,0.50000000,mmap_hot,broad_fused,804850.0,805642.0,805712.0,35340,33731,33731,1,1,16384,33731,512,1,0,0,0,0,1
6,train,"Frame(Nullable(FOR(BitPack)))",BETWEEN,8192,0.50000000,buffered_hot,selective_closure,409921.0,411474.0,413497.0,17933,33731,33731,2,1,8192,33731,512,1,0,0,0,0,1
6,train,"Frame(Nullable(FOR(BitPack)))",BETWEEN,8192,0.50000000,buffered_hot,broad_fused,809748.0,811100.0,815066.0,35340,33731,33731,1,1,16384,33731,512,1,0,0,0,0,1
6,train,"Frame(Nullable(FOR(BitPack)))",BETWEEN,8192,0.50000000,buffered_drop_cache,selective_closure,694726.0,699734.0,704060.0,17933,33731,33731,2,1,8192,33731,512,1,0,0,0,0,1
6,train,"Frame(Nullable(FOR(BitPack)))",BETWEEN,8192,0.50000000,buffered_drop_cache,broad_fused,1093361.0,1098449.0,1098588.0,35340,33731,33731,1,1,16384,33731,512,1,0,0,0,0,1
6,train,"Frame(Nullable(FOR(BitPack)))",SUM,9830,0.59997559,memory_warm,selective_closure,466696.0,471683.0,471714.0,21440,33731,33731,2,1,9830,33731,512,1,0,0,0,0,1
6,train,"Frame(Nullable(FOR(BitPack)))",SUM,9830,0.59997559,memory_warm,broad_fused,781777.0,782086.0,786352.0,35340,33731,33731,1,1,16384,33731,512,1,0,0,0,0,1
6,train,"Frame(Nullable(FOR(BitPack)))",SUM,9830,0.59997559,mmap_hot,selective_closure,468759.0,473276.0,473586.0,21440,33731,33731,2,1,9830,33731,512,1,0,0,0,0,1
6,train,"Frame(Nullable(FOR(BitPack)))",SUM,9830,0.59997559,mmap_hot,broad_fused,783138.0,783178.0,784730.0,35340,33731,33731,1,1,16384,33731,512,1,0,0,0,0,1
6,train,"Frame(Nullable(FOR(BitPack)))",SUM,9830,0.59997559,buffered_hot,selective_closure,471203.0,474397.0,475580.0,21440,33731,33731,2,1,9830,33731,512,1,0,0,0,0,1
6,train,"Frame(Nullable(FOR(BitPack)))",SUM,9830,0.59997559,buffered_hot,broad_fused,783819.0,784901.0,786132.0,35340,33731,33731,1,1,16384,33731,512,1,0,0,0,0,1
6,train,"Frame(Nullable(FOR(BitPack)))",SUM,9830,0.59997559,buffered_drop_cache,selective_closure,756688.0,766293.0,768656.0,21440,33731,33731,2,1,9830,33731,512,1,0,0,0,0,1
6,train,"Frame(Nullable(FOR(BitPack)))",SUM,9830,0.59997559,buffered_drop_cache,broad_fused,1082114.0,1084647.0,1085379.0,35340,33731,33731,1,1,16384,33731,512,1,0,0,0,0,1
6,train,"Frame(Nullable(FOR(BitPack)))",BETWEEN,9830,0.59997559,memory_warm,selective_closure,500177.0,500967.0,501237.0,21440,33731,33731,2,1,9830,33731,512,1,0,0,0,0,1
6,train,"Frame(Nullable(FOR(BitPack)))",BETWEEN,9830,0.59997559,memory_warm,broad_fused,822096.0,822566.0,825541.0,35340,33731,33731,1,1,16384,33731,512,1,0,0,0,0,1
6,train,"Frame(Nullable(FOR(BitPack)))",BETWEEN,9830,0.59997559,mmap_hot,selective_closure,499716.0,503421.0,504162.0,21440,33731,33731,2,1,9830,33731,512,1,0,0,0,0,1
6,train,"Frame(Nullable(FOR(BitPack)))",BETWEEN,9830,0.59997559,mmap_hot,broad_fused,822136.0,824580.0,825150.0,35340,33731,33731,1,1,16384,33731,512,1,0,0,0,0,1
6,train,"Frame(Nullable(FOR(BitPack)))",BETWEEN,9830,0.59997559,buffered_hot,selective_closure,503160.0,508359.0,508758.0,21440,33731,33731,2,1,9830,33731,512,1,0,0,0,0,1
6,train,"Frame(Nullable(FOR(BitPack)))",BETWEEN,9830,0.59997559,buffered_hot,broad_fused,825051.0,825211.0,826983.0,35340,33731,33731,1,1,16384,33731,512,1,0,0,0,0,1
6,train,"Frame(Nullable(FOR(BitPack)))",BETWEEN,9830,0.59997559,buffered_drop_cache,selective_closure,776318.0,778791.0,786693.0,21440,33731,33731,2,1,9830,33731,512,1,0,0,0,0,1
6,train,"Frame(Nullable(FOR(BitPack)))",BETWEEN,9830,0.59997559,buffered_drop_cache,broad_fused,1095003.0,1095034.0,1095935.0,35340,33731,33731,1,1,16384,33731,512,1,0,0,0,0,1
6,train,"Frame(Nullable(FOR(BitPack)))",SUM,11468,0.69995117,memory_warm,selective_closure,543841.0,545183.0,546706.0,24913,33731,33731,2,1,11468,33731,512,1,0,0,0,0,1
6,train,"Frame(Nullable(FOR(BitPack)))",SUM,11468,0.69995117,memory_warm,broad_fused,782748.0,785712.0,786494.0,35340,33731,33731,1,1,16384,33731,512,1,0,0,0,0,1
6,train,"Frame(Nullable(FOR(BitPack)))",SUM,11468,0.69995117,mmap_hot,selective_closure,543070.0,549209.0,549470.0,24913,33731,33731,2,1,11468,33731,512,1,0,0,0,0,1
6,train,"Frame(Nullable(FOR(BitPack)))",SUM,11468,0.69995117,mmap_hot,broad_fused,784160.0,785431.0,788677.0,35340,33731,33731,1,1,16384,33731,512,1,0,0,0,0,1
6,train,"Frame(Nullable(FOR(BitPack)))",SUM,11468,0.69995117,buffered_hot,selective_closure,550000.0,550111.0,553045.0,24913,33731,33731,2,1,11468,33731,512,1,0,0,0,0,1
6,train,"Frame(Nullable(FOR(BitPack)))",SUM,11468,0.69995117,buffered_hot,broad_fused,784961.0,785051.0,785371.0,35340,33731,33731,1,1,16384,33731,512,1,0,0,0,0,1
6,train,"Frame(Nullable(FOR(BitPack)))",SUM,11468,0.69995117,buffered_drop_cache,selective_closure,831691.0,840013.0,841826.0,24913,33731,33731,2,1,11468,33731,512,1,0,0,0,0,1
6,train,"Frame(Nullable(FOR(BitPack)))",SUM,11468,0.69995117,buffered_drop_cache,broad_fused,1068554.0,1070798.0,1072810.0,35340,33731,33731,1,1,16384,33731,512,1,0,0,0,0,1
6,train,"Frame(Nullable(FOR(BitPack)))",BETWEEN,11468,0.69995117,memory_warm,selective_closure,567907.0,570842.0,573185.0,24913,33731,33731,2,1,11468,33731,512,1,0,0,0,0,1
6,train,"Frame(Nullable(FOR(BitPack)))",BETWEEN,11468,0.69995117,memory_warm,broad_fused,809908.0,810609.0,810719.0,35340,33731,33731,1,1,16384,33731,512,1,0,0,0,0,1
6,train,"Frame(Nullable(FOR(BitPack)))",BETWEEN,11468,0.69995117,mmap_hot,selective_closure,568929.0,572383.0,573045.0,24913,33731,33731,2,1,11468,33731,512,1,0,0,0,0,1
6,train,"Frame(Nullable(FOR(BitPack)))",BETWEEN,11468,0.69995117,mmap_hot,broad_fused,808856.0,810488.0,812272.0,35340,33731,33731,1,1,16384,33731,512,1,0,0,0,0,1
6,train,"Frame(Nullable(FOR(BitPack)))",BETWEEN,11468,0.69995117,buffered_hot,selective_closure,573505.0,573686.0,576109.0,24913,33731,33731,2,1,11468,33731,512,1,0,0,0,0,1
6,train,"Frame(Nullable(FOR(BitPack)))",BETWEEN,11468,0.69995117,buffered_hot,broad_fused,812552.0,812742.0,819602.0,35340,33731,33731,1,1,16384,33731,512,1,0,0,0,0,1
6,train,"Frame(Nullable(FOR(BitPack)))",BETWEEN,11468,0.69995117,buffered_drop_cache,selective_closure,855646.0,865551.0,865621.0,24913,33731,33731,2,1,11468,33731,512,1,0,0,0,0,1
6,train,"Frame(Nullable(FOR(BitPack)))",BETWEEN,11468,0.69995117,buffered_drop_cache,broad_fused,1098098.0,1099390.0,1100601.0,35340,33731,33731,1,1,16384,33731,512,1,0,0,0,0,1
6,train,"Frame(Nullable(FOR(BitPack)))",SUM,13107,0.79998779,memory_warm,selective_closure,621567.0,625152.0,626635.0,28391,33731,33731,2,1,13107,33731,512,1,0,0,0,0,1
6,train,"Frame(Nullable(FOR(BitPack)))",SUM,13107,0.79998779,memory_warm,broad_fused,783308.0,783809.0,785131.0,35340,33731,33731,1,1,16384,33731,512,1,0,0,0,0,1
6,train,"Frame(Nullable(FOR(BitPack)))",SUM,13107,0.79998779,mmap_hot,selective_closure,621367.0,622077.0,625133.0,28391,33731,33731,2,1,13107,33731,512,1,0,0,0,0,1
6,train,"Frame(Nullable(FOR(BitPack)))",SUM,13107,0.79998779,mmap_hot,broad_fused,784069.0,784189.0,786043.0,35340,33731,33731,1,1,16384,33731,512,1,0,0,0,0,1
6,train,"Frame(Nullable(FOR(BitPack)))",SUM,13107,0.79998779,buffered_hot,selective_closure,626254.0,626434.0,627376.0,28391,33731,33731,2,1,13107,33731,512,1,0,0,0,0,1
6,train,"Frame(Nullable(FOR(BitPack)))",SUM,13107,0.79998779,buffered_hot,broad_fused,786133.0,787475.0,788356.0,35340,33731,33731,1,1,16384,33731,512,1,0,0,0,0,1
6,train,"Frame(Nullable(FOR(BitPack)))",SUM,13107,0.79998779,buffered_drop_cache,selective_closure,913663.0,917478.0,920283.0,28391,33731,33731,2,1,13107,33731,512,1,0,0,0,0,1
6,train,"Frame(Nullable(FOR(BitPack)))",SUM,13107,0.79998779,buffered_drop_cache,broad_fused,1074643.0,1074903.0,1075865.0,35340,33731,33731,1,1,16384,33731,512,1,0,0,0,0,1
6,train,"Frame(Nullable(FOR(BitPack)))",BETWEEN,13107,0.79998779,memory_warm,selective_closure,648548.0,648657.0,649219.0,28391,33731,33731,2,1,13107,33731,512,1,0,0,0,0,1
6,train,"Frame(Nullable(FOR(BitPack)))",BETWEEN,13107,0.79998779,memory_warm,broad_fused,809237.0,810449.0,810910.0,35340,33731,33731,1,1,16384,33731,512,1,0,0,0,0,1
6,train,"Frame(Nullable(FOR(BitPack)))",BETWEEN,13107,0.79998779,mmap_hot,selective_closure,645763.0,648708.0,649218.0,28391,33731,33731,2,1,13107,33731,512,1,0,0,0,0,1
6,train,"Frame(Nullable(FOR(BitPack)))",BETWEEN,13107,0.79998779,mmap_hot,broad_fused,812432.0,815987.0,816508.0,35340,33731,33731,1,1,16384,33731,512,1,0,0,0,0,1
6,train,"Frame(Nullable(FOR(BitPack)))",BETWEEN,13107,0.79998779,buffered_hot,selective_closure,651061.0,651852.0,652754.0,28391,33731,33731,2,1,13107,33731,512,1,0,0,0,0,1
6,train,"Frame(Nullable(FOR(BitPack)))",BETWEEN,13107,0.79998779,buffered_hot,broad_fused,810980.0,815947.0,816407.0,35340,33731,33731,1,1,16384,33731,512,1,0,0,0,0,1
6,train,"Frame(Nullable(FOR(BitPack)))",BETWEEN,13107,0.79998779,buffered_drop_cache,selective_closure,928255.0,928595.0,929426.0,28391,33731,33731,2,1,13107,33731,512,1,0,0,0,0,1
6,train,"Frame(Nullable(FOR(BitPack)))",BETWEEN,13107,0.79998779,buffered_drop_cache,broad_fused,1104147.0,1104537.0,1106600.0,35340,33731,33731,1,1,16384,33731,512,1,0,0,0,0,1
6,train,"Frame(Nullable(FOR(BitPack)))",SUM,14745,0.89996338,memory_warm,selective_closure,698162.0,700044.0,701436.0,31865,33731,33731,2,1,14745,33731,512,1,0,0,0,0,1
6,train,"Frame(Nullable(FOR(BitPack)))",SUM,14745,0.89996338,memory_warm,broad_fused,784590.0,785411.0,786133.0,35340,33731,33731,1,1,16384,33731,512,1,0,0,0,0,1
6,train,"Frame(Nullable(FOR(BitPack)))",SUM,14745,0.89996338,mmap_hot,selective_closure,696800.0,698391.0,702138.0,31865,33731,33731,2,1,14745,33731,512,1,0,0,0,0,1
6,train,"Frame(Nullable(FOR(BitPack)))",SUM,14745,0.89996338,mmap_hot,broad_fused,784069.0,787114.0,787285.0,35340,33731,33731,1,1,16384,33731,512,1,0,0,0,0,1
6,train,"Frame(Nullable(FOR(BitPack)))",SUM,14745,0.89996338,buffered_hot,selective_closure,702668.0,704150.0,705302.0,31865,33731,33731,2,1,14745,33731,512,1,0,0,0,0,1
6,train,"Frame(Nullable(FOR(BitPack)))",SUM,14745,0.89996338,buffered_hot,broad_fused,787855.0,788787.0,790158.0,35340,33731,33731,1,1,16384,33731,512,1,0,0,0,0,1
6,train,"Frame(Nullable(FOR(BitPack)))",SUM,14745,0.89996338,buffered_drop_cache,selective_closure,988655.0,989316.0,995464.0,31865,33731,33731,2,1,14745,33731,512,1,0,0,0,0,1
6,train,"Frame(Nullable(FOR(BitPack)))",SUM,14745,0.89996338,buffered_drop_cache,broad_fused,1073060.0,1074052.0,1076876.0,35340,33731,33731,1,1,16384,33731,512,1,0,0,0,0,1
6,train,"Frame(Nullable(FOR(BitPack)))",BETWEEN,14745,0.89996338,memory_warm,selective_closure,723469.0,723770.0,727194.0,31865,33731,33731,2,1,14745,33731,512,1,0,0,0,0,1
6,train,"Frame(Nullable(FOR(BitPack)))",BETWEEN,14745,0.89996338,memory_warm,broad_fused,809638.0,815006.0,815707.0,35340,33731,33731,1,1,16384,33731,512,1,0,0,0,0,1
6,train,"Frame(Nullable(FOR(BitPack)))",BETWEEN,14745,0.89996338,mmap_hot,selective_closure,725302.0,725492.0,727545.0,31865,33731,33731,2,1,14745,33731,512,1,0,0,0,0,1
6,train,"Frame(Nullable(FOR(BitPack)))",BETWEEN,14745,0.89996338,mmap_hot,broad_fused,813954.0,816117.0,816828.0,35340,33731,33731,1,1,16384,33731,512,1,0,0,0,0,1
6,train,"Frame(Nullable(FOR(BitPack)))",BETWEEN,14745,0.89996338,buffered_hot,selective_closure,727896.0,731040.0,733124.0,31865,33731,33731,2,1,14745,33731,512,1,0,0,0,0,1
6,train,"Frame(Nullable(FOR(BitPack)))",BETWEEN,14745,0.89996338,buffered_hot,broad_fused,817589.0,820003.0,820544.0,35340,33731,33731,1,1,16384,33731,512,1,0,0,0,0,1
6,train,"Frame(Nullable(FOR(BitPack)))",BETWEEN,14745,0.89996338,buffered_drop_cache,selective_closure,1012280.0,1012540.0,1015675.0,31865,33731,33731,2,1,14745,33731,512,1,0,0,0,0,1
6,train,"Frame(Nullable(FOR(BitPack)))",BETWEEN,14745,0.89996338,buffered_drop_cache,broad_fused,1101613.0,1102684.0,1103716.0,35340,33731,33731,1,1,16384,33731,512,1,0,0,0,0,1
6,train,"Frame(Nullable(FOR(BitPack)))",SUM,16384,1.00000000,memory_warm,selective_closure,775477.0,775988.0,779843.0,35340,33731,33731,2,1,16384,33731,512,1,0,0,0,0,1
6,train,"Frame(Nullable(FOR(BitPack)))",SUM,16384,1.00000000,memory_warm,broad_fused,787986.0,788156.0,788656.0,35340,33731,33731,1,1,16384,33731,512,1,0,0,0,0,1
6,train,"Frame(Nullable(FOR(BitPack)))",SUM,16384,1.00000000,mmap_hot,selective_closure,776458.0,777119.0,779492.0,35340,33731,33731,2,1,16384,33731,512,1,0,0,0,0,1
6,train,"Frame(Nullable(FOR(BitPack)))",SUM,16384,1.00000000,mmap_hot,broad_fused,786092.0,786733.0,788616.0,35340,33731,33731,1,1,16384,33731,512,1,0,0,0,0,1
6,train,"Frame(Nullable(FOR(BitPack)))",SUM,16384,1.00000000,buffered_hot,selective_closure,779212.0,781926.0,781927.0,35340,33731,33731,2,1,16384,33731,512,1,0,0,0,0,1
6,train,"Frame(Nullable(FOR(BitPack)))",SUM,16384,1.00000000,buffered_hot,broad_fused,787554.0,788266.0,790208.0,35340,33731,33731,1,1,16384,33731,512,1,0,0,0,0,1
6,train,"Frame(Nullable(FOR(BitPack)))",SUM,16384,1.00000000,buffered_drop_cache,selective_closure,1066190.0,1072650.0,1075544.0,35340,33731,33731,2,1,16384,33731,512,1,0,0,0,0,1
6,train,"Frame(Nullable(FOR(BitPack)))",SUM,16384,1.00000000,buffered_drop_cache,broad_fused,1078088.0,1078199.0,1079210.0,35340,33731,33731,1,1,16384,33731,512,1,0,0,0,0,1
6,train,"Frame(Nullable(FOR(BitPack)))",BETWEEN,16384,1.00000000,memory_warm,selective_closure,802577.0,803468.0,804380.0,35340,33731,33731,2,1,16384,33731,512,1,0,0,0,0,1
6,train,"Frame(Nullable(FOR(BitPack)))",BETWEEN,16384,1.00000000,memory_warm,broad_fused,816077.0,817350.0,821365.0,35340,33731,33731,1,1,16384,33731,512,1,0,0,0,0,1
6,train,"Frame(Nullable(FOR(BitPack)))",BETWEEN,16384,1.00000000,mmap_hot,selective_closure,801886.0,803118.0,806683.0,35340,33731,33731,2,1,16384,33731,512,1,0,0,0,0,1
6,train,"Frame(Nullable(FOR(BitPack)))",BETWEEN,16384,1.00000000,mmap_hot,broad_fused,811380.0,811661.0,815055.0,35340,33731,33731,1,1,16384,33731,512,1,0,0,0,0,1
6,train,"Frame(Nullable(FOR(BitPack)))",BETWEEN,16384,1.00000000,buffered_hot,selective_closure,805902.0,806894.0,807264.0,35340,33731,33731,2,1,16384,33731,512,1,0,0,0,0,1
6,train,"Frame(Nullable(FOR(BitPack)))",BETWEEN,16384,1.00000000,buffered_hot,broad_fused,814966.0,818260.0,822076.0,35340,33731,33731,1,1,16384,33731,512,1,0,0,0,0,1
6,train,"Frame(Nullable(FOR(BitPack)))",BETWEEN,16384,1.00000000,buffered_drop_cache,selective_closure,1085589.0,1089566.0,1099550.0,35340,33731,33731,2,1,16384,33731,512,1,0,0,0,0,1
6,train,"Frame(Nullable(FOR(BitPack)))",BETWEEN,16384,1.00000000,buffered_drop_cache,broad_fused,1099469.0,1103526.0,1104958.0,35340,33731,33731,1,1,16384,33731,512,1,0,0,0,0,1
7,train,"Nullable(FOR(Delta(BitPack)))",SUM,1,0.00006104,memory_warm,selective_closure,3164.4,3206.1,3207.0,651,840,840,6,0,1,15008,576,0,61,0,0,0,1
7,train,"Nullable(FOR(Delta(BitPack)))",SUM,1,0.00006104,memory_warm,broad_fused,1530513.0,1532346.0,1534839.0,14689,15008,15008,1,0,16384,15008,576,0,61,0,0,0,1
7,train,"Nullable(FOR(Delta(BitPack)))",SUM,1,0.00006104,mmap_hot,selective_closure,3398.8,3413.3,3426.2,651,840,840,6,0,1,15008,576,0,61,0,0,0,1
7,train,"Nullable(FOR(Delta(BitPack)))",SUM,1,0.00006104,mmap_hot,broad_fused,1532767.0,1537753.0,1538955.0,14689,15008,15008,1,0,16384,15008,576,0,61,0,0,0,1
7,train,"Nullable(FOR(Delta(BitPack)))",SUM,1,0.00006104,buffered_hot,selective_closure,8682.6,8685.2,8743.0,651,840,840,6,0,1,15008,576,0,61,0,0,0,1
7,train,"Nullable(FOR(Delta(BitPack)))",SUM,1,0.00006104,buffered_hot,broad_fused,1533968.0,1540157.0,1540718.0,14689,15008,15008,1,0,16384,15008,576,0,61,0,0,0,1
7,train,"Nullable(FOR(Delta(BitPack)))",SUM,1,0.00006104,buffered_drop_cache,selective_closure,169362.0,169973.0,170594.0,651,840,840,6,0,1,15008,576,0,61,0,0,0,1
7,train,"Nullable(FOR(Delta(BitPack)))",SUM,1,0.00006104,buffered_drop_cache,broad_fused,1700807.0,1701318.0,1705454.0,14689,15008,15008,1,0,16384,15008,576,0,61,0,0,0,1
7,train,"Nullable(FOR(Delta(BitPack)))",BETWEEN,1,0.00006104,memory_warm,selective_closure,3191.4,3215.2,3225.0,651,840,840,6,0,1,15008,576,0,61,0,0,0,1
7,train,"Nullable(FOR(Delta(BitPack)))",BETWEEN,1,0.00006104,memory_warm,broad_fused,1526346.0,1526998.0,1528400.0,14689,15008,15008,1,0,16384,15008,576,0,61,0,0,0,1
7,train,"Nullable(FOR(Delta(BitPack)))",BETWEEN,1,0.00006104,mmap_hot,selective_closure,3425.3,3438.4,3443.6,651,840,840,6,0,1,15008,576,0,61,0,0,0,1
7,train,"Nullable(FOR(Delta(BitPack)))",BETWEEN,1,0.00006104,mmap_hot,broad_fused,1523863.0,1529641.0,1530273.0,14689,15008,15008,1,0,16384,15008,576,0,61,0,0,0,1
7,train,"Nullable(FOR(Delta(BitPack)))",BETWEEN,1,0.00006104,buffered_hot,selective_closure,8672.6,8713.5,8742.9,651,840,840,6,0,1,15008,576,0,61,0,0,0,1
7,train,"Nullable(FOR(Delta(BitPack)))",BETWEEN,1,0.00006104,buffered_hot,broad_fused,1522431.0,1524714.0,1531044.0,14689,15008,15008,1,0,16384,15008,576,0,61,0,0,0,1
7,train,"Nullable(FOR(Delta(BitPack)))",BETWEEN,1,0.00006104,buffered_drop_cache,selective_closure,167921.0,169322.0,171255.0,651,840,840,6,0,1,15008,576,0,61,0,0,0,1
7,train,"Nullable(FOR(Delta(BitPack)))",BETWEEN,1,0.00006104,buffered_drop_cache,broad_fused,1690311.0,1691053.0,1697221.0,14689,15008,15008,1,0,16384,15008,576,0,61,0,0,0,1
7,train,"Nullable(FOR(Delta(BitPack)))",SUM,4,0.00024414,memory_warm,selective_closure,3419.9,3437.2,3447.9,653,872,872,7,0,4,15008,576,0,61,0,0,0,1
7,train,"Nullable(FOR(Delta(BitPack)))",SUM,4,0.00024414,memory_warm,broad_fused,1529822.0,1530954.0,1533888.0,14689,15008,15008,1,0,16384,15008,576,0,61,0,0,0,1
7,train,"Nullable(FOR(Delta(BitPack)))",SUM,4,0.00024414,mmap_hot,selective_closure,3631.5,3655.2,3691.2,653,872,872,7,0,4,15008,576,0,61,0,0,0,1
7,train,"Nullable(FOR(Delta(BitPack)))",SUM,4,0.00024414,mmap_hot,broad_fused,1531504.0,1534009.0,1535089.0,14689,15008,15008,1,0,16384,15008,576,0,61,0,0,0,1
7,train,"Nullable(FOR(Delta(BitPack)))",SUM,4,0.00024414,buffered_hot,selective_closure,9657.8,9730.3,9790.4,653,872,872,7,0,4,15008,576,0,61,0,0,0,1
7,train,"Nullable(FOR(Delta(BitPack)))",SUM,4,0.00024414,buffered_hot,broad_fused,1532616.0,1533487.0,1536472.0,14689,15008,15008,1,0,16384,15008,576,0,61,0,0,0,1
7,train,"Nullable(FOR(Delta(BitPack)))",SUM,4,0.00024414,buffered_drop_cache,selective_closure,171375.0,171515.0,171876.0,653,872,872,7,0,4,15008,576,0,61,0,0,0,1
7,train,"Nullable(FOR(Delta(BitPack)))",SUM,4,0.00024414,buffered_drop_cache,broad_fused,1699075.0,1701618.0,1703451.0,14689,15008,15008,1,0,16384,15008,576,0,61,0,0,0,1
7,train,"Nullable(FOR(Delta(BitPack)))",BETWEEN,4,0.00024414,memory_warm,selective_closure,3454.5,3475.9,3481.3,653,872,872,7,0,4,15008,576,0,61,0,0,0,1
7,train,"Nullable(FOR(Delta(BitPack)))",BETWEEN,4,0.00024414,memory_warm,broad_fused,1522812.0,1525976.0,1526927.0,14689,15008,15008,1,0,16384,15008,576,0,61,0,0,0,1
7,train,"Nullable(FOR(Delta(BitPack)))",BETWEEN,4,0.00024414,mmap_hot,selective_closure,3712.8,3716.1,3722.7,653,872,872,7,0,4,15008,576,0,61,0,0,0,1
7,train,"Nullable(FOR(Delta(BitPack)))",BETWEEN,4,0.00024414,mmap_hot,broad_fused,1524103.0,1527489.0,1529001.0,14689,15008,15008,1,0,16384,15008,576,0,61,0,0,0,1
7,train,"Nullable(FOR(Delta(BitPack)))",BETWEEN,4,0.00024414,buffered_hot,selective_closure,9757.8,9768.8,9826.5,653,872,872,7,0,4,15008,576,0,61,0,0,0,1
7,train,"Nullable(FOR(Delta(BitPack)))",BETWEEN,4,0.00024414,buffered_hot,broad_fused,1529772.0,1530623.0,1534429.0,14689,15008,15008,1,0,16384,15008,576,0,61,0,0,0,1
7,train,"Nullable(FOR(Delta(BitPack)))",BETWEEN,4,0.00024414,buffered_drop_cache,selective_closure,168982.0,170684.0,171116.0,653,872,872,7,0,4,15008,576,0,61,0,0,0,1
7,train,"Nullable(FOR(Delta(BitPack)))",BETWEEN,4,0.00024414,buffered_drop_cache,broad_fused,1693836.0,1693886.0,1695449.0,14689,15008,15008,1,0,16384,15008,576,0,61,0,0,0,1
7,train,"Nullable(FOR(Delta(BitPack)))",SUM,16,0.00097656,memory_warm,selective_closure,4201.1,4222.5,4229.8,657,872,872,7,0,16,15008,576,0,61,0,0,0,1
7,train,"Nullable(FOR(Delta(BitPack)))",SUM,16,0.00097656,memory_warm,broad_fused,1530463.0,1531955.0,1534188.0,14689,15008,15008,1,0,16384,15008,576,0,61,0,0,0,1
7,train,"Nullable(FOR(Delta(BitPack)))",SUM,16,0.00097656,mmap_hot,selective_closure,4449.8,4460.1,4480.2,657,872,872,7,0,16,15008,576,0,61,0,0,0,1
7,train,"Nullable(FOR(Delta(BitPack)))",SUM,16,0.00097656,mmap_hot,broad_fused,1534859.0,1535010.0,1538795.0,14689,15008,15008,1,0,16384,15008,576,0,61,0,0,0,1
7,train,"Nullable(FOR(Delta(BitPack)))",SUM,16,0.00097656,buffered_hot,selective_closure,10671.0,10677.7,10799.2,657,872,872,7,0,16,15008,576,0,61,0,0,0,1
7,train,"Nullable(FOR(Delta(BitPack)))",SUM,16,0.00097656,buffered_hot,broad_fused,1529801.0,1532255.0,1534900.0,14689,15008,15008,1,0,16384,15008,576,0,61,0,0,0,1
7,train,"Nullable(FOR(Delta(BitPack)))",SUM,16,0.00097656,buffered_drop_cache,selective_closure,170704.0,172237.0,173078.0,657,872,872,7,0,16,15008,576,0,61,0,0,0,1
7,train,"Nullable(FOR(Delta(BitPack)))",SUM,16,0.00097656,buffered_drop_cache,broad_fused,1697572.0,1699575.0,1699915.0,14689,15008,15008,1,0,16384,15008,576,0,61,0,0,0,1
7,train,"Nullable(FOR(Delta(BitPack)))",BETWEEN,16,0.00097656,memory_warm,selective_closure,4212.3,4255.2,4274.8,657,872,872,7,0,16,15008,576,0,61,0,0,0,1
7,train,"Nullable(FOR(Delta(BitPack)))",BETWEEN,16,0.00097656,memory_warm,broad_fused,1528840.0,1532936.0,1533006.0,14689,15008,15008,1,0,16384,15008,576,0,61,0,0,0,1
7,train,"Nullable(FOR(Delta(BitPack)))",BETWEEN,16,0.00097656,mmap_hot,selective_closure,4452.4,4463.0,4504.1,657,872,872,7,0,16,15008,576,0,61,0,0,0,1
7,train,"Nullable(FOR(Delta(BitPack)))",BETWEEN,16,0.00097656,mmap_hot,broad_fused,1525225.0,1526527.0,1532166.0,14689,15008,15008,1,0,16384,15008,576,0,61,0,0,0,1
7,train,"Nullable(FOR(Delta(BitPack)))",BETWEEN,16,0.00097656,buffered_hot,selective_closure,10740.0,10746.0,10768.1,657,872,872,7,0,16,15008,576,0,61,0,0,0,1
7,train,"Nullable(FOR(Delta(BitPack)))",BETWEEN,16,0.00097656,buffered_hot,broad_fused,1524073.0,1527378.0,1529822.0,14689,15008,15008,1,0,16384,15008,576,0,61,0,0,0,1
7,train,"Nullable(FOR(Delta(BitPack)))",BETWEEN,16,0.00097656,buffered_drop_cache,selective_closure,170515.0,171376.0,173419.0,657,872,872,7,0,16,15008,576,0,61,0,0,0,1
7,train,"Nullable(FOR(Delta(BitPack)))",BETWEEN,16,0.00097656,buffered_drop_cache,broad_fused,1694057.0,1694417.0,1695619.0,14689,15008,15008,1,0,16384,15008,576,0,61,0,0,0,1
7,train,"Nullable(FOR(Delta(BitPack)))",SUM,64,0.00390625,memory_warm,selective_closure,6852.7,6859.7,6912.7,677,872,872,7,0,64,15008,576,0,61,0,0,0,1
7,train,"Nullable(FOR(Delta(BitPack)))",SUM,64,0.00390625,memory_warm,broad_fused,1528920.0,1531084.0,1531765.0,14689,15008,15008,1,0,16384,15008,576,0,61,0,0,0,1
7,train,"Nullable(FOR(Delta(BitPack)))",SUM,64,0.00390625,mmap_hot,selective_closure,7075.0,7079.8,7129.5,677,872,872,7,0,64,15008,576,0,61,0,0,0,1
7,train,"Nullable(FOR(Delta(BitPack)))",SUM,64,0.00390625,mmap_hot,broad_fused,1529752.0,1531154.0,1531244.0,14689,15008,15008,1,0,16384,15008,576,0,61,0,0,0,1
7,train,"Nullable(FOR(Delta(BitPack)))",SUM,64,0.00390625,buffered_hot,selective_closure,13250.6,13367.5,13402.7,677,872,872,7,0,64,15008,576,0,61,0,0,0,1
7,train,"Nullable(FOR(Delta(BitPack)))",SUM,64,0.00390625,buffered_hot,broad_fused,1534890.0,1535981.0,1537553.0,14689,15008,15008,1,0,16384,15008,576,0,61,0,0,0,1
7,train,"Nullable(FOR(Delta(BitPack)))",SUM,64,0.00390625,buffered_drop_cache,selective_closure,173469.0,175081.0,184866.0,677,872,872,7,0,64,15008,576,0,61,0,0,0,1
7,train,"Nullable(FOR(Delta(BitPack)))",SUM,64,0.00390625,buffered_drop_cache,broad_fused,1702008.0,1702299.0,1704142.0,14689,15008,15008,1,0,16384,15008,576,0,61,0,0,0,1
7,train,"Nullable(FOR(Delta(BitPack)))",BETWEEN,64,0.00390625,memory_warm,selective_closure,6885.9,6913.6,6936.0,677,872,872,7,0,64,15008,576,0,61,0,0,0,1
7,train,"Nullable(FOR(Delta(BitPack)))",BETWEEN,64,0.00390625,memory_warm,broad_fused,1525676.0,1530072.0,1531134.0,14689,15008,15008,1,0,16384,15008,576,0,61,0,0,0,1
7,train,"Nullable(FOR(Delta(BitPack)))",BETWEEN,64,0.00390625,mmap_hot,selective_closure,7117.2,7142.1,7173.6,677,872,872,7,0,64,15008,576,0,61,0,0,0,1
7,train,"Nullable(FOR(Delta(BitPack)))",BETWEEN,64,0.00390625,mmap_hot,broad_fused,1523983.0,1525736.0,1531354.0,14689,15008,15008,1,0,16384,15008,576,0,61,0,0,0,1
7,train,"Nullable(FOR(Delta(BitPack)))",BETWEEN,64,0.00390625,buffered_hot,selective_closure,13293.3,13371.3,13410.8,677,872,872,7,0,64,15008,576,0,61,0,0,0,1
7,train,"Nullable(FOR(Delta(BitPack)))",BETWEEN,64,0.00390625,buffered_hot,broad_fused,1527649.0,1529321.0,1533056.0,14689,15008,15008,1,0,16384,15008,576,0,61,0,0,0,1
7,train,"Nullable(FOR(Delta(BitPack)))",BETWEEN,64,0.00390625,buffered_drop_cache,selective_closure,173559.0,174340.0,176333.0,677,872,872,7,0,64,15008,576,0,61,0,0,0,1
7,train,"Nullable(FOR(Delta(BitPack)))",BETWEEN,64,0.00390625,buffered_drop_cache,broad_fused,1689770.0,1691743.0,1692664.0,14689,15008,15008,1,0,16384,15008,576,0,61,0,0,0,1
7,train,"Nullable(FOR(Delta(BitPack)))",SUM,163,0.00994873,memory_warm,selective_closure,17461.4,17609.5,17694.6,919,1064,1064,8,0,163,15008,576,0,61,0,0,0,1
7,train,"Nullable(FOR(Delta(BitPack)))",SUM,163,0.00994873,memory_warm,broad_fused,1533167.0,1534679.0,1536122.0,14689,15008,15008,1,0,16384,15008,576,0,61,0,0,0,1
7,train,"Nullable(FOR(Delta(BitPack)))",SUM,163,0.00994873,mmap_hot,selective_closure,17695.7,17717.1,17887.0,919,1064,1064,8,0,163,15008,576,0,61,0,0,0,1
7,train,"Nullable(FOR(Delta(BitPack)))",SUM,163,0.00994873,mmap_hot,broad_fused,1528540.0,1530293.0,1533688.0,14689,15008,15008,1,0,16384,15008,576,0,61,0,0,0,1
7,train,"Nullable(FOR(Delta(BitPack)))",SUM,163,0.00994873,buffered_hot,selective_closure,24860.5,24954.7,25129.0,919,1064,1064,8,0,163,15008,576,0,61,0,0,0,1
7,train,"Nullable(FOR(Delta(BitPack)))",SUM,163,0.00994873,buffered_hot,broad_fused,1531755.0,1533897.0,1534669.0,14689,15008,15008,1,0,16384,15008,576,0,61,0,0,0,1
7,train,"Nullable(FOR(Delta(BitPack)))",SUM,163,0.00994873,buffered_drop_cache,selective_closure,185066.0,186388.0,189162.0,919,1064,1064,8,0,163,15008,576,0,61,0,0,0,1
7,train,"Nullable(FOR(Delta(BitPack)))",SUM,163,0.00994873,buffered_drop_cache,broad_fused,1694408.0,1696881.0,1699314.0,14689,15008,15008,1,0,16384,15008,576,0,61,0,0,0,1
7,train,"Nullable(FOR(Delta(BitPack)))",BETWEEN,163,0.00994873,memory_warm,selective_closure,17892.6,17899.7,18027.6,919,1064,1064,8,0,163,15008,576,0,61,0,0,0,1
7,train,"Nullable(FOR(Delta(BitPack)))",BETWEEN,163,0.00994873,memory_warm,broad_fused,1530282.0,1530974.0,1532987.0,14689,15008,15008,1,0,16384,15008,576,0,61,0,0,0,1
7,train,"Nullable(FOR(Delta(BitPack)))",BETWEEN,163,0.00994873,mmap_hot,selective_closure,18111.8,18201.2,18258.0,919,1064,1064,8,0,163,15008,576,0,61,0,0,0,1
7,train,"Nullable(FOR(Delta(BitPack)))",BETWEEN,163,0.00994873,mmap_hot,broad_fused,1534248.0,1538335.0,1539977.0,14689,15008,15008,1,0,16384,15008,576,0,61,0,0,0,1
7,train,"Nullable(FOR(Delta(BitPack)))",BETWEEN,163,0.00994873,buffered_hot,selective_closure,25244.5,25456.4,25463.7,919,1064,1064,8,0,163,15008,576,0,61,0,0,0,1
7,train,"Nullable(FOR(Delta(BitPack)))",BETWEEN,163,0.00994873,buffered_hot,broad_fused,1533657.0,1536662.0,1537273.0,14689,15008,15008,1,0,16384,15008,576,0,61,0,0,0,1
7,train,"Nullable(FOR(Delta(BitPack)))",BETWEEN,163,0.00994873,buffered_drop_cache,selective_closure,185296.0,185356.0,187450.0,919,1064,1064,8,0,163,15008,576,0,61,0,0,0,1
7,train,"Nullable(FOR(Delta(BitPack)))",BETWEEN,163,0.00994873,buffered_drop_cache,broad_fused,1697182.0,1700557.0,1700616.0,14689,15008,15008,1,0,16384,15008,576,0,61,0,0,0,1
7,train,"Nullable(FOR(Delta(BitPack)))",SUM,256,0.01562500,memory_warm,selective_closure,27582.3,27773.8,27957.0,957,1160,1160,9,0,256,15008,576,0,61,0,0,0,1
7,train,"Nullable(FOR(Delta(BitPack)))",SUM,256,0.01562500,memory_warm,broad_fused,1530563.0,1530813.0,1533177.0,14689,15008,15008,1,0,16384,15008,576,0,61,0,0,0,1
7,train,"Nullable(FOR(Delta(BitPack)))",SUM,256,0.01562500,mmap_hot,selective_closure,27896.3,27910.5,28153.2,957,1160,1160,9,0,256,15008,576,0,61,0,0,0,1
7,train,"Nullable(FOR(Delta(BitPack)))",SUM,256,0.01562500,mmap_hot,broad_fused,1534519.0,1538415.0,1538935.0,14689,15008,15008,1,0,16384,15008,576,0,61,0,0,0,1
7,train,"Nullable(FOR(Delta(BitPack)))",SUM,256,0.01562500,buffered_hot,selective_closure,36099.2,36119.2,36360.4,957,1160,1160,9,0,256,15008,576,0,61,0,0,0,1
7,train,"Nullable(FOR(Delta(BitPack)))",SUM,256,0.01562500,buffered_hot,broad_fused,1537193.0,1538535.0,1542491.0,14689,15008,15008,1,0,16384,15008,576,0,61,0,0,0,1
7,train,"Nullable(FOR(Delta(BitPack)))",SUM,256,0.01562500,buffered_drop_cache,selective_closure,196043.0,196713.0,198236.0,957,1160,1160,9,0,256,15008,576,0,61,0,0,0,1
7,train,"Nullable(FOR(Delta(BitPack)))",SUM,256,0.01562500,buffered_drop_cache,broad_fused,1697442.0,1698343.0,1698624.0,14689,15008,15008,1,0,16384,15008,576,0,61,0,0,0,1
7,train,"Nullable(FOR(Delta(BitPack)))",BETWEEN,256,0.01562500,memory_warm,selective_closure,28401.8,28603.2,28725.2,957,1160,1160,9,0,256,15008,576,0,61,0,0,0,1
7,train,"Nullable(FOR(Delta(BitPack)))",BETWEEN,256,0.01562500,memory_warm,broad_fused,1531865.0,1533658.0,1536742.0,14689,15008,15008,1,0,16384,15008,576,0,61,0,0,0,1
7,train,"Nullable(FOR(Delta(BitPack)))",BETWEEN,256,0.01562500,mmap_hot,selective_closure,28682.8,28961.4,29023.3,957,1160,1160,9,0,256,15008,576,0,61,0,0,0,1
7,train,"Nullable(FOR(Delta(BitPack)))",BETWEEN,256,0.01562500,mmap_hot,broad_fused,1530212.0,1531465.0,1533908.0,14689,15008,15008,1,0,16384,15008,576,0,61,0,0,0,1
7,train,"Nullable(FOR(Delta(BitPack)))",BETWEEN,256,0.01562500,buffered_hot,selective_closure,36670.9,36752.5,36958.9,957,1160,1160,9,0,256,15008,576,0,61,0,0,0,1
7,train,"Nullable(FOR(Delta(BitPack)))",BETWEEN,256,0.01562500,buffered_hot,broad_fused,1537052.0,1539106.0,1541159.0,14689,15008,15008,1,0,16384,15008,576,0,61,0,0,0,1
7,train,"Nullable(FOR(Delta(BitPack)))",BETWEEN,256,0.01562500,buffered_drop_cache,selective_closure,198966.0,199497.0,199738.0,957,1160,1160,9,0,256,15008,576,0,61,0,0,0,1
7,train,"Nullable(FOR(Delta(BitPack)))",BETWEEN,256,0.01562500,buffered_drop_cache,broad_fused,1696040.0,1699956.0,1700026.0,14689,15008,15008,1,0,16384,15008,576,0,61,0,0,0,1
7,train,"Nullable(FOR(Delta(BitPack)))",SUM,819,0.04998779,memory_warm,selective_closure,82317.8,82656.7,82973.8,1432,1608,1608,15,0,819,15008,576,0,61,0,0,0,1
7,train,"Nullable(FOR(Delta(BitPack)))",SUM,819,0.04998779,memory_warm,broad_fused,1531845.0,1533638.0,1537062.0,14689,15008,15008,1,0,16384,15008,576,0,61,0,0,0,1
7,train,"Nullable(FOR(Delta(BitPack)))",SUM,819,0.04998779,mmap_hot,selective_closure,82558.2,83274.2,83277.7,1432,1608,1608,15,0,819,15008,576,0,61,0,0,0,1
7,train,"Nullable(FOR(Delta(BitPack)))",SUM,819,0.04998779,mmap_hot,broad_fused,1538915.0,1539026.0,1542080.0,14689,15008,15008,1,0,16384,15008,576,0,61,0,0,0,1
7,train,"Nullable(FOR(Delta(BitPack)))",SUM,819,0.04998779,buffered_hot,selective_closure,95989.2,96816.4,97409.2,1432,1608,1608,15,0,819,15008,576,0,61,0,0,0,1
7,train,"Nullable(FOR(Delta(BitPack)))",SUM,819,0.04998779,buffered_hot,broad_fused,1543542.0,1544023.0,1545856.0,14689,15008,15008,1,0,16384,15008,576,0,61,0,0,0,1
7,train,"Nullable(FOR(Delta(BitPack)))",SUM,819,0.04998779,buffered_drop_cache,selective_closure,259407.0,260739.0,261169.0,1432,1608,1608,15,0,819,15008,576,0,61,0,0,0,1
7,train,"Nullable(FOR(Delta(BitPack)))",SUM,819,0.04998779,buffered_drop_cache,broad_fused,1706726.0,1708809.0,1711122.0,14689,15008,15008,1,0,16384,15008,576,0,61,0,0,0,1
7,train,"Nullable(FOR(Delta(BitPack)))",BETWEEN,819,0.04998779,memory_warm,selective_closure,84199.6,84223.6,85127.0,1432,1608,1608,15,0,819,15008,576,0,61,0,0,0,1
7,train,"Nullable(FOR(Delta(BitPack)))",BETWEEN,819,0.04998779,memory_warm,broad_fused,1531314.0,1533668.0,1533708.0,14689,15008,15008,1,0,16384,15008,576,0,61,0,0,0,1
7,train,"Nullable(FOR(Delta(BitPack)))",BETWEEN,819,0.04998779,mmap_hot,selective_closure,84183.6,84420.0,85113.0,1432,1608,1608,15,0,819,15008,576,0,61,0,0,0,1
7,train,"Nullable(FOR(Delta(BitPack)))",BETWEEN,819,0.04998779,mmap_hot,broad_fused,1532065.0,1532586.0,1532756.0,14689,15008,15008,1,0,16384,15008,576,0,61,0,0,0,1
7,train,"Nullable(FOR(Delta(BitPack)))",BETWEEN,819,0.04998779,buffered_hot,selective_closure,97834.0,98146.4,98567.0,1432,1608,1608,15,0,819,15008,576,0,61,0,0,0,1
7,train,"Nullable(FOR(Delta(BitPack)))",BETWEEN,819,0.04998779,buffered_hot,broad_fused,1532846.0,1538024.0,1538414.0,14689,15008,15008,1,0,16384,15008,576,0,61,0,0,0,1
7,train,"Nullable(FOR(Delta(BitPack)))",BETWEEN,819,0.04998779,buffered_drop_cache,selective_closure,259206.0,262081.0,268210.0,1432,1608,1608,15,0,819,15008,576,0,61,0,0,0,1
7,train,"Nullable(FOR(Delta(BitPack)))",BETWEEN,819,0.04998779,buffered_drop_cache,broad_fused,1697372.0,1699895.0,1700085.0,14689,15008,15008,1,0,16384,15008,576,0,61,0,0,0,1
7,train,"Nullable(FOR(Delta(BitPack)))",SUM,1638,0.09997559,memory_warm,selective_closure,161871.5,161961.5,162417.0,2051,2280,2280,26,0,1638,15008,576,0,61,0,0,0,1
7,train,"Nullable(FOR(Delta(BitPack)))",SUM,1638,0.09997559,memory_warm,broad_fused,1537213.0,1541129.0,1541329.0,14689,15008,15008,1,0,16384,15008,576,0,61,0,0,0,1
7,train,"Nullable(FOR(Delta(BitPack)))",SUM,1638,0.09997559,mmap_hot,selective_closure,161557.7,163083.3,163697.3,2051,2280,2280,26,0,1638,15008,576,0,61,0,0,0,1
7,train,"Nullable(FOR(Delta(BitPack)))",SUM,1638,0.09997559,mmap_hot,broad_fused,1535860.0,1539837.0,1542260.0,14689,15008,15008,1,0,16384,15008,576,0,61,0,0,0,1
7,train,"Nullable(FOR(Delta(BitPack)))",SUM,1638,0.09997559,buffered_hot,selective_closure,185416.5,185632.0,188521.0,2051,2280,2280,26,0,1638,15008,576,0,61,0,0,0,1
7,train,"Nullable(FOR(Delta(BitPack)))",SUM,1638,0.09997559,buffered_hot,broad_fused,1535911.0,1541299.0,1542010.0,14689,15008,15008,1,0,16384,15008,576,0,61,0,0,0,1
7,train,"Nullable(FOR(Delta(BitPack)))",SUM,1638,0.09997559,buffered_drop_cache,selective_closure,347889.0,348941.0,352806.0,2051,2280,2280,26,0,1638,15008,576,0,61,0,0,0,1
7,train,"Nullable(FOR(Delta(BitPack)))",SUM,1638,0.09997559,buffered_drop_cache,broad_fused,1704162.0,1704302.0,1706335.0,14689,15008,15008,1,0,16384,15008,576,0,61,0,0,0,1
7,train,"Nullable(FOR(Delta(BitPack)))",BETWEEN,1638,0.09997559,memory_warm,selective_closure,165780.7,166872.0,167156.0,2051,2280,2280,26,0,1638,15008,576,0,61,0,0,0,1
7,train,"Nullable(FOR(Delta(BitPack)))",BETWEEN,1638,0.09997559,memory_warm,broad_fused,1537333.0,1538505.0,1542260.0,14689,15008,15008,1,0,16384,15008,576,0,61,0,0,0,1
7,train,"Nullable(FOR(Delta(BitPack)))",BETWEEN,1638,0.09997559,mmap_hot,selective_closure,165912.5,166062.5,168832.0,2051,2280,2280,26,0,1638,15008,576,0,61,0,0,0,1
7,train,"Nullable(FOR(Delta(BitPack)))",BETWEEN,1638,0.09997559,mmap_hot,broad_fused,1539696.0,1539736.0,1541680.0,14689,15008,15008,1,0,16384,15008,576,0,61,0,0,0,1
7,train,"Nullable(FOR(Delta(BitPack)))",BETWEEN,1638,0.09997559,buffered_hot,selective_closure,190273.5,190774.5,192492.0,2051,2280,2280,26,0,1638,15008,576,0,61,0,0,0,1
7,train,"Nullable(FOR(Delta(BitPack)))",BETWEEN,1638,0.09997559,buffered_hot,broad_fused,1542941.0,1545535.0,1548460.0,14689,15008,15008,1,0,16384,15008,576,0,61,0,0,0,1
7,train,"Nullable(FOR(Delta(BitPack)))",BETWEEN,1638,0.09997559,buffered_drop_cache,selective_closure,351605.0,352786.0,362250.0,2051,2280,2280,26,0,1638,15008,576,0,61,0,0,0,1
7,train,"Nullable(FOR(Delta(BitPack)))",BETWEEN,1638,0.09997559,buffered_drop_cache,broad_fused,1707927.0,1710221.0,1710261.0,14689,15008,15008,1,0,16384,15008,576,0,61,0,0,0,1
7,train,"Nullable(FOR(Delta(BitPack)))",SUM,3276,0.19995117,memory_warm,selective_closure,321109.0,321109.0,325876.0,3452,3624,3624,44,0,3276,15008,576,0,61,0,0,0,1
7,train,"Nullable(FOR(Delta(BitPack)))",SUM,3276,0.19995117,memory_warm,broad_fused,1537924.0,1539717.0,1540077.0,14689,15008,15008,1,0,16384,15008,576,0,61,0,0,0,1
7,train,"Nullable(FOR(Delta(BitPack)))",SUM,3276,0.19995117,mmap_hot,selective_closure,321800.0,321951.0,326527.0,3452,3624,3624,44,0,3276,15008,576,0,61,0,0,0,1
7,train,"Nullable(FOR(Delta(BitPack)))",SUM,3276,0.19995117,mmap_hot,broad_fused,1535921.0,1538675.0,1540087.0,14689,15008,15008,1,0,16384,15008,576,0,61,0,0,0,1
7,train,"Nullable(FOR(Delta(BitPack)))",SUM,3276,0.19995117,buffered_hot,selective_closure,358865.0,362521.0,363352.0,3452,3624,3624,44,0,3276,15008,576,0,61,0,0,0,1
7,train,"Nullable(FOR(Delta(BitPack)))",SUM,3276,0.19995117,buffered_hot,broad_fused,1540257.0,1541289.0,1546377.0,14689,15008,15008,1,0,16384,15008,576,0,61,0,0,0,1
7,train,"Nullable(FOR(Delta(BitPack)))",SUM,3276,0.19995117,buffered_drop_cache,selective_closure,521638.0,521678.0,525935.0,3452,3624,3624,44,0,3276,15008,576,0,61,0,0,0,1
7,train,"Nullable(FOR(Delta(BitPack)))",SUM,3276,0.19995117,buffered_drop_cache,broad_fused,1703230.0,1703771.0,1703811.0,14689,15008,15008,1,0,16384,15008,576,0,61,0,0,0,1
7,train,"Nullable(FOR(Delta(BitPack)))",BETWEEN,3276,0.19995117,memory_warm,selective_closure,328379.0,328731.0,332586.0,3452,3624,3624,44,0,3276,15008,576,0,61,0,0,0,1
7,train,"Nullable(FOR(Delta(BitPack)))",BETWEEN,3276,0.19995117,memory_warm,broad_fused,1542320.0,1542792.0,1542811.0,14689,15008,15008,1,0,16384,15008,576,0,61,0,0,0,1
7,train,"Nullable(FOR(Delta(BitPack)))",BETWEEN,3276,0.19995117,mmap_hot,selective_closure,325816.0,326877.0,329041.0,3452,3624,3624,44,0,3276,15008,576,0,61,0,0,0,1
7,train,"Nullable(FOR(Delta(BitPack)))",BETWEEN,3276,0.19995117,mmap_hot,broad_fused,1546076.0,1546626.0,1549962.0,14689,15008,15008,1,0,16384,15008,576,0,61,0,0,0,1
7,train,"Nullable(FOR(Delta(BitPack)))",BETWEEN,3276,0.19995117,buffered_hot,selective_closure,365284.0,366556.0,367138.0,3452,3624,3624,44,0,3276,15008,576,0,61,0,0,0,1
7,train,"Nullable(FOR(Delta(BitPack)))",BETWEEN,3276,0.19995117,buffered_hot,broad_fused,1537844.0,1539977.0,1542290.0,14689,15008,15008,1,0,16384,15008,576,0,61,0,0,0,1
7,train,"Nullable(FOR(Delta(BitPack)))",BETWEEN,3276,0.19995117,buffered_drop_cache,selective_closure,533636.0,536110.0,539815.0,3452,3624,3624,44,0,3276,15008,576,0,61,0,0,0,1
7,train,"Nullable(FOR(Delta(BitPack)))",BETWEEN,3276,0.19995117,buffered_drop_cache,broad_fused,1699976.0,1700706.0,1711573.0,14689,15008,15008,1,0,16384,15008,576,0,61,0,0,0,1
7,train,"Nullable(FOR(Delta(BitPack)))",SUM,4915,0.29998779,memory_warm,selective_closure,481519.0,485504.0,486295.0,4853,5032,5032,63,0,4915,15008,576,0,61,0,0,0,1
7,train,"Nullable(FOR(Delta(BitPack)))",SUM,4915,0.29998779,memory_warm,broad_fused,1541539.0,1543292.0,1545565.0,14689,15008,15008,1,0,16384,15008,576,0,61,0,0,0,1
7,train,"Nullable(FOR(Delta(BitPack)))",SUM,4915,0.29998779,mmap_hot,selective_closure,476491.0,477201.0,482479.0,4853,5032,5032,63,0,4915,15008,576,0,61,0,0,0,1
7,train,"Nullable(FOR(Delta(BitPack)))",SUM,4915,0.29998779,mmap_hot,broad_fused,1534358.0,1535220.0,1541068.0,14689,15008,15008,1,0,16384,15008,576,0,61,0,0,0,1
7,train,"Nullable(FOR(Delta(BitPack)))",SUM,4915,0.29998779,buffered_hot,selective_closure,539374.0,543311.0,543861.0,4853,5032,5032,63,0,4915,15008,576,0,61,0,0,0,1
7,train,"Nullable(FOR(Delta(BitPack)))",SUM,4915,0.29998779,buffered_hot,broad_fused,1539636.0,1542250.0,1543413.0,14689,15008,15008,1,0,16384,15008,576,0,61,0,0,0,1
7,train,"Nullable(FOR(Delta(BitPack)))",SUM,4915,0.29998779,buffered_drop_cache,selective_closure,696429.0,698461.0,699203.0,4853,5032,5032,63,0,4915,15008,576,0,61,0,0,0,1
7,train,"Nullable(FOR(Delta(BitPack)))",SUM,4915,0.29998779,buffered_drop_cache,broad_fused,1704472.0,1707326.0,1707457.0,14689,15008,15008,1,0,16384,15008,576,0,61,0,0,0,1
7,train,"Nullable(FOR(Delta(BitPack)))",BETWEEN,4915,0.29998779,memory_warm,selective_closure,490192.0,492975.0,494568.0,4853,5032,5032,63,0,4915,15008,576,0,61,0,0,0,1
7,train,"Nullable(FOR(Delta(BitPack)))",BETWEEN,4915,0.29998779,memory_warm,broad_fused,1545956.0,1546216.0,1546336.0,14689,15008,15008,1,0,16384,15008,576,0,61,0,0,0,1
7,train,"Nullable(FOR(Delta(BitPack)))",BETWEEN,4915,0.29998779,mmap_hot,selective_closure,488489.0,489630.0,493276.0,4853,5032,5032,63,0,4915,15008,576,0,61,0,0,0,1
7,train,"Nullable(FOR(Delta(BitPack)))",BETWEEN,4915,0.29998779,mmap_hot,broad_fused,1546226.0,1548710.0,1549831.0,14689,15008,15008,1,0,16384,15008,576,0,61,0,0,0,1
7,train,"Nullable(FOR(Delta(BitPack)))",BETWEEN,4915,0.29998779,buffered_hot,selective_closure,547697.0,550291.0,551993.0,4853,5032,5032,63,0,4915,15008,576,0,61,0,0,0,1
7,train,"Nullable(FOR(Delta(BitPack)))",BETWEEN,4915,0.29998779,buffered_hot,broad_fused,1547568.0,1549071.0,1550603.0,14689,15008,15008,1,0,16384,15008,576,0,61,0,0,0,1
7,train,"Nullable(FOR(Delta(BitPack)))",BETWEEN,4915,0.29998779,buffered_drop_cache,selective_closure,719023.0,719793.0,720234.0,4853,5032,5032,63,0,4915,15008,576,0,61,0,0,0,1
7,train,"Nullable(FOR(Delta(BitPack)))",BETWEEN,4915,0.29998779,buffered_drop_cache,broad_fused,1709971.0,1714988.0,1715839.0,14689,15008,15008,1,0,16384,15008,576,0,61,0,0,0,1
7,train,"Nullable(FOR(Delta(BitPack)))",SUM,6553,0.39996338,memory_warm,selective_closure,638653.0,642358.0,642588.0,6253,6440,6440,82,0,6553,15008,576,0,61,0,0,0,1
7,train,"Nullable(FOR(Delta(BitPack)))",SUM,6553,0.39996338,memory_warm,broad_fused,1541159.0,1542621.0,1548931.0,14689,15008,15008,1,0,16384,15008,576,0,61,0,0,0,1
7,train,"Nullable(FOR(Delta(BitPack)))",SUM,6553,0.39996338,mmap_hot,selective_closure,638762.0,640826.0,642068.0,6253,6440,6440,82,0,6553,15008,576,0,61,0,0,0,1
7,train,"Nullable(FOR(Delta(BitPack)))",SUM,6553,0.39996338,mmap_hot,broad_fused,1544945.0,1549451.0,1550843.0,14689,15008,15008,1,0,16384,15008,576,0,61,0,0,0,1
7,train,"Nullable(FOR(Delta(BitPack)))",SUM,6553,0.39996338,buffered_hot,selective_closure,715788.0,716438.0,717309.0,6253,6440,6440,82,0,6553,15008,576,0,61,0,0,0,1
7,train,"Nullable(FOR(Delta(BitPack)))",SUM,6553,0.39996338,buffered_hot,broad_fused,1550272.0,1550433.0,1550482.0,14689,15008,15008,1,0,16384,15008,576,0,61,0,0,0,1
7,train,"Nullable(FOR(Delta(BitPack)))",SUM,6553,0.39996338,buffered_drop_cache,selective_closure,876328.0,880744.0,887303.0,6253,6440,6440,82,0,6553,15008,576,0,61,0,0,0,1
7,train,"Nullable(FOR(Delta(BitPack)))",SUM,6553,0.39996338,buffered_drop_cache,broad_fused,1709931.0,1712384.0,1714988.0,14689,15008,15008,1,0,16384,15008,576,0,61,0,0,0,1
7,train,"Nullable(FOR(Delta(BitPack)))",BETWEEN,6553,0.39996338,memory_warm,selective_closure,649429.0,652092.0,656920.0,6253,6440,6440,82,0,6553,15008,576,0,61,0,0,0,1
7,train,"Nullable(FOR(Delta(BitPack)))",BETWEEN,6553,0.39996338,memory_warm,broad_fused,1549091.0,1554819.0,1555730.0,14689,15008,15008,1,0,16384,15008,576,0,61,0,0,0,1
7,train,"Nullable(FOR(Delta(BitPack)))",BETWEEN,6553,0.39996338,mmap_hot,selective_closure,653665.0,657430.0,660185.0,6253,6440,6440,82,0,6553,15008,576,0,61,0,0,0,1
7,train,"Nullable(FOR(Delta(BitPack)))",BETWEEN,6553,0.39996338,mmap_hot,broad_fused,1547848.0,1548229.0,1548851.0,14689,15008,15008,1,0,16384,15008,576,0,61,0,0,0,1
7,train,"Nullable(FOR(Delta(BitPack)))",BETWEEN,6553,0.39996338,buffered_hot,selective_closure,727735.0,728377.0,729208.0,6253,6440,6440,82,0,6553,15008,576,0,61,0,0,0,1
7,train,"Nullable(FOR(Delta(BitPack)))",BETWEEN,6553,0.39996338,buffered_hot,broad_fused,1546607.0,1548089.0,1548270.0,14689,15008,15008,1,0,16384,15008,576,0,61,0,0,0,1
7,train,"Nullable(FOR(Delta(BitPack)))",BETWEEN,6553,0.39996338,buffered_drop_cache,selective_closure,892872.0,893492.0,894013.0,6253,6440,6440,82,0,6553,15008,576,0,61,0,0,0,1
7,train,"Nullable(FOR(Delta(BitPack)))",BETWEEN,6553,0.39996338,buffered_drop_cache,broad_fused,1705875.0,1705955.0,1708818.0,14689,15008,15008,1,0,16384,15008,576,0,61,0,0,0,1
7,train,"Nullable(FOR(Delta(BitPack)))",SUM,8192,0.50000000,memory_warm,selective_closure,800133.0,801686.0,802998.0,7654,7848,7848,101,0,8192,15008,576,0,61,0,0,0,1
7,train,"Nullable(FOR(Delta(BitPack)))",SUM,8192,0.50000000,memory_warm,broad_fused,1545295.0,1545896.0,1551695.0,14689,15008,15008,1,0,16384,15008,576,0,61,0,0,0,1
7,train,"Nullable(FOR(Delta(BitPack)))",SUM,8192,0.50000000,mmap_hot,selective_closure,803729.0,804400.0,806113.0,7654,7848,7848,101,0,8192,15008,576,0,61,0,0,0,1
7,train,"Nullable(FOR(Delta(BitPack)))",SUM,8192,0.50000000,mmap_hot,broad_fused,1550672.0,1552346.0,1554739.0,14689,15008,15008,1,0,16384,15008,576,0,61,0,0,0,1
7,train,"Nullable(FOR(Delta(BitPack)))",SUM,8192,0.50000000,buffered_hot,selective_closure,892481.0,892842.0,894504.0,7654,7848,7848,101,0,8192,15008,576,0,61,0,0,0,1
7,train,"Nullable(FOR(Delta(BitPack)))",SUM,8192,0.50000000,buffered_hot,broad_fused,1548550.0,1549561.0,1550663.0,14689,15008,15008,1,0,16384,15008,576,0,61,0,0,0,1
7,train,"Nullable(FOR(Delta(BitPack)))",SUM,8192,0.50000000,buffered_drop_cache,selective_closure,1053272.0,1054843.0,1061684.0,7654,7848,7848,101,0,8192,15008,576,0,61,0,0,0,1
7,train,"Nullable(FOR(Delta(BitPack)))",SUM,8192,0.50000000,buffered_drop_cache,broad_fused,1714788.0,1722259.0,1722969.0,14689,15008,15008,1,0,16384,15008,576,0,61,0,0,0,1
7,train,"Nullable(FOR(Delta(BitPack)))",BETWEEN,8192,0.50000000,memory_warm,selective_closure,820264.0,820464.0,822928.0,7654,7848,7848,101,0,8192,15008,576,0,61,0,0,0,1
7,train,"Nullable(FOR(Delta(BitPack)))",BETWEEN,8192,0.50000000,memory_warm,broad_fused,1545385.0,1548740.0,1550072.0,14689,15008,15008,1,0,16384,15008,576,0,61,0,0,0,1
7,train,"Nullable(FOR(Delta(BitPack)))",BETWEEN,8192,0.50000000,mmap_hot,selective_closure,820834.0,823718.0,823939.0,7654,7848,7848,101,0,8192,15008,576,0,61,0,0,0,1
7,train,"Nullable(FOR(Delta(BitPack)))",BETWEEN,8192,0.50000000,mmap_hot,broad_fused,1554850.0,1556682.0,1558655.0,14689,15008,15008,1,0,16384,15008,576,0,61,0,0,0,1
7,train,"Nullable(FOR(Delta(BitPack)))",BETWEEN,8192,0.50000000,buffered_hot,selective_closure,913803.0,914344.0,916988.0,7654,7848,7848,101,0,8192,15008,576,0,61,0,0,0,1
7,train,"Nullable(FOR(Delta(BitPack)))",BETWEEN,8192,0.50000000,buffered_hot,broad_fused,1554739.0,1555180.0,1557112.0,14689,15008,15008,1,0,16384,15008,576,0,61,0,0,0,1
7,train,"Nullable(FOR(Delta(BitPack)))",BETWEEN,8192,0.50000000,buffered_drop_cache,selective_closure,1074823.0,1076525.0,1080942.0,7654,7848,7848,101,0,8192,15008,576,0,61,0,0,0,1
7,train,"Nullable(FOR(Delta(BitPack)))",BETWEEN,8192,0.50000000,buffered_drop_cache,broad_fused,1717682.0,1718393.0,1719925.0,14689,15008,15008,1,0,16384,15008,576,0,61,0,0,0,1
7,train,"Nullable(FOR(Delta(BitPack)))",SUM,9830,0.59997559,memory_warm,selective_closure,963357.0,964268.0,965601.0,9087,9320,9320,122,0,9830,15008,576,0,61,0,0,0,1
7,train,"Nullable(FOR(Delta(BitPack)))",SUM,9830,0.59997559,memory_warm,broad_fused,1545395.0,1550412.0,1550744.0,14689,15008,15008,1,0,16384,15008,576,0,61,0,0,0,1
7,train,"Nullable(FOR(Delta(BitPack)))",SUM,9830,0.59997559,mmap_hot,selective_closure,958399.0,958640.0,962105.0,9087,9320,9320,122,0,9830,15008,576,0,61,0,0,0,1
7,train,"Nullable(FOR(Delta(BitPack)))",SUM,9830,0.59997559,mmap_hot,broad_fused,1550793.0,1553828.0,1555911.0,14689,15008,15008,1,0,16384,15008,576,0,61,0,0,0,1
7,train,"Nullable(FOR(Delta(BitPack)))",SUM,9830,0.59997559,buffered_hot,selective_closure,1069876.0,1072399.0,1076996.0,9087,9320,9320,122,0,9830,15008,576,0,61,0,0,0,1
7,train,"Nullable(FOR(Delta(BitPack)))",SUM,9830,0.59997559,buffered_hot,broad_fused,1550953.0,1553267.0,1559196.0,14689,15008,15008,1,0,16384,15008,576,0,61,0,0,0,1
7,train,"Nullable(FOR(Delta(BitPack)))",SUM,9830,0.59997559,buffered_drop_cache,selective_closure,1237736.0,1245248.0,1245297.0,9087,9320,9320,122,0,9830,15008,576,0,61,0,0,0,1
7,train,"Nullable(FOR(Delta(BitPack)))",SUM,9830,0.59997559,buffered_drop_cache,broad_fused,1711553.0,1716140.0,1716871.0,14689,15008,15008,1,0,16384,15008,576,0,61,0,0,0,1
7,train,"Nullable(FOR(Delta(BitPack)))",BETWEEN,9830,0.59997559,memory_warm,selective_closure,979320.0,979401.0,981144.0,9087,9320,9320,122,0,9830,15008,576,0,61,0,0,0,1
7,train,"Nullable(FOR(Delta(BitPack)))",BETWEEN,9830,0.59997559,memory_warm,broad_fused,1550713.0,1552005.0,1552035.0,14689,15008,15008,1,0,16384,15008,576,0,61,0,0,0,1
7,train,"Nullable(FOR(Delta(BitPack)))",BETWEEN,9830,0.59997559,mmap_hot,selective_closure,979801.0,980112.0,980122.0,9087,9320,9320,122,0,9830,15008,576,0,61,0,0,0,1
7,train,"Nullable(FOR(Delta(BitPack)))",BETWEEN,9830,0.59997559,mmap_hot,broad_fused,1548690.0,1551735.0,1552846.0,14689,15008,15008,1,0,16384,15008,576,0,61,0,0,0,1
7,train,"Nullable(FOR(Delta(BitPack)))",BETWEEN,9830,0.59997559,buffered_hot,selective_closure,1089726.0,1091658.0,1092039.0,9087,9320,9320,122,0,9830,15008,576,0,61,0,0,0,1
7,train,"Nullable(FOR(Delta(BitPack)))",BETWEEN,9830,0.59997559,buffered_hot,broad_fused,1554539.0,1557973.0,1561088.0,14689,15008,15008,1,0,16384,15008,576,0,61,0,0,0,1
7,train,"Nullable(FOR(Delta(BitPack)))",BETWEEN,9830,0.59997559,buffered_drop_cache,selective_closure,1254701.0,1255042.0,1257735.0,9087,9320,9320,122,0,9830,15008,576,0,61,0,0,0,1
7,train,"Nullable(FOR(Delta(BitPack)))",BETWEEN,9830,0.59997559,buffered_drop_cache,broad_fused,1716561.0,1723100.0,1728748.0,14689,15008,15008,1,0,16384,15008,576,0,61,0,0,0,1
7,train,"Nullable(FOR(Delta(BitPack)))",SUM,11468,0.69995117,memory_warm,selective_closure,1120401.0,1120612.0,1121714.0,10487,10664,10664,140,0,11468,15008,576,0,61,0,0,0,1
7,train,"Nullable(FOR(Delta(BitPack)))",SUM,11468,0.69995117,memory_warm,broad_fused,1546166.0,1547518.0,1549231.0,14689,15008,15008,1,0,16384,15008,576,0,61,0,0,0,1
7,train,"Nullable(FOR(Delta(BitPack)))",SUM,11468,0.69995117,mmap_hot,selective_closure,1117296.0,1117937.0,1119200.0,10487,10664,10664,140,0,11468,15008,576,0,61,0,0,0,1
7,train,"Nullable(FOR(Delta(BitPack)))",SUM,11468,0.69995117,mmap_hot,broad_fused,1548470.0,1549121.0,1549531.0,14689,15008,15008,1,0,16384,15008,576,0,61,0,0,0,1
7,train,"Nullable(FOR(Delta(BitPack)))",SUM,11468,0.69995117,buffered_hot,selective_closure,1244165.0,1244987.0,1247792.0,10487,10664,10664,140,0,11468,15008,576,0,61,0,0,0,1
7,train,"Nullable(FOR(Delta(BitPack)))",SUM,11468,0.69995117,buffered_hot,broad_fused,1552715.0,1554408.0,1554939.0,14689,15008,15008,1,0,16384,15008,576,0,61,0,0,0,1
7,train,"Nullable(FOR(Delta(BitPack)))",SUM,11468,0.69995117,buffered_drop_cache,selective_closure,1410664.0,1415531.0,1418265.0,10487,10664,10664,140,0,11468,15008,576,0,61,0,0,0,1
7,train,"Nullable(FOR(Delta(BitPack)))",SUM,11468,0.69995117,buffered_drop_cache,broad_fused,1719314.0,1719705.0,1730090.0,14689,15008,15008,1,0,16384,15008,576,0,61,0,0,0,1
7,train,"Nullable(FOR(Delta(BitPack)))",BETWEEN,11468,0.69995117,memory_warm,selective_closure,1138868.0,1140922.0,1142554.0,10487,10664,10664,140,0,11468,15008,576,0,61,0,0,0,1
7,train,"Nullable(FOR(Delta(BitPack)))",BETWEEN,11468,0.69995117,memory_warm,broad_fused,1553928.0,1558655.0,1559546.0,14689,15008,15008,1,0,16384,15008,576,0,61,0,0,0,1
7,train,"Nullable(FOR(Delta(BitPack)))",BETWEEN,11468,0.69995117,mmap_hot,selective_closure,1135914.0,1137196.0,1137587.0,10487,10664,10664,140,0,11468,15008,576,0,61,0,0,0,1
7,train,"Nullable(FOR(Delta(BitPack)))",BETWEEN,11468,0.69995117,mmap_hot,broad_fused,1551664.0,1552306.0,1554669.0,14689,15008,15008,1,0,16384,15008,576,0,61,0,0,0,1
7,train,"Nullable(FOR(Delta(BitPack)))",BETWEEN,11468,0.69995117,buffered_hot,selective_closure,1265939.0,1266590.0,1270815.0,10487,10664,10664,140,0,11468,15008,576,0,61,0,0,0,1
7,train,"Nullable(FOR(Delta(BitPack)))",BETWEEN,11468,0.69995117,buffered_hot,broad_fused,1552736.0,1553678.0,1554348.0,14689,15008,15008,1,0,16384,15008,576,0,61,0,0,0,1
7,train,"Nullable(FOR(Delta(BitPack)))",BETWEEN,11468,0.69995117,buffered_drop_cache,selective_closure,1430905.0,1431486.0,1439297.0,10487,10664,10664,140,0,11468,15008,576,0,61,0,0,0,1
7,train,"Nullable(FOR(Delta(BitPack)))",BETWEEN,11468,0.69995117,buffered_drop_cache,broad_fused,1720126.0,1723771.0,1735229.0,14689,15008,15008,1,0,16384,15008,576,0,61,0,0,0,1
7,train,"Nullable(FOR(Delta(BitPack)))",SUM,13107,0.79998779,memory_warm,selective_closure,1272007.0,1272799.0,1275402.0,11888,12072,12072,159,0,13107,15008,576,0,61,0,0,0,1
7,train,"Nullable(FOR(Delta(BitPack)))",SUM,13107,0.79998779,memory_warm,broad_fused,1550062.0,1550693.0,1552435.0,14689,15008,15008,1,0,16384,15008,576,0,61,0,0,0,1
7,train,"Nullable(FOR(Delta(BitPack)))",SUM,13107,0.79998779,mmap_hot,selective_closure,1269163.0,1269534.0,1273790.0,11888,12072,12072,159,0,13107,15008,576,0,61,0,0,0,1
7,train,"Nullable(FOR(Delta(BitPack)))",SUM,13107,0.79998779,mmap_hot,broad_fused,1551565.0,1553327.0,1553417.0,14689,15008,15008,1,0,16384,15008,576,0,61,0,0,0,1
7,train,"Nullable(FOR(Delta(BitPack)))",SUM,13107,0.79998779,buffered_hot,selective_closure,1419438.0,1419577.0,1424514.0,11888,12072,12072,159,0,13107,15008,576,0,61,0,0,0,1
7,train,"Nullable(FOR(Delta(BitPack)))",SUM,13107,0.79998779,buffered_hot,broad_fused,1551064.0,1555169.0,1557753.0,14689,15008,15008,1,0,16384,15008,576,0,61,0,0,0,1
7,train,"Nullable(FOR(Delta(BitPack)))",SUM,13107,0.79998779,buffered_drop_cache,selective_closure,1593947.0,1594829.0,1595129.0,11888,12072,12072,159,0,13107,15008,576,0,61,0,0,0,1
7,train,"Nullable(FOR(Delta(BitPack)))",SUM,13107,0.79998779,buffered_drop_cache,broad_fused,1721528.0,1721748.0,1722359.0,14689,15008,15008,1,0,16384,15008,576,0,61,0,0,0,1
7,train,"Nullable(FOR(Delta(BitPack)))",BETWEEN,13107,0.79998779,memory_warm,selective_closure,1287190.0,1288071.0,1292648.0,11888,12072,12072,159,0,13107,15008,576,0,61,0,0,0,1
7,train,"Nullable(FOR(Delta(BitPack)))",BETWEEN,13107,0.79998779,memory_warm,broad_fused,1553187.0,1554278.0,1555029.0,14689,15008,15008,1,0,16384,15008,576,0,61,0,0,0,1
7,train,"Nullable(FOR(Delta(BitPack)))",BETWEEN,13107,0.79998779,mmap_hot,selective_closure,1290285.0,1291186.0,1292117.0,11888,12072,12072,159,0,13107,15008,576,0,61,0,0,0,1
7,train,"Nullable(FOR(Delta(BitPack)))",BETWEEN,13107,0.79998779,mmap_hot,broad_fused,1551865.0,1553467.0,1557873.0,14689,15008,15008,1,0,16384,15008,576,0,61,0,0,0,1
7,train,"Nullable(FOR(Delta(BitPack)))",BETWEEN,13107,0.79998779,buffered_hot,selective_closure,1433257.0,1433758.0,1436663.0,11888,12072,12072,159,0,13107,15008,576,0,61,0,0,0,1
7,train,"Nullable(FOR(Delta(BitPack)))",BETWEEN,13107,0.79998779,buffered_hot,broad_fused,1557524.0,1558144.0,1558624.0,14689,15008,15008,1,0,16384,15008,576,0,61,0,0,0,1
7,train,"Nullable(FOR(Delta(BitPack)))",BETWEEN,13107,0.79998779,buffered_drop_cache,selective_closure,1596001.0,1600527.0,1606055.0,11888,12072,12072,159,0,13107,15008,576,0,61,0,0,0,1
7,train,"Nullable(FOR(Delta(BitPack)))",BETWEEN,13107,0.79998779,buffered_drop_cache,broad_fused,1718022.0,1718333.0,1719064.0,14689,15008,15008,1,0,16384,15008,576,0,61,0,0,0,1
7,train,"Nullable(FOR(Delta(BitPack)))",SUM,14745,0.89996338,memory_warm,selective_closure,1433629.0,1436923.0,1441590.0,13288,13456,13456,178,0,14745,15008,576,0,61,0,0,0,1
7,train,"Nullable(FOR(Delta(BitPack)))",SUM,14745,0.89996338,memory_warm,broad_fused,1559046.0,1559336.0,1560478.0,14689,15008,15008,1,0,16384,15008,576,0,61,0,0,0,1
7,train,"Nullable(FOR(Delta(BitPack)))",SUM,14745,0.89996338,mmap_hot,selective_closure,1432046.0,1433167.0,1435882.0,13288,13456,13456,178,0,14745,15008,576,0,61,0,0,0,1
7,train,"Nullable(FOR(Delta(BitPack)))",SUM,14745,0.89996338,mmap_hot,broad_fused,1557143.0,1557313.0,1557624.0,14689,15008,15008,1,0,16384,15008,576,0,61,0,0,0,1
7,train,"Nullable(FOR(Delta(BitPack)))",SUM,14745,0.89996338,buffered_hot,selective_closure,1591844.0,1594498.0,1595871.0,13288,13456,13456,178,0,14745,15008,576,0,61,0,0,0,1
7,train,"Nullable(FOR(Delta(BitPack)))",SUM,14745,0.89996338,buffered_hot,broad_fused,1554970.0,1557142.0,1561599.0,14689,15008,15008,1,0,16384,15008,576,0,61,0,0,0,1
7,train,"Nullable(FOR(Delta(BitPack)))",SUM,14745,0.89996338,buffered_drop_cache,selective_closure,1761418.0,1765383.0,1765483.0,13288,13456,13456,178,0,14745,15008,576,0,61,0,0,0,1
7,train,"Nullable(FOR(Delta(BitPack)))",SUM,14745,0.89996338,buffered_drop_cache,broad_fused,1725384.0,1725754.0,1727898.0,14689,15008,15008,1,0,16384,15008,576,0,61,0,0,0,1
7,train,"Nullable(FOR(Delta(BitPack)))",BETWEEN,14745,0.89996338,memory_warm,selective_closure,1446828.0,1449122.0,1450123.0,13288,13456,13456,178,0,14745,15008,576,0,61,0,0,0,1
7,train,"Nullable(FOR(Delta(BitPack)))",BETWEEN,14745,0.89996338,memory_warm,broad_fused,1553107.0,1555881.0,1557283.0,14689,15008,15008,1,0,16384,15008,576,0,61,0,0,0,1
7,train,"Nullable(FOR(Delta(BitPack)))",BETWEEN,14745,0.89996338,mmap_hot,selective_closure,1447378.0,1450484.0,1452156.0,13288,13456,13456,178,0,14745,15008,576,0,61,0,0,0,1
7,train,"Nullable(FOR(Delta(BitPack)))",BETWEEN,14745,0.89996338,mmap_hot,broad_fused,1560187.0,1560928.0,1561760.0,14689,15008,15008,1,0,16384,15008,576,0,61,0,0,0,1
7,train,"Nullable(FOR(Delta(BitPack)))",BETWEEN,14745,0.89996338,buffered_hot,selective_closure,1604773.0,1607868.0,1610393.0,13288,13456,13456,178,0,14745,15008,576,0,61,0,0,0,1
7,train,"Nullable(FOR(Delta(BitPack)))",BETWEEN,14745,0.89996338,buffered_hot,broad_fused,1554639.0,1556562.0,1557273.0,14689,15008,15008,1,0,16384,15008,576,0,61,0,0,0,1
7,train,"Nullable(FOR(Delta(BitPack)))",BETWEEN,14745,0.89996338,buffered_drop_cache,selective_closure,1774957.0,1782909.0,1786835.0,13288,13456,13456,178,0,14745,15008,576,0,61,0,0,0,1
7,train,"Nullable(FOR(Delta(BitPack)))",BETWEEN,14745,0.89996338,buffered_drop_cache,broad_fused,1718684.0,1721958.0,1728128.0,14689,15008,15008,1,0,16384,15008,576,0,61,0,0,0,1
7,train,"Nullable(FOR(Delta(BitPack)))",SUM,16384,1.00000000,memory_warm,selective_closure,1574528.0,1575761.0,1575831.0,14689,14800,14800,196,0,16384,15008,576,0,61,0,0,0,1
7,train,"Nullable(FOR(Delta(BitPack)))",SUM,16384,1.00000000,memory_warm,broad_fused,1554649.0,1559356.0,1559766.0,14689,15008,15008,1,0,16384,15008,576,0,61,0,0,0,1
7,train,"Nullable(FOR(Delta(BitPack)))",SUM,16384,1.00000000,mmap_hot,selective_closure,1573998.0,1575329.0,1575470.0,14689,14800,14800,196,0,16384,15008,576,0,61,0,0,0,1
7,train,"Nullable(FOR(Delta(BitPack)))",SUM,16384,1.00000000,mmap_hot,broad_fused,1552866.0,1561099.0,1564703.0,14689,15008,15008,1,0,16384,15008,576,0,61,0,0,0,1
7,train,"Nullable(FOR(Delta(BitPack)))",SUM,16384,1.00000000,buffered_hot,selective_closure,1751373.0,1753786.0,1754086.0,14689,14800,14800,196,0,16384,15008,576,0,61,0,0,0,1
7,train,"Nullable(FOR(Delta(BitPack)))",SUM,16384,1.00000000,buffered_hot,broad_fused,1560207.0,1561530.0,1561909.0,14689,15008,15008,1,0,16384,15008,576,0,61,0,0,0,1
7,train,"Nullable(FOR(Delta(BitPack)))",SUM,16384,1.00000000,buffered_drop_cache,selective_closure,1918572.0,1920494.0,1924270.0,14689,14800,14800,196,0,16384,15008,576,0,61,0,0,0,1
7,train,"Nullable(FOR(Delta(BitPack)))",SUM,16384,1.00000000,buffered_drop_cache,broad_fused,1720316.0,1720396.0,1721227.0,14689,15008,15008,1,0,16384,15008,576,0,61,0,0,0,1
7,train,"Nullable(FOR(Delta(BitPack)))",BETWEEN,16384,1.00000000,memory_warm,selective_closure,1596041.0,1600297.0,1604012.0,14689,14800,14800,196,0,16384,15008,576,0,61,0,0,0,1
7,train,"Nullable(FOR(Delta(BitPack)))",BETWEEN,16384,1.00000000,memory_warm,broad_fused,1556291.0,1557394.0,1559025.0,14689,15008,15008,1,0,16384,15008,576,0,61,0,0,0,1
7,train,"Nullable(FOR(Delta(BitPack)))",BETWEEN,16384,1.00000000,mmap_hot,selective_closure,1590302.0,1591223.0,1592466.0,14689,14800,14800,196,0,16384,15008,576,0,61,0,0,0,1
7,train,"Nullable(FOR(Delta(BitPack)))",BETWEEN,16384,1.00000000,mmap_hot,broad_fused,1559477.0,1559806.0,1563632.0,14689,15008,15008,1,0,16384,15008,576,0,61,0,0,0,1
7,train,"Nullable(FOR(Delta(BitPack)))",BETWEEN,16384,1.00000000,buffered_hot,selective_closure,1765834.0,1766044.0,1767436.0,14689,14800,14800,196,0,16384,15008,576,0,61,0,0,0,1
7,train,"Nullable(FOR(Delta(BitPack)))",BETWEEN,16384,1.00000000,buffered_hot,broad_fused,1560998.0,1561929.0,1563472.0,14689,15008,15008,1,0,16384,15008,576,0,61,0,0,0,1
7,train,"Nullable(FOR(Delta(BitPack)))",BETWEEN,16384,1.00000000,buffered_drop_cache,selective_closure,1932612.0,1943729.0,1947314.0,14689,14800,14800,196,0,16384,15008,576,0,61,0,0,0,1
7,train,"Nullable(FOR(Delta(BitPack)))",BETWEEN,16384,1.00000000,buffered_drop_cache,broad_fused,1728999.0,1733346.0,1739204.0,14689,15008,15008,1,0,16384,15008,576,0,61,0,0,0,1
8,train,"Patch(FOR(Delta(BitPack)))",SUM,1,0.00006104,memory_warm,selective_closure,3037.9,3046.5,3047.1,892,984,984,6,0,1,13696,640,0,64,0,0,16,0
8,train,"Patch(FOR(Delta(BitPack)))",SUM,1,0.00006104,memory_warm,broad_fused,169778.5,169968.5,172136.5,13648,13696,13696,1,0,16384,13696,640,0,64,0,0,16,0
8,train,"Patch(FOR(Delta(BitPack)))",SUM,1,0.00006104,mmap_hot,selective_closure,3270.9,3294.7,3311.8,892,984,984,6,0,1,13696,640,0,64,0,0,16,0
8,train,"Patch(FOR(Delta(BitPack)))",SUM,1,0.00006104,mmap_hot,broad_fused,172332.0,172392.0,172557.5,13648,13696,13696,1,0,16384,13696,640,0,64,0,0,16,0
8,train,"Patch(FOR(Delta(BitPack)))",SUM,1,0.00006104,buffered_hot,selective_closure,8547.0,8547.3,8621.6,892,984,984,6,0,1,13696,640,0,64,0,0,16,0
8,train,"Patch(FOR(Delta(BitPack)))",SUM,1,0.00006104,buffered_hot,broad_fused,174210.0,174285.0,177549.5,13648,13696,13696,1,0,16384,13696,640,0,64,0,0,16,0
8,train,"Patch(FOR(Delta(BitPack)))",SUM,1,0.00006104,buffered_drop_cache,selective_closure,192878.0,195031.0,197475.0,892,984,984,6,0,1,13696,640,0,64,0,0,16,0
8,train,"Patch(FOR(Delta(BitPack)))",SUM,1,0.00006104,buffered_drop_cache,broad_fused,359286.0,360999.0,361940.0,13648,13696,13696,1,0,16384,13696,640,0,64,0,0,16,0
8,train,"Patch(FOR(Delta(BitPack)))",BETWEEN,1,0.00006104,memory_warm,selective_closure,3024.9,3038.3,3040.6,892,984,984,6,0,1,13696,640,0,64,0,0,16,0
8,train,"Patch(FOR(Delta(BitPack)))",BETWEEN,1,0.00006104,memory_warm,broad_fused,169898.5,169948.5,173038.0,13648,13696,13696,1,0,16384,13696,640,0,64,0,0,16,0
8,train,"Patch(FOR(Delta(BitPack)))",BETWEEN,1,0.00006104,mmap_hot,selective_closure,3280.9,3298.4,3307.7,892,984,984,6,0,1,13696,640,0,64,0,0,16,0
8,train,"Patch(FOR(Delta(BitPack)))",BETWEEN,1,0.00006104,mmap_hot,broad_fused,172162.0,172197.0,173108.5,13648,13696,13696,1,0,16384,13696,640,0,64,0,0,16,0
8,train,"Patch(FOR(Delta(BitPack)))",BETWEEN,1,0.00006104,buffered_hot,selective_closure,8564.2,8606.9,8630.0,892,984,984,6,0,1,13696,640,0,64,0,0,16,0
8,train,"Patch(FOR(Delta(BitPack)))",BETWEEN,1,0.00006104,buffered_hot,broad_fused,174450.0,174575.5,176904.0,13648,13696,13696,1,0,16384,13696,640,0,64,0,0,16,0
8,train,"Patch(FOR(Delta(BitPack)))",BETWEEN,1,0.00006104,buffered_drop_cache,selective_closure,194040.0,195021.0,196092.0,892,984,984,6,0,1,13696,640,0,64,0,0,16,0
8,train,"Patch(FOR(Delta(BitPack)))",BETWEEN,1,0.00006104,buffered_drop_cache,broad_fused,359076.0,360738.0,363612.0,13648,13696,13696,1,0,16384,13696,640,0,64,0,0,16,0
8,train,"Patch(FOR(Delta(BitPack)))",SUM,4,0.00024414,memory_warm,selective_closure,3504.8,3521.5,3524.5,902,1144,1144,8,0,4,13696,640,0,64,0,0,16,0
8,train,"Patch(FOR(Delta(BitPack)))",SUM,4,0.00024414,memory_warm,broad_fused,169507.5,169588.0,172176.5,13648,13696,13696,1,0,16384,13696,640,0,64,0,0,16,0
8,train,"Patch(FOR(Delta(BitPack)))",SUM,4,0.00024414,mmap_hot,selective_closure,3813.1,3813.7,3858.3,902,1144,1144,8,0,4,13696,640,0,64,0,0,16,0
8,train,"Patch(FOR(Delta(BitPack)))",SUM,4,0.00024414,mmap_hot,broad_fused,172036.5,172152.0,174055.0,13648,13696,13696,1,0,16384,13696,640,0,64,0,0,16,0
8,train,"Patch(FOR(Delta(BitPack)))",SUM,4,0.00024414,buffered_hot,selective_closure,10827.0,10877.6,10933.0,902,1144,1144,8,0,4,13696,640,0,64,0,0,16,0
8,train,"Patch(FOR(Delta(BitPack)))",SUM,4,0.00024414,buffered_hot,broad_fused,173529.0,173824.5,173854.5,13648,13696,13696,1,0,16384,13696,640,0,64,0,0,16,0
8,train,"Patch(FOR(Delta(BitPack)))",SUM,4,0.00024414,buffered_drop_cache,selective_closure,195863.0,197144.0,197415.0,902,1144,1144,8,0,4,13696,640,0,64,0,0,16,0
8,train,"Patch(FOR(Delta(BitPack)))",SUM,4,0.00024414,buffered_drop_cache,broad_fused,359316.0,359396.0,359777.0,13648,13696,13696,1,0,16384,13696,640,0,64,0,0,16,0
8,train,"Patch(FOR(Delta(BitPack)))",BETWEEN,4,0.00024414,memory_warm,selective_closure,3636.9,3644.4,3675.7,902,1144,1144,8,0,4,13696,640,0,64,0,0,16,0
8,train,"Patch(FOR(Delta(BitPack)))",BETWEEN,4,0.00024414,memory_warm,broad_fused,169668.0,169678.0,171886.5,13648,13696,13696,1,0,16384,13696,640,0,64,0,0,16,0
8,train,"Patch(FOR(Delta(BitPack)))",BETWEEN,4,0.00024414,mmap_hot,selective_closure,3872.9,3877.2,3907.4,902,1144,1144,8,0,4,13696,640,0,64,0,0,16,0
8,train,"Patch(FOR(Delta(BitPack)))",BETWEEN,4,0.00024414,mmap_hot,broad_fused,170244.0,170424.5,170970.0,13648,13696,13696,1,0,16384,13696,640,0,64,0,0,16,0
8,train,"Patch(FOR(Delta(BitPack)))",BETWEEN,4,0.00024414,buffered_hot,selective_closure,10828.2,10894.7,10913.1,902,1144,1144,8,0,4,13696,640,0,64,0,0,16,0
8,train,"Patch(FOR(Delta(BitPack)))",BETWEEN,4,0.00024414,buffered_hot,broad_fused,171671.0,171781.5,173964.5,13648,13696,13696,1,0,16384,13696,640,0,64,0,0,16,0
8,train,"Patch(FOR(Delta(BitPack)))",BETWEEN,4,0.00024414,buffered_drop_cache,selective_closure,195391.0,196673.0,199918.0,902,1144,1144,8,0,4,13696,640,0,64,0,0,16,0
8,train,"Patch(FOR(Delta(BitPack)))",BETWEEN,4,0.00024414,buffered_drop_cache,broad_fused,356102.0,357303.0,360267.0,13648,13696,13696,1,0,16384,13696,640,0,64,0,0,16,0
8,train,"Patch(FOR(Delta(BitPack)))",SUM,16,0.00097656,memory_warm,selective_closure,3613.7,3636.2,3657.1,906,1144,1144,8,0,16,13696,640,0,64,0,0,16,0
8,train,"Patch(FOR(Delta(BitPack)))",SUM,16,0.00097656,memory_warm,broad_fused,169267.5,169287.5,170339.5,13648,13696,13696,1,0,16384,13696,640,0,64,0,0,16,0
8,train,"Patch(FOR(Delta(BitPack)))",SUM,16,0.00097656,mmap_hot,selective_closure,3869.6,3900.5,3913.4,906,1144,1144,8,0,16,13696,640,0,64,0,0,16,0
8,train,"Patch(FOR(Delta(BitPack)))",SUM,16,0.00097656,mmap_hot,broad_fused,169813.0,169923.5,171886.5,13648,13696,13696,1,0,16384,13696,640,0,64,0,0,16,0
8,train,"Patch(FOR(Delta(BitPack)))",SUM,16,0.00097656,buffered_hot,selective_closure,10812.0,10912.4,10916.1,906,1144,1144,8,0,16,13696,640,0,64,0,0,16,0
8,train,"Patch(FOR(Delta(BitPack)))",SUM,16,0.00097656,buffered_hot,broad_fused,171466.0,171726.0,173834.0,13648,13696,13696,1,0,16384,13696,640,0,64,0,0,16,0
8,train,"Patch(FOR(Delta(BitPack)))",SUM,16,0.00097656,buffered_drop_cache,selective_closure,195983.0,197464.0,203944.0,906,1144,1144,8,0,16,13696,640,0,64,0,0,16,0
8,train,"Patch(FOR(Delta(BitPack)))",SUM,16,0.00097656,buffered_drop_cache,broad_fused,357453.0,358585.0,359156.0,13648,13696,13696,1,0,16384,13696,640,0,64,0,0,16,0
8,train,"Patch(FOR(Delta(BitPack)))",BETWEEN,16,0.00097656,memory_warm,selective_closure,3654.3,3676.3,3690.5,906,1144,1144,8,0,16,13696,640,0,64,0,0,16,0
8,train,"Patch(FOR(Delta(BitPack)))",BETWEEN,16,0.00097656,memory_warm,broad_fused,169643.0,169823.0,169938.5,13648,13696,13696,1,0,16384,13696,640,0,64,0,0,16,0
8,train,"Patch(FOR(Delta(BitPack)))",BETWEEN,16,0.00097656,mmap_hot,selective_closure,3912.6,3941.9,3974.8,906,1144,1144,8,0,16,13696,640,0,64,0,0,16,0
8,train,"Patch(FOR(Delta(BitPack)))",BETWEEN,16,0.00097656,mmap_hot,broad_fused,170114.0,170449.0,172627.5,13648,13696,13696,1,0,16384,13696,640,0,64,0,0,16,0
8,train,"Patch(FOR(Delta(BitPack)))",BETWEEN,16,0.00097656,buffered_hot,selective_closure,10899.7,10964.1,10975.2,906,1144,1144,8,0,16,13696,640,0,64,0,0,16,0
8,train,"Patch(FOR(Delta(BitPack)))",BETWEEN,16,0.00097656,buffered_hot,broad_fused,171866.5,171961.5,177650.0,13648,13696,13696,1,0,16384,13696,640,0,64,0,0,16,0
8,train,"Patch(FOR(Delta(BitPack)))",BETWEEN,16,0.00097656,buffered_drop_cache,selective_closure,193870.0,197625.0,199628.0,906,1144,1144,8,0,16,13696,640,0,64,0,0,16,0
8,train,"Patch(FOR(Delta(BitPack)))",BETWEEN,16,0.00097656,buffered_drop_cache,broad_fused,358775.0,360567.0,364394.0,13648,13696,13696,1,0,16384,13696,640,0,64,0,0,16,0
8,train,"Patch(FOR(Delta(BitPack)))",SUM,64,0.00390625,memory_warm,selective_closure,3946.7,3948.5,3992.0,924,1144,1144,8,0,64,13696,640,0,64,0,0,16,0
8,train,"Patch(FOR(Delta(BitPack)))",SUM,64,0.00390625,memory_warm,broad_fused,169478.0,169563.0,169708.0,13648,13696,13696,1,0,16384,13696,640,0,64,0,0,16,0
8,train,"Patch(FOR(Delta(BitPack)))",SUM,64,0.00390625,mmap_hot,selective_closure,4270.5,4299.6,4313.8,924,1144,1144,8,0,64,13696,640,0,64,0,0,16,0
8,train,"Patch(FOR(Delta(BitPack)))",SUM,64,0.00390625,mmap_hot,broad_fused,170469.5,171110.5,172512.0,13648,13696,13696,1,0,16384,13696,640,0,64,0,0,16,0
8,train,"Patch(FOR(Delta(BitPack)))",SUM,64,0.00390625,buffered_hot,selective_closure,11248.0,11299.0,11368.9,924,1144,1144,8,0,64,13696,640,0,64,0,0,16,0
8,train,"Patch(FOR(Delta(BitPack)))",SUM,64,0.00390625,buffered_hot,broad_fused,171761.5,172137.0,173719.0,13648,13696,13696,1,0,16384,13696,640,0,64,0,0,16,0
8,train,"Patch(FOR(Delta(BitPack)))",SUM,64,0.00390625,buffered_drop_cache,selective_closure,196553.0,196593.0,197014.0,924,1144,1144,8,0,64,13696,640,0,64,0,0,16,0
8,train,"Patch(FOR(Delta(BitPack)))",SUM,64,0.00390625,buffered_drop_cache,broad_fused,355370.0,356351.0,357444.0,13648,13696,13696,1,0,16384,13696,640,0,64,0,0,16,0
8,train,"Patch(FOR(Delta(BitPack)))",BETWEEN,64,0.00390625,memory_warm,selective_closure,4025.3,4057.0,4077.8,924,1144,1144,8,0,64,13696,640,0,64,0,0,16,0
8,train,"Patch(FOR(Delta(BitPack)))",BETWEEN,64,0.00390625,memory_warm,broad_fused,169948.5,170023.5,172853.0,13648,13696,13696,1,0,16384,13696,640,0,64,0,0,16,0
8,train,"Patch(FOR(Delta(BitPack)))",BETWEEN,64,0.00390625,mmap_hot,selective_closure,4330.9,4369.9,4370.4,924,1144,1144,8,0,64,13696,640,0,64,0,0,16,0
8,train,"Patch(FOR(Delta(BitPack)))",BETWEEN,64,0.00390625,mmap_hot,broad_fused,170424.5,170549.5,173198.5,13648,13696,13696,1,0,16384,13696,640,0,64,0,0,16,0
8,train,"Patch(FOR(Delta(BitPack)))",BETWEEN,64,0.00390625,buffered_hot,selective_closure,11289.0,11305.2,11471.6,924,1144,1144,8,0,64,13696,640,0,64,0,0,16,0
8,train,"Patch(FOR(Delta(BitPack)))",BETWEEN,64,0.00390625,buffered_hot,broad_fused,171856.5,171921.5,172101.5,13648,13696,13696,1,0,16384,13696,640,0,64,0,0,16,0
8,train,"Patch(FOR(Delta(BitPack)))",BETWEEN,64,0.00390625,buffered_drop_cache,selective_closure,195562.0,196032.0,197244.0,924,1144,1144,8,0,64,13696,640,0,64,0,0,16,0
8,train,"Patch(FOR(Delta(BitPack)))",BETWEEN,64,0.00390625,buffered_drop_cache,broad_fused,357383.0,357713.0,358195.0,13648,13696,13696,1,0,16384,13696,640,0,64,0,0,16,0
8,train,"Patch(FOR(Delta(BitPack)))",SUM,163,0.00994873,memory_warm,selective_closure,4689.8,4735.6,4737.5,961,1144,1144,8,0,163,13696,640,0,64,0,0,16,0
8,train,"Patch(FOR(Delta(BitPack)))",SUM,163,0.00994873,memory_warm,broad_fused,169683.0,169893.0,171736.0,13648,13696,13696,1,0,16384,13696,640,0,64,0,0,16,0
8,train,"Patch(FOR(Delta(BitPack)))",SUM,163,0.00994873,mmap_hot,selective_closure,4950.5,4989.6,4992.0,961,1144,1144,8,0,163,13696,640,0,64,0,0,16,0
8,train,"Patch(FOR(Delta(BitPack)))",SUM,163,0.00994873,mmap_hot,broad_fused,170394.0,170800.0,172282.0,13648,13696,13696,1,0,16384,13696,640,0,64,0,0,16,0
8,train,"Patch(FOR(Delta(BitPack)))",SUM,163,0.00994873,buffered_hot,selective_closure,11973.6,12022.0,12034.2,961,1144,1144,8,0,163,13696,640,0,64,0,0,16,0
8,train,"Patch(FOR(Delta(BitPack)))",SUM,163,0.00994873,buffered_hot,broad_fused,171591.0,171666.0,171711.0,13648,13696,13696,1,0,16384,13696,640,0,64,0,0,16,0
8,train,"Patch(FOR(Delta(BitPack)))",SUM,163,0.00994873,buffered_drop_cache,selective_closure,195782.0,196864.0,197665.0,961,1144,1144,8,0,163,13696,640,0,64,0,0,16,0
8,train,"Patch(FOR(Delta(BitPack)))",SUM,163,0.00994873,buffered_drop_cache,broad_fused,356221.0,356492.0,358815.0,13648,13696,13696,1,0,16384,13696,640,0,64,0,0,16,0
8,train,"Patch(FOR(Delta(BitPack)))",BETWEEN,163,0.00994873,memory_warm,selective_closure,4944.0,4980.4,4981.7,961,1144,1144,8,0,163,13696,640,0,64,0,0,16,0
8,train,"Patch(FOR(Delta(BitPack)))",BETWEEN,163,0.00994873,memory_warm,broad_fused,170218.5,170815.0,172332.0,13648,13696,13696,1,0,16384,13696,640,0,64,0,0,16,0
8,train,"Patch(FOR(Delta(BitPack)))",BETWEEN,163,0.00994873,mmap_hot,selective_closure,5156.1,5161.2,5192.1,961,1144,1144,8,0,163,13696,640,0,64,0,0,16,0
8,train,"Patch(FOR(Delta(BitPack)))",BETWEEN,163,0.00994873,mmap_hot,broad_fused,170569.0,170719.5,172492.0,13648,13696,13696,1,0,16384,13696,640,0,64,0,0,16,0
8,train,"Patch(FOR(Delta(BitPack)))",BETWEEN,163,0.00994873,buffered_hot,selective_closure,12147.6,12223.0,12248.5,961,1144,1144,8,0,163,13696,640,0,64,0,0,16,0
8,train,"Patch(FOR(Delta(BitPack)))",BETWEEN,163,0.00994873,buffered_hot,broad_fused,172106.5,172137.0,172773.0,13648,13696,13696,1,0,16384,13696,640,0,64,0,0,16,0
8,train,"Patch(FOR(Delta(BitPack)))",BETWEEN,163,0.00994873,buffered_drop_cache,selective_closure,195101.0,198265.0,199408.0,961,1144,1144,8,0,163,13696,640,0,64,0,0,16,0
8,train,"Patch(FOR(Delta(BitPack)))",BETWEEN,163,0.00994873,buffered_drop_cache,broad_fused,356712.0,356972.0,357483.0,13648,13696,13696,1,0,16384,13696,640,0,64,0,0,16,0
8,train,"Patch(FOR(Delta(BitPack)))",SUM,256,0.01562500,memory_warm,selective_closure,5438.4,5450.4,5489.1,996,1144,1144,8,0,256,13696,640,0,64,0,0,16,0
8,train,"Patch(FOR(Delta(BitPack)))",SUM,256,0.01562500,memory_warm,broad_fused,170023.5,170048.5,172322.5,13648,13696,13696,1,0,16384,13696,640,0,64,0,0,16,0
8,train,"Patch(FOR(Delta(BitPack)))",SUM,256,0.01562500,mmap_hot,selective_closure,5680.2,5686.6,5751.8,996,1144,1144,8,0,256,13696,640,0,64,0,0,16,0
8,train,"Patch(FOR(Delta(BitPack)))",SUM,256,0.01562500,mmap_hot,broad_fused,170569.5,170594.5,172742.5,13648,13696,13696,1,0,16384,13696,640,0,64,0,0,16,0
8,train,"Patch(FOR(Delta(BitPack)))",SUM,256,0.01562500,buffered_hot,selective_closure,13329.6,13415.0,13451.2,996,1144,1144,8,0,256,13696,640,0,64,0,0,16,0
8,train,"Patch(FOR(Delta(BitPack)))",SUM,256,0.01562500,buffered_hot,broad_fused,171996.5,172127.0,172152.0,13648,13696,13696,1,0,16384,13696,640,0,64,0,0,16,0
8,train,"Patch(FOR(Delta(BitPack)))",SUM,256,0.01562500,buffered_drop_cache,selective_closure,197194.0,197525.0,201060.0,996,1144,1144,8,0,256,13696,640,0,64,0,0,16,0
8,train,"Patch(FOR(Delta(BitPack)))",SUM,256,0.01562500,buffered_drop_cache,broad_fused,360137.0,361680.0,362611.0,13648,13696,13696,1,0,16384,13696,640,0,64,0,0,16,0
8,train,"Patch(FOR(Delta(BitPack)))",BETWEEN,256,0.01562500,memory_warm,selective_closure,5857.9,5861.6,5869.0,996,1144,1144,8,0,256,13696,640,0,64,0,0,16,0
8,train,"Patch(FOR(Delta(BitPack)))",BETWEEN,256,0.01562500,memory_warm,broad_fused,170379.0,170579.5,172637.5,13648,13696,13696,1,0,16384,13696,640,0,64,0,0,16,0
8,train,"Patch(FOR(Delta(BitPack)))",BETWEEN,256,0.01562500,mmap_hot,selective_closure,6031.6,6083.6,6098.4,996,1144,1144,8,0,256,13696,640,0,64,0,0,16,0
8,train,"Patch(FOR(Delta(BitPack)))",BETWEEN,256,0.01562500,mmap_hot,broad_fused,170724.5,170830.0,172903.0,13648,13696,13696,1,0,16384,13696,640,0,64,0,0,16,0
8,train,"Patch(FOR(Delta(BitPack)))",BETWEEN,256,0.01562500,buffered_hot,selective_closure,13005.4,13050.3,13168.6,996,1144,1144,8,0,256,13696,640,0,64,0,0,16,0
8,train,"Patch(FOR(Delta(BitPack)))",BETWEEN,256,0.01562500,buffered_hot,broad_fused,172317.0,172622.5,174580.0,13648,13696,13696,1,0,16384,13696,640,0,64,0,0,16,0
8,train,"Patch(FOR(Delta(BitPack)))",BETWEEN,256,0.01562500,buffered_drop_cache,selective_closure,196914.0,198326.0,198867.0,996,1144,1144,8,0,256,13696,640,0,64,0,0,16,0
8,train,"Patch(FOR(Delta(BitPack)))",BETWEEN,256,0.01562500,buffered_drop_cache,broad_fused,355391.0,356551.0,358364.0,13648,13696,13696,1,0,16384,13696,640,0,64,0,0,16,0
8,train,"Patch(FOR(Delta(BitPack)))",SUM,819,0.04998779,memory_warm,selective_closure,12110.6,12240.8,12248.5,1427,1688,1688,11,0,819,13696,640,0,64,0,0,16,0
8,train,"Patch(FOR(Delta(BitPack)))",SUM,819,0.04998779,memory_warm,broad_fused,170369.5,170629.5,173328.5,13648,13696,13696,1,0,16384,13696,640,0,64,0,0,16,0
8,train,"Patch(FOR(Delta(BitPack)))",SUM,819,0.04998779,mmap_hot,selective_closure,12347.9,12476.6,12484.0,1427,1688,1688,11,0,819,13696,640,0,64,0,0,16,0
8,train,"Patch(FOR(Delta(BitPack)))",SUM,819,0.04998779,mmap_hot,broad_fused,171005.0,171415.5,173308.5,13648,13696,13696,1,0,16384,13696,640,0,64,0,0,16,0
8,train,"Patch(FOR(Delta(BitPack)))",SUM,819,0.04998779,buffered_hot,selective_closure,21905.4,22024.7,22201.8,1427,1688,1688,11,0,819,13696,640,0,64,0,0,16,0
8,train,"Patch(FOR(Delta(BitPack)))",SUM,819,0.04998779,buffered_hot,broad_fused,172086.5,172362.0,174150.0,13648,13696,13696,1,0,16384,13696,640,0,64,0,0,16,0
8,train,"Patch(FOR(Delta(BitPack)))",SUM,819,0.04998779,buffered_drop_cache,selective_closure,207370.0,208992.0,215842.0,1427,1688,1688,11,0,819,13696,640,0,64,0,0,16,0
8,train,"Patch(FOR(Delta(BitPack)))",SUM,819,0.04998779,buffered_drop_cache,broad_fused,356081.0,356852.0,357303.0,13648,13696,13696,1,0,16384,13696,640,0,64,0,0,16,0
8,train,"Patch(FOR(Delta(BitPack)))",BETWEEN,819,0.04998779,memory_warm,selective_closure,13176.4,13189.4,13311.5,1427,1688,1688,11,0,819,13696,640,0,64,0,0,16,0
8,train,"Patch(FOR(Delta(BitPack)))",BETWEEN,819,0.04998779,memory_warm,broad_fused,171716.5,171816.0,171911.0,13648,13696,13696,1,0,16384,13696,640,0,64,0,0,16,0
8,train,"Patch(FOR(Delta(BitPack)))",BETWEEN,819,0.04998779,mmap_hot,selective_closure,13592.2,13596.1,13628.1,1427,1688,1688,11,0,819,13696,640,0,64,0,0,16,0
8,train,"Patch(FOR(Delta(BitPack)))",BETWEEN,819,0.04998779,mmap_hot,broad_fused,172076.5,172217.0,174550.5,13648,13696,13696,1,0,16384,13696,640,0,64,0,0,16,0
8,train,"Patch(FOR(Delta(BitPack)))",BETWEEN,819,0.04998779,buffered_hot,selective_closure,23160.8,23313.8,23445.4,1427,1688,1688,11,0,819,13696,640,0,64,0,0,16,0
8,train,"Patch(FOR(Delta(BitPack)))",BETWEEN,819,0.04998779,buffered_hot,broad_fused,173574.0,173769.5,175972.5,13648,13696,13696,1,0,16384,13696,640,0,64,0,0,16,0
8,train,"Patch(FOR(Delta(BitPack)))",BETWEEN,819,0.04998779,buffered_drop_cache,selective_closure,208522.0,209563.0,210103.0,1427,1688,1688,11,0,819,13696,640,0,64,0,0,16,0
8,train,"Patch(FOR(Delta(BitPack)))",BETWEEN,819,0.04998779,buffered_drop_cache,broad_fused,358505.0,358525.0,358535.0,13648,13696,13696,1,0,16384,13696,640,0,64,0,0,16,0
8,train,"Patch(FOR(Delta(BitPack)))",SUM,1638,0.09997559,memory_warm,selective_closure,21836.7,21960.0,22054.7,2159,2424,2424,16,0,1638,13696,640,0,64,0,0,16,0
8,train,"Patch(FOR(Delta(BitPack)))",SUM,1638,0.09997559,memory_warm,broad_fused,171260.5,171626.0,171686.5,13648,13696,13696,1,0,16384,13696,640,0,64,0,0,16,0
8,train,"Patch(FOR(Delta(BitPack)))",SUM,1638,0.09997559,mmap_hot,selective_closure,22311.6,22313.8,22509.1,2159,2424,2424,16,0,1638,13696,640,0,64,0,0,16,0
8,train,"Patch(FOR(Delta(BitPack)))",SUM,1638,0.09997559,mmap_hot,broad_fused,171516.0,172883.0,174505.0,13648,13696,13696,1,0,16384,13696,640,0,64,0,0,16,0
8,train,"Patch(FOR(Delta(BitPack)))",SUM,1638,0.09997559,buffered_hot,selective_closure,36546.1,36559.9,37001.4,2159,2424,2424,16,0,1638,13696,640,0,64,0,0,16,0
8,train,"Patch(FOR(Delta(BitPack)))",SUM,1638,0.09997559,buffered_hot,broad_fused,173143.0,173419.0,175306.5,13648,13696,13696,1,0,16384,13696,640,0,64,0,0,16,0
8,train,"Patch(FOR(Delta(BitPack)))",SUM,1638,0.09997559,buffered_drop_cache,selective_closure,221410.0,222352.0,223404.0,2159,2424,2424,16,0,1638,13696,640,0,64,0,0,16,0
8,train,"Patch(FOR(Delta(BitPack)))",SUM,1638,0.09997559,buffered_drop_cache,broad_fused,357814.0,358044.0,363663.0,13648,13696,13696,1,0,16384,13696,640,0,64,0,0,16,0
8,train,"Patch(FOR(Delta(BitPack)))",BETWEEN,1638,0.09997559,memory_warm,selective_closure,23973.2,23979.3,24219.7,2159,2424,2424,16,0,1638,13696,640,0,64,0,0,16,0
8,train,"Patch(FOR(Delta(BitPack)))",BETWEEN,1638,0.09997559,memory_warm,broad_fused,173769.5,173799.5,173924.5,13648,13696,13696,1,0,16384,13696,640,0,64,0,0,16,0
8,train,"Patch(FOR(Delta(BitPack)))",BETWEEN,1638,0.09997559,mmap_hot,selective_closure,24377.9,24633.2,24709.3,2159,2424,2424,16,0,1638,13696,640,0,64,0,0,16,0
8,train,"Patch(FOR(Delta(BitPack)))",BETWEEN,1638,0.09997559,mmap_hot,broad_fused,174184.5,174650.5,176448.5,13648,13696,13696,1,0,16384,13696,640,0,64,0,0,16,0
8,train,"Patch(FOR(Delta(BitPack)))",BETWEEN,1638,0.09997559,buffered_hot,selective_closure,38701.1,38870.4,39084.2,2159,2424,2424,16,0,1638,13696,640,0,64,0,0,16,0
8,train,"Patch(FOR(Delta(BitPack)))",BETWEEN,1638,0.09997559,buffered_hot,broad_fused,175587.0,176213.0,178591.5,13648,13696,13696,1,0,16384,13696,640,0,64,0,0,16,0
8,train,"Patch(FOR(Delta(BitPack)))",BETWEEN,1638,0.09997559,buffered_drop_cache,selective_closure,226889.0,229663.0,235831.0,2159,2424,2424,16,0,1638,13696,640,0,64,0,0,16,0
8,train,"Patch(FOR(Delta(BitPack)))",BETWEEN,1638,0.09997559,buffered_drop_cache,broad_fused,361189.0,362571.0,365625.0,13648,13696,13696,1,0,16384,13696,640,0,64,0,0,16,0
8,train,"Patch(FOR(Delta(BitPack)))",SUM,3276,0.19995117,memory_warm,selective_closure,40246.7,40677.3,40749.2,3409,3576,3576,22,0,3276,13696,640,0,64,0,0,16,0
8,train,"Patch(FOR(Delta(BitPack)))",SUM,3276,0.19995117,memory_warm,broad_fused,172838.0,173168.5,175156.0,13648,13696,13696,1,0,16384,13696,640,0,64,0,0,16,0
8,train,"Patch(FOR(Delta(BitPack)))",SUM,3276,0.19995117,mmap_hot,selective_closure,40664.0,40687.3,41082.2,3409,3576,3576,22,0,3276,13696,640,0,64,0,0,16,0
8,train,"Patch(FOR(Delta(BitPack)))",SUM,3276,0.19995117,mmap_hot,broad_fused,173579.0,173794.5,175566.5,13648,13696,13696,1,0,16384,13696,640,0,64,0,0,16,0
8,train,"Patch(FOR(Delta(BitPack)))",SUM,3276,0.19995117,buffered_hot,selective_closure,60009.5,60168.5,60634.2,3409,3576,3576,22,0,3276,13696,640,0,64,0,0,16,0
8,train,"Patch(FOR(Delta(BitPack)))",SUM,3276,0.19995117,buffered_hot,broad_fused,174796.0,175031.0,177059.0,13648,13696,13696,1,0,16384,13696,640,0,64,0,0,16,0
8,train,"Patch(FOR(Delta(BitPack)))",SUM,3276,0.19995117,buffered_drop_cache,selective_closure,244895.0,246378.0,251235.0,3409,3576,3576,22,0,3276,13696,640,0,64,0,0,16,0
8,train,"Patch(FOR(Delta(BitPack)))",SUM,3276,0.19995117,buffered_drop_cache,broad_fused,359496.0,361950.0,362491.0,13648,13696,13696,1,0,16384,13696,640,0,64,0,0,16,0
8,train,"Patch(FOR(Delta(BitPack)))",BETWEEN,3276,0.19995117,memory_warm,selective_closure,44632.0,44725.8,45045.4,3409,3576,3576,22,0,3276,13696,640,0,64,0,0,16,0
8,train,"Patch(FOR(Delta(BitPack)))",BETWEEN,3276,0.19995117,memory_warm,broad_fused,177920.5,178070.5,180990.0,13648,13696,13696,1,0,16384,13696,640,0,64,0,0,16,0
8,train,"Patch(FOR(Delta(BitPack)))",BETWEEN,3276,0.19995117,mmap_hot,selective_closure,45059.9,45085.5,45642.6,3409,3576,3576,22,0,3276,13696,640,0,64,0,0,16,0
8,train,"Patch(FOR(Delta(BitPack)))",BETWEEN,3276,0.19995117,mmap_hot,broad_fused,177985.5,178216.0,180985.0,13648,13696,13696,1,0,16384,13696,640,0,64,0,0,16,0
8,train,"Patch(FOR(Delta(BitPack)))",BETWEEN,3276,0.19995117,buffered_hot,selective_closure,64523.4,64553.4,65195.9,3409,3576,3576,22,0,3276,13696,640,0,64,0,0,16,0
8,train,"Patch(FOR(Delta(BitPack)))",BETWEEN,3276,0.19995117,buffered_hot,broad_fused,179447.5,180144.0,181691.0,13648,13696,13696,1,0,16384,13696,640,0,64,0,0,16,0
8,train,"Patch(FOR(Delta(BitPack)))",BETWEEN,3276,0.19995117,buffered_drop_cache,selective_closure,251415.0,251465.0,252887.0,3409,3576,3576,22,0,3276,13696,640,0,64,0,0,16,0
8,train,"Patch(FOR(Delta(BitPack)))",BETWEEN,3276,0.19995117,buffered_drop_cache,broad_fused,363842.0,365746.0,366086.0,13648,13696,13696,1,0,16384,13696,640,0,64,0,0,16,0
8,train,"Patch(FOR(Delta(BitPack)))",SUM,4915,0.29998779,memory_warm,selective_closure,58976.8,59013.0,59735.4,4667,4952,4952,30,0,4915,13696,640,0,64,0,0,16,0
8,train,"Patch(FOR(Delta(BitPack)))",SUM,4915,0.29998779,memory_warm,broad_fused,174730.5,175477.0,176959.0,13648,13696,13696,1,0,16384,13696,640,0,64,0,0,16,0
8,train,"Patch(FOR(Delta(BitPack)))",SUM,4915,0.29998779,mmap_hot,selective_closure,59592.6,59705.2,60152.2,4667,4952,4952,30,0,4915,13696,640,0,64,0,0,16,0
8,train,"Patch(FOR(Delta(BitPack)))",SUM,4915,0.29998779,mmap_hot,broad_fused,174870.5,175186.5,175346.5,13648,13696,13696,1,0,16384,13696,640,0,64,0,0,16,0
8,train,"Patch(FOR(Delta(BitPack)))",SUM,4915,0.29998779,buffered_hot,selective_closure,85862.0,86232.6,87013.8,4667,4952,4952,30,0,4915,13696,640,0,64,0,0,16,0
8,train,"Patch(FOR(Delta(BitPack)))",SUM,4915,0.29998779,buffered_hot,broad_fused,176503.5,176668.5,178696.5,13648,13696,13696,1,0,16384,13696,640,0,64,0,0,16,0
8,train,"Patch(FOR(Delta(BitPack)))",SUM,4915,0.29998779,buffered_drop_cache,selective_closure,275350.0,277053.0,277815.0,4667,4952,4952,30,0,4915,13696,640,0,64,0,0,16,0
8,train,"Patch(FOR(Delta(BitPack)))",SUM,4915,0.29998779,buffered_drop_cache,broad_fused,360588.0,362802.0,363181.0,13648,13696,13696,1,0,16384,13696,640,0,64,0,0,16,0
8,train,"Patch(FOR(Delta(BitPack)))",BETWEEN,4915,0.29998779,memory_warm,selective_closure,65788.0,66133.0,66896.9,4667,4952,4952,30,0,4915,13696,640,0,64,0,0,16,0
8,train,"Patch(FOR(Delta(BitPack)))",BETWEEN,4915,0.29998779,memory_warm,broad_fused,181791.0,181971.0,182858.0,13648,13696,13696,1,0,16384,13696,640,0,64,0,0,16,0
8,train,"Patch(FOR(Delta(BitPack)))",BETWEEN,4915,0.29998779,mmap_hot,selective_closure,66224.6,66556.4,66742.4,4667,4952,4952,30,0,4915,13696,640,0,64,0,0,16,0
8,train,"Patch(FOR(Delta(BitPack)))",BETWEEN,4915,0.29998779,mmap_hot,broad_fused,182031.5,182082.0,182257.0,13648,13696,13696,1,0,16384,13696,640,0,64,0,0,16,0
8,train,"Patch(FOR(Delta(BitPack)))",BETWEEN,4915,0.29998779,buffered_hot,selective_closure,92930.6,93349.4,93753.8,4667,4952,4952,30,0,4915,13696,640,0,64,0,0,16,0
8,train,"Patch(FOR(Delta(BitPack)))",BETWEEN,4915,0.29998779,buffered_hot,broad_fused,183774.0,183839.5,183989.5,13648,13696,13696,1,0,16384,13696,640,0,64,0,0,16,0
8,train,"Patch(FOR(Delta(BitPack)))",BETWEEN,4915,0.29998779,buffered_drop_cache,selective_closure,278696.0,279668.0,280779.0,4667,4952,4952,30,0,4915,13696,640,0,64,0,0,16,0
8,train,"Patch(FOR(Delta(BitPack)))",BETWEEN,4915,0.29998779,buffered_drop_cache,broad_fused,369491.0,371323.0,373086.0,13648,13696,13696,1,0,16384,13696,640,0,64,0,0,16,0
8,train,"Patch(FOR(Delta(BitPack)))",SUM,6553,0.39996338,memory_warm,selective_closure,77205.2,77420.5,77881.2,5913,6104,6104,36,0,6553,13696,640,0,64,0,0,16,0
8,train,"Patch(FOR(Delta(BitPack)))",SUM,6553,0.39996338,memory_warm,broad_fused,176553.5,176828.5,179117.0,13648,13696,13696,1,0,16384,13696,640,0,64,0,0,16,0
8,train,"Patch(FOR(Delta(BitPack)))",SUM,6553,0.39996338,mmap_hot,selective_closure,77851.2,77871.2,78515.5,5913,6104,6104,36,0,6553,13696,640,0,64,0,0,16,0
8,train,"Patch(FOR(Delta(BitPack)))",SUM,6553,0.39996338,mmap_hot,broad_fused,177084.0,177224.5,179688.0,13648,13696,13696,1,0,16384,13696,640,0,64,0,0,16,0
8,train,"Patch(FOR(Delta(BitPack)))",SUM,6553,0.39996338,buffered_hot,selective_closure,109580.8,110081.8,110700.2,5913,6104,6104,36,0,6553,13696,640,0,64,0,0,16,0
8,train,"Patch(FOR(Delta(BitPack)))",SUM,6553,0.39996338,buffered_hot,broad_fused,178496.5,178982.0,180865.0,13648,13696,13696,1,0,16384,13696,640,0,64,0,0,16,0
8,train,"Patch(FOR(Delta(BitPack)))",SUM,6553,0.39996338,buffered_drop_cache,selective_closure,293849.0,295882.0,297995.0,5913,6104,6104,36,0,6553,13696,640,0,64,0,0,16,0
8,train,"Patch(FOR(Delta(BitPack)))",SUM,6553,0.39996338,buffered_drop_cache,broad_fused,362892.0,365335.0,365565.0,13648,13696,13696,1,0,16384,13696,640,0,64,0,0,16,0
8,train,"Patch(FOR(Delta(BitPack)))",BETWEEN,6553,0.39996338,memory_warm,selective_closure,86106.4,86154.6,87276.2,5913,6104,6104,36,0,6553,13696,640,0,64,0,0,16,0
8,train,"Patch(FOR(Delta(BitPack)))",BETWEEN,6553,0.39996338,memory_warm,broad_fused,185897.5,186403.0,188045.5,13648,13696,13696,1,0,16384,13696,640,0,64,0,0,16,0
8,train,"Patch(FOR(Delta(BitPack)))",BETWEEN,6553,0.39996338,mmap_hot,selective_closure,86517.0,86729.4,87390.4,5913,6104,6104,36,0,6553,13696,640,0,64,0,0,16,0
8,train,"Patch(FOR(Delta(BitPack)))",BETWEEN,6553,0.39996338,mmap_hot,broad_fused,186062.5,186163.0,188361.0,13648,13696,13696,1,0,16384,13696,640,0,64,0,0,16,0
8,train,"Patch(FOR(Delta(BitPack)))",BETWEEN,6553,0.39996338,buffered_hot,selective_closure,118276.2,119045.2,119698.5,5913,6104,6104,36,0,6553,13696,640,0,64,0,0,16,0
8,train,"Patch(FOR(Delta(BitPack)))",BETWEEN,6553,0.39996338,buffered_hot,broad_fused,188200.5,188291.0,190534.0,13648,13696,13696,1,0,16384,13696,640,0,64,0,0,16,0
8,train,"Patch(FOR(Delta(BitPack)))",BETWEEN,6553,0.39996338,buffered_drop_cache,selective_closure,304374.0,308961.0,334789.0,5913,6104,6104,36,0,6553,13696,640,0,64,0,0,16,0
8,train,"Patch(FOR(Delta(BitPack)))",BETWEEN,6553,0.39996338,buffered_drop_cache,broad_fused,373106.0,374018.0,374299.0,13648,13696,13696,1,0,16384,13696,640,0,64,0,0,16,0
8,train,"Patch(FOR(Delta(BitPack)))",SUM,8192,0.50000000,memory_warm,selective_closure,95532.6,96534.0,96644.2,7172,7256,7256,42,0,8192,13696,640,0,64,0,0,16,0
8,train,"Patch(FOR(Delta(BitPack)))",SUM,8192,0.50000000,memory_warm,broad_fused,178331.0,178701.5,180269.0,13648,13696,13696,1,0,16384,13696,640,0,64,0,0,16,0
8,train,"Patch(FOR(Delta(BitPack)))",SUM,8192,0.50000000,mmap_hot,selective_closure,96442.0,97203.0,97215.0,7172,7256,7256,42,0,8192,13696,640,0,64,0,0,16,0
8,train,"Patch(FOR(Delta(BitPack)))",SUM,8192,0.50000000,mmap_hot,broad_fused,178726.5,178857.0,180774.5,13648,13696,13696,1,0,16384,13696,640,0,64,0,0,16,0
8,train,"Patch(FOR(Delta(BitPack)))",SUM,8192,0.50000000,buffered_hot,selective_closure,133018.7,133155.3,135081.3,7172,7256,7256,42,0,8192,13696,640,0,64,0,0,16,0
8,train,"Patch(FOR(Delta(BitPack)))",SUM,8192,0.50000000,buffered_hot,broad_fused,180399.5,180709.5,182407.0,13648,13696,13696,1,0,16384,13696,640,0,64,0,0,16,0
8,train,"Patch(FOR(Delta(BitPack)))",SUM,8192,0.50000000,buffered_drop_cache,selective_closure,318566.0,318676.0,320107.0,7172,7256,7256,42,0,8192,13696,640,0,64,0,0,16,0
8,train,"Patch(FOR(Delta(BitPack)))",SUM,8192,0.50000000,buffered_drop_cache,broad_fused,364613.0,364735.0,364915.0,13648,13696,13696,1,0,16384,13696,640,0,64,0,0,16,0
8,train,"Patch(FOR(Delta(BitPack)))",BETWEEN,8192,0.50000000,memory_warm,selective_closure,106631.5,107004.8,107803.2,7172,7256,7256,42,0,8192,13696,640,0,64,0,0,16,0
8,train,"Patch(FOR(Delta(BitPack)))",BETWEEN,8192,0.50000000,memory_warm,broad_fused,189192.0,189207.0,189642.5,13648,13696,13696,1,0,16384,13696,640,0,64,0,0,16,0
8,train,"Patch(FOR(Delta(BitPack)))",BETWEEN,8192,0.50000000,mmap_hot,selective_closure,107069.8,107613.0,108224.0,7172,7256,7256,42,0,8192,13696,640,0,64,0,0,16,0
8,train,"Patch(FOR(Delta(BitPack)))",BETWEEN,8192,0.50000000,mmap_hot,broad_fused,189808.0,189913.5,192151.5,13648,13696,13696,1,0,16384,13696,640,0,64,0,0,16,0
8,train,"Patch(FOR(Delta(BitPack)))",BETWEEN,8192,0.50000000,buffered_hot,selective_closure,144322.0,144615.7,146061.3,7172,7256,7256,42,0,8192,13696,640,0,64,0,0,16,0
8,train,"Patch(FOR(Delta(BitPack)))",BETWEEN,8192,0.50000000,buffered_hot,broad_fused,191250.5,192672.5,194410.0,13648,13696,13696,1,0,16384,13696,640,0,64,0,0,16,0
8,train,"Patch(FOR(Delta(BitPack)))",BETWEEN,8192,0.50000000,buffered_drop_cache,selective_closure,330413.0,333487.0,335521.0,7172,7256,7256,42,0,8192,13696,640,0,64,0,0,16,0
8,train,"Patch(FOR(Delta(BitPack)))",BETWEEN,8192,0.50000000,buffered_drop_cache,broad_fused,375159.0,375460.0,377273.0,13648,13696,13696,1,0,16384,13696,640,0,64,0,0,16,0
8,train,"Patch(FOR(Delta(BitPack)))",SUM,9830,0.59997559,memory_warm,selective_closure,118086.2,118964.8,119105.2,8639,8824,8824,52,0,9830,13696,640,0,64,0,0,16,0
8,train,"Patch(FOR(Delta(BitPack)))",SUM,9830,0.59997559,memory_warm,broad_fused,183313.5,183514.0,183974.5,13648,13696,13696,1,0,16384,13696,640,0,64,0,0,16,0
8,train,"Patch(FOR(Delta(BitPack)))",SUM,9830,0.59997559,mmap_hot,selective_closure,116351.0,116731.8,117440.2,8639,8824,8824,52,0,9830,13696,640,0,64,0,0,16,0
8,train,"Patch(FOR(Delta(BitPack)))",SUM,9830,0.59997559,mmap_hot,broad_fused,179798.0,179983.5,182202.0,13648,13696,13696,1,0,16384,13696,640,0,64,0,0,16,0
8,train,"Patch(FOR(Delta(BitPack)))",SUM,9830,0.59997559,buffered_hot,selective_closure,162061.7,162211.7,163230.3,8639,8824,8824,52,0,9830,13696,640,0,64,0,0,16,0
8,train,"Patch(FOR(Delta(BitPack)))",SUM,9830,0.59997559,buffered_hot,broad_fused,181440.5,181461.0,183994.5,13648,13696,13696,1,0,16384,13696,640,0,64,0,0,16,0
8,train,"Patch(FOR(Delta(BitPack)))",SUM,9830,0.59997559,buffered_drop_cache,selective_closure,348710.0,349371.0,354338.0,8639,8824,8824,52,0,9830,13696,640,0,64,0,0,16,0
8,train,"Patch(FOR(Delta(BitPack)))",SUM,9830,0.59997559,buffered_drop_cache,broad_fused,369561.0,369932.0,369972.0,13648,13696,13696,1,0,16384,13696,640,0,64,0,0,16,0
8,train,"Patch(FOR(Delta(BitPack)))",BETWEEN,9830,0.59997559,memory_warm,selective_closure,128154.7,128765.3,129620.0,8639,8824,8824,52,0,9830,13696,640,0,64,0,0,16,0
8,train,"Patch(FOR(Delta(BitPack)))",BETWEEN,9830,0.59997559,memory_warm,broad_fused,194239.5,195036.0,197389.5,13648,13696,13696,1,0,16384,13696,640,0,64,0,0,16,0
8,train,"Patch(FOR(Delta(BitPack)))",BETWEEN,9830,0.59997559,mmap_hot,selective_closure,126268.3,126555.7,127947.3,8639,8824,8824,52,0,9830,13696,640,0,64,0,0,16,0
8,train,"Patch(FOR(Delta(BitPack)))",BETWEEN,9830,0.59997559,mmap_hot,broad_fused,190809.5,190909.5,193353.5,13648,13696,13696,1,0,16384,13696,640,0,64,0,0,16,0
8,train,"Patch(FOR(Delta(BitPack)))",BETWEEN,9830,0.59997559,buffered_hot,selective_closure,172467.5,172572.5,173974.5,8639,8824,8824,52,0,9830,13696,640,0,64,0,0,16,0
8,train,"Patch(FOR(Delta(BitPack)))",BETWEEN,9830,0.59997559,buffered_hot,broad_fused,192517.0,193534.0,194234.5,13648,13696,13696,1,0,16384,13696,640,0,64,0,0,16,0
8,train,"Patch(FOR(Delta(BitPack)))",BETWEEN,9830,0.59997559,buffered_drop_cache,selective_closure,356792.0,357293.0,363022.0,8639,8824,8824,52,0,9830,13696,640,0,64,0,0,16,0
8,train,"Patch(FOR(Delta(BitPack)))",BETWEEN,9830,0.59997559,buffered_drop_cache,broad_fused,377223.0,377904.0,381218.0,13648,13696,13696,1,0,16384,13696,640,0,64,0,0,16,0
8,train,"Patch(FOR(Delta(BitPack)))",SUM,11468,0.69995117,memory_warm,selective_closure,137064.7,139264.3,139411.0,9897,9976,9976,58,0,11468,13696,640,0,64,0,0,16,0
8,train,"Patch(FOR(Delta(BitPack)))",SUM,11468,0.69995117,memory_warm,broad_fused,185031.0,185211.5,187349.5,13648,13696,13696,1,0,16384,13696,640,0,64,0,0,16,0
8,train,"Patch(FOR(Delta(BitPack)))",SUM,11468,0.69995117,mmap_hot,selective_closure,134547.3,135001.3,136380.0,9897,9976,9976,58,0,11468,13696,640,0,64,0,0,16,0
8,train,"Patch(FOR(Delta(BitPack)))",SUM,11468,0.69995117,mmap_hot,broad_fused,181435.5,181550.5,183974.0,13648,13696,13696,1,0,16384,13696,640,0,64,0,0,16,0
8,train,"Patch(FOR(Delta(BitPack)))",SUM,11468,0.69995117,buffered_hot,selective_closure,190569.5,190664.5,192572.0,9897,9976,9976,58,0,11468,13696,640,0,64,0,0,16,0
8,train,"Patch(FOR(Delta(BitPack)))",SUM,11468,0.69995117,buffered_hot,broad_fused,183158.0,183373.5,185532.0,13648,13696,13696,1,0,16384,13696,640,0,64,0,0,16,0
8,train,"Patch(FOR(Delta(BitPack)))",SUM,11468,0.69995117,buffered_drop_cache,selective_closure,371074.0,377242.0,379375.0,9897,9976,9976,58,0,11468,13696,640,0,64,0,0,16,0
8,train,"Patch(FOR(Delta(BitPack)))",SUM,11468,0.69995117,buffered_drop_cache,broad_fused,368029.0,368469.0,369861.0,13648,13696,13696,1,0,16384,13696,640,0,64,0,0,16,0
8,train,"Patch(FOR(Delta(BitPack)))",BETWEEN,11468,0.69995117,memory_warm,selective_closure,143610.7,143754.3,145397.0,9897,9976,9976,58,0,11468,13696,640,0,64,0,0,16,0
8,train,"Patch(FOR(Delta(BitPack)))",BETWEEN,11468,0.69995117,memory_warm,broad_fused,191736.0,192056.5,193999.5,13648,13696,13696,1,0,16384,13696,640,0,64,0,0,16,0
8,train,"Patch(FOR(Delta(BitPack)))",BETWEEN,11468,0.69995117,mmap_hot,selective_closure,143681.0,143821.3,145186.3,9897,9976,9976,58,0,11468,13696,640,0,64,0,0,16,0
8,train,"Patch(FOR(Delta(BitPack)))",BETWEEN,11468,0.69995117,mmap_hot,broad_fused,191946.0,192006.5,194130.0,13648,13696,13696,1,0,16384,13696,640,0,64,0,0,16,0
8,train,"Patch(FOR(Delta(BitPack)))",BETWEEN,11468,0.69995117,buffered_hot,selective_closure,194745.5,195096.0,195416.5,9897,9976,9976,58,0,11468,13696,640,0,64,0,0,16,0
8,train,"Patch(FOR(Delta(BitPack)))",BETWEEN,11468,0.69995117,buffered_hot,broad_fused,193348.5,194470.0,195837.0,13648,13696,13696,1,0,16384,13696,640,0,64,0,0,16,0
8,train,"Patch(FOR(Delta(BitPack)))",BETWEEN,11468,0.69995117,buffered_drop_cache,selective_closure,379756.0,381098.0,384213.0,9897,9976,9976,58,0,11468,13696,640,0,64,0,0,16,0
8,train,"Patch(FOR(Delta(BitPack)))",BETWEEN,11468,0.69995117,buffered_drop_cache,broad_fused,382280.0,382640.0,382962.0,13648,13696,13696,1,0,16384,13696,640,0,64,0,0,16,0
8,train,"Patch(FOR(Delta(BitPack)))",SUM,13107,0.79998779,memory_warm,selective_closure,152223.7,152367.0,153739.3,11147,11352,11352,66,0,13107,13696,640,0,64,0,0,16,0
8,train,"Patch(FOR(Delta(BitPack)))",SUM,13107,0.79998779,memory_warm,broad_fused,183894.0,184154.5,186423.0,13648,13696,13696,1,0,16384,13696,640,0,64,0,0,16,0
8,train,"Patch(FOR(Delta(BitPack)))",SUM,13107,0.79998779,mmap_hot,selective_closure,152584.3,152761.3,154066.3,11147,11352,11352,66,0,13107,13696,640,0,64,0,0,16,0
8,train,"Patch(FOR(Delta(BitPack)))",SUM,13107,0.79998779,mmap_hot,broad_fused,184575.0,184635.5,186784.0,13648,13696,13696,1,0,16384,13696,640,0,64,0,0,16,0
8,train,"Patch(FOR(Delta(BitPack)))",SUM,13107,0.79998779,buffered_hot,selective_closure,211711.0,212627.0,213683.5,11147,11352,11352,66,0,13107,13696,640,0,64,0,0,16,0
8,train,"Patch(FOR(Delta(BitPack)))",SUM,13107,0.79998779,buffered_hot,broad_fused,186097.5,186123.0,188666.5,13648,13696,13696,1,0,16384,13696,640,0,64,0,0,16,0
8,train,"Patch(FOR(Delta(BitPack)))",SUM,13107,0.79998779,buffered_drop_cache,selective_closure,401339.0,402160.0,405215.0,11147,11352,11352,66,0,13107,13696,640,0,64,0,0,16,0
8,train,"Patch(FOR(Delta(BitPack)))",SUM,13107,0.79998779,buffered_drop_cache,broad_fused,371243.0,371664.0,372005.0,13648,13696,13696,1,0,16384,13696,640,0,64,0,0,16,0
8,train,"Patch(FOR(Delta(BitPack)))",BETWEEN,13107,0.79998779,memory_warm,selective_closure,159581.3,161300.3,161748.0,11147,11352,11352,66,0,13107,13696,640,0,64,0,0,16,0
8,train,"Patch(FOR(Delta(BitPack)))",BETWEEN,13107,0.79998779,memory_warm,broad_fused,193373.5,193974.0,196017.0,13648,13696,13696,1,0,16384,13696,640,0,64,0,0,16,0
8,train,"Patch(FOR(Delta(BitPack)))",BETWEEN,13107,0.79998779,mmap_hot,selective_closure,160172.3,160202.3,161584.3,11147,11352,11352,66,0,13107,13696,640,0,64,0,0,16,0
8,train,"Patch(FOR(Delta(BitPack)))",BETWEEN,13107,0.79998779,mmap_hot,broad_fused,192993.0,193043.0,195286.0,13648,13696,13696,1,0,16384,13696,640,0,64,0,0,16,0
8,train,"Patch(FOR(Delta(BitPack)))",BETWEEN,13107,0.79998779,buffered_hot,selective_closure,217809.5,220038.0,220439.0,11147,11352,11352,66,0,13107,13696,640,0,64,0,0,16,0
8,train,"Patch(FOR(Delta(BitPack)))",BETWEEN,13107,0.79998779,buffered_hot,broad_fused,195602.0,195917.5,197770.0,13648,13696,13696,1,0,16384,13696,640,0,64,0,0,16,0
8,train,"Patch(FOR(Delta(BitPack)))",BETWEEN,13107,0.79998779,buffered_drop_cache,selective_closure,406337.0,406537.0,411494.0,11147,11352,11352,66,0,13107,13696,640,0,64,0,0,16,0
8,train,"Patch(FOR(Delta(BitPack)))",BETWEEN,13107,0.79998779,buffered_drop_cache,broad_fused,380888.0,382361.0,384714.0,13648,13696,13696,1,0,16384,13696,640,0,64,0,0,16,0
8,train,"Patch(FOR(Delta(BitPack)))",SUM,14745,0.89996338,memory_warm,selective_closure,170334.0,170830.0,172662.5,12401,12504,12504,72,0,14745,13696,640,0,64,0,0,16,0
8,train,"Patch(FOR(Delta(BitPack)))",SUM,14745,0.89996338,memory_warm,broad_fused,185742.0,185867.0,188145.5,13648,13696,13696,1,0,16384,13696,640,0,64,0,0,16,0
8,train,"Patch(FOR(Delta(BitPack)))",SUM,14745,0.89996338,mmap_hot,selective_closure,171015.5,171155.0,171180.5,12401,12504,12504,72,0,14745,13696,640,0,64,0,0,16,0
8,train,"Patch(FOR(Delta(BitPack)))",SUM,14745,0.89996338,mmap_hot,broad_fused,186463.0,186528.0,189678.0,13648,13696,13696,1,0,16384,13696,640,0,64,0,0,16,0
8,train,"Patch(FOR(Delta(BitPack)))",SUM,14745,0.89996338,buffered_hot,selective_closure,234650.0,237799.5,238225.5,12401,12504,12504,72,0,14745,13696,640,0,64,0,0,16,0
8,train,"Patch(FOR(Delta(BitPack)))",SUM,14745,0.89996338,buffered_hot,broad_fused,187635.0,187955.5,188060.5,13648,13696,13696,1,0,16384,13696,640,0,64,0,0,16,0
8,train,"Patch(FOR(Delta(BitPack)))",SUM,14745,0.89996338,buffered_drop_cache,selective_closure,419917.0,423963.0,425184.0,12401,12504,12504,72,0,14745,13696,640,0,64,0,0,16,0
8,train,"Patch(FOR(Delta(BitPack)))",SUM,14745,0.89996338,buffered_drop_cache,broad_fused,371254.0,372786.0,373487.0,13648,13696,13696,1,0,16384,13696,640,0,64,0,0,16,0
8,train,"Patch(FOR(Delta(BitPack)))",BETWEEN,14745,0.89996338,memory_warm,selective_closure,176323.0,177364.5,179147.5,12401,12504,12504,72,0,14745,13696,640,0,64,0,0,16,0
8,train,"Patch(FOR(Delta(BitPack)))",BETWEEN,14745,0.89996338,memory_warm,broad_fused,194545.5,194895.5,197174.0,13648,13696,13696,1,0,16384,13696,640,0,64,0,0,16,0
8,train,"Patch(FOR(Delta(BitPack)))",BETWEEN,14745,0.89996338,mmap_hot,selective_closure,177099.0,177249.5,179532.5,12401,12504,12504,72,0,14745,13696,640,0,64,0,0,16,0
8,train,"Patch(FOR(Delta(BitPack)))",BETWEEN,14745,0.89996338,mmap_hot,broad_fused,194244.5,194715.5,196809.0,13648,13696,13696,1,0,16384,13696,640,0,64,0,0,16,0
8,train,"Patch(FOR(Delta(BitPack)))",BETWEEN,14745,0.89996338,buffered_hot,selective_closure,240814.0,242732.0,243213.0,12401,12504,12504,72,0,14745,13696,640,0,64,0,0,16,0
8,train,"Patch(FOR(Delta(BitPack)))",BETWEEN,14745,0.89996338,buffered_hot,broad_fused,197009.0,197023.5,199041.5,13648,13696,13696,1,0,16384,13696,640,0,64,0,0,16,0
8,train,"Patch(FOR(Delta(BitPack)))",BETWEEN,14745,0.89996338,buffered_drop_cache,selective_closure,425866.0,427829.0,432045.0,12401,12504,12504,72,0,14745,13696,640,0,64,0,0,16,0
8,train,"Patch(FOR(Delta(BitPack)))",BETWEEN,14745,0.89996338,buffered_drop_cache,broad_fused,382921.0,383943.0,384373.0,13648,13696,13696,1,0,16384,13696,640,0,64,0,0,16,0
8,train,"Patch(FOR(Delta(BitPack)))",SUM,16384,1.00000000,memory_warm,selective_closure,188646.0,189212.0,190940.0,13648,13656,13656,78,0,16384,13696,640,0,64,0,0,16,0
8,train,"Patch(FOR(Delta(BitPack)))",SUM,16384,1.00000000,memory_warm,broad_fused,187780.0,187865.5,190148.5,13648,13696,13696,1,0,16384,13696,640,0,64,0,0,16,0
8,train,"Patch(FOR(Delta(BitPack)))",SUM,16384,1.00000000,mmap_hot,selective_closure,189312.5,190649.5,191701.0,13648,13656,13656,78,0,16384,13696,640,0,64,0,0,16,0
8,train,"Patch(FOR(Delta(BitPack)))",SUM,16384,1.00000000,mmap_hot,broad_fused,188120.5,188391.0,188846.5,13648,13696,13696,1,0,16384,13696,640,0,64,0,0,16,0
8,train,"Patch(FOR(Delta(BitPack)))",SUM,16384,1.00000000,buffered_hot,selective_closure,257785.0,258135.0,262902.0,13648,13656,13656,78,0,16384,13696,640,0,64,0,0,16,0
8,train,"Patch(FOR(Delta(BitPack)))",SUM,16384,1.00000000,buffered_hot,broad_fused,189573.0,190078.5,192517.0,13648,13696,13696,1,0,16384,13696,640,0,64,0,0,16,0
8,train,"Patch(FOR(Delta(BitPack)))",SUM,16384,1.00000000,buffered_drop_cache,selective_closure,443442.0,448188.0,449010.0,13648,13656,13656,78,0,16384,13696,640,0,64,0,0,16,0
8,train,"Patch(FOR(Delta(BitPack)))",SUM,16384,1.00000000,buffered_drop_cache,broad_fused,374539.0,375590.0,376591.0,13648,13696,13696,1,0,16384,13696,640,0,64,0,0,16,0
8,train,"Patch(FOR(Delta(BitPack)))",BETWEEN,16384,1.00000000,memory_warm,selective_closure,193388.5,193423.5,196708.5,13648,13656,13656,78,0,16384,13696,640,0,64,0,0,16,0
8,train,"Patch(FOR(Delta(BitPack)))",BETWEEN,16384,1.00000000,memory_warm,broad_fused,195346.5,195917.0,197685.0,13648,13696,13696,1,0,16384,13696,640,0,64,0,0,16,0
8,train,"Patch(FOR(Delta(BitPack)))",BETWEEN,16384,1.00000000,mmap_hot,selective_closure,194375.0,194560.0,196848.5,13648,13656,13656,78,0,16384,13696,640,0,64,0,0,16,0
8,train,"Patch(FOR(Delta(BitPack)))",BETWEEN,16384,1.00000000,mmap_hot,broad_fused,195231.0,196188.0,197489.5,13648,13696,13696,1,0,16384,13696,640,0,64,0,0,16,0
8,train,"Patch(FOR(Delta(BitPack)))",BETWEEN,16384,1.00000000,buffered_hot,selective_closure,263754.0,265977.0,266878.0,13648,13656,13656,78,0,16384,13696,640,0,64,0,0,16,0
8,train,"Patch(FOR(Delta(BitPack)))",BETWEEN,16384,1.00000000,buffered_hot,broad_fused,197449.5,197519.5,200108.5,13648,13696,13696,1,0,16384,13696,640,0,64,0,0,16,0
8,train,"Patch(FOR(Delta(BitPack)))",BETWEEN,16384,1.00000000,buffered_drop_cache,selective_closure,449640.0,451013.0,453707.0,13648,13656,13656,78,0,16384,13696,640,0,64,0,0,16,0
8,train,"Patch(FOR(Delta(BitPack)))",BETWEEN,16384,1.00000000,buffered_drop_cache,broad_fused,381679.0,383242.0,383853.0,13648,13696,13696,1,0,16384,13696,640,0,64,0,0,16,0
9,train,"Frame(Dictionary(RLE(BitPack)))",SUM,1,0.00006104,memory_warm,selective_closure,5063.1,5070.9,5106.1,661,625,625,2,1,1,625,512,1,0,443,3,0,0
9,train,"Frame(Dictionary(RLE(BitPack)))",SUM,1,0.00006104,memory_warm,broad_fused,60474.0,60550.4,61208.8,2439,625,625,1,1,16384,625,512,1,0,443,3,0,0
9,train,"Frame(Dictionary(RLE(BitPack)))",SUM,1,0.00006104,mmap_hot,selective_closure,5130.1,5136.0,5191.3,661,625,625,2,1,1,625,512,1,0,443,3,0,0
9,train,"Frame(Dictionary(RLE(BitPack)))",SUM,1,0.00006104,mmap_hot,broad_fused,60111.1,60172.7,60274.1,2439,625,625,1,1,16384,625,512,1,0,443,3,0,0
9,train,"Frame(Dictionary(RLE(BitPack)))",SUM,1,0.00006104,buffered_hot,selective_closure,7159.0,7162.6,7252.9,661,625,625,2,1,1,625,512,1,0,443,3,0,0
9,train,"Frame(Dictionary(RLE(BitPack)))",SUM,1,0.00006104,buffered_hot,broad_fused,61368.7,61438.7,61908.1,2439,625,625,1,1,16384,625,512,1,0,443,3,0,0
9,train,"Frame(Dictionary(RLE(BitPack)))",SUM,1,0.00006104,buffered_drop_cache,selective_closure,7290.0,7471.0,7611.0,661,625,625,2,1,1,625,512,1,0,443,3,0,0
9,train,"Frame(Dictionary(RLE(BitPack)))",SUM,1,0.00006104,buffered_drop_cache,broad_fused,58367.0,60120.0,63966.0,2439,625,625,1,1,16384,625,512,1,0,443,3,0,0
9,train,"Frame(Dictionary(RLE(BitPack)))",BETWEEN,1,0.00006104,memory_warm,selective_closure,5061.6,5090.8,5098.0,661,625,625,2,1,1,625,512,1,0,443,3,0,0
9,train,"Frame(Dictionary(RLE(BitPack)))",BETWEEN,1,0.00006104,memory_warm,broad_fused,56569.4,56759.6,56977.4,2439,625,625,1,1,16384,625,512,1,0,443,3,0,0
9,train,"Frame(Dictionary(RLE(BitPack)))",BETWEEN,1,0.00006104,mmap_hot,selective_closure,5071.1,5096.8,5128.0,661,625,625,2,1,1,625,512,1,0,443,3,0,0
9,train,"Frame(Dictionary(RLE(BitPack)))",BETWEEN,1,0.00006104,mmap_hot,broad_fused,56481.8,56574.4,57141.5,2439,625,625,1,1,16384,625,512,1,0,443,3,0,0
9,train,"Frame(Dictionary(RLE(BitPack)))",BETWEEN,1,0.00006104,buffered_hot,selective_closure,7205.2,7226.8,7235.2,661,625,625,2,1,1,625,512,1,0,443,3,0,0
9,train,"Frame(Dictionary(RLE(BitPack)))",BETWEEN,1,0.00006104,buffered_hot,broad_fused,58266.9,58829.0,59113.2,2439,625,625,1,1,16384,625,512,1,0,443,3,0,0
9,train,"Frame(Dictionary(RLE(BitPack)))",BETWEEN,1,0.00006104,buffered_drop_cache,selective_closure,7061.0,7131.0,7211.0,661,625,625,2,1,1,625,512,1,0,443,3,0,0
9,train,"Frame(Dictionary(RLE(BitPack)))",BETWEEN,1,0.00006104,buffered_drop_cache,broad_fused,57175.0,57336.0,58196.0,2439,625,625,1,1,16384,625,512,1,0,443,3,0,0
9,train,"Frame(Dictionary(RLE(BitPack)))",SUM,4,0.00024414,memory_warm,selective_closure,5000.9,5045.6,5046.7,661,625,625,2,1,4,625,512,1,0,443,3,0,0
9,train,"Frame(Dictionary(RLE(BitPack)))",SUM,4,0.00024414,memory_warm,broad_fused,59438.7,59710.4,60898.0,2439,625,625,1,1,16384,625,512,1,0,443,3,0,0
9,train,"Frame(Dictionary(RLE(BitPack)))",SUM,4,0.00024414,mmap_hot,selective_closure,5114.3,5117.1,5167.7,661,625,625,2,1,4,625,512,1,0,443,3,0,0
9,train,"Frame(Dictionary(RLE(BitPack)))",SUM,4,0.00024414,mmap_hot,broad_fused,59706.5,59811.8,60161.0,2439,625,625,1,1,16384,625,512,1,0,443,3,0,0
9,train,"Frame(Dictionary(RLE(BitPack)))",SUM,4,0.00024414,buffered_hot,selective_closure,7154.2,7212.1,7214.1,661,625,625,2,1,4,625,512,1,0,443,3,0,0
9,train,"Frame(Dictionary(RLE(BitPack)))",SUM,4,0.00024414,buffered_hot,broad_fused,60627.6,61009.6,61168.4,2439,625,625,1,1,16384,625,512,1,0,443,3,0,0
9,train,"Frame(Dictionary(RLE(BitPack)))",SUM,4,0.00024414,buffered_drop_cache,selective_closure,7131.0,7201.0,7301.0,661,625,625,2,1,4,625,512,1,0,443,3,0,0
9,train,"Frame(Dictionary(RLE(BitPack)))",SUM,4,0.00024414,buffered_drop_cache,broad_fused,57616.0,57746.0,65839.0,2439,625,625,1,1,16384,625,512,1,0,443,3,0,0
9,train,"Frame(Dictionary(RLE(BitPack)))",BETWEEN,4,0.00024414,memory_warm,selective_closure,5084.8,5129.8,5130.1,661,625,625,2,1,4,625,512,1,0,443,3,0,0
9,train,"Frame(Dictionary(RLE(BitPack)))",BETWEEN,4,0.00024414,memory_warm,broad_fused,56300.2,56590.6,56981.2,2439,625,625,1,1,16384,625,512,1,0,443,3,0,0
9,train,"Frame(Dictionary(RLE(BitPack)))",BETWEEN,4,0.00024414,mmap_hot,selective_closure,5140.1,5179.5,5184.8,661,625,625,2,1,4,625,512,1,0,443,3,0,0
9,train,"Frame(Dictionary(RLE(BitPack)))",BETWEEN,4,0.00024414,mmap_hot,broad_fused,56544.4,56570.6,57199.1,2439,625,625,1,1,16384,625,512,1,0,443,3,0,0
9,train,"Frame(Dictionary(RLE(BitPack)))",BETWEEN,4,0.00024414,buffered_hot,selective_closure,7185.6,7239.2,7257.2,661,625,625,2,1,4,625,512,1,0,443,3,0,0
9,train,"Frame(Dictionary(RLE(BitPack)))",BETWEEN,4,0.00024414,buffered_hot,broad_fused,57807.5,57898.9,58453.5,2439,625,625,1,1,16384,625,512,1,0,443,3,0,0
9,train,"Frame(Dictionary(RLE(BitPack)))",BETWEEN,4,0.00024414,buffered_drop_cache,selective_closure,7180.0,7231.0,7251.0,661,625,625,2,1,4,625,512,1,0,443,3,0,0
9,train,"Frame(Dictionary(RLE(BitPack)))",BETWEEN,4,0.00024414,buffered_drop_cache,broad_fused,57246.0,57986.0,58256.0,2439,625,625,1,1,16384,625,512,1,0,443,3,0,0
9,train,"Frame(Dictionary(RLE(BitPack)))",SUM,16,0.00097656,memory_warm,selective_closure,5022.7,5055.3,5079.7,661,625,625,2,1,16,625,512,1,0,443,3,0,0
9,train,"Frame(Dictionary(RLE(BitPack)))",SUM,16,0.00097656,memory_warm,broad_fused,59883.1,60296.1,60532.8,2439,625,625,1,1,16384,625,512,1,0,443,3,0,0
9,train,"Frame(Dictionary(RLE(BitPack)))",SUM,16,0.00097656,mmap_hot,selective_closure,5117.4,5123.9,5192.2,661,625,625,2,1,16,625,512,1,0,443,3,0,0
9,train,"Frame(Dictionary(RLE(BitPack)))",SUM,16,0.00097656,mmap_hot,broad_fused,59555.0,59636.4,59904.4,2439,625,625,1,1,16384,625,512,1,0,443,3,0,0
9,train,"Frame(Dictionary(RLE(BitPack)))",SUM,16,0.00097656,buffered_hot,selective_closure,7141.2,7169.8,7192.6,661,625,625,2,1,16,625,512,1,0,443,3,0,0
9,train,"Frame(Dictionary(RLE(BitPack)))",SUM,16,0.00097656,buffered_hot,broad_fused,61133.6,61320.1,61804.8,2439,625,625,1,1,16384,625,512,1,0,443,3,0,0
9,train,"Frame(Dictionary(RLE(BitPack)))",SUM,16,0.00097656,buffered_drop_cache,selective_closure,7160.0,7161.0,7291.0,661,625,625,2,1,16,625,512,1,0,443,3,0,0
9,train,"Frame(Dictionary(RLE(BitPack)))",SUM,16,0.00097656,buffered_drop_cache,broad_fused,57626.0,57646.0,63444.0,2439,625,625,1,1,16384,625,512,1,0,443,3,0,0
9,train,"Frame(Dictionary(RLE(BitPack)))",BETWEEN,16,0.00097656,memory_warm,selective_closure,5071.8,5121.1,5123.1,661,625,625,2,1,16,625,512,1,0,443,3,0,0
9,train,"Frame(Dictionary(RLE(BitPack)))",BETWEEN,16,0.00097656,memory_warm,broad_fused,56435.4,56455.5,57099.0,2439,625,625,1,1,16384,625,512,1,0,443,3,0,0
9,train,"Frame(Dictionary(RLE(BitPack)))",BETWEEN,16,0.00097656,mmap_hot,selective_closure,5140.9,5168.9,5182.4,661,625,625,2,1,16,625,512,1,0,443,3,0,0
9,train,"Frame(Dictionary(RLE(BitPack)))",BETWEEN,16,0.00097656,mmap_hot,broad_fused,56375.4,56396.6,57398.1,2439,625,625,1,1,16384,625,512,1,0,443,3,0,0
9,train,"Frame(Dictionary(RLE(BitPack)))",BETWEEN,16,0.00097656,buffered_hot,selective_closure,7141.5,7193.8,7206.6,661,625,625,2,1,16,625,512,1,0,443,3,0,0
9,train,"Frame(Dictionary(RLE(BitPack)))",BETWEEN,16,0.00097656,buffered_hot,broad_fused,57752.4,57837.6,58365.8,2439,625,625,1,1,16384,625,512,1,0,443,3,0,0
9,train,"Frame(Dictionary(RLE(BitPack)))",BETWEEN,16,0.00097656,buffered_drop_cache,selective_closure,7081.0,7141.0,7171.0,661,625,625,2,1,16,625,512,1,0,443,3,0,0
9,train,"Frame(Dictionary(RLE(BitPack)))",BETWEEN,16,0.00097656,buffered_drop_cache,broad_fused,57897.0,58026.0,58077.0,2439,625,625,1,1,16384,625,512,1,0,443,3,0,0
9,train,"Frame(Dictionary(RLE(BitPack)))",SUM,64,0.00390625,memory_warm,selective_closure,5269.0,5281.9,5325.1,673,625,625,2,1,64,625,512,1,0,443,3,0,0
9,train,"Frame(Dictionary(RLE(BitPack)))",SUM,64,0.00390625,memory_warm,broad_fused,61005.3,61108.3,61667.7,2439,625,625,1,1,16384,625,512,1,0,443,3,0,0
9,train,"Frame(Dictionary(RLE(BitPack)))",SUM,64,0.00390625,mmap_hot,selective_closure,5339.4,5345.9,5394.4,673,625,625,2,1,64,625,512,1,0,443,3,0,0
9,train,"Frame(Dictionary(RLE(BitPack)))",SUM,64,0.00390625,mmap_hot,broad_fused,59412.9,59784.9,59973.7,2439,625,625,1,1,16384,625,512,1,0,443,3,0,0
9,train,"Frame(Dictionary(RLE(BitPack)))",SUM,64,0.00390625,buffered_hot,selective_closure,7409.4,7472.4,7525.1,673,625,625,2,1,64,625,512,1,0,443,3,0,0
9,train,"Frame(Dictionary(RLE(BitPack)))",SUM,64,0.00390625,buffered_hot,broad_fused,62390.1,62974.0,63434.6,2439,625,625,1,1,16384,625,512,1,0,443,3,0,0
9,train,"Frame(Dictionary(RLE(BitPack)))",SUM,64,0.00390625,buffered_drop_cache,selective_closure,7391.0,7441.0,7501.0,673,625,625,2,1,64,625,512,1,0,443,3,0,0
9,train,"Frame(Dictionary(RLE(BitPack)))",SUM,64,0.00390625,buffered_drop_cache,broad_fused,57736.0,57917.0,65988.0,2439,625,625,1,1,16384,625,512,1,0,443,3,0,0
9,train,"Frame(Dictionary(RLE(BitPack)))",BETWEEN,64,0.00390625,memory_warm,selective_closure,5346.9,5351.7,5360.6,673,625,625,2,1,64,625,512,1,0,443,3,0,0
9,train,"Frame(Dictionary(RLE(BitPack)))",BETWEEN,64,0.00390625,memory_warm,broad_fused,56220.1,56555.6,56868.5,2439,625,625,1,1,16384,625,512,1,0,443,3,0,0
9,train,"Frame(Dictionary(RLE(BitPack)))",BETWEEN,64,0.00390625,mmap_hot,selective_closure,5357.9,5395.5,5410.2,673,625,625,2,1,64,625,512,1,0,443,3,0,0
9,train,"Frame(Dictionary(RLE(BitPack)))",BETWEEN,64,0.00390625,mmap_hot,broad_fused,56510.6,56740.9,57171.5,2439,625,625,1,1,16384,625,512,1,0,443,3,0,0
9,train,"Frame(Dictionary(RLE(BitPack)))",BETWEEN,64,0.00390625,buffered_hot,selective_closure,7407.0,7468.6,7476.5,673,625,625,2,1,64,625,512,1,0,443,3,0,0
9,train,"Frame(Dictionary(RLE(BitPack)))",BETWEEN,64,0.00390625,buffered_hot,broad_fused,57713.6,57846.4,58170.5,2439,625,625,1,1,16384,625,512,1,0,443,3,0,0
9,train,"Frame(Dictionary(RLE(BitPack)))",BETWEEN,64,0.00390625,buffered_drop_cache,selective_closure,7431.0,7441.0,7492.0,673,625,625,2,1,64,625,512,1,0,443,3,0,0
9,train,"Frame(Dictionary(RLE(BitPack)))",BETWEEN,64,0.00390625,buffered_drop_cache,broad_fused,57306.0,57326.0,58196.0,2439,625,625,1,1,16384,625,512,1,0,443,3,0,0
9,train,"Frame(Dictionary(RLE(BitPack)))",SUM,163,0.00994873,memory_warm,selective_closure,5609.5,5616.0,5656.0,686,625,625,2,1,163,625,512,1,0,443,3,0,0
9,train,"Frame(Dictionary(RLE(BitPack)))",SUM,163,0.00994873,memory_warm,broad_fused,60158.5,60292.4,60740.6,2439,625,625,1,1,16384,625,512,1,0,443,3,0,0
9,train,"Frame(Dictionary(RLE(BitPack)))",SUM,163,0.00994873,mmap_hot,selective_closure,5699.1,5709.7,5753.5,686,625,625,2,1,163,625,512,1,0,443,3,0,0
9,train,"Frame(Dictionary(RLE(BitPack)))",SUM,163,0.00994873,mmap_hot,broad_fused,60953.5,61357.8,61401.6,2439,625,625,1,1,16384,625,512,1,0,443,3,0,0
9,train,"Frame(Dictionary(RLE(BitPack)))",SUM,163,0.00994873,buffered_hot,selective_closure,7840.1,7888.4,7892.9,686,625,625,2,1,163,625,512,1,0,443,3,0,0
9,train,"Frame(Dictionary(RLE(BitPack)))",SUM,163,0.00994873,buffered_hot,broad_fused,60788.1,61247.6,61754.6,2439,625,625,1,1,16384,625,512,1,0,443,3,0,0
9,train,"Frame(Dictionary(RLE(BitPack)))",SUM,163,0.00994873,buffered_drop_cache,selective_closure,7782.0,7782.0,7842.0,686,625,625,2,1,163,625,512,1,0,443,3,0,0
9,train,"Frame(Dictionary(RLE(BitPack)))",SUM,163,0.00994873,buffered_drop_cache,broad_fused,58357.0,62143.0,64696.0,2439,625,625,1,1,16384,625,512,1,0,443,3,0,0
9,train,"Frame(Dictionary(RLE(BitPack)))",BETWEEN,163,0.00994873,memory_warm,selective_closure,5606.0,5645.3,5666.2,686,625,625,2,1,163,625,512,1,0,443,3,0,0
9,train,"Frame(Dictionary(RLE(BitPack)))",BETWEEN,163,0.00994873,memory_warm,broad_fused,56392.9,57152.8,57186.6,2439,625,625,1,1,16384,625,512,1,0,443,3,0,0
9,train,"Frame(Dictionary(RLE(BitPack)))",BETWEEN,163,0.00994873,mmap_hot,selective_closure,5729.8,5769.7,5808.1,686,625,625,2,1,163,625,512,1,0,443,3,0,0
9,train,"Frame(Dictionary(RLE(BitPack)))",BETWEEN,163,0.00994873,mmap_hot,broad_fused,56642.0,56717.1,57209.1,2439,625,625,1,1,16384,625,512,1,0,443,3,0,0
9,train,"Frame(Dictionary(RLE(BitPack)))",BETWEEN,163,0.00994873,buffered_hot,selective_closure,7806.6,7850.6,7878.4,686,625,625,2,1,163,625,512,1,0,443,3,0,0
9,train,"Frame(Dictionary(RLE(BitPack)))",BETWEEN,163,0.00994873,buffered_hot,broad_fused,57697.2,57739.9,58215.6,2439,625,625,1,1,16384,625,512,1,0,443,3,0,0
9,train,"Frame(Dictionary(RLE(BitPack)))",BETWEEN,163,0.00994873,buffered_drop_cache,selective_closure,7872.0,7882.0,7962.0,686,625,625,2,1,163,625,512,1,0,443,3,0,0
9,train,"Frame(Dictionary(RLE(BitPack)))",BETWEEN,163,0.00994873,buffered_drop_cache,broad_fused,58217.0,58267.0,58337.0,2439,625,625,1,1,16384,625,512,1,0,443,3,0,0
9,train,"Frame(Dictionary(RLE(BitPack)))",SUM,256,0.01562500,memory_warm,selective_closure,5897.8,5930.7,5935.4,691,625,625,2,1,256,625,512,1,0,443,3,0,0
9,train,"Frame(Dictionary(RLE(BitPack)))",SUM,256,0.01562500,memory_warm,broad_fused,60232.7,60491.7,60829.3,2439,625,625,1,1,16384,625,512,1,0,443,3,0,0
9,train,"Frame(Dictionary(RLE(BitPack)))",SUM,256,0.01562500,mmap_hot,selective_closure,6009.6,6011.6,6011.9,691,625,625,2,1,256,625,512,1,0,443,3,0,0
9,train,"Frame(Dictionary(RLE(BitPack)))",SUM,256,0.01562500,mmap_hot,broad_fused,60105.3,60812.1,61224.3,2439,625,625,1,1,16384,625,512,1,0,443,3,0,0
9,train,"Frame(Dictionary(RLE(BitPack)))",SUM,256,0.01562500,buffered_hot,selective_closure,8070.4,8145.0,8151.5,691,625,625,2,1,256,625,512,1,0,443,3,0,0
9,train,"Frame(Dictionary(RLE(BitPack)))",SUM,256,0.01562500,buffered_hot,broad_fused,61991.1,62050.1,62260.2,2439,625,625,1,1,16384,625,512,1,0,443,3,0,0
9,train,"Frame(Dictionary(RLE(BitPack)))",SUM,256,0.01562500,buffered_drop_cache,selective_closure,8052.0,8072.0,8202.0,691,625,625,2,1,256,625,512,1,0,443,3,0,0
9,train,"Frame(Dictionary(RLE(BitPack)))",SUM,256,0.01562500,buffered_drop_cache,broad_fused,57826.0,58277.0,63555.0,2439,625,625,1,1,16384,625,512,1,0,443,3,0,0
9,train,"Frame(Dictionary(RLE(BitPack)))",BETWEEN,256,0.01562500,memory_warm,selective_closure,5943.3,5963.8,6017.4,691,625,625,2,1,256,625,512,1,0,443,3,0,0
9,train,"Frame(Dictionary(RLE(BitPack)))",BETWEEN,256,0.01562500,memory_warm,broad_fused,56476.8,57135.1,57219.1,2439,625,625,1,1,16384,625,512,1,0,443,3,0,0
9,train,"Frame(Dictionary(RLE(BitPack)))",BETWEEN,256,0.01562500,mmap_hot,selective_closure,6063.0,6070.9,6093.3,691,625,625,2,1,256,625,512,1,0,443,3,0,0
9,train,"Frame(Dictionary(RLE(BitPack)))",BETWEEN,256,0.01562500,mmap_hot,broad_fused,56722.1,57139.0,57284.2,2439,625,625,1,1,16384,625,512,1,0,443,3,0,0
9,train,"Frame(Dictionary(RLE(BitPack)))",BETWEEN,256,0.01562500,buffered_hot,selective_closure,8071.2,8088.4,8132.0,691,625,625,2,1,256,625,512,1,0,443,3,0,0
9,train,"Frame(Dictionary(RLE(BitPack)))",BETWEEN,256,0.01562500,buffered_hot,broad_fused,57855.1,58037.8,58370.8,2439,625,625,1,1,16384,625,512,1,0,443,3,0,0
9,train,"Frame(Dictionary(RLE(BitPack)))",BETWEEN,256,0.01562500,buffered_drop_cache,selective_closure,8122.0,8132.0,8192.0,691,625,625,2,1,256,625,512,1,0,443,3,0,0
9,train,"Frame(Dictionary(RLE(BitPack)))",BETWEEN,256,0.01562500,buffered_drop_cache,broad_fused,57926.0,57937.0,58287.0,2439,625,625,1,1,16384,625,512,1,0,443,3,0,0
9,train,"Frame(Dictionary(RLE(BitPack)))",SUM,819,0.04998779,memory_warm,selective_closure,7435.2,7435.9,7497.6,727,625,625,2,1,819,625,512,1,0,443,3,0,0
9,train,"Frame(Dictionary(RLE(BitPack)))",SUM,819,0.04998779,memory_warm,broad_fused,60797.5,61253.0,61323.0,2439,625,625,1,1,16384,625,512,1,0,443,3,0,0
9,train,"Frame(Dictionary(RLE(BitPack)))",SUM,819,0.04998779,mmap_hot,selective_closure,7477.8,7556.8,7558.4,727,625,625,2,1,819,625,512,1,0,443,3,0,0
9,train,"Frame(Dictionary(RLE(BitPack)))",SUM,819,0.04998779,mmap_hot,broad_fused,60316.1,60391.2,60967.2,2439,625,625,1,1,16384,625,512,1,0,443,3,0,0
9,train,"Frame(Dictionary(RLE(BitPack)))",SUM,819,0.04998779,buffered_hot,selective_closure,9514.8,9544.8,9559.6,727,625,625,2,1,819,625,512,1,0,443,3,0,0
9,train,"Frame(Dictionary(RLE(BitPack)))",SUM,819,0.04998779,buffered_hot,broad_fused,61486.0,61680.6,62215.7,2439,625,625,1,1,16384,625,512,1,0,443,3,0,0
9,train,"Frame(Dictionary(RLE(BitPack)))",SUM,819,0.04998779,buffered_drop_cache,selective_closure,9494.0,9534.0,9574.0,727,625,625,2,1,819,625,512,1,0,443,3,0,0
9,train,"Frame(Dictionary(RLE(BitPack)))",SUM,819,0.04998779,buffered_drop_cache,broad_fused,57896.0,57956.0,63224.0,2439,625,625,1,1,16384,625,512,1,0,443,3,0,0
9,train,"Frame(Dictionary(RLE(BitPack)))",BETWEEN,819,0.04998779,memory_warm,selective_closure,7514.0,7558.1,7563.3,727,625,625,2,1,819,625,512,1,0,443,3,0,0
9,train,"Frame(Dictionary(RLE(BitPack)))",BETWEEN,819,0.04998779,memory_warm,broad_fused,56425.4,56553.1,57165.2,2439,625,625,1,1,16384,625,512,1,0,443,3,0,0
9,train,"Frame(Dictionary(RLE(BitPack)))",BETWEEN,819,0.04998779,mmap_hot,selective_closure,7592.3,7605.9,7633.0,727,625,625,2,1,819,625,512,1,0,443,3,0,0
9,train,"Frame(Dictionary(RLE(BitPack)))",BETWEEN,819,0.04998779,mmap_hot,broad_fused,56516.8,56621.9,57121.4,2439,625,625,1,1,16384,625,512,1,0,443,3,0,0
9,train,"Frame(Dictionary(RLE(BitPack)))",BETWEEN,819,0.04998779,buffered_hot,selective_closure,9575.1,9619.7,9657.3,727,625,625,2,1,819,625,512,1,0,443,3,0,0
9,train,"Frame(Dictionary(RLE(BitPack)))",BETWEEN,819,0.04998779,buffered_hot,broad_fused,57741.1,57774.9,58432.2,2439,625,625,1,1,16384,625,512,1,0,443,3,0,0
9,train,"Frame(Dictionary(RLE(BitPack)))",BETWEEN,819,0.04998779,buffered_drop_cache,selective_closure,9654.0,9675.0,9724.0,727,625,625,2,1,819,625,512,1,0,443,3,0,0
9,train,"Frame(Dictionary(RLE(BitPack)))",BETWEEN,819,0.04998779,buffered_drop_cache,broad_fused,57766.0,58347.0,58627.0,2439,625,625,1,1,16384,625,512,1,0,443,3,0,0
9,train,"Frame(Dictionary(RLE(BitPack)))",SUM,1638,0.09997559,memory_warm,selective_closure,9424.1,9445.8,9494.8,776,625,625,2,1,1638,625,512,1,0,443,3,0,0
9,train,"Frame(Dictionary(RLE(BitPack)))",SUM,1638,0.09997559,memory_warm,broad_fused,60398.7,60404.3,61144.0,2439,625,625,1,1,16384,625,512,1,0,443,3,0,0
9,train,"Frame(Dictionary(RLE(BitPack)))",SUM,1638,0.09997559,mmap_hot,selective_closure,9462.3,9531.6,9548.6,776,625,625,2,1,1638,625,512,1,0,443,3,0,0
9,train,"Frame(Dictionary(RLE(BitPack)))",SUM,1638,0.09997559,mmap_hot,broad_fused,60456.4,60491.5,60756.9,2439,625,625,1,1,16384,625,512,1,0,443,3,0,0
9,train,"Frame(Dictionary(RLE(BitPack)))",SUM,1638,0.09997559,buffered_hot,selective_closure,11492.0,11611.2,11657.1,776,625,625,2,1,1638,625,512,1,0,443,3,0,0
9,train,"Frame(Dictionary(RLE(BitPack)))",SUM,1638,0.09997559,buffered_hot,broad_fused,61597.6,61772.1,63225.9,2439,625,625,1,1,16384,625,512,1,0,443,3,0,0
9,train,"Frame(Dictionary(RLE(BitPack)))",SUM,1638,0.09997559,buffered_drop_cache,selective_closure,11597.0,11667.0,11887.0,776,625,625,2,1,1638,625,512,1,0,443,3,0,0
9,train,"Frame(Dictionary(RLE(BitPack)))",SUM,1638,0.09997559,buffered_drop_cache,broad_fused,58136.0,62813.0,66880.0,2439,625,625,1,1,16384,625,512,1,0,443,3,0,0
9,train,"Frame(Dictionary(RLE(BitPack)))",BETWEEN,1638,0.09997559,memory_warm,selective_closure,9584.5,9617.5,9626.2,776,625,625,2,1,1638,625,512,1,0,443,3,0,0
9,train,"Frame(Dictionary(RLE(BitPack)))",BETWEEN,1638,0.09997559,memory_warm,broad_fused,56538.1,57072.6,57135.2,2439,625,625,1,1,16384,625,512,1,0,443,3,0,0
9,train,"Frame(Dictionary(RLE(BitPack)))",BETWEEN,1638,0.09997559,mmap_hot,selective_closure,9821.0,9843.3,9853.5,776,625,625,2,1,1638,625,512,1,0,443,3,0,0
9,train,"Frame(Dictionary(RLE(BitPack)))",BETWEEN,1638,0.09997559,mmap_hot,broad_fused,56834.8,56863.6,57295.5,2439,625,625,1,1,16384,625,512,1,0,443,3,0,0
9,train,"Frame(Dictionary(RLE(BitPack)))",BETWEEN,1638,0.09997559,buffered_hot,selective_closure,11782.0,11831.8,11846.0,776,625,625,2,1,1638,625,512,1,0,443,3,0,0
9,train,"Frame(Dictionary(RLE(BitPack)))",BETWEEN,1638,0.09997559,buffered_hot,broad_fused,57972.8,58097.9,58424.6,2439,625,625,1,1,16384,625,512,1,0,443,3,0,0
9,train,"Frame(Dictionary(RLE(BitPack)))",BETWEEN,1638,0.09997559,buffered_drop_cache,selective_closure,11687.0,11828.0,11907.0,776,625,625,2,1,1638,625,512,1,0,443,3,0,0
9,train,"Frame(Dictionary(RLE(BitPack)))",BETWEEN,1638,0.09997559,buffered_drop_cache,broad_fused,57426.0,57667.0,58347.0,2439,625,625,1,1,16384,625,512,1,0,443,3,0,0
9,train,"Frame(Dictionary(RLE(BitPack)))",SUM,3276,0.19995117,memory_warm,selective_closure,15336.1,15350.0,15576.8,1003,625,625,2,1,3276,625,512,1,0,443,3,0,0
9,train,"Frame(Dictionary(RLE(BitPack)))",SUM,3276,0.19995117,memory_warm,broad_fused,60925.1,61425.9,61486.0,2439,625,625,1,1,16384,625,512,1,0,443,3,0,0
9,train,"Frame(Dictionary(RLE(BitPack)))",SUM,3276,0.19995117,mmap_hot,selective_closure,15366.7,15369.2,15546.3,1003,625,625,2,1,3276,625,512,1,0,443,3,0,0
9,train,"Frame(Dictionary(RLE(BitPack)))",SUM,3276,0.19995117,mmap_hot,broad_fused,61633.2,61745.9,61794.6,2439,625,625,1,1,16384,625,512,1,0,443,3,0,0
9,train,"Frame(Dictionary(RLE(BitPack)))",SUM,3276,0.19995117,buffered_hot,selective_closure,17379.5,17403.1,17534.7,1003,625,625,2,1,3276,625,512,1,0,443,3,0,0
9,train,"Frame(Dictionary(RLE(BitPack)))",SUM,3276,0.19995117,buffered_hot,broad_fused,61298.6,63011.1,63132.7,2439,625,625,1,1,16384,625,512,1,0,443,3,0,0
9,train,"Frame(Dictionary(RLE(BitPack)))",SUM,3276,0.19995117,buffered_drop_cache,selective_closure,17516.0,17676.0,17746.0,1003,625,625,2,1,3276,625,512,1,0,443,3,0,0
9,train,"Frame(Dictionary(RLE(BitPack)))",SUM,3276,0.19995117,buffered_drop_cache,broad_fused,58447.0,63886.0,64486.0,2439,625,625,1,1,16384,625,512,1,0,443,3,0,0
9,train,"Frame(Dictionary(RLE(BitPack)))",BETWEEN,3276,0.19995117,memory_warm,selective_closure,15593.3,15743.5,15800.0,1003,625,625,2,1,3276,625,512,1,0,443,3,0,0
9,train,"Frame(Dictionary(RLE(BitPack)))",BETWEEN,3276,0.19995117,memory_warm,broad_fused,56779.8,56818.5,57505.8,2439,625,625,1,1,16384,625,512,1,0,443,3,0,0
9,train,"Frame(Dictionary(RLE(BitPack)))",BETWEEN,3276,0.19995117,mmap_hot,selective_closure,15647.2,15771.6,15803.9,1003,625,625,2,1,3276,625,512,1,0,443,3,0,0
9,train,"Frame(Dictionary(RLE(BitPack)))",BETWEEN,3276,0.19995117,mmap_hot,broad_fused,56808.5,57003.8,57529.5,2439,625,625,1,1,16384,625,512,1,0,443,3,0,0
9,train,"Frame(Dictionary(RLE(BitPack)))",BETWEEN,3276,0.19995117,buffered_hot,selective_closure,17658.8,17819.4,17880.6,1003,625,625,2,1,3276,625,512,1,0,443,3,0,0
9,train,"Frame(Dictionary(RLE(BitPack)))",BETWEEN,3276,0.19995117,buffered_hot,broad_fused,58104.1,58300.8,58832.8,2439,625,625,1,1,16384,625,512,1,0,443,3,0,0
9,train,"Frame(Dictionary(RLE(BitPack)))",BETWEEN,3276,0.19995117,buffered_drop_cache,selective_closure,17716.0,17866.0,17927.0,1003,625,625,2,1,3276,625,512,1,0,443,3,0,0
9,train,"Frame(Dictionary(RLE(BitPack)))",BETWEEN,3276,0.19995117,buffered_drop_cache,broad_fused,58167.0,58888.0,59008.0,2439,625,625,1,1,16384,625,512,1,0,443,3,0,0
9,train,"Frame(Dictionary(RLE(BitPack)))",SUM,4915,0.29998779,memory_warm,selective_closure,21259.1,21274.7,21356.2,1230,625,625,2,1,4915,625,512,1,0,443,3,0,0
9,train,"Frame(Dictionary(RLE(BitPack)))",SUM,4915,0.29998779,memory_warm,broad_fused,60955.9,61451.6,62011.2,2439,625,625,1,1,16384,625,512,1,0,443,3,0,0
9,train,"Frame(Dictionary(RLE(BitPack)))",SUM,4915,0.29998779,mmap_hot,selective_closure,21317.2,21384.6,21474.3,1230,625,625,2,1,4915,625,512,1,0,443,3,0,0
9,train,"Frame(Dictionary(RLE(BitPack)))",SUM,4915,0.29998779,mmap_hot,broad_fused,61315.1,61934.9,62051.4,2439,625,625,1,1,16384,625,512,1,0,443,3,0,0
9,train,"Frame(Dictionary(RLE(BitPack)))",SUM,4915,0.29998779,buffered_hot,selective_closure,23391.1,23474.5,23637.7,1230,625,625,2,1,4915,625,512,1,0,443,3,0,0
9,train,"Frame(Dictionary(RLE(BitPack)))",SUM,4915,0.29998779,buffered_hot,broad_fused,61690.6,62333.0,62809.4,2439,625,625,1,1,16384,625,512,1,0,443,3,0,0
9,train,"Frame(Dictionary(RLE(BitPack)))",SUM,4915,0.29998779,buffered_drop_cache,selective_closure,23295.0,23435.0,23455.0,1230,625,625,2,1,4915,625,512,1,0,443,3,0,0
9,train,"Frame(Dictionary(RLE(BitPack)))",SUM,4915,0.29998779,buffered_drop_cache,broad_fused,57826.0,58057.0,64246.0,2439,625,625,1,1,16384,625,512,1,0,443,3,0,0
9,train,"Frame(Dictionary(RLE(BitPack)))",BETWEEN,4915,0.29998779,memory_warm,selective_closure,21597.2,21817.0,21839.0,1230,625,625,2,1,4915,625,512,1,0,443,3,0,0
9,train,"Frame(Dictionary(RLE(BitPack)))",BETWEEN,4915,0.29998779,memory_warm,broad_fused,56839.8,56844.8,57400.6,2439,625,625,1,1,16384,625,512,1,0,443,3,0,0
9,train,"Frame(Dictionary(RLE(BitPack)))",BETWEEN,4915,0.29998779,mmap_hot,selective_closure,21597.2,21809.4,21809.8,1230,625,625,2,1,4915,625,512,1,0,443,3,0,0
9,train,"Frame(Dictionary(RLE(BitPack)))",BETWEEN,4915,0.29998779,mmap_hot,broad_fused,56948.6,57003.9,57634.6,2439,625,625,1,1,16384,625,512,1,0,443,3,0,0
9,train,"Frame(Dictionary(RLE(BitPack)))",BETWEEN,4915,0.29998779,buffered_hot,selective_closure,24034.3,24062.9,24177.5,1230,625,625,2,1,4915,625,512,1,0,443,3,0,0
9,train,"Frame(Dictionary(RLE(BitPack)))",BETWEEN,4915,0.29998779,buffered_hot,broad_fused,58190.5,58220.6,58881.6,2439,625,625,1,1,16384,625,512,1,0,443,3,0,0
9,train,"Frame(Dictionary(RLE(BitPack)))",BETWEEN,4915,0.29998779,buffered_drop_cache,selective_closure,23716.0,23955.0,24105.0,1230,625,625,2,1,4915,625,512,1,0,443,3,0,0
9,train,"Frame(Dictionary(RLE(BitPack)))",BETWEEN,4915,0.29998779,buffered_drop_cache,broad_fused,57816.0,57966.0,58688.0,2439,625,625,1,1,16384,625,512,1,0,443,3,0,0
9,train,"Frame(Dictionary(RLE(BitPack)))",SUM,6553,0.39996338,memory_warm,selective_closure,25206.0,25363.6,25421.6,1329,625,625,2,1,6553,625,512,1,0,443,3,0,0
9,train,"Frame(Dictionary(RLE(BitPack)))",SUM,6553,0.39996338,memory_warm,broad_fused,60932.3,61258.4,61435.9,2439,625,625,1,1,16384,625,512,1,0,443,3,0,0
9,train,"Frame(Dictionary(RLE(BitPack)))",SUM,6553,0.39996338,mmap_hot,selective_closure,25281.9,25388.4,25629.8,1329,625,625,2,1,6553,625,512,1,0,443,3,0,0
9,train,"Frame(Dictionary(RLE(BitPack)))",SUM,6553,0.39996338,mmap_hot,broad_fused,60341.4,60428.7,60448.7,2439,625,625,1,1,16384,625,512,1,0,443,3,0,0
9,train,"Frame(Dictionary(RLE(BitPack)))",SUM,6553,0.39996338,buffered_hot,selective_closure,27519.9,27575.8,27711.9,1329,625,625,2,1,6553,625,512,1,0,443,3,0,0
9,train,"Frame(Dictionary(RLE(BitPack)))",SUM,6553,0.39996338,buffered_hot,broad_fused,61232.7,61272.9,63278.7,2439,625,625,1,1,16384,625,512,1,0,443,3,0,0
9,train,"Frame(Dictionary(RLE(BitPack)))",SUM,6553,0.39996338,buffered_drop_cache,selective_closure,27441.0,27551.0,27771.0,1329,625,625,2,1,6553,625,512,1,0,443,3,0,0
9,train,"Frame(Dictionary(RLE(BitPack)))",SUM,6553,0.39996338,buffered_drop_cache,broad_fused,58517.0,63555.0,63805.0,2439,625,625,1,1,16384,625,512,1,0,443,3,0,0
9,train,"Frame(Dictionary(RLE(BitPack)))",BETWEEN,6553,0.39996338,memory_warm,selective_closure,25769.0,25782.6,25924.5,1329,625,625,2,1,6553,625,512,1,0,443,3,0,0
9,train,"Frame(Dictionary(RLE(BitPack)))",BETWEEN,6553,0.39996338,memory_warm,broad_fused,56977.5,57448.1,57633.5,2439,625,625,1,1,16384,625,512,1,0,443,3,0,0
9,train,"Frame(Dictionary(RLE(BitPack)))",BETWEEN,6553,0.39996338,mmap_hot,selective_closure,25818.0,25832.2,26037.8,1329,625,625,2,1,6553,625,512,1,0,443,3,0,0
9,train,"Frame(Dictionary(RLE(BitPack)))",BETWEEN,6553,0.39996338,mmap_hot,broad_fused,57430.8,57837.5,58251.9,2439,625,625,1,1,16384,625,512,1,0,443,3,0,0
9,train,"Frame(Dictionary(RLE(BitPack)))",BETWEEN,6553,0.39996338,buffered_hot,selective_closure,27888.6,27970.6,28249.2,1329,625,625,2,1,6553,625,512,1,0,443,3,0,0
9,train,"Frame(Dictionary(RLE(BitPack)))",BETWEEN,6553,0.39996338,buffered_hot,broad_fused,58471.0,59064.4,59229.6,2439,625,625,1,1,16384,625,512,1,0,443,3,0,0
9,train,"Frame(Dictionary(RLE(BitPack)))",BETWEEN,6553,0.39996338,buffered_drop_cache,selective_closure,28293.0,28302.0,28402.0,1329,625,625,2,1,6553,625,512,1,0,443,3,0,0
9,train,"Frame(Dictionary(RLE(BitPack)))",BETWEEN,6553,0.39996338,buffered_drop_cache,broad_fused,58027.0,58387.0,59208.0,2439,625,625,1,1,16384,625,512,1,0,443,3,0,0
9,train,"Frame(Dictionary(RLE(BitPack)))",SUM,8192,0.50000000,memory_warm,selective_closure,31384.1,31588.4,31884.3,1561,625,625,2,1,8192,625,512,1,0,443,3,0,0
9,train,"Frame(Dictionary(RLE(BitPack)))",SUM,8192,0.50000000,memory_warm,broad_fused,60104.6,60733.1,61195.0,2439,625,625,1,1,16384,625,512,1,0,443,3,0,0
9,train,"Frame(Dictionary(RLE(BitPack)))",SUM,8192,0.50000000,mmap_hot,selective_closure,31412.9,31432.9,31626.5,1561,625,625,2,1,8192,625,512,1,0,443,3,0,0
9,train,"Frame(Dictionary(RLE(BitPack)))",SUM,8192,0.50000000,mmap_hot,broad_fused,61038.3,61583.3,62181.3,2439,625,625,1,1,16384,625,512,1,0,443,3,0,0
9,train,"Frame(Dictionary(RLE(BitPack)))",SUM,8192,0.50000000,buffered_hot,selective_closure,33640.2,33825.4,33885.6,1561,625,625,2,1,8192,625,512,1,0,443,3,0,0
9,train,"Frame(Dictionary(RLE(BitPack)))",SUM,8192,0.50000000,buffered_hot,broad_fused,61634.5,61840.9,61972.4,2439,625,625,1,1,16384,625,512,1,0,443,3,0,0
9,train,"Frame(Dictionary(RLE(BitPack)))",SUM,8192,0.50000000,buffered_drop_cache,selective_closure,33660.0,33931.0,34171.0,1561,625,625,2,1,8192,625,512,1,0,443,3,0,0
9,train,"Frame(Dictionary(RLE(BitPack)))",SUM,8192,0.50000000,buffered_drop_cache,broad_fused,57926.0,58657.0,64587.0,2439,625,625,1,1,16384,625,512,1,0,443,3,0,0
9,train,"Frame(Dictionary(RLE(BitPack)))",BETWEEN,8192,0.50000000,memory_warm,selective_closure,32048.5,32218.1,32304.2,1561,625,625,2,1,8192,625,512,1,0,443,3,0,0
9,train,"Frame(Dictionary(RLE(BitPack)))",BETWEEN,8192,0.50000000,memory_warm,broad_fused,57103.9,57212.8,57922.6,2439,625,625,1,1,16384,625,512,1,0,443,3,0,0
9,train,"Frame(Dictionary(RLE(BitPack)))",BETWEEN,8192,0.50000000,mmap_hot,selective_closure,31852.9,31920.9,32262.8,1561,625,625,2,1,8192,625,512,1,0,443,3,0,0
9,train,"Frame(Dictionary(RLE(BitPack)))",BETWEEN,8192,0.50000000,mmap_hot,broad_fused,57249.1,57304.2,57716.1,2439,625,625,1,1,16384,625,512,1,0,443,3,0,0
9,train,"Frame(Dictionary(RLE(BitPack)))",BETWEEN,8192,0.50000000,buffered_hot,selective_closure,34095.1,34253.3,34301.1,1561,625,625,2,1,8192,625,512,1,0,443,3,0,0
9,train,"Frame(Dictionary(RLE(BitPack)))",BETWEEN,8192,0.50000000,buffered_hot,broad_fused,58481.0,58488.5,58956.6,2439,625,625,1,1,16384,625,512,1,0,443,3,0,0
9,train,"Frame(Dictionary(RLE(BitPack)))",BETWEEN,8192,0.50000000,buffered_drop_cache,selective_closure,33971.0,34271.0,34312.0,1561,625,625,2,1,8192,625,512,1,0,443,3,0,0
9,train,"Frame(Dictionary(RLE(BitPack)))",BETWEEN,8192,0.50000000,buffered_drop_cache,broad_fused,58447.0,58848.0,58998.0,2439,625,625,1,1,16384,625,512,1,0,443,3,0,0
9,train,"Frame(Dictionary(RLE(BitPack)))",SUM,9830,0.59997559,memory_warm,selective_closure,37026.0,37032.2,37393.5,1787,625,625,2,1,9830,625,512,1,0,443,3,0,0
9,train,"Frame(Dictionary(RLE(BitPack)))",SUM,9830,0.59997559,memory_warm,broad_fused,60457.3,60610.4,60863.7,2439,625,625,1,1,16384,625,512,1,0,443,3,0,0
9,train,"Frame(Dictionary(RLE(BitPack)))",SUM,9830,0.59997559,mmap_hot,selective_closure,37267.2,37294.1,37648.5,1787,625,625,2,1,9830,625,512,1,0,443,3,0,0
9,train,"Frame(Dictionary(RLE(BitPack)))",SUM,9830,0.59997559,mmap_hot,broad_fused,60494.6,60596.1,61141.1,2439,625,625,1,1,16384,625,512,1,0,443,3,0,0
9,train,"Frame(Dictionary(RLE(BitPack)))",SUM,9830,0.59997559,buffered_hot,selective_closure,39385.4,39745.9,39814.4,1787,625,625,2,1,9830,625,512,1,0,443,3,0,0
9,train,"Frame(Dictionary(RLE(BitPack)))",SUM,9830,0.59997559,buffered_hot,broad_fused,61934.9,62128.9,62404.4,2439,625,625,1,1,16384,625,512,1,0,443,3,0,0
9,train,"Frame(Dictionary(RLE(BitPack)))",SUM,9830,0.59997559,buffered_drop_cache,selective_closure,39099.0,39118.0,39388.0,1787,625,625,2,1,9830,625,512,1,0,443,3,0,0
9,train,"Frame(Dictionary(RLE(BitPack)))",SUM,9830,0.59997559,buffered_drop_cache,broad_fused,57446.0,57987.0,65537.0,2439,625,625,1,1,16384,625,512,1,0,443,3,0,0
9,train,"Frame(Dictionary(RLE(BitPack)))",BETWEEN,9830,0.59997559,memory_warm,selective_closure,37847.2,38108.5,38328.8,1787,625,625,2,1,9830,625,512,1,0,443,3,0,0
9,train,"Frame(Dictionary(RLE(BitPack)))",BETWEEN,9830,0.59997559,memory_warm,broad_fused,57149.0,57351.8,57942.8,2439,625,625,1,1,16384,625,512,1,0,443,3,0,0
9,train,"Frame(Dictionary(RLE(BitPack)))",BETWEEN,9830,0.59997559,mmap_hot,selective_closure,37848.1,37956.6,38141.8,1787,625,625,2,1,9830,625,512,1,0,443,3,0,0
9,train,"Frame(Dictionary(RLE(BitPack)))",BETWEEN,9830,0.59997559,mmap_hot,broad_fused,57435.8,57484.5,58116.6,2439,625,625,1,1,16384,625,512,1,0,443,3,0,0
9,train,"Frame(Dictionary(RLE(BitPack)))",BETWEEN,9830,0.59997559,buffered_hot,selective_closure,39956.2,40026.3,40202.5,1787,625,625,2,1,9830,625,512,1,0,443,3,0,0
9,train,"Frame(Dictionary(RLE(BitPack)))",BETWEEN,9830,0.59997559,buffered_hot,broad_fused,58642.5,58922.9,59054.2,2439,625,625,1,1,16384,625,512,1,0,443,3,0,0
9,train,"Frame(Dictionary(RLE(BitPack)))",BETWEEN,9830,0.59997559,buffered_drop_cache,selective_closure,39689.0,39700.0,40381.0,1787,625,625,2,1,9830,625,512,1,0,443,3,0,0
9,train,"Frame(Dictionary(RLE(BitPack)))",BETWEEN,9830,0.59997559,buffered_drop_cache,broad_fused,57897.0,58617.0,58848.0,2439,625,625,1,1,16384,625,512,1,0,443,3,0,0
9,train,"Frame(Dictionary(RLE(BitPack)))",SUM,11468,0.69995117,memory_warm,selective_closure,41065.4,41205.7,41397.6,1887,625,625,2,1,11468,625,512,1,0,443,3,0,0
9,train,"Frame(Dictionary(RLE(BitPack)))",SUM,11468,0.69995117,memory_warm,broad_fused,60443.9,61111.1,61231.4,2439,625,625,1,1,16384,625,512,1,0,443,3,0,0
9,train,"Frame(Dictionary(RLE(BitPack)))",SUM,11468,0.69995117,mmap_hot,selective_closure,41201.5,41305.3,41673.9,1887,625,625,2,1,11468,625,512,1,0,443,3,0,0
9,train,"Frame(Dictionary(RLE(BitPack)))",SUM,11468,0.69995117,mmap_hot,broad_fused,60291.3,60417.3,60926.6,2439,625,625,1,1,16384,625,512,1,0,443,3,0,0
9,train,"Frame(Dictionary(RLE(BitPack)))",SUM,11468,0.69995117,buffered_hot,selective_closure,43398.7,43502.9,44022.6,1887,625,625,2,1,11468,625,512,1,0,443,3,0,0
9,train,"Frame(Dictionary(RLE(BitPack)))",SUM,11468,0.69995117,buffered_hot,broad_fused,62733.5,63576.1,63927.9,2439,625,625,1,1,16384,625,512,1,0,443,3,0,0
9,train,"Frame(Dictionary(RLE(BitPack)))",SUM,11468,0.69995117,buffered_drop_cache,selective_closure,43164.0,43234.0,43425.0,1887,625,625,2,1,11468,625,512,1,0,443,3,0,0
9,train,"Frame(Dictionary(RLE(BitPack)))",SUM,11468,0.69995117,buffered_drop_cache,broad_fused,58357.0,58377.0,68001.0,2439,625,625,1,1,16384,625,512,1,0,443,3,0,0
9,train,"Frame(Dictionary(RLE(BitPack)))",BETWEEN,11468,0.69995117,memory_warm,selective_closure,41953.5,42203.0,42310.4,1887,625,625,2,1,11468,625,512,1,0,443,3,0,0
9,train,"Frame(Dictionary(RLE(BitPack)))",BETWEEN,11468,0.69995117,memory_warm,broad_fused,57132.8,57197.9,57812.5,2439,625,625,1,1,16384,625,512,1,0,443,3,0,0
9,train,"Frame(Dictionary(RLE(BitPack)))",BETWEEN,11468,0.69995117,mmap_hot,selective_closure,42017.2,42479.6,42564.4,1887,625,625,2,1,11468,625,512,1,0,443,3,0,0
9,train,"Frame(Dictionary(RLE(BitPack)))",BETWEEN,11468,0.69995117,mmap_hot,broad_fused,57386.9,57504.5,57891.4,2439,625,625,1,1,16384,625,512,1,0,443,3,0,0
9,train,"Frame(Dictionary(RLE(BitPack)))",BETWEEN,11468,0.69995117,buffered_hot,selective_closure,44067.5,44367.0,44493.6,1887,625,625,2,1,11468,625,512,1,0,443,3,0,0
9,train,"Frame(Dictionary(RLE(BitPack)))",BETWEEN,11468,0.69995117,buffered_hot,broad_fused,58760.1,58767.8,59189.5,2439,625,625,1,1,16384,625,512,1,0,443,3,0,0
9,train,"Frame(Dictionary(RLE(BitPack)))",BETWEEN,11468,0.69995117,buffered_drop_cache,selective_closure,43996.0,44857.0,44987.0,1887,625,625,2,1,11468,625,512,1,0,443,3,0,0
9,train,"Frame(Dictionary(RLE(BitPack)))",BETWEEN,11468,0.69995117,buffered_drop_cache,broad_fused,58547.0,59028.0,59148.0,2439,625,625,1,1,16384,625,512,1,0,443,3,0,0
9,train,"Frame(Dictionary(RLE(BitPack)))",SUM,13107,0.79998779,memory_warm,selective_closure,47084.2,47088.3,47454.8,2113,625,625,2,1,13107,625,512,1,0,443,3,0,0
9,train,"Frame(Dictionary(RLE(BitPack)))",SUM,13107,0.79998779,memory_warm,broad_fused,59638.9,60301.3,60560.4,2439,625,625,1,1,16384,625,512,1,0,443,3,0,0
9,train,"Frame(Dictionary(RLE(BitPack)))",SUM,13107,0.79998779,mmap_hot,selective_closure,47117.3,47224.5,47667.1,2113,625,625,2,1,13107,625,512,1,0,443,3,0,0
9,train,"Frame(Dictionary(RLE(BitPack)))",SUM,13107,0.79998779,mmap_hot,broad_fused,60084.6,60446.4,60930.9,2439,625,625,1,1,16384,625,512,1,0,443,3,0,0
9,train,"Frame(Dictionary(RLE(BitPack)))",SUM,13107,0.79998779,buffered_hot,selective_closure,49224.6,49299.1,49941.2,2113,625,625,2,1,13107,625,512,1,0,443,3,0,0
9,train,"Frame(Dictionary(RLE(BitPack)))",SUM,13107,0.79998779,buffered_hot,broad_fused,62042.6,63195.7,63480.4,2439,625,625,1,1,16384,625,512,1,0,443,3,0,0
9,train,"Frame(Dictionary(RLE(BitPack)))",SUM,13107,0.79998779,buffered_drop_cache,selective_closure,48823.0,48933.0,49133.0,2113,625,625,2,1,13107,625,512,1,0,443,3,0,0
9,train,"Frame(Dictionary(RLE(BitPack)))",SUM,13107,0.79998779,buffered_drop_cache,broad_fused,58117.0,58517.0,68863.0,2439,625,625,1,1,16384,625,512,1,0,443,3,0,0
9,train,"Frame(Dictionary(RLE(BitPack)))",BETWEEN,13107,0.79998779,memory_warm,selective_closure,47761.2,47941.6,48167.3,2113,625,625,2,1,13107,625,512,1,0,443,3,0,0
9,train,"Frame(Dictionary(RLE(BitPack)))",BETWEEN,13107,0.79998779,memory_warm,broad_fused,57446.9,57563.4,57981.5,2439,625,625,1,1,16384,625,512,1,0,443,3,0,0
9,train,"Frame(Dictionary(RLE(BitPack)))",BETWEEN,13107,0.79998779,mmap_hot,selective_closure,47941.5,48264.0,48391.1,2113,625,625,2,1,13107,625,512,1,0,443,3,0,0
9,train,"Frame(Dictionary(RLE(BitPack)))",BETWEEN,13107,0.79998779,mmap_hot,broad_fused,57354.2,57406.9,57917.6,2439,625,625,1,1,16384,625,512,1,0,443,3,0,0
9,train,"Frame(Dictionary(RLE(BitPack)))",BETWEEN,13107,0.79998779,buffered_hot,selective_closure,50210.9,50229.0,50386.1,2113,625,625,2,1,13107,625,512,1,0,443,3,0,0
9,train,"Frame(Dictionary(RLE(BitPack)))",BETWEEN,13107,0.79998779,buffered_hot,broad_fused,58685.0,58721.4,59324.8,2439,625,625,1,1,16384,625,512,1,0,443,3,0,0
9,train,"Frame(Dictionary(RLE(BitPack)))",BETWEEN,13107,0.79998779,buffered_drop_cache,selective_closure,49524.0,50375.0,50695.0,2113,625,625,2,1,13107,625,512,1,0,443,3,0,0
9,train,"Frame(Dictionary(RLE(BitPack)))",BETWEEN,13107,0.79998779,buffered_drop_cache,broad_fused,58377.0,59139.0,59298.0,2439,625,625,1,1,16384,625,512,1,0,443,3,0,0
9,train,"Frame(Dictionary(RLE(BitPack)))",SUM,14745,0.89996338,memory_warm,selective_closure,52912.2,53453.0,53594.4,2341,625,625,2,1,14745,625,512,1,0,443,3,0,0
9,train,"Frame(Dictionary(RLE(BitPack)))",SUM,14745,0.89996338,memory_warm,broad_fused,60122.1,60556.6,61166.2,2439,625,625,1,1,16384,625,512,1,0,443,3,0,0
9,train,"Frame(Dictionary(RLE(BitPack)))",SUM,14745,0.89996338,mmap_hot,selective_closure,53115.9,53366.2,53559.9,2341,625,625,2,1,14745,625,512,1,0,443,3,0,0
9,train,"Frame(Dictionary(RLE(BitPack)))",SUM,14745,0.89996338,mmap_hot,broad_fused,60894.6,61002.2,61773.4,2439,625,625,1,1,16384,625,512,1,0,443,3,0,0
9,train,"Frame(Dictionary(RLE(BitPack)))",SUM,14745,0.89996338,buffered_hot,selective_closure,55145.7,55350.3,55743.1,2341,625,625,2,1,14745,625,512,1,0,443,3,0,0
9,train,"Frame(Dictionary(RLE(BitPack)))",SUM,14745,0.89996338,buffered_hot,broad_fused,62384.2,62517.0,63046.6,2439,625,625,1,1,16384,625,512,1,0,443,3,0,0
9,train,"Frame(Dictionary(RLE(BitPack)))",SUM,14745,0.89996338,buffered_drop_cache,selective_closure,54431.0,54682.0,55533.0,2341,625,625,2,1,14745,625,512,1,0,443,3,0,0
9,train,"Frame(Dictionary(RLE(BitPack)))",SUM,14745,0.89996338,buffered_drop_cache,broad_fused,57686.0,58377.0,66199.0,2439,625,625,1,1,16384,625,512,1,0,443,3,0,0
9,train,"Frame(Dictionary(RLE(BitPack)))",BETWEEN,14745,0.89996338,memory_warm,selective_closure,53621.0,53817.0,54306.6,2341,625,625,2,1,14745,625,512,1,0,443,3,0,0
9,train,"Frame(Dictionary(RLE(BitPack)))",BETWEEN,14745,0.89996338,memory_warm,broad_fused,57860.1,57957.6,58090.4,2439,625,625,1,1,16384,625,512,1,0,443,3,0,0
9,train,"Frame(Dictionary(RLE(BitPack)))",BETWEEN,14745,0.89996338,mmap_hot,selective_closure,53754.7,54040.6,54277.7,2341,625,625,2,1,14745,625,512,1,0,443,3,0,0
9,train,"Frame(Dictionary(RLE(BitPack)))",BETWEEN,14745,0.89996338,mmap_hot,broad_fused,57853.8,58646.2,58662.5,2439,625,625,1,1,16384,625,512,1,0,443,3,0,0
9,train,"Frame(Dictionary(RLE(BitPack)))",BETWEEN,14745,0.89996338,buffered_hot,selective_closure,55770.6,55892.1,56372.9,2341,625,625,2,1,14745,625,512,1,0,443,3,0,0
9,train,"Frame(Dictionary(RLE(BitPack)))",BETWEEN,14745,0.89996338,buffered_hot,broad_fused,58945.4,59404.9,59704.1,2439,625,625,1,1,16384,625,512,1,0,443,3,0,0
9,train,"Frame(Dictionary(RLE(BitPack)))",BETWEEN,14745,0.89996338,buffered_drop_cache,selective_closure,55562.0,55724.0,56484.0,2341,625,625,2,1,14745,625,512,1,0,443,3,0,0
9,train,"Frame(Dictionary(RLE(BitPack)))",BETWEEN,14745,0.89996338,buffered_drop_cache,broad_fused,58577.0,58807.0,58808.0,2439,625,625,1,1,16384,625,512,1,0,443,3,0,0
9,train,"Frame(Dictionary(RLE(BitPack)))",SUM,16384,1.00000000,memory_warm,selective_closure,56594.5,56904.9,57483.2,2439,625,625,2,1,16384,625,512,1,0,443,3,0,0
9,train,"Frame(Dictionary(RLE(BitPack)))",SUM,16384,1.00000000,memory_warm,broad_fused,63264.4,63334.5,63599.9,2439,625,625,1,1,16384,625,512,1,0,443,3,0,0
9,train,"Frame(Dictionary(RLE(BitPack)))",SUM,16384,1.00000000,mmap_hot,selective_closure,56682.1,56812.2,57520.8,2439,625,625,2,1,16384,625,512,1,0,443,3,0,0
9,train,"Frame(Dictionary(RLE(BitPack)))",SUM,16384,1.00000000,mmap_hot,broad_fused,61955.0,62423.1,62460.6,2439,625,625,1,1,16384,625,512,1,0,443,3,0,0
9,train,"Frame(Dictionary(RLE(BitPack)))",SUM,16384,1.00000000,buffered_hot,selective_closure,58733.9,58847.9,59510.0,2439,625,625,2,1,16384,625,512,1,0,443,3,0,0
9,train,"Frame(Dictionary(RLE(BitPack)))",SUM,16384,1.00000000,buffered_hot,broad_fused,64716.6,64792.3,65569.3,2439,625,625,1,1,16384,625,512,1,0,443,3,0,0
9,train,"Frame(Dictionary(RLE(BitPack)))",SUM,16384,1.00000000,buffered_drop_cache,selective_closure,58507.0,59078.0,59459.0,2439,625,625,2,1,16384,625,512,1,0,443,3,0,0
9,train,"Frame(Dictionary(RLE(BitPack)))",SUM,16384,1.00000000,buffered_drop_cache,broad_fused,63004.0,64977.0,65167.0,2439,625,625,1,1,16384,625,512,1,0,443,3,0,0
9,train,"Frame(Dictionary(RLE(BitPack)))",BETWEEN,16384,1.00000000,memory_warm,selective_closure,57564.6,57580.9,58224.2,2439,625,625,2,1,16384,625,512,1,0,443,3,0,0
9,train,"Frame(Dictionary(RLE(BitPack)))",BETWEEN,16384,1.00000000,memory_warm,broad_fused,57446.9,57962.8,58146.8,2439,625,625,1,1,16384,625,512,1,0,443,3,0,0
9,train,"Frame(Dictionary(RLE(BitPack)))",BETWEEN,16384,1.00000000,mmap_hot,selective_closure,57862.5,58229.4,58385.8,2439,625,625,2,1,16384,625,512,1,0,443,3,0,0
9,train,"Frame(Dictionary(RLE(BitPack)))",BETWEEN,16384,1.00000000,mmap_hot,broad_fused,57632.2,58439.6,58499.8,2439,625,625,1,1,16384,625,512,1,0,443,3,0,0
9,train,"Frame(Dictionary(RLE(BitPack)))",BETWEEN,16384,1.00000000,buffered_hot,selective_closure,60158.5,60317.5,60756.9,2439,625,625,2,1,16384,625,512,1,0,443,3,0,0
9,train,"Frame(Dictionary(RLE(BitPack)))",BETWEEN,16384,1.00000000,buffered_hot,broad_fused,59016.9,59502.5,59696.5,2439,625,625,1,1,16384,625,512,1,0,443,3,0,0
9,train,"Frame(Dictionary(RLE(BitPack)))",BETWEEN,16384,1.00000000,buffered_drop_cache,selective_closure,59659.0,59739.0,60420.0,2439,625,625,2,1,16384,625,512,1,0,443,3,0,0
9,train,"Frame(Dictionary(RLE(BitPack)))",BETWEEN,16384,1.00000000,buffered_drop_cache,broad_fused,58898.0,59038.0,59749.0,2439,625,625,1,1,16384,625,512,1,0,443,3,0,0
10,heldout,"Nullable(Patch(Dictionary(RLE(BitPack))))",SUM,1,0.00006104,memory_warm,selective_closure,6755.6,6765.0,6817.1,1189,1380,1380,9,0,1,5568,960,0,0,443,3,15,1
10,heldout,"Nullable(Patch(Dictionary(RLE(BitPack))))",SUM,1,0.00006104,memory_warm,broad_fused,1839664.0,1840725.0,1841096.0,5223,5568,5568,1,0,16384,5568,960,0,0,443,3,15,1
10,heldout,"Nullable(Patch(Dictionary(RLE(BitPack))))",SUM,1,0.00006104,mmap_hot,selective_closure,6901.4,6923.3,6957.8,1189,1380,1380,9,0,1,5568,960,0,0,443,3,15,1
10,heldout,"Nullable(Patch(Dictionary(RLE(BitPack))))",SUM,1,0.00006104,mmap_hot,broad_fused,1839464.0,1840044.0,1841857.0,5223,5568,5568,1,0,16384,5568,960,0,0,443,3,15,1
10,heldout,"Nullable(Patch(Dictionary(RLE(BitPack))))",SUM,1,0.00006104,buffered_hot,selective_closure,14708.2,14839.3,14903.2,1189,1380,1380,9,0,1,5568,960,0,0,443,3,15,1
10,heldout,"Nullable(Patch(Dictionary(RLE(BitPack))))",SUM,1,0.00006104,buffered_hot,broad_fused,1840455.0,1841457.0,1844291.0,5223,5568,5568,1,0,16384,5568,960,0,0,443,3,15,1
10,heldout,"Nullable(Patch(Dictionary(RLE(BitPack))))",SUM,1,0.00006104,buffered_drop_cache,selective_closure,141722.0,143103.0,143754.0,1189,1380,1380,9,0,1,5568,960,0,0,443,3,15,1
10,heldout,"Nullable(Patch(Dictionary(RLE(BitPack))))",SUM,1,0.00006104,buffered_drop_cache,broad_fused,1974175.0,1974896.0,1981085.0,5223,5568,5568,1,0,16384,5568,960,0,0,443,3,15,1
10,heldout,"Nullable(Patch(Dictionary(RLE(BitPack))))",BETWEEN,1,0.00006104,memory_warm,selective_closure,6773.0,6777.4,6821.7,1189,1380,1380,9,0,1,5568,960,0,0,443,3,15,1
10,heldout,"Nullable(Patch(Dictionary(RLE(BitPack))))",BETWEEN,1,0.00006104,memory_warm,broad_fused,1838362.0,1840545.0,1842889.0,5223,5568,5568,1,0,16384,5568,960,0,0,443,3,15,1
10,heldout,"Nullable(Patch(Dictionary(RLE(BitPack))))",BETWEEN,1,0.00006104,mmap_hot,selective_closure,6896.3,6896.4,6970.5,1189,1380,1380,9,0,1,5568,960,0,0,443,3,15,1
10,heldout,"Nullable(Patch(Dictionary(RLE(BitPack))))",BETWEEN,1,0.00006104,mmap_hot,broad_fused,1838042.0,1838151.0,1838262.0,5223,5568,5568,1,0,16384,5568,960,0,0,443,3,15,1
10,heldout,"Nullable(Patch(Dictionary(RLE(BitPack))))",BETWEEN,1,0.00006104,buffered_hot,selective_closure,14737.2,14838.5,14867.9,1189,1380,1380,9,0,1,5568,960,0,0,443,3,15,1
10,heldout,"Nullable(Patch(Dictionary(RLE(BitPack))))",BETWEEN,1,0.00006104,buffered_hot,broad_fused,1840345.0,1841546.0,1842388.0,5223,5568,5568,1,0,16384,5568,960,0,0,443,3,15,1
10,heldout,"Nullable(Patch(Dictionary(RLE(BitPack))))",BETWEEN,1,0.00006104,buffered_drop_cache,selective_closure,140860.0,141151.0,143434.0,1189,1380,1380,9,0,1,5568,960,0,0,443,3,15,1
10,heldout,"Nullable(Patch(Dictionary(RLE(BitPack))))",BETWEEN,1,0.00006104,buffered_drop_cache,broad_fused,1968746.0,1970169.0,1977169.0,5223,5568,5568,1,0,16384,5568,960,0,0,443,3,15,1
10,heldout,"Nullable(Patch(Dictionary(RLE(BitPack))))",SUM,4,0.00024414,memory_warm,selective_closure,7005.5,7037.2,7056.8,1190,1412,1412,10,0,4,5568,960,0,0,443,3,15,1
10,heldout,"Nullable(Patch(Dictionary(RLE(BitPack))))",SUM,4,0.00024414,memory_warm,broad_fused,1837170.0,1838212.0,1843510.0,5223,5568,5568,1,0,16384,5568,960,0,0,443,3,15,1
10,heldout,"Nullable(Patch(Dictionary(RLE(BitPack))))",SUM,4,0.00024414,mmap_hot,selective_closure,7152.7,7188.4,7223.6,1190,1412,1412,10,0,4,5568,960,0,0,443,3,15,1
10,heldout,"Nullable(Patch(Dictionary(RLE(BitPack))))",SUM,4,0.00024414,mmap_hot,broad_fused,1838893.0,1840375.0,1841447.0,5223,5568,5568,1,0,16384,5568,960,0,0,443,3,15,1
10,heldout,"Nullable(Patch(Dictionary(RLE(BitPack))))",SUM,4,0.00024414,buffered_hot,selective_closure,15750.9,15793.9,15867.5,1190,1412,1412,10,0,4,5568,960,0,0,443,3,15,1
10,heldout,"Nullable(Patch(Dictionary(RLE(BitPack))))",SUM,4,0.00024414,buffered_hot,broad_fused,1840005.0,1842989.0,1844281.0,5223,5568,5568,1,0,16384,5568,960,0,0,443,3,15,1
10,heldout,"Nullable(Patch(Dictionary(RLE(BitPack))))",SUM,4,0.00024414,buffered_drop_cache,selective_closure,141672.0,141872.0,145607.0,1190,1412,1412,10,0,4,5568,960,0,0,443,3,15,1
10,heldout,"Nullable(Patch(Dictionary(RLE(BitPack))))",SUM,4,0.00024414,buffered_drop_cache,broad_fused,1970949.0,1972552.0,1976829.0,5223,5568,5568,1,0,16384,5568,960,0,0,443,3,15,1
10,heldout,"Nullable(Patch(Dictionary(RLE(BitPack))))",BETWEEN,4,0.00024414,memory_warm,selective_closure,7142.6,7143.9,7184.7,1190,1412,1412,10,0,4,5568,960,0,0,443,3,15,1
10,heldout,"Nullable(Patch(Dictionary(RLE(BitPack))))",BETWEEN,4,0.00024414,memory_warm,broad_fused,1833835.0,1837250.0,1841086.0,5223,5568,5568,1,0,16384,5568,960,0,0,443,3,15,1
10,heldout,"Nullable(Patch(Dictionary(RLE(BitPack))))",BETWEEN,4,0.00024414,mmap_hot,selective_closure,7206.4,7240.3,7248.7,1190,1412,1412,10,0,4,5568,960,0,0,443,3,15,1
10,heldout,"Nullable(Patch(Dictionary(RLE(BitPack))))",BETWEEN,4,0.00024414,mmap_hot,broad_fused,1837611.0,1842238.0,1845293.0,5223,5568,5568,1,0,16384,5568,960,0,0,443,3,15,1
10,heldout,"Nullable(Patch(Dictionary(RLE(BitPack))))",BETWEEN,4,0.00024414,buffered_hot,selective_closure,15766.5,15826.9,15980.5,1190,1412,1412,10,0,4,5568,960,0,0,443,3,15,1
10,heldout,"Nullable(Patch(Dictionary(RLE(BitPack))))",BETWEEN,4,0.00024414,buffered_hot,broad_fused,1838763.0,1840756.0,1842207.0,5223,5568,5568,1,0,16384,5568,960,0,0,443,3,15,1
10,heldout,"Nullable(Patch(Dictionary(RLE(BitPack))))",BETWEEN,4,0.00024414,buffered_drop_cache,selective_closure,142343.0,142773.0,144095.0,1190,1412,1412,10,0,4,5568,960,0,0,443,3,15,1
10,heldout,"Nullable(Patch(Dictionary(RLE(BitPack))))",BETWEEN,4,0.00024414,buffered_drop_cache,broad_fused,1972191.0,1975206.0,1975978.0,5223,5568,5568,1,0,16384,5568,960,0,0,443,3,15,1
10,heldout,"Nullable(Patch(Dictionary(RLE(BitPack))))",SUM,16,0.00097656,memory_warm,selective_closure,9219.6,9275.9,9281.0,1190,1412,1412,10,0,16,5568,960,0,0,443,3,15,1
10,heldout,"Nullable(Patch(Dictionary(RLE(BitPack))))",SUM,16,0.00097656,memory_warm,broad_fused,1837611.0,1837781.0,1840956.0,5223,5568,5568,1,0,16384,5568,960,0,0,443,3,15,1
10,heldout,"Nullable(Patch(Dictionary(RLE(BitPack))))",SUM,16,0.00097656,mmap_hot,selective_closure,9366.8,9392.9,9480.4,1190,1412,1412,10,0,16,5568,960,0,0,443,3,15,1
10,heldout,"Nullable(Patch(Dictionary(RLE(BitPack))))",SUM,16,0.00097656,mmap_hot,broad_fused,1856659.0,1856849.0,1857301.0,5223,5568,5568,1,0,16384,5568,960,0,0,443,3,15,1
10,heldout,"Nullable(Patch(Dictionary(RLE(BitPack))))",SUM,16,0.00097656,buffered_hot,selective_closure,19056.9,19122.0,19276.8,1190,1412,1412,10,0,16,5568,960,0,0,443,3,15,1
10,heldout,"Nullable(Patch(Dictionary(RLE(BitPack))))",SUM,16,0.00097656,buffered_hot,broad_fused,1852343.0,1853415.0,1855367.0,5223,5568,5568,1,0,16384,5568,960,0,0,443,3,15,1
10,heldout,"Nullable(Patch(Dictionary(RLE(BitPack))))",SUM,16,0.00097656,buffered_drop_cache,selective_closure,143674.0,144325.0,149393.0,1190,1412,1412,10,0,16,5568,960,0,0,443,3,15,1
10,heldout,"Nullable(Patch(Dictionary(RLE(BitPack))))",SUM,16,0.00097656,buffered_drop_cache,broad_fused,1972482.0,1974295.0,1976798.0,5223,5568,5568,1,0,16384,5568,960,0,0,443,3,15,1
10,heldout,"Nullable(Patch(Dictionary(RLE(BitPack))))",BETWEEN,16,0.00097656,memory_warm,selective_closure,9296.0,9370.8,9401.3,1190,1412,1412,10,0,16,5568,960,0,0,443,3,15,1
10,heldout,"Nullable(Patch(Dictionary(RLE(BitPack))))",BETWEEN,16,0.00097656,memory_warm,broad_fused,1834846.0,1838462.0,1838663.0,5223,5568,5568,1,0,16384,5568,960,0,0,443,3,15,1
10,heldout,"Nullable(Patch(Dictionary(RLE(BitPack))))",BETWEEN,16,0.00097656,mmap_hot,selective_closure,9430.9,9510.6,9535.2,1190,1412,1412,10,0,16,5568,960,0,0,443,3,15,1
10,heldout,"Nullable(Patch(Dictionary(RLE(BitPack))))",BETWEEN,16,0.00097656,mmap_hot,broad_fused,1847025.0,1848618.0,1849468.0,5223,5568,5568,1,0,16384,5568,960,0,0,443,3,15,1
10,heldout,"Nullable(Patch(Dictionary(RLE(BitPack))))",BETWEEN,16,0.00097656,buffered_hot,selective_closure,18097.4,18151.1,18294.0,1190,1412,1412,10,0,16,5568,960,0,0,443,3,15,1
10,heldout,"Nullable(Patch(Dictionary(RLE(BitPack))))",BETWEEN,16,0.00097656,buffered_hot,broad_fused,1840976.0,1841487.0,1843610.0,5223,5568,5568,1,0,16384,5568,960,0,0,443,3,15,1
10,heldout,"Nullable(Patch(Dictionary(RLE(BitPack))))",BETWEEN,16,0.00097656,buffered_drop_cache,selective_closure,146408.0,147059.0,151687.0,1190,1412,1412,10,0,16,5568,960,0,0,443,3,15,1
10,heldout,"Nullable(Patch(Dictionary(RLE(BitPack))))",BETWEEN,16,0.00097656,buffered_drop_cache,broad_fused,1976028.0,1976357.0,1977440.0,5223,5568,5568,1,0,16384,5568,960,0,0,443,3,15,1
10,heldout,"Nullable(Patch(Dictionary(RLE(BitPack))))",SUM,64,0.00390625,memory_warm,selective_closure,14736.5,14896.5,14908.9,1205,1412,1412,10,0,64,5568,960,0,0,443,3,15,1
10,heldout,"Nullable(Patch(Dictionary(RLE(BitPack))))",SUM,64,0.00390625,memory_warm,broad_fused,1836209.0,1837240.0,1846234.0,5223,5568,5568,1,0,16384,5568,960,0,0,443,3,15,1
10,heldout,"Nullable(Patch(Dictionary(RLE(BitPack))))",SUM,64,0.00390625,mmap_hot,selective_closure,14927.4,14957.8,15122.8,1205,1412,1412,10,0,64,5568,960,0,0,443,3,15,1
10,heldout,"Nullable(Patch(Dictionary(RLE(BitPack))))",SUM,64,0.00390625,mmap_hot,broad_fused,1846604.0,1847666.0,1848868.0,5223,5568,5568,1,0,16384,5568,960,0,0,443,3,15,1
10,heldout,"Nullable(Patch(Dictionary(RLE(BitPack))))",SUM,64,0.00390625,buffered_hot,selective_closure,23706.4,23734.9,24030.3,1205,1412,1412,10,0,64,5568,960,0,0,443,3,15,1
10,heldout,"Nullable(Patch(Dictionary(RLE(BitPack))))",SUM,64,0.00390625,buffered_hot,broad_fused,1843961.0,1844191.0,1846605.0,5223,5568,5568,1,0,16384,5568,960,0,0,443,3,15,1
10,heldout,"Nullable(Patch(Dictionary(RLE(BitPack))))",SUM,64,0.00390625,buffered_drop_cache,selective_closure,149893.0,152037.0,157705.0,1205,1412,1412,10,0,64,5568,960,0,0,443,3,15,1
10,heldout,"Nullable(Patch(Dictionary(RLE(BitPack))))",SUM,64,0.00390625,buffered_drop_cache,broad_fused,1978811.0,1981085.0,1985411.0,5223,5568,5568,1,0,16384,5568,960,0,0,443,3,15,1
10,heldout,"Nullable(Patch(Dictionary(RLE(BitPack))))",BETWEEN,64,0.00390625,memory_warm,selective_closure,14750.4,14770.2,14952.3,1205,1412,1412,10,0,64,5568,960,0,0,443,3,15,1
10,heldout,"Nullable(Patch(Dictionary(RLE(BitPack))))",BETWEEN,64,0.00390625,memory_warm,broad_fused,1839553.0,1841046.0,1843790.0,5223,5568,5568,1,0,16384,5568,960,0,0,443,3,15,1
10,heldout,"Nullable(Patch(Dictionary(RLE(BitPack))))",BETWEEN,64,0.00390625,mmap_hot,selective_closure,14975.4,15044.0,15098.0,1205,1412,1412,10,0,64,5568,960,0,0,443,3,15,1
10,heldout,"Nullable(Patch(Dictionary(RLE(BitPack))))",BETWEEN,64,0.00390625,mmap_hot,broad_fused,1837621.0,1841737.0,1843630.0,5223,5568,5568,1,0,16384,5568,960,0,0,443,3,15,1
10,heldout,"Nullable(Patch(Dictionary(RLE(BitPack))))",BETWEEN,64,0.00390625,buffered_hot,selective_closure,23717.3,23924.8,23955.8,1205,1412,1412,10,0,64,5568,960,0,0,443,3,15,1
10,heldout,"Nullable(Patch(Dictionary(RLE(BitPack))))",BETWEEN,64,0.00390625,buffered_hot,broad_fused,1842959.0,1845633.0,1853274.0,5223,5568,5568,1,0,16384,5568,960,0,0,443,3,15,1
10,heldout,"Nullable(Patch(Dictionary(RLE(BitPack))))",BETWEEN,64,0.00390625,buffered_drop_cache,selective_closure,150524.0,151195.0,152708.0,1205,1412,1412,10,0,64,5568,960,0,0,443,3,15,1
10,heldout,"Nullable(Patch(Dictionary(RLE(BitPack))))",BETWEEN,64,0.00390625,buffered_drop_cache,broad_fused,1972192.0,1973644.0,1977610.0,5223,5568,5568,1,0,16384,5568,960,0,0,443,3,15,1
10,heldout,"Nullable(Patch(Dictionary(RLE(BitPack))))",SUM,163,0.00994873,memory_warm,selective_closure,29231.8,29343.8,29364.4,1225,1412,1412,10,0,163,5568,960,0,0,443,3,15,1
10,heldout,"Nullable(Patch(Dictionary(RLE(BitPack))))",SUM,163,0.00994873,memory_warm,broad_fused,1843479.0,1844311.0,1844922.0,5223,5568,5568,1,0,16384,5568,960,0,0,443,3,15,1
10,heldout,"Nullable(Patch(Dictionary(RLE(BitPack))))",SUM,163,0.00994873,mmap_hot,selective_closure,29619.8,29844.5,29879.6,1225,1412,1412,10,0,163,5568,960,0,0,443,3,15,1
10,heldout,"Nullable(Patch(Dictionary(RLE(BitPack))))",SUM,163,0.00994873,mmap_hot,broad_fused,1845623.0,1846104.0,1846234.0,5223,5568,5568,1,0,16384,5568,960,0,0,443,3,15,1
10,heldout,"Nullable(Patch(Dictionary(RLE(BitPack))))",SUM,163,0.00994873,buffered_hot,selective_closure,38099.2,38465.1,38596.8,1225,1412,1412,10,0,163,5568,960,0,0,443,3,15,1
10,heldout,"Nullable(Patch(Dictionary(RLE(BitPack))))",SUM,163,0.00994873,buffered_hot,broad_fused,1851362.0,1860214.0,1862799.0,5223,5568,5568,1,0,16384,5568,960,0,0,443,3,15,1
10,heldout,"Nullable(Patch(Dictionary(RLE(BitPack))))",SUM,163,0.00994873,buffered_drop_cache,selective_closure,164124.0,165717.0,166879.0,1225,1412,1412,10,0,163,5568,960,0,0,443,3,15,1
10,heldout,"Nullable(Patch(Dictionary(RLE(BitPack))))",SUM,163,0.00994873,buffered_drop_cache,broad_fused,1974235.0,1977209.0,1979393.0,5223,5568,5568,1,0,16384,5568,960,0,0,443,3,15,1
10,heldout,"Nullable(Patch(Dictionary(RLE(BitPack))))",BETWEEN,163,0.00994873,memory_warm,selective_closure,29349.4,29460.2,29638.0,1225,1412,1412,10,0,163,5568,960,0,0,443,3,15,1
10,heldout,"Nullable(Patch(Dictionary(RLE(BitPack))))",BETWEEN,163,0.00994873,memory_warm,broad_fused,1835618.0,1837801.0,1841186.0,5223,5568,5568,1,0,16384,5568,960,0,0,443,3,15,1
10,heldout,"Nullable(Patch(Dictionary(RLE(BitPack))))",BETWEEN,163,0.00994873,mmap_hot,selective_closure,29487.1,29529.1,29681.8,1225,1412,1412,10,0,163,5568,960,0,0,443,3,15,1
10,heldout,"Nullable(Patch(Dictionary(RLE(BitPack))))",BETWEEN,163,0.00994873,mmap_hot,broad_fused,1839714.0,1841156.0,1841637.0,5223,5568,5568,1,0,16384,5568,960,0,0,443,3,15,1
10,heldout,"Nullable(Patch(Dictionary(RLE(BitPack))))",BETWEEN,163,0.00994873,buffered_hot,selective_closure,38405.6,38449.0,38940.6,1225,1412,1412,10,0,163,5568,960,0,0,443,3,15,1
10,heldout,"Nullable(Patch(Dictionary(RLE(BitPack))))",BETWEEN,163,0.00994873,buffered_hot,broad_fused,1845592.0,1847465.0,1848837.0,5223,5568,5568,1,0,16384,5568,960,0,0,443,3,15,1
10,heldout,"Nullable(Patch(Dictionary(RLE(BitPack))))",BETWEEN,163,0.00994873,buffered_drop_cache,selective_closure,163795.0,164786.0,165137.0,1225,1412,1412,10,0,163,5568,960,0,0,443,3,15,1
10,heldout,"Nullable(Patch(Dictionary(RLE(BitPack))))",BETWEEN,163,0.00994873,buffered_drop_cache,broad_fused,1977390.0,1977830.0,1983248.0,5223,5568,5568,1,0,16384,5568,960,0,0,443,3,15,1
10,heldout,"Nullable(Patch(Dictionary(RLE(BitPack))))",SUM,256,0.01562500,memory_warm,selective_closure,41838.7,41855.2,42317.6,1251,1596,1596,12,0,256,5568,960,0,0,443,3,15,1
10,heldout,"Nullable(Patch(Dictionary(RLE(BitPack))))",SUM,256,0.01562500,memory_warm,broad_fused,1839874.0,1840075.0,1847906.0,5223,5568,5568,1,0,16384,5568,960,0,0,443,3,15,1
10,heldout,"Nullable(Patch(Dictionary(RLE(BitPack))))",SUM,256,0.01562500,mmap_hot,selective_closure,42071.8,42402.4,42478.8,1251,1596,1596,12,0,256,5568,960,0,0,443,3,15,1
10,heldout,"Nullable(Patch(Dictionary(RLE(BitPack))))",SUM,256,0.01562500,mmap_hot,broad_fused,1842639.0,1846034.0,1847605.0,5223,5568,5568,1,0,16384,5568,960,0,0,443,3,15,1
10,heldout,"Nullable(Patch(Dictionary(RLE(BitPack))))",SUM,256,0.01562500,buffered_hot,selective_closure,53082.4,53277.3,53443.0,1251,1596,1596,12,0,256,5568,960,0,0,443,3,15,1
10,heldout,"Nullable(Patch(Dictionary(RLE(BitPack))))",SUM,256,0.01562500,buffered_hot,broad_fused,1843029.0,1844782.0,1849799.0,5223,5568,5568,1,0,16384,5568,960,0,0,443,3,15,1
10,heldout,"Nullable(Patch(Dictionary(RLE(BitPack))))",SUM,256,0.01562500,buffered_drop_cache,selective_closure,180319.0,180539.0,181391.0,1251,1596,1596,12,0,256,5568,960,0,0,443,3,15,1
10,heldout,"Nullable(Patch(Dictionary(RLE(BitPack))))",SUM,256,0.01562500,buffered_drop_cache,broad_fused,1975777.0,1976258.0,1977550.0,5223,5568,5568,1,0,16384,5568,960,0,0,443,3,15,1
10,heldout,"Nullable(Patch(Dictionary(RLE(BitPack))))",BETWEEN,256,0.01562500,memory_warm,selective_closure,42446.3,42771.8,42777.8,1251,1596,1596,12,0,256,5568,960,0,0,443,3,15,1
10,heldout,"Nullable(Patch(Dictionary(RLE(BitPack))))",BETWEEN,256,0.01562500,memory_warm,broad_fused,1837641.0,1838763.0,1839814.0,5223,5568,5568,1,0,16384,5568,960,0,0,443,3,15,1
10,heldout,"Nullable(Patch(Dictionary(RLE(BitPack))))",BETWEEN,256,0.01562500,mmap_hot,selective_closure,42391.3,42557.4,42994.1,1251,1596,1596,12,0,256,5568,960,0,0,443,3,15,1
10,heldout,"Nullable(Patch(Dictionary(RLE(BitPack))))",BETWEEN,256,0.01562500,mmap_hot,broad_fused,1842919.0,1843700.0,1844521.0,5223,5568,5568,1,0,16384,5568,960,0,0,443,3,15,1
10,heldout,"Nullable(Patch(Dictionary(RLE(BitPack))))",BETWEEN,256,0.01562500,buffered_hot,selective_closure,53260.6,53278.3,53756.9,1251,1596,1596,12,0,256,5568,960,0,0,443,3,15,1
10,heldout,"Nullable(Patch(Dictionary(RLE(BitPack))))",BETWEEN,256,0.01562500,buffered_hot,broad_fused,1841717.0,1841827.0,1842478.0,5223,5568,5568,1,0,16384,5568,960,0,0,443,3,15,1
10,heldout,"Nullable(Patch(Dictionary(RLE(BitPack))))",BETWEEN,256,0.01562500,buffered_drop_cache,selective_closure,180329.0,182322.0,182512.0,1251,1596,1596,12,0,256,5568,960,0,0,443,3,15,1
10,heldout,"Nullable(Patch(Dictionary(RLE(BitPack))))",BETWEEN,256,0.01562500,buffered_drop_cache,broad_fused,1969898.0,1973253.0,1974104.0,5223,5568,5568,1,0,16384,5568,960,0,0,443,3,15,1
10,heldout,"Nullable(Patch(Dictionary(RLE(BitPack))))",SUM,819,0.04998779,memory_warm,selective_closure,107129.8,108026.2,108582.0,1367,1716,1716,15,0,819,5568,960,0,0,443,3,15,1
10,heldout,"Nullable(Patch(Dictionary(RLE(BitPack))))",SUM,819,0.04998779,memory_warm,broad_fused,1839674.0,1841697.0,1844742.0,5223,5568,5568,1,0,16384,5568,960,0,0,443,3,15,1
10,heldout,"Nullable(Patch(Dictionary(RLE(BitPack))))",SUM,819,0.04998779,mmap_hot,selective_closure,108246.2,109040.2,109791.2,1367,1716,1716,15,0,819,5568,960,0,0,443,3,15,1
10,heldout,"Nullable(Patch(Dictionary(RLE(BitPack))))",SUM,819,0.04998779,mmap_hot,broad_fused,1847866.0,1851762.0,1852764.0,5223,5568,5568,1,0,16384,5568,960,0,0,443,3,15,1
10,heldout,"Nullable(Patch(Dictionary(RLE(BitPack))))",SUM,819,0.04998779,buffered_hot,selective_closure,122117.0,122928.5,122941.0,1367,1716,1716,15,0,819,5568,960,0,0,443,3,15,1
10,heldout,"Nullable(Patch(Dictionary(RLE(BitPack))))",SUM,819,0.04998779,buffered_hot,broad_fused,1850651.0,1850801.0,1851271.0,5223,5568,5568,1,0,16384,5568,960,0,0,443,3,15,1
10,heldout,"Nullable(Patch(Dictionary(RLE(BitPack))))",SUM,819,0.04998779,buffered_drop_cache,selective_closure,248110.0,249492.0,258916.0,1367,1716,1716,15,0,819,5568,960,0,0,443,3,15,1
10,heldout,"Nullable(Patch(Dictionary(RLE(BitPack))))",SUM,819,0.04998779,buffered_drop_cache,broad_fused,1977350.0,1980013.0,1986833.0,5223,5568,5568,1,0,16384,5568,960,0,0,443,3,15,1
10,heldout,"Nullable(Patch(Dictionary(RLE(BitPack))))",BETWEEN,819,0.04998779,memory_warm,selective_closure,108239.0,108454.2,109428.2,1367,1716,1716,15,0,819,5568,960,0,0,443,3,15,1
10,heldout,"Nullable(Patch(Dictionary(RLE(BitPack))))",BETWEEN,819,0.04998779,memory_warm,broad_fused,1859704.0,1860635.0,1862077.0,5223,5568,5568,1,0,16384,5568,960,0,0,443,3,15,1
10,heldout,"Nullable(Patch(Dictionary(RLE(BitPack))))",BETWEEN,819,0.04998779,mmap_hot,selective_closure,108504.2,109115.2,109548.5,1367,1716,1716,15,0,819,5568,960,0,0,443,3,15,1
10,heldout,"Nullable(Patch(Dictionary(RLE(BitPack))))",BETWEEN,819,0.04998779,mmap_hot,broad_fused,1851922.0,1853134.0,1854997.0,5223,5568,5568,1,0,16384,5568,960,0,0,443,3,15,1
10,heldout,"Nullable(Patch(Dictionary(RLE(BitPack))))",BETWEEN,819,0.04998779,buffered_hot,selective_closure,122350.0,123066.0,123429.0,1367,1716,1716,15,0,819,5568,960,0,0,443,3,15,1
10,heldout,"Nullable(Patch(Dictionary(RLE(BitPack))))",BETWEEN,819,0.04998779,buffered_hot,broad_fused,1852573.0,1858412.0,1859113.0,5223,5568,5568,1,0,16384,5568,960,0,0,443,3,15,1
10,heldout,"Nullable(Patch(Dictionary(RLE(BitPack))))",BETWEEN,819,0.04998779,buffered_drop_cache,selective_closure,248080.0,248250.0,257845.0,1367,1716,1716,15,0,819,5568,960,0,0,443,3,15,1
10,heldout,"Nullable(Patch(Dictionary(RLE(BitPack))))",BETWEEN,819,0.04998779,buffered_drop_cache,broad_fused,1979062.0,1979553.0,1985351.0,5223,5568,5568,1,0,16384,5568,960,0,0,443,3,15,1
10,heldout,"Nullable(Patch(Dictionary(RLE(BitPack))))",SUM,1638,0.09997559,memory_warm,selective_closure,202542.0,202622.0,205171.5,1539,1908,1908,20,0,1638,5568,960,0,0,443,3,15,1
10,heldout,"Nullable(Patch(Dictionary(RLE(BitPack))))",SUM,1638,0.09997559,memory_warm,broad_fused,1845703.0,1849889.0,1849890.0,5223,5568,5568,1,0,16384,5568,960,0,0,443,3,15,1
10,heldout,"Nullable(Patch(Dictionary(RLE(BitPack))))",SUM,1638,0.09997559,mmap_hot,selective_closure,204019.5,205136.0,205662.0,1539,1908,1908,20,0,1638,5568,960,0,0,443,3,15,1
10,heldout,"Nullable(Patch(Dictionary(RLE(BitPack))))",SUM,1638,0.09997559,mmap_hot,broad_fused,1844521.0,1851763.0,1853865.0,5223,5568,5568,1,0,16384,5568,960,0,0,443,3,15,1
10,heldout,"Nullable(Patch(Dictionary(RLE(BitPack))))",SUM,1638,0.09997559,buffered_hot,selective_closure,223999.0,224369.5,225080.5,1539,1908,1908,20,0,1638,5568,960,0,0,443,3,15,1
10,heldout,"Nullable(Patch(Dictionary(RLE(BitPack))))",SUM,1638,0.09997559,buffered_hot,broad_fused,1853374.0,1853555.0,1855728.0,5223,5568,5568,1,0,16384,5568,960,0,0,443,3,15,1
10,heldout,"Nullable(Patch(Dictionary(RLE(BitPack))))",SUM,1638,0.09997559,buffered_drop_cache,selective_closure,349211.0,349471.0,359577.0,1539,1908,1908,20,0,1638,5568,960,0,0,443,3,15,1
10,heldout,"Nullable(Patch(Dictionary(RLE(BitPack))))",SUM,1638,0.09997559,buffered_drop_cache,broad_fused,1982998.0,1983068.0,1983969.0,5223,5568,5568,1,0,16384,5568,960,0,0,443,3,15,1
10,heldout,"Nullable(Patch(Dictionary(RLE(BitPack))))",BETWEEN,1638,0.09997559,memory_warm,selective_closure,206007.0,207139.0,207534.5,1539,1908,1908,20,0,1638,5568,960,0,0,443,3,15,1
10,heldout,"Nullable(Patch(Dictionary(RLE(BitPack))))",BETWEEN,1638,0.09997559,memory_warm,broad_fused,1858201.0,1859504.0,1860695.0,5223,5568,5568,1,0,16384,5568,960,0,0,443,3,15,1
10,heldout,"Nullable(Patch(Dictionary(RLE(BitPack))))",BETWEEN,1638,0.09997559,mmap_hot,selective_closure,206698.0,207129.0,208385.5,1539,1908,1908,20,0,1638,5568,960,0,0,443,3,15,1
10,heldout,"Nullable(Patch(Dictionary(RLE(BitPack))))",BETWEEN,1638,0.09997559,mmap_hot,broad_fused,1861397.0,1861507.0,1862528.0,5223,5568,5568,1,0,16384,5568,960,0,0,443,3,15,1
10,heldout,"Nullable(Patch(Dictionary(RLE(BitPack))))",BETWEEN,1638,0.09997559,buffered_hot,selective_closure,225031.0,225336.0,227038.5,1539,1908,1908,20,0,1638,5568,960,0,0,443,3,15,1
10,heldout,"Nullable(Patch(Dictionary(RLE(BitPack))))",BETWEEN,1638,0.09997559,buffered_hot,broad_fused,1858562.0,1860125.0,1863089.0,5223,5568,5568,1,0,16384,5568,960,0,0,443,3,15,1
10,heldout,"Nullable(Patch(Dictionary(RLE(BitPack))))",BETWEEN,1638,0.09997559,buffered_drop_cache,selective_closure,351855.0,352456.0,360918.0,1539,1908,1908,20,0,1638,5568,960,0,0,443,3,15,1
10,heldout,"Nullable(Patch(Dictionary(RLE(BitPack))))",BETWEEN,1638,0.09997559,buffered_drop_cache,broad_fused,1994264.0,1997759.0,2002947.0,5223,5568,5568,1,0,16384,5568,960,0,0,443,3,15,1
10,heldout,"Nullable(Patch(Dictionary(RLE(BitPack))))",SUM,3276,0.19995117,memory_warm,selective_closure,409451.0,409471.0,414848.0,1984,2388,2388,29,0,3276,5568,960,0,0,443,3,15,1
10,heldout,"Nullable(Patch(Dictionary(RLE(BitPack))))",SUM,3276,0.19995117,memory_warm,broad_fused,1856759.0,1859834.0,1866113.0,5223,5568,5568,1,0,16384,5568,960,0,0,443,3,15,1
10,heldout,"Nullable(Patch(Dictionary(RLE(BitPack))))",SUM,3276,0.19995117,mmap_hot,selective_closure,410913.0,411313.0,415300.0,1984,2388,2388,29,0,3276,5568,960,0,0,443,3,15,1
10,heldout,"Nullable(Patch(Dictionary(RLE(BitPack))))",SUM,3276,0.19995117,mmap_hot,broad_fused,1859143.0,1861146.0,1862178.0,5223,5568,5568,1,0,16384,5568,960,0,0,443,3,15,1
10,heldout,"Nullable(Patch(Dictionary(RLE(BitPack))))",SUM,3276,0.19995117,buffered_hot,selective_closure,438564.0,439395.0,443642.0,1984,2388,2388,29,0,3276,5568,960,0,0,443,3,15,1
10,heldout,"Nullable(Patch(Dictionary(RLE(BitPack))))",SUM,3276,0.19995117,buffered_hot,broad_fused,1867435.0,1868907.0,1871621.0,5223,5568,5568,1,0,16384,5568,960,0,0,443,3,15,1
10,heldout,"Nullable(Patch(Dictionary(RLE(BitPack))))",SUM,3276,0.19995117,buffered_drop_cache,selective_closure,565253.0,569960.0,572314.0,1984,2388,2388,29,0,3276,5568,960,0,0,443,3,15,1
10,heldout,"Nullable(Patch(Dictionary(RLE(BitPack))))",SUM,3276,0.19995117,buffered_drop_cache,broad_fused,1986803.0,1991430.0,1994585.0,5223,5568,5568,1,0,16384,5568,960,0,0,443,3,15,1
10,heldout,"Nullable(Patch(Dictionary(RLE(BitPack))))",BETWEEN,3276,0.19995117,memory_warm,selective_closure,410122.0,410833.0,414989.0,1984,2388,2388,29,0,3276,5568,960,0,0,443,3,15,1
10,heldout,"Nullable(Patch(Dictionary(RLE(BitPack))))",BETWEEN,3276,0.19995117,memory_warm,broad_fused,1855578.0,1857510.0,1859925.0,5223,5568,5568,1,0,16384,5568,960,0,0,443,3,15,1
10,heldout,"Nullable(Patch(Dictionary(RLE(BitPack))))",BETWEEN,3276,0.19995117,mmap_hot,selective_closure,410112.0,410933.0,414188.0,1984,2388,2388,29,0,3276,5568,960,0,0,443,3,15,1
10,heldout,"Nullable(Patch(Dictionary(RLE(BitPack))))",BETWEEN,3276,0.19995117,mmap_hot,broad_fused,1862508.0,1865352.0,1867015.0,5223,5568,5568,1,0,16384,5568,960,0,0,443,3,15,1
10,heldout,"Nullable(Patch(Dictionary(RLE(BitPack))))",BETWEEN,3276,0.19995117,buffered_hot,selective_closure,437682.0,440807.0,444683.0,1984,2388,2388,29,0,3276,5568,960,0,0,443,3,15,1
10,heldout,"Nullable(Patch(Dictionary(RLE(BitPack))))",BETWEEN,3276,0.19995117,buffered_hot,broad_fused,1862859.0,1866114.0,1873654.0,5223,5568,5568,1,0,16384,5568,960,0,0,443,3,15,1
10,heldout,"Nullable(Patch(Dictionary(RLE(BitPack))))",BETWEEN,3276,0.19995117,buffered_drop_cache,selective_closure,566145.0,566405.0,571792.0,1984,2388,2388,29,0,3276,5568,960,0,0,443,3,15,1
10,heldout,"Nullable(Patch(Dictionary(RLE(BitPack))))",BETWEEN,3276,0.19995117,buffered_drop_cache,broad_fused,1990529.0,1994185.0,2000644.0,5223,5568,5568,1,0,16384,5568,960,0,0,443,3,15,1
10,heldout,"Nullable(Patch(Dictionary(RLE(BitPack))))",SUM,4915,0.29998779,memory_warm,selective_closure,608768.0,613956.0,614176.0,2438,2708,2708,36,0,4915,5568,960,0,0,443,3,15,1
10,heldout,"Nullable(Patch(Dictionary(RLE(BitPack))))",SUM,4915,0.29998779,memory_warm,broad_fused,1852022.0,1852824.0,1853896.0,5223,5568,5568,1,0,16384,5568,960,0,0,443,3,15,1
10,heldout,"Nullable(Patch(Dictionary(RLE(BitPack))))",SUM,4915,0.29998779,mmap_hot,selective_closure,613084.0,616940.0,617511.0,2438,2708,2708,36,0,4915,5568,960,0,0,443,3,15,1
10,heldout,"Nullable(Patch(Dictionary(RLE(BitPack))))",SUM,4915,0.29998779,mmap_hot,broad_fused,1864882.0,1867565.0,1869299.0,5223,5568,5568,1,0,16384,5568,960,0,0,443,3,15,1
10,heldout,"Nullable(Patch(Dictionary(RLE(BitPack))))",SUM,4915,0.29998779,buffered_hot,selective_closure,647526.0,648407.0,648558.0,2438,2708,2708,36,0,4915,5568,960,0,0,443,3,15,1
10,heldout,"Nullable(Patch(Dictionary(RLE(BitPack))))",SUM,4915,0.29998779,buffered_hot,broad_fused,1865453.0,1866303.0,1866374.0,5223,5568,5568,1,0,16384,5568,960,0,0,443,3,15,1
10,heldout,"Nullable(Patch(Dictionary(RLE(BitPack))))",SUM,4915,0.29998779,buffered_drop_cache,selective_closure,771711.0,775056.0,777870.0,2438,2708,2708,36,0,4915,5568,960,0,0,443,3,15,1
10,heldout,"Nullable(Patch(Dictionary(RLE(BitPack))))",SUM,4915,0.29998779,buffered_drop_cache,broad_fused,1990629.0,1991730.0,1992201.0,5223,5568,5568,1,0,16384,5568,960,0,0,443,3,15,1
10,heldout,"Nullable(Patch(Dictionary(RLE(BitPack))))",BETWEEN,4915,0.29998779,memory_warm,selective_closure,615528.0,620335.0,620726.0,2438,2708,2708,36,0,4915,5568,960,0,0,443,3,15,1
10,heldout,"Nullable(Patch(Dictionary(RLE(BitPack))))",BETWEEN,4915,0.29998779,memory_warm,broad_fused,1853364.0,1855168.0,1855828.0,5223,5568,5568,1,0,16384,5568,960,0,0,443,3,15,1
10,heldout,"Nullable(Patch(Dictionary(RLE(BitPack))))",BETWEEN,4915,0.29998779,mmap_hot,selective_closure,618172.0,621126.0,621607.0,2438,2708,2708,36,0,4915,5568,960,0,0,443,3,15,1
10,heldout,"Nullable(Patch(Dictionary(RLE(BitPack))))",BETWEEN,4915,0.29998779,mmap_hot,broad_fused,1863059.0,1864001.0,1864772.0,5223,5568,5568,1,0,16384,5568,960,0,0,443,3,15,1
10,heldout,"Nullable(Patch(Dictionary(RLE(BitPack))))",BETWEEN,4915,0.29998779,buffered_hot,selective_closure,652263.0,653024.0,653334.0,2438,2708,2708,36,0,4915,5568,960,0,0,443,3,15,1
10,heldout,"Nullable(Patch(Dictionary(RLE(BitPack))))",BETWEEN,4915,0.29998779,buffered_hot,broad_fused,1862318.0,1866775.0,1869058.0,5223,5568,5568,1,0,16384,5568,960,0,0,443,3,15,1
10,heldout,"Nullable(Patch(Dictionary(RLE(BitPack))))",BETWEEN,4915,0.29998779,buffered_drop_cache,selective_closure,786363.0,790379.0,790740.0,2438,2708,2708,36,0,4915,5568,960,0,0,443,3,15,1
10,heldout,"Nullable(Patch(Dictionary(RLE(BitPack))))",BETWEEN,4915,0.29998779,buffered_drop_cache,broad_fused,1991380.0,1992412.0,1997039.0,5223,5568,5568,1,0,16384,5568,960,0,0,443,3,15,1
10,heldout,"Nullable(Patch(Dictionary(RLE(BitPack))))",SUM,6553,0.39996338,memory_warm,selective_closure,802617.0,802787.0,802958.0,2751,3028,3028,43,0,6553,5568,960,0,0,443,3,15,1
10,heldout,"Nullable(Patch(Dictionary(RLE(BitPack))))",SUM,6553,0.39996338,memory_warm,broad_fused,1858052.0,1858222.0,1860345.0,5223,5568,5568,1,0,16384,5568,960,0,0,443,3,15,1
10,heldout,"Nullable(Patch(Dictionary(RLE(BitPack))))",SUM,6553,0.39996338,mmap_hot,selective_closure,807725.0,807845.0,808866.0,2751,3028,3028,43,0,6553,5568,960,0,0,443,3,15,1
10,heldout,"Nullable(Patch(Dictionary(RLE(BitPack))))",SUM,6553,0.39996338,mmap_hot,broad_fused,1857851.0,1858332.0,1862488.0,5223,5568,5568,1,0,16384,5568,960,0,0,443,3,15,1
10,heldout,"Nullable(Patch(Dictionary(RLE(BitPack))))",SUM,6553,0.39996338,buffered_hot,selective_closure,845802.0,847304.0,847634.0,2751,3028,3028,43,0,6553,5568,960,0,0,443,3,15,1
10,heldout,"Nullable(Patch(Dictionary(RLE(BitPack))))",SUM,6553,0.39996338,buffered_hot,broad_fused,1865533.0,1866074.0,1868807.0,5223,5568,5568,1,0,16384,5568,960,0,0,443,3,15,1
10,heldout,"Nullable(Patch(Dictionary(RLE(BitPack))))",SUM,6553,0.39996338,buffered_drop_cache,selective_closure,980523.0,981624.0,984338.0,2751,3028,3028,43,0,6553,5568,960,0,0,443,3,15,1
10,heldout,"Nullable(Patch(Dictionary(RLE(BitPack))))",SUM,6553,0.39996338,buffered_drop_cache,broad_fused,1984029.0,1992693.0,2003348.0,5223,5568,5568,1,0,16384,5568,960,0,0,443,3,15,1
10,heldout,"Nullable(Patch(Dictionary(RLE(BitPack))))",BETWEEN,6553,0.39996338,memory_warm,selective_closure,812091.0,813113.0,898140.0,2751,3028,3028,43,0,6553,5568,960,0,0,443,3,15,1
10,heldout,"Nullable(Patch(Dictionary(RLE(BitPack))))",BETWEEN,6553,0.39996338,memory_warm,broad_fused,1860085.0,1865172.0,1869428.0,5223,5568,5568,1,0,16384,5568,960,0,0,443,3,15,1
10,heldout,"Nullable(Patch(Dictionary(RLE(BitPack))))",BETWEEN,6553,0.39996338,mmap_hot,selective_closure,809908.0,811961.0,813673.0,2751,3028,3028,43,0,6553,5568,960,0,0,443,3,15,1
10,heldout,"Nullable(Patch(Dictionary(RLE(BitPack))))",BETWEEN,6553,0.39996338,mmap_hot,broad_fused,1866915.0,1867756.0,1869549.0,5223,5568,5568,1,0,16384,5568,960,0,0,443,3,15,1
10,heldout,"Nullable(Patch(Dictionary(RLE(BitPack))))",BETWEEN,6553,0.39996338,buffered_hot,selective_closure,853123.0,856367.0,856387.0,2751,3028,3028,43,0,6553,5568,960,0,0,443,3,15,1
10,heldout,"Nullable(Patch(Dictionary(RLE(BitPack))))",BETWEEN,6553,0.39996338,buffered_hot,broad_fused,1867385.0,1867826.0,1871912.0,5223,5568,5568,1,0,16384,5568,960,0,0,443,3,15,1
10,heldout,"Nullable(Patch(Dictionary(RLE(BitPack))))",BETWEEN,6553,0.39996338,buffered_drop_cache,selective_closure,979110.0,981474.0,985761.0,2751,3028,3028,43,0,6553,5568,960,0,0,443,3,15,1
10,heldout,"Nullable(Patch(Dictionary(RLE(BitPack))))",BETWEEN,6553,0.39996338,buffered_drop_cache,broad_fused,1997329.0,2002056.0,2007595.0,5223,5568,5568,1,0,16384,5568,960,0,0,443,3,15,1
10,heldout,"Nullable(Patch(Dictionary(RLE(BitPack))))",SUM,8192,0.50000000,memory_warm,selective_closure,1012310.0,1012310.0,1012771.0,3209,3508,3508,52,0,8192,5568,960,0,0,443,3,15,1
10,heldout,"Nullable(Patch(Dictionary(RLE(BitPack))))",SUM,8192,0.50000000,memory_warm,broad_fused,1853625.0,1858922.0,1861506.0,5223,5568,5568,1,0,16384,5568,960,0,0,443,3,15,1
10,heldout,"Nullable(Patch(Dictionary(RLE(BitPack))))",SUM,8192,0.50000000,mmap_hot,selective_closure,1015835.0,1016316.0,1017718.0,3209,3508,3508,52,0,8192,5568,960,0,0,443,3,15,1
10,heldout,"Nullable(Patch(Dictionary(RLE(BitPack))))",SUM,8192,0.50000000,mmap_hot,broad_fused,1859113.0,1859213.0,1862148.0,5223,5568,5568,1,0,16384,5568,960,0,0,443,3,15,1
10,heldout,"Nullable(Patch(Dictionary(RLE(BitPack))))",SUM,8192,0.50000000,buffered_hot,selective_closure,1055654.0,1057026.0,1058138.0,3209,3508,3508,52,0,8192,5568,960,0,0,443,3,15,1
10,heldout,"Nullable(Patch(Dictionary(RLE(BitPack))))",SUM,8192,0.50000000,buffered_hot,broad_fused,1859764.0,1861958.0,1865613.0,5223,5568,5568,1,0,16384,5568,960,0,0,443,3,15,1
10,heldout,"Nullable(Patch(Dictionary(RLE(BitPack))))",SUM,8192,0.50000000,buffered_drop_cache,selective_closure,1186730.0,1190636.0,1198858.0,3209,3508,3508,52,0,8192,5568,960,0,0,443,3,15,1
10,heldout,"Nullable(Patch(Dictionary(RLE(BitPack))))",SUM,8192,0.50000000,buffered_drop_cache,broad_fused,1986103.0,1987795.0,1998551.0,5223,5568,5568,1,0,16384,5568,960,0,0,443,3,15,1
10,heldout,"Nullable(Patch(Dictionary(RLE(BitPack))))",BETWEEN,8192,0.50000000,memory_warm,selective_closure,1015945.0,1016827.0,1019010.0,3209,3508,3508,52,0,8192,5568,960,0,0,443,3,15,1
10,heldout,"Nullable(Patch(Dictionary(RLE(BitPack))))",BETWEEN,8192,0.50000000,memory_warm,broad_fused,1847536.0,1852013.0,1852092.0,5223,5568,5568,1,0,16384,5568,960,0,0,443,3,15,1
10,heldout,"Nullable(Patch(Dictionary(RLE(BitPack))))",BETWEEN,8192,0.50000000,mmap_hot,selective_closure,1011879.0,1012400.0,1013442.0,3209,3508,3508,52,0,8192,5568,960,0,0,443,3,15,1
10,heldout,"Nullable(Patch(Dictionary(RLE(BitPack))))",BETWEEN,8192,0.50000000,mmap_hot,broad_fused,1857000.0,1858713.0,1859844.0,5223,5568,5568,1,0,16384,5568,960,0,0,443,3,15,1
10,heldout,"Nullable(Patch(Dictionary(RLE(BitPack))))",BETWEEN,8192,0.50000000,buffered_hot,selective_closure,1061553.0,1061633.0,1061754.0,3209,3508,3508,52,0,8192,5568,960,0,0,443,3,15,1
10,heldout,"Nullable(Patch(Dictionary(RLE(BitPack))))",BETWEEN,8192,0.50000000,buffered_hot,broad_fused,1859183.0,1859263.0,1860135.0,5223,5568,5568,1,0,16384,5568,960,0,0,443,3,15,1
10,heldout,"Nullable(Patch(Dictionary(RLE(BitPack))))",BETWEEN,8192,0.50000000,buffered_drop_cache,selective_closure,1186710.0,1187882.0,1191567.0,3209,3508,3508,52,0,8192,5568,960,0,0,443,3,15,1
10,heldout,"Nullable(Patch(Dictionary(RLE(BitPack))))",BETWEEN,8192,0.50000000,buffered_drop_cache,broad_fused,1985031.0,1988236.0,1991270.0,5223,5568,5568,1,0,16384,5568,960,0,0,443,3,15,1
10,heldout,"Nullable(Patch(Dictionary(RLE(BitPack))))",SUM,9830,0.59997559,memory_warm,selective_closure,1210435.0,1211276.0,1211518.0,3710,4020,4020,62,0,9830,5568,960,0,0,443,3,15,1
10,heldout,"Nullable(Patch(Dictionary(RLE(BitPack))))",SUM,9830,0.59997559,memory_warm,broad_fused,1853996.0,1854015.0,1857461.0,5223,5568,5568,1,0,16384,5568,960,0,0,443,3,15,1
10,heldout,"Nullable(Patch(Dictionary(RLE(BitPack))))",SUM,9830,0.59997559,mmap_hot,selective_closure,1217476.0,1217506.0,1217556.0,3710,4020,4020,62,0,9830,5568,960,0,0,443,3,15,1
10,heldout,"Nullable(Patch(Dictionary(RLE(BitPack))))",SUM,9830,0.59997559,mmap_hot,broad_fused,1850530.0,1853415.0,1857500.0,5223,5568,5568,1,0,16384,5568,960,0,0,443,3,15,1
10,heldout,"Nullable(Patch(Dictionary(RLE(BitPack))))",SUM,9830,0.59997559,buffered_hot,selective_closure,1267521.0,1271617.0,1274020.0,3710,4020,4020,62,0,9830,5568,960,0,0,443,3,15,1
10,heldout,"Nullable(Patch(Dictionary(RLE(BitPack))))",SUM,9830,0.59997559,buffered_hot,broad_fused,1849699.0,1851041.0,1859664.0,5223,5568,5568,1,0,16384,5568,960,0,0,443,3,15,1
10,heldout,"Nullable(Patch(Dictionary(RLE(BitPack))))",SUM,9830,0.59997559,buffered_drop_cache,selective_closure,1394821.0,1403753.0,1406307.0,3710,4020,4020,62,0,9830,5568,960,0,0,443,3,15,1
10,heldout,"Nullable(Patch(Dictionary(RLE(BitPack))))",SUM,9830,0.59997559,buffered_drop_cache,broad_fused,1987205.0,1988676.0,1990429.0,5223,5568,5568,1,0,16384,5568,960,0,0,443,3,15,1
10,heldout,"Nullable(Patch(Dictionary(RLE(BitPack))))",BETWEEN,9830,0.59997559,memory_warm,selective_closure,1224085.0,1225288.0,1225368.0,3710,4020,4020,62,0,9830,5568,960,0,0,443,3,15,1
10,heldout,"Nullable(Patch(Dictionary(RLE(BitPack))))",BETWEEN,9830,0.59997559,memory_warm,broad_fused,1845563.0,1848598.0,1853014.0,5223,5568,5568,1,0,16384,5568,960,0,0,443,3,15,1
10,heldout,"Nullable(Patch(Dictionary(RLE(BitPack))))",BETWEEN,9830,0.59997559,mmap_hot,selective_closure,1221251.0,1222012.0,1222344.0,3710,4020,4020,62,0,9830,5568,960,0,0,443,3,15,1
10,heldout,"Nullable(Patch(Dictionary(RLE(BitPack))))",BETWEEN,9830,0.59997559,mmap_hot,broad_fused,1855858.0,1856269.0,1858412.0,5223,5568,5568,1,0,16384,5568,960,0,0,443,3,15,1
10,heldout,"Nullable(Patch(Dictionary(RLE(BitPack))))",BETWEEN,9830,0.59997559,buffered_hot,selective_closure,1280280.0,1282843.0,1283184.0,3710,4020,4020,62,0,9830,5568,960,0,0,443,3,15,1
10,heldout,"Nullable(Patch(Dictionary(RLE(BitPack))))",BETWEEN,9830,0.59997559,buffered_hot,broad_fused,1856850.0,1860535.0,1862959.0,5223,5568,5568,1,0,16384,5568,960,0,0,443,3,15,1
10,heldout,"Nullable(Patch(Dictionary(RLE(BitPack))))",BETWEEN,9830,0.59997559,buffered_drop_cache,selective_closure,1406177.0,1411114.0,1419527.0,3710,4020,4020,62,0,9830,5568,960,0,0,443,3,15,1
10,heldout,"Nullable(Patch(Dictionary(RLE(BitPack))))",BETWEEN,9830,0.59997559,buffered_drop_cache,broad_fused,1983649.0,1986533.0,1987094.0,5223,5568,5568,1,0,16384,5568,960,0,0,443,3,15,1
10,heldout,"Nullable(Patch(Dictionary(RLE(BitPack))))",SUM,11468,0.69995117,memory_warm,selective_closure,1395712.0,1396072.0,1404825.0,4016,4212,4212,68,0,11468,5568,960,0,0,443,3,15,1
10,heldout,"Nullable(Patch(Dictionary(RLE(BitPack))))",SUM,11468,0.69995117,memory_warm,broad_fused,1845773.0,1848437.0,1849840.0,5223,5568,5568,1,0,16384,5568,960,0,0,443,3,15,1
10,heldout,"Nullable(Patch(Dictionary(RLE(BitPack))))",SUM,11468,0.69995117,mmap_hot,selective_closure,1401170.0,1405967.0,1412607.0,4016,4212,4212,68,0,11468,5568,960,0,0,443,3,15,1
10,heldout,"Nullable(Patch(Dictionary(RLE(BitPack))))",SUM,11468,0.69995117,mmap_hot,broad_fused,1844632.0,1845933.0,1855848.0,5223,5568,5568,1,0,16384,5568,960,0,0,443,3,15,1
10,heldout,"Nullable(Patch(Dictionary(RLE(BitPack))))",SUM,11468,0.69995117,buffered_hot,selective_closure,1463023.0,1463633.0,1467018.0,4016,4212,4212,68,0,11468,5568,960,0,0,443,3,15,1
10,heldout,"Nullable(Patch(Dictionary(RLE(BitPack))))",SUM,11468,0.69995117,buffered_hot,broad_fused,1851902.0,1854716.0,1858191.0,5223,5568,5568,1,0,16384,5568,960,0,0,443,3,15,1
10,heldout,"Nullable(Patch(Dictionary(RLE(BitPack))))",SUM,11468,0.69995117,buffered_drop_cache,selective_closure,1588489.0,1593587.0,1597553.0,4016,4212,4212,68,0,11468,5568,960,0,0,443,3,15,1
10,heldout,"Nullable(Patch(Dictionary(RLE(BitPack))))",SUM,11468,0.69995117,buffered_drop_cache,broad_fused,1978191.0,1978542.0,1983689.0,5223,5568,5568,1,0,16384,5568,960,0,0,443,3,15,1
10,heldout,"Nullable(Patch(Dictionary(RLE(BitPack))))",BETWEEN,11468,0.69995117,memory_warm,selective_closure,1410734.0,1411796.0,1416163.0,4016,4212,4212,68,0,11468,5568,960,0,0,443,3,15,1
10,heldout,"Nullable(Patch(Dictionary(RLE(BitPack))))",BETWEEN,11468,0.69995117,memory_warm,broad_fused,1844080.0,1847506.0,1855457.0,5223,5568,5568,1,0,16384,5568,960,0,0,443,3,15,1
10,heldout,"Nullable(Patch(Dictionary(RLE(BitPack))))",BETWEEN,11468,0.69995117,mmap_hot,selective_closure,1408140.0,1409342.0,1409923.0,4016,4212,4212,68,0,11468,5568,960,0,0,443,3,15,1
10,heldout,"Nullable(Patch(Dictionary(RLE(BitPack))))",BETWEEN,11468,0.69995117,mmap_hot,broad_fused,1851041.0,1852533.0,1853255.0,5223,5568,5568,1,0,16384,5568,960,0,0,443,3,15,1
10,heldout,"Nullable(Patch(Dictionary(RLE(BitPack))))",BETWEEN,11468,0.69995117,buffered_hot,selective_closure,1467449.0,1470684.0,1472587.0,4016,4212,4212,68,0,11468,5568,960,0,0,443,3,15,1
10,heldout,"Nullable(Patch(Dictionary(RLE(BitPack))))",BETWEEN,11468,0.69995117,buffered_hot,broad_fused,1846655.0,1847065.0,1851652.0,5223,5568,5568,1,0,16384,5568,960,0,0,443,3,15,1
10,heldout,"Nullable(Patch(Dictionary(RLE(BitPack))))",BETWEEN,11468,0.69995117,buffered_drop_cache,selective_closure,1605645.0,1606446.0,1614749.0,4016,4212,4212,68,0,11468,5568,960,0,0,443,3,15,1
10,heldout,"Nullable(Patch(Dictionary(RLE(BitPack))))",BETWEEN,11468,0.69995117,buffered_drop_cache,broad_fused,1985342.0,1985672.0,1988185.0,5223,5568,5568,1,0,16384,5568,960,0,0,443,3,15,1
10,heldout,"Nullable(Patch(Dictionary(RLE(BitPack))))",SUM,13107,0.79998779,memory_warm,selective_closure,1601819.0,1604603.0,1604634.0,4461,4692,4692,77,0,13107,5568,960,0,0,443,3,15,1
10,heldout,"Nullable(Patch(Dictionary(RLE(BitPack))))",SUM,13107,0.79998779,memory_warm,broad_fused,1841908.0,1847226.0,1849008.0,5223,5568,5568,1,0,16384,5568,960,0,0,443,3,15,1
10,heldout,"Nullable(Patch(Dictionary(RLE(BitPack))))",SUM,13107,0.79998779,mmap_hot,selective_closure,1597933.0,1600537.0,1610923.0,4461,4692,4692,77,0,13107,5568,960,0,0,443,3,15,1
10,heldout,"Nullable(Patch(Dictionary(RLE(BitPack))))",SUM,13107,0.79998779,mmap_hot,broad_fused,1844471.0,1847215.0,1849429.0,5223,5568,5568,1,0,16384,5568,960,0,0,443,3,15,1
10,heldout,"Nullable(Patch(Dictionary(RLE(BitPack))))",SUM,13107,0.79998779,buffered_hot,selective_closure,1665405.0,1668048.0,1669019.0,4461,4692,4692,77,0,13107,5568,960,0,0,443,3,15,1
10,heldout,"Nullable(Patch(Dictionary(RLE(BitPack))))",SUM,13107,0.79998779,buffered_hot,broad_fused,1851592.0,1857811.0,1859023.0,5223,5568,5568,1,0,16384,5568,960,0,0,443,3,15,1
10,heldout,"Nullable(Patch(Dictionary(RLE(BitPack))))",SUM,13107,0.79998779,buffered_drop_cache,selective_closure,1797751.0,1799354.0,1810921.0,4461,4692,4692,77,0,13107,5568,960,0,0,443,3,15,1
10,heldout,"Nullable(Patch(Dictionary(RLE(BitPack))))",SUM,13107,0.79998779,buffered_drop_cache,broad_fused,1982467.0,1983178.0,1997820.0,5223,5568,5568,1,0,16384,5568,960,0,0,443,3,15,1
10,heldout,"Nullable(Patch(Dictionary(RLE(BitPack))))",BETWEEN,13107,0.79998779,memory_warm,selective_closure,1611063.0,1614939.0,1616701.0,4461,4692,4692,77,0,13107,5568,960,0,0,443,3,15,1
10,heldout,"Nullable(Patch(Dictionary(RLE(BitPack))))",BETWEEN,13107,0.79998779,memory_warm,broad_fused,1854707.0,1856549.0,1857421.0,5223,5568,5568,1,0,16384,5568,960,0,0,443,3,15,1
10,heldout,"Nullable(Patch(Dictionary(RLE(BitPack))))",BETWEEN,13107,0.79998779,mmap_hot,selective_closure,1605575.0,1608900.0,1609741.0,4461,4692,4692,77,0,13107,5568,960,0,0,443,3,15,1
10,heldout,"Nullable(Patch(Dictionary(RLE(BitPack))))",BETWEEN,13107,0.79998779,mmap_hot,broad_fused,1855107.0,1856008.0,1856540.0,5223,5568,5568,1,0,16384,5568,960,0,0,443,3,15,1
10,heldout,"Nullable(Patch(Dictionary(RLE(BitPack))))",BETWEEN,13107,0.79998779,buffered_hot,selective_closure,1675659.0,1677983.0,1679245.0,4461,4692,4692,77,0,13107,5568,960,0,0,443,3,15,1
10,heldout,"Nullable(Patch(Dictionary(RLE(BitPack))))",BETWEEN,13107,0.79998779,buffered_hot,broad_fused,1852583.0,1854576.0,1855387.0,5223,5568,5568,1,0,16384,5568,960,0,0,443,3,15,1
10,heldout,"Nullable(Patch(Dictionary(RLE(BitPack))))",BETWEEN,13107,0.79998779,buffered_drop_cache,selective_closure,1809258.0,1812834.0,1822479.0,4461,4692,4692,77,0,13107,5568,960,0,0,443,3,15,1
10,heldout,"Nullable(Patch(Dictionary(RLE(BitPack))))",BETWEEN,13107,0.79998779,buffered_drop_cache,broad_fused,1984129.0,1985802.0,1988095.0,5223,5568,5568,1,0,16384,5568,960,0,0,443,3,15,1
10,heldout,"Nullable(Patch(Dictionary(RLE(BitPack))))",SUM,14745,0.89996338,memory_warm,selective_closure,1791212.0,1793776.0,1795198.0,4919,5120,5120,85,0,14745,5568,960,0,0,443,3,15,1
10,heldout,"Nullable(Patch(Dictionary(RLE(BitPack))))",SUM,14745,0.89996338,memory_warm,broad_fused,1845973.0,1847967.0,1850570.0,5223,5568,5568,1,0,16384,5568,960,0,0,443,3,15,1
10,heldout,"Nullable(Patch(Dictionary(RLE(BitPack))))",SUM,14745,0.89996338,mmap_hot,selective_closure,1783069.0,1788348.0,1791863.0,4919,5120,5120,85,0,14745,5568,960,0,0,443,3,15,1
10,heldout,"Nullable(Patch(Dictionary(RLE(BitPack))))",SUM,14745,0.89996338,mmap_hot,broad_fused,1845162.0,1846063.0,1851061.0,5223,5568,5568,1,0,16384,5568,960,0,0,443,3,15,1
10,heldout,"Nullable(Patch(Dictionary(RLE(BitPack))))",SUM,14745,0.89996338,buffered_hot,selective_closure,1862999.0,1865613.0,1867736.0,4919,5120,5120,85,0,14745,5568,960,0,0,443,3,15,1
10,heldout,"Nullable(Patch(Dictionary(RLE(BitPack))))",SUM,14745,0.89996338,buffered_hot,broad_fused,1852423.0,1854356.0,1857781.0,5223,5568,5568,1,0,16384,5568,960,0,0,443,3,15,1
10,heldout,"Nullable(Patch(Dictionary(RLE(BitPack))))",SUM,14745,0.89996338,buffered_drop_cache,selective_closure,1993043.0,2000434.0,2008847.0,4919,5120,5120,85,0,14745,5568,960,0,0,443,3,15,1
10,heldout,"Nullable(Patch(Dictionary(RLE(BitPack))))",SUM,14745,0.89996338,buffered_drop_cache,broad_fused,1979853.0,1997119.0,2003288.0,5223,5568,5568,1,0,16384,5568,960,0,0,443,3,15,1
10,heldout,"Nullable(Patch(Dictionary(RLE(BitPack))))",BETWEEN,14745,0.89996338,memory_warm,selective_closure,1813715.0,1815528.0,1816850.0,4919,5120,5120,85,0,14745,5568,960,0,0,443,3,15,1
10,heldout,"Nullable(Patch(Dictionary(RLE(BitPack))))",BETWEEN,14745,0.89996338,memory_warm,broad_fused,1851922.0,1853444.0,1854436.0,5223,5568,5568,1,0,16384,5568,960,0,0,443,3,15,1
10,heldout,"Nullable(Patch(Dictionary(RLE(BitPack))))",BETWEEN,14745,0.89996338,mmap_hot,selective_closure,1801056.0,1801317.0,1803310.0,4919,5120,5120,85,0,14745,5568,960,0,0,443,3,15,1
10,heldout,"Nullable(Patch(Dictionary(RLE(BitPack))))",BETWEEN,14745,0.89996338,mmap_hot,broad_fused,1854646.0,1856249.0,1857270.0,5223,5568,5568,1,0,16384,5568,960,0,0,443,3,15,1
10,heldout,"Nullable(Patch(Dictionary(RLE(BitPack))))",BETWEEN,14745,0.89996338,buffered_hot,selective_closure,1871652.0,1871892.0,1873475.0,4919,5120,5120,85,0,14745,5568,960,0,0,443,3,15,1
10,heldout,"Nullable(Patch(Dictionary(RLE(BitPack))))",BETWEEN,14745,0.89996338,buffered_hot,broad_fused,1855698.0,1859183.0,1863169.0,5223,5568,5568,1,0,16384,5568,960,0,0,443,3,15,1
10,heldout,"Nullable(Patch(Dictionary(RLE(BitPack))))",BETWEEN,14745,0.89996338,buffered_drop_cache,selective_closure,2009307.0,2010820.0,2017990.0,4919,5120,5120,85,0,14745,5568,960,0,0,443,3,15,1
10,heldout,"Nullable(Patch(Dictionary(RLE(BitPack))))",BETWEEN,14745,0.89996338,buffered_drop_cache,broad_fused,1985091.0,1993654.0,1999052.0,5223,5568,5568,1,0,16384,5568,960,0,0,443,3,15,1
10,heldout,"Nullable(Patch(Dictionary(RLE(BitPack))))",SUM,16384,1.00000000,memory_warm,selective_closure,1945772.0,1946083.0,1946113.0,5223,5312,5312,91,0,16384,5568,960,0,0,443,3,15,1
10,heldout,"Nullable(Patch(Dictionary(RLE(BitPack))))",SUM,16384,1.00000000,memory_warm,broad_fused,1846194.0,1846714.0,1851162.0,5223,5568,5568,1,0,16384,5568,960,0,0,443,3,15,1
10,heldout,"Nullable(Patch(Dictionary(RLE(BitPack))))",SUM,16384,1.00000000,mmap_hot,selective_closure,1951771.0,1952773.0,1954736.0,5223,5312,5312,91,0,16384,5568,960,0,0,443,3,15,1
10,heldout,"Nullable(Patch(Dictionary(RLE(BitPack))))",SUM,16384,1.00000000,mmap_hot,broad_fused,1848507.0,1849358.0,1850601.0,5223,5568,5568,1,0,16384,5568,960,0,0,443,3,15,1
10,heldout,"Nullable(Patch(Dictionary(RLE(BitPack))))",SUM,16384,1.00000000,buffered_hot,selective_closure,2036598.0,2036728.0,2037489.0,5223,5312,5312,91,0,16384,5568,960,0,0,443,3,15,1
10,heldout,"Nullable(Patch(Dictionary(RLE(BitPack))))",SUM,16384,1.00000000,buffered_hot,broad_fused,1849299.0,1849659.0,1851582.0,5223,5568,5568,1,0,16384,5568,960,0,0,443,3,15,1
10,heldout,"Nullable(Patch(Dictionary(RLE(BitPack))))",SUM,16384,1.00000000,buffered_drop_cache,selective_closure,2161084.0,2167753.0,2173102.0,5223,5312,5312,91,0,16384,5568,960,0,0,443,3,15,1
10,heldout,"Nullable(Patch(Dictionary(RLE(BitPack))))",SUM,16384,1.00000000,buffered_drop_cache,broad_fused,1972973.0,1975347.0,1987354.0,5223,5568,5568,1,0,16384,5568,960,0,0,443,3,15,1
10,heldout,"Nullable(Patch(Dictionary(RLE(BitPack))))",BETWEEN,16384,1.00000000,memory_warm,selective_closure,1958662.0,1961455.0,1963269.0,5223,5312,5312,91,0,16384,5568,960,0,0,443,3,15,1
10,heldout,"Nullable(Patch(Dictionary(RLE(BitPack))))",BETWEEN,16384,1.00000000,memory_warm,broad_fused,1849028.0,1849159.0,1850089.0,5223,5568,5568,1,0,16384,5568,960,0,0,443,3,15,1
10,heldout,"Nullable(Patch(Dictionary(RLE(BitPack))))",BETWEEN,16384,1.00000000,mmap_hot,selective_closure,1965291.0,1968616.0,1972573.0,5223,5312,5312,91,0,16384,5568,960,0,0,443,3,15,1
10,heldout,"Nullable(Patch(Dictionary(RLE(BitPack))))",BETWEEN,16384,1.00000000,mmap_hot,broad_fused,1859744.0,1869328.0,1869419.0,5223,5568,5568,1,0,16384,5568,960,0,0,443,3,15,1
10,heldout,"Nullable(Patch(Dictionary(RLE(BitPack))))",BETWEEN,16384,1.00000000,buffered_hot,selective_closure,2049797.0,2049868.0,2054014.0,5223,5312,5312,91,0,16384,5568,960,0,0,443,3,15,1
10,heldout,"Nullable(Patch(Dictionary(RLE(BitPack))))",BETWEEN,16384,1.00000000,buffered_hot,broad_fused,1848727.0,1851802.0,1853024.0,5223,5568,5568,1,0,16384,5568,960,0,0,443,3,15,1
10,heldout,"Nullable(Patch(Dictionary(RLE(BitPack))))",BETWEEN,16384,1.00000000,buffered_drop_cache,selective_closure,2182876.0,2187393.0,2189736.0,5223,5312,5312,91,0,16384,5568,960,0,0,443,3,15,1
10,heldout,"Nullable(Patch(Dictionary(RLE(BitPack))))",BETWEEN,16384,1.00000000,buffered_drop_cache,broad_fused,1984631.0,1986554.0,1989998.0,5223,5568,5568,1,0,16384,5568,960,0,0,443,3,15,1
11,heldout,"Frame(Patch(FOR(BitPack)))",SUM,1,0.00006104,memory_warm,selective_closure,2096.6,2107.3,2118.9,631,35658,35658,2,1,1,35658,576,1,0,0,0,16,0
11,heldout,"Frame(Patch(FOR(BitPack)))",SUM,1,0.00006104,memory_warm,broad_fused,139842.0,139858.7,141147.0,35600,35658,35658,1,1,16384,35658,576,1,0,0,0,16,0
11,heldout,"Frame(Patch(FOR(BitPack)))",SUM,1,0.00006104,mmap_hot,selective_closure,3320.5,3330.1,3356.3,631,35658,35658,2,1,1,35658,576,1,0,0,0,16,0
11,heldout,"Frame(Patch(FOR(BitPack)))",SUM,1,0.00006104,mmap_hot,broad_fused,140933.7,140993.7,142098.7,35600,35658,35658,1,1,16384,35658,576,1,0,0,0,16,0
11,heldout,"Frame(Patch(FOR(BitPack)))",SUM,1,0.00006104,buffered_hot,selective_closure,5805.4,5824.6,5895.9,631,35658,35658,2,1,1,35658,576,1,0,0,0,16,0
11,heldout,"Frame(Patch(FOR(BitPack)))",SUM,1,0.00006104,buffered_hot,broad_fused,142923.3,144011.3,145510.3,35600,35658,35658,1,1,16384,35658,576,1,0,0,0,16,0
11,heldout,"Frame(Patch(FOR(BitPack)))",SUM,1,0.00006104,buffered_drop_cache,selective_closure,303192.0,303382.0,307178.0,631,35658,35658,2,1,1,35658,576,1,0,0,0,16,0
11,heldout,"Frame(Patch(FOR(BitPack)))",SUM,1,0.00006104,buffered_drop_cache,broad_fused,440648.0,441299.0,441990.0,35600,35658,35658,1,1,16384,35658,576,1,0,0,0,16,0
11,heldout,"Frame(Patch(FOR(BitPack)))",BETWEEN,1,0.00006104,memory_warm,selective_closure,2120.3,2121.9,2147.7,631,35658,35658,2,1,1,35658,576,1,0,0,0,16,0
11,heldout,"Frame(Patch(FOR(BitPack)))",BETWEEN,1,0.00006104,memory_warm,broad_fused,155138.0,157117.7,157138.0,35600,35658,35658,1,1,16384,35658,576,1,0,0,0,16,0
11,heldout,"Frame(Patch(FOR(BitPack)))",BETWEEN,1,0.00006104,mmap_hot,selective_closure,3350.9,3358.0,3392.1,631,35658,35658,2,1,1,35658,576,1,0,0,0,16,0
11,heldout,"Frame(Patch(FOR(BitPack)))",BETWEEN,1,0.00006104,mmap_hot,broad_fused,156273.3,156426.7,157371.3,35600,35658,35658,1,1,16384,35658,576,1,0,0,0,16,0
11,heldout,"Frame(Patch(FOR(BitPack)))",BETWEEN,1,0.00006104,buffered_hot,selective_closure,5827.7,5829.3,5897.7,631,35658,35658,2,1,1,35658,576,1,0,0,0,16,0
11,heldout,"Frame(Patch(FOR(BitPack)))",BETWEEN,1,0.00006104,buffered_hot,broad_fused,157992.3,158049.3,159454.3,35600,35658,35658,1,1,16384,35658,576,1,0,0,0,16,0
11,heldout,"Frame(Patch(FOR(BitPack)))",BETWEEN,1,0.00006104,buffered_drop_cache,selective_closure,301299.0,302211.0,302762.0,631,35658,35658,2,1,1,35658,576,1,0,0,0,16,0
11,heldout,"Frame(Patch(FOR(BitPack)))",BETWEEN,1,0.00006104,buffered_drop_cache,broad_fused,456010.0,456962.0,463061.0,35600,35658,35658,1,1,16384,35658,576,1,0,0,0,16,0
11,heldout,"Frame(Patch(FOR(BitPack)))",SUM,4,0.00024414,memory_warm,selective_closure,2136.1,2143.0,2156.7,638,35658,35658,2,1,4,35658,576,1,0,0,0,16,0
11,heldout,"Frame(Patch(FOR(BitPack)))",SUM,4,0.00024414,memory_warm,broad_fused,141130.3,141267.3,143290.3,35600,35658,35658,1,1,16384,35658,576,1,0,0,0,16,0
11,heldout,"Frame(Patch(FOR(BitPack)))",SUM,4,0.00024414,mmap_hot,selective_closure,3329.7,3331.1,3350.5,638,35658,35658,2,1,4,35658,576,1,0,0,0,16,0
11,heldout,"Frame(Patch(FOR(BitPack)))",SUM,4,0.00024414,mmap_hot,broad_fused,140526.3,141858.3,141885.0,35600,35658,35658,1,1,16384,35658,576,1,0,0,0,16,0
11,heldout,"Frame(Patch(FOR(BitPack)))",SUM,4,0.00024414,buffered_hot,selective_closure,5737.8,5746.3,5763.6,638,35658,35658,2,1,4,35658,576,1,0,0,0,16,0
11,heldout,"Frame(Patch(FOR(BitPack)))",SUM,4,0.00024414,buffered_hot,broad_fused,142212.0,142249.0,143807.7,35600,35658,35658,1,1,16384,35658,576,1,0,0,0,16,0
11,heldout,"Frame(Patch(FOR(BitPack)))",SUM,4,0.00024414,buffered_drop_cache,selective_closure,299567.0,301720.0,304664.0,638,35658,35658,2,1,4,35658,576,1,0,0,0,16,0
11,heldout,"Frame(Patch(FOR(BitPack)))",SUM,4,0.00024414,buffered_drop_cache,broad_fused,438924.0,439425.0,443942.0,35600,35658,35658,1,1,16384,35658,576,1,0,0,0,16,0
11,heldout,"Frame(Patch(FOR(BitPack)))",BETWEEN,4,0.00024414,memory_warm,selective_closure,2192.3,2204.5,2215.7,638,35658,35658,2,1,4,35658,576,1,0,0,0,16,0
11,heldout,"Frame(Patch(FOR(BitPack)))",BETWEEN,4,0.00024414,memory_warm,broad_fused,154937.7,156400.0,156470.0,35600,35658,35658,1,1,16384,35658,576,1,0,0,0,16,0
11,heldout,"Frame(Patch(FOR(BitPack)))",BETWEEN,4,0.00024414,mmap_hot,selective_closure,3236.1,3242.9,3271.2,638,35658,35658,2,1,4,35658,576,1,0,0,0,16,0
11,heldout,"Frame(Patch(FOR(BitPack)))",BETWEEN,4,0.00024414,mmap_hot,broad_fused,155969.3,156319.7,157642.0,35600,35658,35658,1,1,16384,35658,576,1,0,0,0,16,0
11,heldout,"Frame(Patch(FOR(BitPack)))",BETWEEN,4,0.00024414,buffered_hot,selective_closure,5798.5,5835.9,5869.9,638,35658,35658,2,1,4,35658,576,1,0,0,0,16,0
11,heldout,"Frame(Patch(FOR(BitPack)))",BETWEEN,4,0.00024414,buffered_hot,broad_fused,158075.7,158392.7,159491.0,35600,35658,35658,1,1,16384,35658,576,1,0,0,0,16,0
11,heldout,"Frame(Patch(FOR(BitPack)))",BETWEEN,4,0.00024414,buffered_drop_cache,selective_closure,300558.0,302972.0,304213.0,638,35658,35658,2,1,4,35658,576,1,0,0,0,16,0
11,heldout,"Frame(Patch(FOR(BitPack)))",BETWEEN,4,0.00024414,buffered_drop_cache,broad_fused,453577.0,454257.0,456571.0,35600,35658,35658,1,1,16384,35658,576,1,0,0,0,16,0
11,heldout,"Frame(Patch(FOR(BitPack)))",SUM,16,0.00097656,memory_warm,selective_closure,2292.2,2301.4,2308.8,662,35658,35658,2,1,16,35658,576,1,0,0,0,16,0
11,heldout,"Frame(Patch(FOR(BitPack)))",SUM,16,0.00097656,memory_warm,broad_fused,139571.7,139885.3,140910.3,35600,35658,35658,1,1,16384,35658,576,1,0,0,0,16,0
11,heldout,"Frame(Patch(FOR(BitPack)))",SUM,16,0.00097656,mmap_hot,selective_closure,3316.0,3331.5,3353.6,662,35658,35658,2,1,16,35658,576,1,0,0,0,16,0
11,heldout,"Frame(Patch(FOR(BitPack)))",SUM,16,0.00097656,mmap_hot,broad_fused,140439.7,140529.7,142042.0,35600,35658,35658,1,1,16384,35658,576,1,0,0,0,16,0
11,heldout,"Frame(Patch(FOR(BitPack)))",SUM,16,0.00097656,buffered_hot,selective_closure,5820.7,5870.6,5893.9,662,35658,35658,2,1,16,35658,576,1,0,0,0,16,0
11,heldout,"Frame(Patch(FOR(BitPack)))",SUM,16,0.00097656,buffered_hot,broad_fused,142259.0,142315.7,144265.3,35600,35658,35658,1,1,16384,35658,576,1,0,0,0,16,0
11,heldout,"Frame(Patch(FOR(BitPack)))",SUM,16,0.00097656,buffered_drop_cache,selective_closure,297774.0,301049.0,302812.0,662,35658,35658,2,1,16,35658,576,1,0,0,0,16,0
11,heldout,"Frame(Patch(FOR(BitPack)))",SUM,16,0.00097656,buffered_drop_cache,broad_fused,438735.0,439095.0,439115.0,35600,35658,35658,1,1,16384,35658,576,1,0,0,0,16,0
11,heldout,"Frame(Patch(FOR(BitPack)))",BETWEEN,16,0.00097656,memory_warm,selective_closure,2298.7,2319.4,2335.1,662,35658,35658,2,1,16,35658,576,1,0,0,0,16,0
11,heldout,"Frame(Patch(FOR(BitPack)))",BETWEEN,16,0.00097656,memory_warm,broad_fused,154707.3,156553.7,157588.3,35600,35658,35658,1,1,16384,35658,576,1,0,0,0,16,0
11,heldout,"Frame(Patch(FOR(BitPack)))",BETWEEN,16,0.00097656,mmap_hot,selective_closure,3359.9,3380.6,3383.2,662,35658,35658,2,1,16,35658,576,1,0,0,0,16,0
11,heldout,"Frame(Patch(FOR(BitPack)))",BETWEEN,16,0.00097656,mmap_hot,broad_fused,156016.0,157899.0,158082.3,35600,35658,35658,1,1,16384,35658,576,1,0,0,0,16,0
11,heldout,"Frame(Patch(FOR(BitPack)))",BETWEEN,16,0.00097656,buffered_hot,selective_closure,5839.4,5851.8,5884.6,662,35658,35658,2,1,16,35658,576,1,0,0,0,16,0
11,heldout,"Frame(Patch(FOR(BitPack)))",BETWEEN,16,0.00097656,buffered_hot,broad_fused,157955.7,158236.0,159431.3,35600,35658,35658,1,1,16384,35658,576,1,0,0,0,16,0
11,heldout,"Frame(Patch(FOR(BitPack)))",BETWEEN,16,0.00097656,buffered_drop_cache,selective_closure,301180.0,302080.0,304374.0,662,35658,35658,2,1,16,35658,576,1,0,0,0,16,0
11,heldout,"Frame(Patch(FOR(BitPack)))",BETWEEN,16,0.00097656,buffered_drop_cache,broad_fused,454208.0,454508.0,456171.0,35600,35658,35658,1,1,16384,35658,576,1,0,0,0,16,0
11,heldout,"Frame(Patch(FOR(BitPack)))",SUM,64,0.00390625,memory_warm,selective_closure,2690.7,2694.7,2717.3,764,35658,35658,2,1,64,35658,576,1,0,0,0,16,0
11,heldout,"Frame(Patch(FOR(BitPack)))",SUM,64,0.00390625,memory_warm,broad_fused,139484.7,139688.3,140830.0,35600,35658,35658,1,1,16384,35658,576,1,0,0,0,16,0
11,heldout,"Frame(Patch(FOR(BitPack)))",SUM,64,0.00390625,mmap_hot,selective_closure,3737.6,3744.0,3776.6,764,35658,35658,2,1,64,35658,576,1,0,0,0,16,0
11,heldout,"Frame(Patch(FOR(BitPack)))",SUM,64,0.00390625,mmap_hot,broad_fused,140736.7,141674.7,142382.3,35600,35658,35658,1,1,16384,35658,576,1,0,0,0,16,0
11,heldout,"Frame(Patch(FOR(BitPack)))",SUM,64,0.00390625,buffered_hot,selective_closure,6262.4,6291.8,6312.3,764,35658,35658,2,1,64,35658,576,1,0,0,0,16,0
11,heldout,"Frame(Patch(FOR(BitPack)))",SUM,64,0.00390625,buffered_hot,broad_fused,143637.7,144522.3,145998.0,35600,35658,35658,1,1,16384,35658,576,1,0,0,0,16,0
11,heldout,"Frame(Patch(FOR(BitPack)))",SUM,64,0.00390625,buffered_drop_cache,selective_closure,301630.0,301950.0,302992.0,764,35658,35658,2,1,64,35658,576,1,0,0,0,16,0
11,heldout,"Frame(Patch(FOR(BitPack)))",SUM,64,0.00390625,buffered_drop_cache,broad_fused,437493.0,437853.0,439465.0,35600,35658,35658,1,1,16384,35658,576,1,0,0,0,16,0
11,heldout,"Frame(Patch(FOR(BitPack)))",BETWEEN,64,0.00390625,memory_warm,selective_closure,2788.4,2837.8,2837.8,764,35658,35658,2,1,64,35658,576,1,0,0,0,16,0
11,heldout,"Frame(Patch(FOR(BitPack)))",BETWEEN,64,0.00390625,memory_warm,broad_fused,155064.7,155078.0,156944.0,35600,35658,35658,1,1,16384,35658,576,1,0,0,0,16,0
11,heldout,"Frame(Patch(FOR(BitPack)))",BETWEEN,64,0.00390625,mmap_hot,selective_closure,3832.6,3872.4,3875.5,764,35658,35658,2,1,64,35658,576,1,0,0,0,16,0
11,heldout,"Frame(Patch(FOR(BitPack)))",BETWEEN,64,0.00390625,mmap_hot,broad_fused,156316.7,157481.3,157822.0,35600,35658,35658,1,1,16384,35658,576,1,0,0,0,16,0
11,heldout,"Frame(Patch(FOR(BitPack)))",BETWEEN,64,0.00390625,buffered_hot,selective_closure,6340.8,6342.4,6407.3,764,35658,35658,2,1,64,35658,576,1,0,0,0,16,0
11,heldout,"Frame(Patch(FOR(BitPack)))",BETWEEN,64,0.00390625,buffered_hot,broad_fused,157882.3,158002.3,159541.3,35600,35658,35658,1,1,16384,35658,576,1,0,0,0,16,0
11,heldout,"Frame(Patch(FOR(BitPack)))",BETWEEN,64,0.00390625,buffered_drop_cache,selective_closure,301119.0,302571.0,303352.0,764,35658,35658,2,1,64,35658,576,1,0,0,0,16,0
11,heldout,"Frame(Patch(FOR(BitPack)))",BETWEEN,64,0.00390625,buffered_drop_cache,broad_fused,456651.0,458154.0,458393.0,35600,35658,35658,1,1,16384,35658,576,1,0,0,0,16,0
11,heldout,"Frame(Patch(FOR(BitPack)))",SUM,163,0.00994873,memory_warm,selective_closure,3646.4,3646.6,3668.8,976,35658,35658,2,1,163,35658,576,1,0,0,0,16,0
11,heldout,"Frame(Patch(FOR(BitPack)))",SUM,163,0.00994873,memory_warm,broad_fused,139655.0,139929.0,141327.3,35600,35658,35658,1,1,16384,35658,576,1,0,0,0,16,0
11,heldout,"Frame(Patch(FOR(BitPack)))",SUM,163,0.00994873,mmap_hot,selective_closure,4684.2,4699.5,4728.7,976,35658,35658,2,1,163,35658,576,1,0,0,0,16,0
11,heldout,"Frame(Patch(FOR(BitPack)))",SUM,163,0.00994873,mmap_hot,broad_fused,140650.0,141183.7,142275.7,35600,35658,35658,1,1,16384,35658,576,1,0,0,0,16,0
11,heldout,"Frame(Patch(FOR(BitPack)))",SUM,163,0.00994873,buffered_hot,selective_closure,7205.2,7308.2,7332.0,976,35658,35658,2,1,163,35658,576,1,0,0,0,16,0
11,heldout,"Frame(Patch(FOR(BitPack)))",SUM,163,0.00994873,buffered_hot,broad_fused,142302.0,142489.3,144065.0,35600,35658,35658,1,1,16384,35658,576,1,0,0,0,16,0
11,heldout,"Frame(Patch(FOR(BitPack)))",SUM,163,0.00994873,buffered_drop_cache,selective_closure,304164.0,304855.0,304915.0,976,35658,35658,2,1,163,35658,576,1,0,0,0,16,0
11,heldout,"Frame(Patch(FOR(BitPack)))",SUM,163,0.00994873,buffered_drop_cache,broad_fused,438134.0,439365.0,440938.0,35600,35658,35658,1,1,16384,35658,576,1,0,0,0,16,0
11,heldout,"Frame(Patch(FOR(BitPack)))",BETWEEN,163,0.00994873,memory_warm,selective_closure,3863.0,3870.4,3885.3,976,35658,35658,2,1,163,35658,576,1,0,0,0,16,0
11,heldout,"Frame(Patch(FOR(BitPack)))",BETWEEN,163,0.00994873,memory_warm,broad_fused,155275.0,156630.3,156867.3,35600,35658,35658,1,1,16384,35658,576,1,0,0,0,16,0
11,heldout,"Frame(Patch(FOR(BitPack)))",BETWEEN,163,0.00994873,mmap_hot,selective_closure,4908.3,4912.1,4951.4,976,35658,35658,2,1,163,35658,576,1,0,0,0,16,0
11,heldout,"Frame(Patch(FOR(BitPack)))",BETWEEN,163,0.00994873,mmap_hot,broad_fused,156470.0,156837.3,157902.3,35600,35658,35658,1,1,16384,35658,576,1,0,0,0,16,0
11,heldout,"Frame(Patch(FOR(BitPack)))",BETWEEN,163,0.00994873,buffered_hot,selective_closure,7400.3,7502.3,7621.2,976,35658,35658,2,1,163,35658,576,1,0,0,0,16,0
11,heldout,"Frame(Patch(FOR(BitPack)))",BETWEEN,163,0.00994873,buffered_hot,broad_fused,158236.0,158336.0,159684.7,35600,35658,35658,1,1,16384,35658,576,1,0,0,0,16,0
11,heldout,"Frame(Patch(FOR(BitPack)))",BETWEEN,163,0.00994873,buffered_drop_cache,selective_closure,303112.0,303723.0,304264.0,976,35658,35658,2,1,163,35658,576,1,0,0,0,16,0
11,heldout,"Frame(Patch(FOR(BitPack)))",BETWEEN,163,0.00994873,buffered_drop_cache,broad_fused,455299.0,455409.0,456571.0,35600,35658,35658,1,1,16384,35658,576,1,0,0,0,16,0
11,heldout,"Frame(Patch(FOR(BitPack)))",SUM,256,0.01562500,memory_warm,selective_closure,4452.1,4466.5,4512.1,1172,35658,35658,2,1,256,35658,576,1,0,0,0,16,0
11,heldout,"Frame(Patch(FOR(BitPack)))",SUM,256,0.01562500,memory_warm,broad_fused,139635.0,139671.7,140573.0,35600,35658,35658,1,1,16384,35658,576,1,0,0,0,16,0
11,heldout,"Frame(Patch(FOR(BitPack)))",SUM,256,0.01562500,mmap_hot,selective_closure,5497.8,5511.5,5556.9,1172,35658,35658,2,1,256,35658,576,1,0,0,0,16,0
11,heldout,"Frame(Patch(FOR(BitPack)))",SUM,256,0.01562500,mmap_hot,broad_fused,140679.7,140706.3,142466.0,35600,35658,35658,1,1,16384,35658,576,1,0,0,0,16,0
11,heldout,"Frame(Patch(FOR(BitPack)))",SUM,256,0.01562500,buffered_hot,selective_closure,8006.5,8011.6,8088.0,1172,35658,35658,2,1,256,35658,576,1,0,0,0,16,0
11,heldout,"Frame(Patch(FOR(BitPack)))",SUM,256,0.01562500,buffered_hot,broad_fused,142592.7,142909.7,144272.0,35600,35658,35658,1,1,16384,35658,576,1,0,0,0,16,0
11,heldout,"Frame(Patch(FOR(BitPack)))",SUM,256,0.01562500,buffered_drop_cache,selective_closure,303923.0,305135.0,306637.0,1172,35658,35658,2,1,256,35658,576,1,0,0,0,16,0
11,heldout,"Frame(Patch(FOR(BitPack)))",SUM,256,0.01562500,buffered_drop_cache,broad_fused,439536.0,439866.0,439996.0,35600,35658,35658,1,1,16384,35658,576,1,0,0,0,16,0
11,heldout,"Frame(Patch(FOR(BitPack)))",BETWEEN,256,0.01562500,memory_warm,selective_closure,4819.6,4846.7,4863.5,1172,35658,35658,2,1,256,35658,576,1,0,0,0,16,0
11,heldout,"Frame(Patch(FOR(BitPack)))",BETWEEN,256,0.01562500,memory_warm,broad_fused,155481.7,155592.0,156964.3,35600,35658,35658,1,1,16384,35658,576,1,0,0,0,16,0
11,heldout,"Frame(Patch(FOR(BitPack)))",BETWEEN,256,0.01562500,mmap_hot,selective_closure,5860.8,5868.4,5913.9,1172,35658,35658,2,1,256,35658,576,1,0,0,0,16,0
11,heldout,"Frame(Patch(FOR(BitPack)))",BETWEEN,256,0.01562500,mmap_hot,broad_fused,156596.7,157251.3,158676.7,35600,35658,35658,1,1,16384,35658,576,1,0,0,0,16,0
11,heldout,"Frame(Patch(FOR(BitPack)))",BETWEEN,256,0.01562500,buffered_hot,selective_closure,8376.9,8450.7,8459.2,1172,35658,35658,2,1,256,35658,576,1,0,0,0,16,0
11,heldout,"Frame(Patch(FOR(BitPack)))",BETWEEN,256,0.01562500,buffered_hot,broad_fused,158326.0,160005.3,160045.3,35600,35658,35658,1,1,16384,35658,576,1,0,0,0,16,0
11,heldout,"Frame(Patch(FOR(BitPack)))",BETWEEN,256,0.01562500,buffered_drop_cache,selective_closure,303773.0,305486.0,306557.0,1172,35658,35658,2,1,256,35658,576,1,0,0,0,16,0
11,heldout,"Frame(Patch(FOR(BitPack)))",BETWEEN,256,0.01562500,buffered_drop_cache,broad_fused,455109.0,455950.0,456160.0,35600,35658,35658,1,1,16384,35658,576,1,0,0,0,16,0
11,heldout,"Frame(Patch(FOR(BitPack)))",SUM,819,0.04998779,memory_warm,selective_closure,9984.9,10052.8,10082.6,2382,35658,35658,2,1,819,35658,576,1,0,0,0,16,0
11,heldout,"Frame(Patch(FOR(BitPack)))",SUM,819,0.04998779,memory_warm,broad_fused,139888.7,140039.0,141484.3,35600,35658,35658,1,1,16384,35658,576,1,0,0,0,16,0
11,heldout,"Frame(Patch(FOR(BitPack)))",SUM,819,0.04998779,mmap_hot,selective_closure,11025.8,11130.0,11135.7,2382,35658,35658,2,1,819,35658,576,1,0,0,0,16,0
11,heldout,"Frame(Patch(FOR(BitPack)))",SUM,819,0.04998779,mmap_hot,broad_fused,143601.0,143788.0,144422.0,35600,35658,35658,1,1,16384,35658,576,1,0,0,0,16,0
11,heldout,"Frame(Patch(FOR(BitPack)))",SUM,819,0.04998779,buffered_hot,selective_closure,13579.7,13620.6,13638.7,2382,35658,35658,2,1,819,35658,576,1,0,0,0,16,0
11,heldout,"Frame(Patch(FOR(BitPack)))",SUM,819,0.04998779,buffered_hot,broad_fused,142719.7,143934.7,144335.3,35600,35658,35658,1,1,16384,35658,576,1,0,0,0,16,0
11,heldout,"Frame(Patch(FOR(BitPack)))",SUM,819,0.04998779,buffered_drop_cache,selective_closure,310203.0,310423.0,310623.0,2382,35658,35658,2,1,819,35658,576,1,0,0,0,16,0
11,heldout,"Frame(Patch(FOR(BitPack)))",SUM,819,0.04998779,buffered_drop_cache,broad_fused,440097.0,441619.0,442160.0,35600,35658,35658,1,1,16384,35658,576,1,0,0,0,16,0
11,heldout,"Frame(Patch(FOR(BitPack)))",BETWEEN,819,0.04998779,memory_warm,selective_closure,11390.8,11489.8,11544.8,2382,35658,35658,2,1,819,35658,576,1,0,0,0,16,0
11,heldout,"Frame(Patch(FOR(BitPack)))",BETWEEN,819,0.04998779,memory_warm,broad_fused,156867.3,158005.7,158279.7,35600,35658,35658,1,1,16384,35658,576,1,0,0,0,16,0
11,heldout,"Frame(Patch(FOR(BitPack)))",BETWEEN,819,0.04998779,mmap_hot,selective_closure,12454.2,12457.3,12578.3,2382,35658,35658,2,1,819,35658,576,1,0,0,0,16,0
11,heldout,"Frame(Patch(FOR(BitPack)))",BETWEEN,819,0.04998779,mmap_hot,broad_fused,157735.5,157820.5,157880.5,35600,35658,35658,1,1,16384,35658,576,1,0,0,0,16,0
11,heldout,"Frame(Patch(FOR(BitPack)))",BETWEEN,819,0.04998779,buffered_hot,selective_closure,15090.0,15237.1,15246.2,2382,35658,35658,2,1,819,35658,576,1,0,0,0,16,0
11,heldout,"Frame(Patch(FOR(BitPack)))",BETWEEN,819,0.04998779,buffered_hot,broad_fused,160906.7,160923.3,161461.0,35600,35658,35658,1,1,16384,35658,576,1,0,0,0,16,0
11,heldout,"Frame(Patch(FOR(BitPack)))",BETWEEN,819,0.04998779,buffered_drop_cache,selective_closure,312085.0,314069.0,315120.0,2382,35658,35658,2,1,819,35658,576,1,0,0,0,16,0
11,heldout,"Frame(Patch(FOR(BitPack)))",BETWEEN,819,0.04998779,buffered_drop_cache,broad_fused,458464.0,459015.0,459405.0,35600,35658,35658,1,1,16384,35658,576,1,0,0,0,16,0
11,heldout,"Frame(Patch(FOR(BitPack)))",SUM,1638,0.09997559,memory_warm,selective_closure,17647.1,17785.8,17788.7,4130,35658,35658,2,1,1638,35658,576,1,0,0,0,16,0
11,heldout,"Frame(Patch(FOR(BitPack)))",SUM,1638,0.09997559,memory_warm,broad_fused,140266.0,140589.7,141941.7,35600,35658,35658,1,1,16384,35658,576,1,0,0,0,16,0
11,heldout,"Frame(Patch(FOR(BitPack)))",SUM,1638,0.09997559,mmap_hot,selective_closure,18644.0,18842.7,18882.0,4130,35658,35658,2,1,1638,35658,576,1,0,0,0,16,0
11,heldout,"Frame(Patch(FOR(BitPack)))",SUM,1638,0.09997559,mmap_hot,broad_fused,141514.3,142786.3,143060.0,35600,35658,35658,1,1,16384,35658,576,1,0,0,0,16,0
11,heldout,"Frame(Patch(FOR(BitPack)))",SUM,1638,0.09997559,buffered_hot,selective_closure,21222.1,21436.8,21478.1,4130,35658,35658,2,1,1638,35658,576,1,0,0,0,16,0
11,heldout,"Frame(Patch(FOR(BitPack)))",SUM,1638,0.09997559,buffered_hot,broad_fused,143514.0,144692.7,145109.7,35600,35658,35658,1,1,16384,35658,576,1,0,0,0,16,0
11,heldout,"Frame(Patch(FOR(BitPack)))",SUM,1638,0.09997559,buffered_drop_cache,selective_closure,316241.0,316753.0,317664.0,4130,35658,35658,2,1,1638,35658,576,1,0,0,0,16,0
11,heldout,"Frame(Patch(FOR(BitPack)))",SUM,1638,0.09997559,buffered_drop_cache,broad_fused,439396.0,440927.0,442700.0,35600,35658,35658,1,1,16384,35658,576,1,0,0,0,16,0
11,heldout,"Frame(Patch(FOR(BitPack)))",BETWEEN,1638,0.09997559,memory_warm,selective_closure,20451.3,20658.7,20658.8,4130,35658,35658,2,1,1638,35658,576,1,0,0,0,16,0
11,heldout,"Frame(Patch(FOR(BitPack)))",BETWEEN,1638,0.09997559,memory_warm,broad_fused,158994.0,160128.7,160563.0,35600,35658,35658,1,1,16384,35658,576,1,0,0,0,16,0
11,heldout,"Frame(Patch(FOR(BitPack)))",BETWEEN,1638,0.09997559,mmap_hot,selective_closure,21483.3,21488.6,21658.0,4130,35658,35658,2,1,1638,35658,576,1,0,0,0,16,0
11,heldout,"Frame(Patch(FOR(BitPack)))",BETWEEN,1638,0.09997559,mmap_hot,broad_fused,159558.0,159608.0,161026.7,35600,35658,35658,1,1,16384,35658,576,1,0,0,0,16,0
11,heldout,"Frame(Patch(FOR(BitPack)))",BETWEEN,1638,0.09997559,buffered_hot,selective_closure,24065.9,24278.2,24303.8,4130,35658,35658,2,1,1638,35658,576,1,0,0,0,16,0
11,heldout,"Frame(Patch(FOR(BitPack)))",BETWEEN,1638,0.09997559,buffered_hot,broad_fused,162549.3,162769.7,163109.7,35600,35658,35658,1,1,16384,35658,576,1,0,0,0,16,0
11,heldout,"Frame(Patch(FOR(BitPack)))",BETWEEN,1638,0.09997559,buffered_drop_cache,selective_closure,318746.0,319898.0,320658.0,4130,35658,35658,2,1,1638,35658,576,1,0,0,0,16,0
11,heldout,"Frame(Patch(FOR(BitPack)))",BETWEEN,1638,0.09997559,buffered_drop_cache,broad_fused,457342.0,459315.0,461939.0,35600,35658,35658,1,1,16384,35658,576,1,0,0,0,16,0
11,heldout,"Frame(Patch(FOR(BitPack)))",SUM,3276,0.19995117,memory_warm,selective_closure,33282.5,33339.1,33601.6,7622,35658,35658,2,1,3276,35658,576,1,0,0,0,16,0
11,heldout,"Frame(Patch(FOR(BitPack)))",SUM,3276,0.19995117,memory_warm,broad_fused,141250.7,141391.0,142602.7,35600,35658,35658,1,1,16384,35658,576,1,0,0,0,16,0
11,heldout,"Frame(Patch(FOR(BitPack)))",SUM,3276,0.19995117,mmap_hot,selective_closure,34355.6,34427.8,34586.6,7622,35658,35658,2,1,3276,35658,576,1,0,0,0,16,0
11,heldout,"Frame(Patch(FOR(BitPack)))",SUM,3276,0.19995117,mmap_hot,broad_fused,142372.3,143834.7,143988.0,35600,35658,35658,1,1,16384,35658,576,1,0,0,0,16,0
11,heldout,"Frame(Patch(FOR(BitPack)))",SUM,3276,0.19995117,buffered_hot,selective_closure,37037.5,37047.5,37413.5,7622,35658,35658,2,1,3276,35658,576,1,0,0,0,16,0
11,heldout,"Frame(Patch(FOR(BitPack)))",SUM,3276,0.19995117,buffered_hot,broad_fused,144438.7,146258.3,146385.0,35600,35658,35658,1,1,16384,35658,576,1,0,0,0,16,0
11,heldout,"Frame(Patch(FOR(BitPack)))",SUM,3276,0.19995117,buffered_drop_cache,selective_closure,333798.0,336452.0,338605.0,7622,35658,35658,2,1,3276,35658,576,1,0,0,0,16,0
11,heldout,"Frame(Patch(FOR(BitPack)))",SUM,3276,0.19995117,buffered_drop_cache,broad_fused,441749.0,441869.0,443792.0,35600,35658,35658,1,1,16384,35658,576,1,0,0,0,16,0
11,heldout,"Frame(Patch(FOR(BitPack)))",BETWEEN,3276,0.19995117,memory_warm,selective_closure,39108.3,39126.7,39782.7,7622,35658,35658,2,1,3276,35658,576,1,0,0,0,16,0
11,heldout,"Frame(Patch(FOR(BitPack)))",BETWEEN,3276,0.19995117,memory_warm,broad_fused,161945.0,162095.0,163103.3,35600,35658,35658,1,1,16384,35658,576,1,0,0,0,16,0
11,heldout,"Frame(Patch(FOR(BitPack)))",BETWEEN,3276,0.19995117,mmap_hot,selective_closure,40208.2,40660.7,40667.3,7622,35658,35658,2,1,3276,35658,576,1,0,0,0,16,0
11,heldout,"Frame(Patch(FOR(BitPack)))",BETWEEN,3276,0.19995117,mmap_hot,broad_fused,163440.3,164522.0,164525.3,35600,35658,35658,1,1,16384,35658,576,1,0,0,0,16,0
11,heldout,"Frame(Patch(FOR(BitPack)))",BETWEEN,3276,0.19995117,buffered_hot,selective_closure,42861.3,42927.7,43308.2,7622,35658,35658,2,1,3276,35658,576,1,0,0,0,16,0
11,heldout,"Frame(Patch(FOR(BitPack)))",BETWEEN,3276,0.19995117,buffered_hot,broad_fused,164640.5,164665.5,164951.5,35600,35658,35658,1,1,16384,35658,576,1,0,0,0,16,0
11,heldout,"Frame(Patch(FOR(BitPack)))",BETWEEN,3276,0.19995117,buffered_drop_cache,selective_closure,339046.0,340598.0,343673.0,7622,35658,35658,2,1,3276,35658,576,1,0,0,0,16,0
11,heldout,"Frame(Patch(FOR(BitPack)))",BETWEEN,3276,0.19995117,buffered_drop_cache,broad_fused,460396.0,460787.0,461649.0,35600,35658,35658,1,1,16384,35658,576,1,0,0,0,16,0
11,heldout,"Frame(Patch(FOR(BitPack)))",SUM,4915,0.29998779,memory_warm,selective_closure,49044.1,49564.9,49652.1,11126,35658,35658,2,1,4915,35658,576,1,0,0,0,16,0
11,heldout,"Frame(Patch(FOR(BitPack)))",SUM,4915,0.29998779,memory_warm,broad_fused,142118.7,142355.7,143844.7,35600,35658,35658,1,1,16384,35658,576,1,0,0,0,16,0
11,heldout,"Frame(Patch(FOR(BitPack)))",SUM,4915,0.29998779,mmap_hot,selective_closure,50165.9,50168.2,50770.2,11126,35658,35658,2,1,4915,35658,576,1,0,0,0,16,0
11,heldout,"Frame(Patch(FOR(BitPack)))",SUM,4915,0.29998779,mmap_hot,broad_fused,143333.7,144735.7,144822.7,35600,35658,35658,1,1,16384,35658,576,1,0,0,0,16,0
11,heldout,"Frame(Patch(FOR(BitPack)))",SUM,4915,0.29998779,buffered_hot,selective_closure,52836.6,53021.3,53376.2,11126,35658,35658,2,1,4915,35658,576,1,0,0,0,16,0
11,heldout,"Frame(Patch(FOR(BitPack)))",SUM,4915,0.29998779,buffered_hot,broad_fused,146775.7,147026.0,147560.3,35600,35658,35658,1,1,16384,35658,576,1,0,0,0,16,0
11,heldout,"Frame(Patch(FOR(BitPack)))",SUM,4915,0.29998779,buffered_drop_cache,selective_closure,347168.0,349502.0,351344.0,11126,35658,35658,2,1,4915,35658,576,1,0,0,0,16,0
11,heldout,"Frame(Patch(FOR(BitPack)))",SUM,4915,0.29998779,buffered_drop_cache,broad_fused,441248.0,442150.0,442310.0,35600,35658,35658,1,1,16384,35658,576,1,0,0,0,16,0
11,heldout,"Frame(Patch(FOR(BitPack)))",BETWEEN,4915,0.29998779,memory_warm,selective_closure,57962.8,58032.9,58616.1,11126,35658,35658,2,1,4915,35658,576,1,0,0,0,16,0
11,heldout,"Frame(Patch(FOR(BitPack)))",BETWEEN,4915,0.29998779,memory_warm,broad_fused,165189.7,165457.0,166344.7,35600,35658,35658,1,1,16384,35658,576,1,0,0,0,16,0
11,heldout,"Frame(Patch(FOR(BitPack)))",BETWEEN,4915,0.29998779,mmap_hot,selective_closure,59158.2,59630.2,59631.5,11126,35658,35658,2,1,4915,35658,576,1,0,0,0,16,0
11,heldout,"Frame(Patch(FOR(BitPack)))",BETWEEN,4915,0.29998779,mmap_hot,broad_fused,166471.7,167670.0,167677.0,35600,35658,35658,1,1,16384,35658,576,1,0,0,0,16,0
11,heldout,"Frame(Patch(FOR(BitPack)))",BETWEEN,4915,0.29998779,buffered_hot,selective_closure,61778.4,61839.8,62400.5,11126,35658,35658,2,1,4915,35658,576,1,0,0,0,16,0
11,heldout,"Frame(Patch(FOR(BitPack)))",BETWEEN,4915,0.29998779,buffered_hot,broad_fused,168391.0,168806.5,169853.5,35600,35658,35658,1,1,16384,35658,576,1,0,0,0,16,0
11,heldout,"Frame(Patch(FOR(BitPack)))",BETWEEN,4915,0.29998779,buffered_drop_cache,selective_closure,356412.0,358825.0,362660.0,11126,35658,35658,2,1,4915,35658,576,1,0,0,0,16,0
11,heldout,"Frame(Patch(FOR(BitPack)))",BETWEEN,4915,0.29998779,buffered_drop_cache,broad_fused,463411.0,463661.0,463691.0,35600,35658,35658,1,1,16384,35658,576,1,0,0,0,16,0
11,heldout,"Frame(Patch(FOR(BitPack)))",SUM,6553,0.39996338,memory_warm,selective_closure,64094.1,64251.6,64882.4,14614,35658,35658,2,1,6553,35658,576,1,0,0,0,16,0
11,heldout,"Frame(Patch(FOR(BitPack)))",SUM,6553,0.39996338,memory_warm,broad_fused,143050.0,143133.3,144078.3,35600,35658,35658,1,1,16384,35658,576,1,0,0,0,16,0
11,heldout,"Frame(Patch(FOR(BitPack)))",SUM,6553,0.39996338,mmap_hot,selective_closure,65200.1,65283.1,65769.4,14614,35658,35658,2,1,6553,35658,576,1,0,0,0,16,0
11,heldout,"Frame(Patch(FOR(BitPack)))",SUM,6553,0.39996338,mmap_hot,broad_fused,144358.7,144762.3,145073.0,35600,35658,35658,1,1,16384,35658,576,1,0,0,0,16,0
11,heldout,"Frame(Patch(FOR(BitPack)))",SUM,6553,0.39996338,buffered_hot,selective_closure,68008.7,68426.3,68443.4,14614,35658,35658,2,1,6553,35658,576,1,0,0,0,16,0
11,heldout,"Frame(Patch(FOR(BitPack)))",SUM,6553,0.39996338,buffered_hot,broad_fused,145777.3,145780.7,146959.3,35600,35658,35658,1,1,16384,35658,576,1,0,0,0,16,0
11,heldout,"Frame(Patch(FOR(BitPack)))",SUM,6553,0.39996338,buffered_drop_cache,selective_closure,363112.0,364584.0,366006.0,14614,35658,35658,2,1,6553,35658,576,1,0,0,0,16,0
11,heldout,"Frame(Patch(FOR(BitPack)))",SUM,6553,0.39996338,buffered_drop_cache,broad_fused,442190.0,442230.0,446926.0,35600,35658,35658,1,1,16384,35658,576,1,0,0,0,16,0
11,heldout,"Frame(Patch(FOR(BitPack)))",BETWEEN,6553,0.39996338,memory_warm,selective_closure,75928.2,76769.5,76919.8,14614,35658,35658,2,1,6553,35658,576,1,0,0,0,16,0
11,heldout,"Frame(Patch(FOR(BitPack)))",BETWEEN,6553,0.39996338,memory_warm,broad_fused,169072.0,169137.0,170299.0,35600,35658,35658,1,1,16384,35658,576,1,0,0,0,16,0
11,heldout,"Frame(Patch(FOR(BitPack)))",BETWEEN,6553,0.39996338,mmap_hot,selective_closure,76984.8,77670.8,77710.8,14614,35658,35658,2,1,6553,35658,576,1,0,0,0,16,0
11,heldout,"Frame(Patch(FOR(BitPack)))",BETWEEN,6553,0.39996338,mmap_hot,broad_fused,169663.0,169758.0,171606.0,35600,35658,35658,1,1,16384,35658,576,1,0,0,0,16,0
11,heldout,"Frame(Patch(FOR(BitPack)))",BETWEEN,6553,0.39996338,buffered_hot,selective_closure,79473.5,79510.3,79852.3,14614,35658,35658,2,1,6553,35658,576,1,0,0,0,16,0
11,heldout,"Frame(Patch(FOR(BitPack)))",BETWEEN,6553,0.39996338,buffered_hot,broad_fused,171826.0,172056.5,173619.0,35600,35658,35658,1,1,16384,35658,576,1,0,0,0,16,0
11,heldout,"Frame(Patch(FOR(BitPack)))",BETWEEN,6553,0.39996338,buffered_drop_cache,selective_closure,377112.0,378404.0,378775.0,14614,35658,35658,2,1,6553,35658,576,1,0,0,0,16,0
11,heldout,"Frame(Patch(FOR(BitPack)))",BETWEEN,6553,0.39996338,buffered_drop_cache,broad_fused,468188.0,469641.0,471974.0,35600,35658,35658,1,1,16384,35658,576,1,0,0,0,16,0
11,heldout,"Frame(Patch(FOR(BitPack)))",SUM,8192,0.50000000,memory_warm,selective_closure,79902.5,80790.5,81252.8,18116,35658,35658,2,1,8192,35658,576,1,0,0,0,16,0
11,heldout,"Frame(Patch(FOR(BitPack)))",SUM,8192,0.50000000,memory_warm,broad_fused,143764.3,144011.3,145326.7,35600,35658,35658,1,1,16384,35658,576,1,0,0,0,16,0
11,heldout,"Frame(Patch(FOR(BitPack)))",SUM,8192,0.50000000,mmap_hot,selective_closure,80990.8,81723.5,81753.7,18116,35658,35658,2,1,8192,35658,576,1,0,0,0,16,0
11,heldout,"Frame(Patch(FOR(BitPack)))",SUM,8192,0.50000000,mmap_hot,broad_fused,145373.7,147076.0,147657.0,35600,35658,35658,1,1,16384,35658,576,1,0,0,0,16,0
11,heldout,"Frame(Patch(FOR(BitPack)))",SUM,8192,0.50000000,buffered_hot,selective_closure,83863.2,83917.2,84900.6,18116,35658,35658,2,1,8192,35658,576,1,0,0,0,16,0
11,heldout,"Frame(Patch(FOR(BitPack)))",SUM,8192,0.50000000,buffered_hot,broad_fused,147419.7,148488.3,148491.7,35600,35658,35658,1,1,16384,35658,576,1,0,0,0,16,0
11,heldout,"Frame(Patch(FOR(BitPack)))",SUM,8192,0.50000000,buffered_drop_cache,selective_closure,380497.0,381790.0,388950.0,18116,35658,35658,2,1,8192,35658,576,1,0,0,0,16,0
11,heldout,"Frame(Patch(FOR(BitPack)))",SUM,8192,0.50000000,buffered_drop_cache,broad_fused,443742.0,444292.0,444362.0,35600,35658,35658,1,1,16384,35658,576,1,0,0,0,16,0
11,heldout,"Frame(Patch(FOR(BitPack)))",BETWEEN,8192,0.50000000,memory_warm,selective_closure,94683.4,94795.4,95728.8,18116,35658,35658,2,1,8192,35658,576,1,0,0,0,16,0
11,heldout,"Frame(Patch(FOR(BitPack)))",BETWEEN,8192,0.50000000,memory_warm,broad_fused,172267.0,172492.0,174300.0,35600,35658,35658,1,1,16384,35658,576,1,0,0,0,16,0
11,heldout,"Frame(Patch(FOR(BitPack)))",BETWEEN,8192,0.50000000,mmap_hot,selective_closure,95732.8,95742.8,96756.4,18116,35658,35658,2,1,8192,35658,576,1,0,0,0,16,0
11,heldout,"Frame(Patch(FOR(BitPack)))",BETWEEN,8192,0.50000000,mmap_hot,broad_fused,173168.0,173183.5,175426.5,35600,35658,35658,1,1,16384,35658,576,1,0,0,0,16,0
11,heldout,"Frame(Patch(FOR(BitPack)))",BETWEEN,8192,0.50000000,buffered_hot,selective_closure,98294.6,98360.6,99290.2,18116,35658,35658,2,1,8192,35658,576,1,0,0,0,16,0
11,heldout,"Frame(Patch(FOR(BitPack)))",BETWEEN,8192,0.50000000,buffered_hot,broad_fused,175502.0,175627.0,177900.5,35600,35658,35658,1,1,16384,35658,576,1,0,0,0,16,0
11,heldout,"Frame(Patch(FOR(BitPack)))",BETWEEN,8192,0.50000000,buffered_drop_cache,selective_closure,395730.0,396291.0,397042.0,18116,35658,35658,2,1,8192,35658,576,1,0,0,0,16,0
11,heldout,"Frame(Patch(FOR(BitPack)))",BETWEEN,8192,0.50000000,buffered_drop_cache,broad_fused,472074.0,472364.0,472495.0,35600,35658,35658,1,1,16384,35658,576,1,0,0,0,16,0
11,heldout,"Frame(Patch(FOR(BitPack)))",SUM,9830,0.59997559,memory_warm,selective_closure,95688.8,96550.0,96990.6,21618,35658,35658,2,1,9830,35658,576,1,0,0,0,16,0
11,heldout,"Frame(Patch(FOR(BitPack)))",SUM,9830,0.59997559,memory_warm,broad_fused,145353.7,146194.7,146405.0,35600,35658,35658,1,1,16384,35658,576,1,0,0,0,16,0
11,heldout,"Frame(Patch(FOR(BitPack)))",SUM,9830,0.59997559,mmap_hot,selective_closure,96722.4,96724.2,97573.4,21618,35658,35658,2,1,9830,35658,576,1,0,0,0,16,0
11,heldout,"Frame(Patch(FOR(BitPack)))",SUM,9830,0.59997559,mmap_hot,broad_fused,145834.3,145924.3,147359.7,35600,35658,35658,1,1,16384,35658,576,1,0,0,0,16,0
11,heldout,"Frame(Patch(FOR(BitPack)))",SUM,9830,0.59997559,buffered_hot,selective_closure,99378.2,100393.8,100425.8,21618,35658,35658,2,1,9830,35658,576,1,0,0,0,16,0
11,heldout,"Frame(Patch(FOR(BitPack)))",SUM,9830,0.59997559,buffered_hot,broad_fused,147720.3,147753.7,149659.7,35600,35658,35658,1,1,16384,35658,576,1,0,0,0,16,0
11,heldout,"Frame(Patch(FOR(BitPack)))",SUM,9830,0.59997559,buffered_drop_cache,selective_closure,395150.0,396451.0,396932.0,21618,35658,35658,2,1,9830,35658,576,1,0,0,0,16,0
11,heldout,"Frame(Patch(FOR(BitPack)))",SUM,9830,0.59997559,buffered_drop_cache,broad_fused,443932.0,444123.0,444784.0,35600,35658,35658,1,1,16384,35658,576,1,0,0,0,16,0
11,heldout,"Frame(Patch(FOR(BitPack)))",BETWEEN,9830,0.59997559,memory_warm,selective_closure,110299.5,110550.0,111494.0,21618,35658,35658,2,1,9830,35658,576,1,0,0,0,16,0
11,heldout,"Frame(Patch(FOR(BitPack)))",BETWEEN,9830,0.59997559,memory_warm,broad_fused,172933.0,172988.0,173008.0,35600,35658,35658,1,1,16384,35658,576,1,0,0,0,16,0
11,heldout,"Frame(Patch(FOR(BitPack)))",BETWEEN,9830,0.59997559,mmap_hot,selective_closure,111634.0,111664.0,112921.0,21618,35658,35658,2,1,9830,35658,576,1,0,0,0,16,0
11,heldout,"Frame(Patch(FOR(BitPack)))",BETWEEN,9830,0.59997559,mmap_hot,broad_fused,174029.5,174235.0,174600.5,35600,35658,35658,1,1,16384,35658,576,1,0,0,0,16,0
11,heldout,"Frame(Patch(FOR(BitPack)))",BETWEEN,9830,0.59997559,buffered_hot,selective_closure,114280.5,114415.5,115417.2,21618,35658,35658,2,1,9830,35658,576,1,0,0,0,16,0
11,heldout,"Frame(Patch(FOR(BitPack)))",BETWEEN,9830,0.59997559,buffered_hot,broad_fused,175812.0,175952.5,175992.5,35600,35658,35658,1,1,16384,35658,576,1,0,0,0,16,0
11,heldout,"Frame(Patch(FOR(BitPack)))",BETWEEN,9830,0.59997559,buffered_drop_cache,selective_closure,410853.0,411924.0,412886.0,21618,35658,35658,2,1,9830,35658,576,1,0,0,0,16,0
11,heldout,"Frame(Patch(FOR(BitPack)))",BETWEEN,9830,0.59997559,buffered_drop_cache,broad_fused,472374.0,472425.0,473266.0,35600,35658,35658,1,1,16384,35658,576,1,0,0,0,16,0
11,heldout,"Frame(Patch(FOR(BitPack)))",SUM,11468,0.69995117,memory_warm,selective_closure,111293.5,111363.8,112432.8,25118,35658,35658,2,1,11468,35658,576,1,0,0,0,16,0
11,heldout,"Frame(Patch(FOR(BitPack)))",SUM,11468,0.69995117,memory_warm,broad_fused,145724.0,145727.3,147707.0,35600,35658,35658,1,1,16384,35658,576,1,0,0,0,16,0
11,heldout,"Frame(Patch(FOR(BitPack)))",SUM,11468,0.69995117,mmap_hot,selective_closure,112462.8,113559.2,113619.5,25118,35658,35658,2,1,11468,35658,576,1,0,0,0,16,0
11,heldout,"Frame(Patch(FOR(BitPack)))",SUM,11468,0.69995117,mmap_hot,broad_fused,146709.0,146882.3,148481.3,35600,35658,35658,1,1,16384,35658,576,1,0,0,0,16,0
11,heldout,"Frame(Patch(FOR(BitPack)))",SUM,11468,0.69995117,buffered_hot,selective_closure,115304.5,115407.2,116571.2,25118,35658,35658,2,1,11468,35658,576,1,0,0,0,16,0
11,heldout,"Frame(Patch(FOR(BitPack)))",SUM,11468,0.69995117,buffered_hot,broad_fused,148875.7,150197.3,150230.7,35600,35658,35658,1,1,16384,35658,576,1,0,0,0,16,0
11,heldout,"Frame(Patch(FOR(BitPack)))",SUM,11468,0.69995117,buffered_drop_cache,selective_closure,411343.0,412025.0,414508.0,25118,35658,35658,2,1,11468,35658,576,1,0,0,0,16,0
11,heldout,"Frame(Patch(FOR(BitPack)))",SUM,11468,0.69995117,buffered_drop_cache,broad_fused,444793.0,444823.0,446667.0,35600,35658,35658,1,1,16384,35658,576,1,0,0,0,16,0
11,heldout,"Frame(Patch(FOR(BitPack)))",BETWEEN,11468,0.69995117,memory_warm,selective_closure,125797.7,126098.0,127787.3,25118,35658,35658,2,1,11468,35658,576,1,0,0,0,16,0
11,heldout,"Frame(Patch(FOR(BitPack)))",BETWEEN,11468,0.69995117,memory_warm,broad_fused,173739.0,173994.5,175787.0,35600,35658,35658,1,1,16384,35658,576,1,0,0,0,16,0
11,heldout,"Frame(Patch(FOR(BitPack)))",BETWEEN,11468,0.69995117,mmap_hot,selective_closure,127116.0,127209.7,128768.7,25118,35658,35658,2,1,11468,35658,576,1,0,0,0,16,0
11,heldout,"Frame(Patch(FOR(BitPack)))",BETWEEN,11468,0.69995117,mmap_hot,broad_fused,174816.0,174916.0,174976.0,35600,35658,35658,1,1,16384,35658,576,1,0,0,0,16,0
11,heldout,"Frame(Patch(FOR(BitPack)))",BETWEEN,11468,0.69995117,buffered_hot,selective_closure,129860.3,130090.7,131312.7,25118,35658,35658,2,1,11468,35658,576,1,0,0,0,16,0
11,heldout,"Frame(Patch(FOR(BitPack)))",BETWEEN,11468,0.69995117,buffered_hot,broad_fused,176603.5,176734.0,178751.5,35600,35658,35658,1,1,16384,35658,576,1,0,0,0,16,0
11,heldout,"Frame(Patch(FOR(BitPack)))",BETWEEN,11468,0.69995117,buffered_drop_cache,selective_closure,426356.0,427077.0,432395.0,25118,35658,35658,2,1,11468,35658,576,1,0,0,0,16,0
11,heldout,"Frame(Patch(FOR(BitPack)))",BETWEEN,11468,0.69995117,buffered_drop_cache,broad_fused,476731.0,476822.0,480537.0,35600,35658,35658,1,1,16384,35658,576,1,0,0,0,16,0
11,heldout,"Frame(Patch(FOR(BitPack)))",SUM,13107,0.79998779,memory_warm,selective_closure,127139.7,127256.7,128672.0,28614,35658,35658,2,1,13107,35658,576,1,0,0,0,16,0
11,heldout,"Frame(Patch(FOR(BitPack)))",SUM,13107,0.79998779,memory_warm,broad_fused,146715.7,148097.7,148154.3,35600,35658,35658,1,1,16384,35658,576,1,0,0,0,16,0
11,heldout,"Frame(Patch(FOR(BitPack)))",SUM,13107,0.79998779,mmap_hot,selective_closure,128144.7,128341.3,129583.3,28614,35658,35658,2,1,13107,35658,576,1,0,0,0,16,0
11,heldout,"Frame(Patch(FOR(BitPack)))",SUM,13107,0.79998779,mmap_hot,broad_fused,148341.3,149316.3,149503.0,35600,35658,35658,1,1,16384,35658,576,1,0,0,0,16,0
11,heldout,"Frame(Patch(FOR(BitPack)))",SUM,13107,0.79998779,buffered_hot,selective_closure,130671.7,130718.3,132507.7,28614,35658,35658,2,1,13107,35658,576,1,0,0,0,16,0
11,heldout,"Frame(Patch(FOR(BitPack)))",SUM,13107,0.79998779,buffered_hot,broad_fused,149436.3,150808.3,150945.0,35600,35658,35658,1,1,16384,35658,576,1,0,0,0,16,0
11,heldout,"Frame(Patch(FOR(BitPack)))",SUM,13107,0.79998779,buffered_drop_cache,selective_closure,426576.0,427337.0,431854.0,28614,35658,35658,2,1,13107,35658,576,1,0,0,0,16,0
11,heldout,"Frame(Patch(FOR(BitPack)))",SUM,13107,0.79998779,buffered_drop_cache,broad_fused,446846.0,447537.0,449069.0,35600,35658,35658,1,1,16384,35658,576,1,0,0,0,16,0
11,heldout,"Frame(Patch(FOR(BitPack)))",BETWEEN,13107,0.79998779,memory_warm,selective_closure,141227.3,142796.3,142829.7,28614,35658,35658,2,1,13107,35658,576,1,0,0,0,16,0
11,heldout,"Frame(Patch(FOR(BitPack)))",BETWEEN,13107,0.79998779,memory_warm,broad_fused,174530.5,174625.5,176648.5,35600,35658,35658,1,1,16384,35658,576,1,0,0,0,16,0
11,heldout,"Frame(Patch(FOR(BitPack)))",BETWEEN,13107,0.79998779,mmap_hot,selective_closure,142596.0,142796.3,144051.7,28614,35658,35658,2,1,13107,35658,576,1,0,0,0,16,0
11,heldout,"Frame(Patch(FOR(BitPack)))",BETWEEN,13107,0.79998779,mmap_hot,broad_fused,175562.0,175837.0,177715.0,35600,35658,35658,1,1,16384,35658,576,1,0,0,0,16,0
11,heldout,"Frame(Patch(FOR(BitPack)))",BETWEEN,13107,0.79998779,buffered_hot,selective_closure,145293.3,145327.0,146839.0,28614,35658,35658,2,1,13107,35658,576,1,0,0,0,16,0
11,heldout,"Frame(Patch(FOR(BitPack)))",BETWEEN,13107,0.79998779,buffered_hot,broad_fused,177239.5,177720.0,179607.5,35600,35658,35658,1,1,16384,35658,576,1,0,0,0,16,0
11,heldout,"Frame(Patch(FOR(BitPack)))",BETWEEN,13107,0.79998779,buffered_drop_cache,selective_closure,443282.0,448048.0,448368.0,28614,35658,35658,2,1,13107,35658,576,1,0,0,0,16,0
11,heldout,"Frame(Patch(FOR(BitPack)))",BETWEEN,13107,0.79998779,buffered_drop_cache,broad_fused,473216.0,480497.0,480717.0,35600,35658,35658,1,1,16384,35658,576,1,0,0,0,16,0
11,heldout,"Frame(Patch(FOR(BitPack)))",SUM,14745,0.89996338,memory_warm,selective_closure,142596.0,143080.0,144215.0,32110,35658,35658,2,1,14745,35658,576,1,0,0,0,16,0
11,heldout,"Frame(Patch(FOR(BitPack)))",SUM,14745,0.89996338,memory_warm,broad_fused,147410.0,147874.0,149099.0,35600,35658,35658,1,1,16384,35658,576,1,0,0,0,16,0
11,heldout,"Frame(Patch(FOR(BitPack)))",SUM,14745,0.89996338,mmap_hot,selective_closure,143637.7,143654.0,145647.0,32110,35658,35658,2,1,14745,35658,576,1,0,0,0,16,0
11,heldout,"Frame(Patch(FOR(BitPack)))",SUM,14745,0.89996338,mmap_hot,broad_fused,148568.3,148701.7,150695.0,35600,35658,35658,1,1,16384,35658,576,1,0,0,0,16,0
11,heldout,"Frame(Patch(FOR(BitPack)))",SUM,14745,0.89996338,buffered_hot,selective_closure,146151.3,146451.7,147807.0,32110,35658,35658,2,1,14745,35658,576,1,0,0,0,16,0
11,heldout,"Frame(Patch(FOR(BitPack)))",SUM,14745,0.89996338,buffered_hot,broad_fused,150497.7,152260.3,152284.0,35600,35658,35658,1,1,16384,35658,576,1,0,0,0,16,0
11,heldout,"Frame(Patch(FOR(BitPack)))",SUM,14745,0.89996338,buffered_drop_cache,selective_closure,443843.0,444513.0,448249.0,32110,35658,35658,2,1,14745,35658,576,1,0,0,0,16,0
11,heldout,"Frame(Patch(FOR(BitPack)))",SUM,14745,0.89996338,buffered_drop_cache,broad_fused,447658.0,448680.0,450642.0,35600,35658,35658,1,1,16384,35658,576,1,0,0,0,16,0
11,heldout,"Frame(Patch(FOR(BitPack)))",BETWEEN,14745,0.89996338,memory_warm,selective_closure,156639.0,157164.5,157479.5,32110,35658,35658,2,1,14745,35658,576,1,0,0,0,16,0
11,heldout,"Frame(Patch(FOR(BitPack)))",BETWEEN,14745,0.89996338,memory_warm,broad_fused,175382.0,175526.5,177504.5,35600,35658,35658,1,1,16384,35658,576,1,0,0,0,16,0
11,heldout,"Frame(Patch(FOR(BitPack)))",BETWEEN,14745,0.89996338,mmap_hot,selective_closure,158042.7,158489.7,159758.3,32110,35658,35658,2,1,14745,35658,576,1,0,0,0,16,0
11,heldout,"Frame(Patch(FOR(BitPack)))",BETWEEN,14745,0.89996338,mmap_hot,broad_fused,176388.0,176719.0,178806.5,35600,35658,35658,1,1,16384,35658,576,1,0,0,0,16,0
11,heldout,"Frame(Patch(FOR(BitPack)))",BETWEEN,14745,0.89996338,buffered_hot,selective_closure,160739.7,162058.3,162192.0,32110,35658,35658,2,1,14745,35658,576,1,0,0,0,16,0
11,heldout,"Frame(Patch(FOR(BitPack)))",BETWEEN,14745,0.89996338,buffered_hot,broad_fused,178015.5,178145.5,180384.0,35600,35658,35658,1,1,16384,35658,576,1,0,0,0,16,0
11,heldout,"Frame(Patch(FOR(BitPack)))",BETWEEN,14745,0.89996338,buffered_drop_cache,selective_closure,456070.0,457082.0,458784.0,32110,35658,35658,2,1,14745,35658,576,1,0,0,0,16,0
11,heldout,"Frame(Patch(FOR(BitPack)))",BETWEEN,14745,0.89996338,buffered_drop_cache,broad_fused,473516.0,474969.0,475539.0,35600,35658,35658,1,1,16384,35658,576,1,0,0,0,16,0
11,heldout,"Frame(Patch(FOR(BitPack)))",SUM,16384,1.00000000,memory_warm,selective_closure,157818.7,159050.7,159297.7,35600,35658,35658,2,1,16384,35658,576,1,0,0,0,16,0
11,heldout,"Frame(Patch(FOR(BitPack)))",SUM,16384,1.00000000,memory_warm,broad_fused,148688.7,149222.7,150571.0,35600,35658,35658,1,1,16384,35658,576,1,0,0,0,16,0
11,heldout,"Frame(Patch(FOR(BitPack)))",SUM,16384,1.00000000,mmap_hot,selective_closure,158870.3,159080.7,160245.7,35600,35658,35658,2,1,16384,35658,576,1,0,0,0,16,0
11,heldout,"Frame(Patch(FOR(BitPack)))",SUM,16384,1.00000000,mmap_hot,broad_fused,149883.7,149897.0,151312.3,35600,35658,35658,1,1,16384,35658,576,1,0,0,0,16,0
11,heldout,"Frame(Patch(FOR(BitPack)))",SUM,16384,1.00000000,buffered_hot,selective_closure,161317.0,163033.3,163143.3,35600,35658,35658,2,1,16384,35658,576,1,0,0,0,16,0
11,heldout,"Frame(Patch(FOR(BitPack)))",SUM,16384,1.00000000,buffered_hot,broad_fused,151432.3,153502.3,153522.3,35600,35658,35658,1,1,16384,35658,576,1,0,0,0,16,0
11,heldout,"Frame(Patch(FOR(BitPack)))",SUM,16384,1.00000000,buffered_drop_cache,selective_closure,451854.0,457853.0,458604.0,35600,35658,35658,2,1,16384,35658,576,1,0,0,0,16,0
11,heldout,"Frame(Patch(FOR(BitPack)))",SUM,16384,1.00000000,buffered_drop_cache,broad_fused,447398.0,447828.0,448208.0,35600,35658,35658,1,1,16384,35658,576,1,0,0,0,16,0
11,heldout,"Frame(Patch(FOR(BitPack)))",BETWEEN,16384,1.00000000,memory_warm,selective_closure,171386.0,171435.5,171521.0,35600,35658,35658,2,1,16384,35658,576,1,0,0,0,16,0
11,heldout,"Frame(Patch(FOR(BitPack)))",BETWEEN,16384,1.00000000,memory_warm,broad_fused,175897.5,175957.5,177555.0,35600,35658,35658,1,1,16384,35658,576,1,0,0,0,16,0
11,heldout,"Frame(Patch(FOR(BitPack)))",BETWEEN,16384,1.00000000,mmap_hot,selective_closure,172813.0,172833.0,175061.0,35600,35658,35658,2,1,16384,35658,576,1,0,0,0,16,0
11,heldout,"Frame(Patch(FOR(BitPack)))",BETWEEN,16384,1.00000000,mmap_hot,broad_fused,176854.0,176858.5,176939.0,35600,35658,35658,1,1,16384,35658,576,1,0,0,0,16,0
11,heldout,"Frame(Patch(FOR(BitPack)))",BETWEEN,16384,1.00000000,buffered_hot,selective_closure,175196.0,175571.5,177459.5,35600,35658,35658,2,1,16384,35658,576,1,0,0,0,16,0
11,heldout,"Frame(Patch(FOR(BitPack)))",BETWEEN,16384,1.00000000,buffered_hot,broad_fused,178957.0,179007.0,181475.5,35600,35658,35658,1,1,16384,35658,576,1,0,0,0,16,0
11,heldout,"Frame(Patch(FOR(BitPack)))",BETWEEN,16384,1.00000000,buffered_drop_cache,selective_closure,472114.0,474177.0,474277.0,35600,35658,35658,2,1,16384,35658,576,1,0,0,0,16,0
11,heldout,"Frame(Patch(FOR(BitPack)))",BETWEEN,16384,1.00000000,buffered_drop_cache,broad_fused,476201.0,476431.0,478994.0,35600,35658,35658,1,1,16384,35658,576,1,0,0,0,16,0
12,heldout,"Patch(Dictionary(RLE(BitPack)))",SUM,1,0.00006104,memory_warm,selective_closure,4147.3,4154.1,4186.1,961,1096,1096,7,0,1,3072,768,0,0,443,3,16,0
12,heldout,"Patch(Dictionary(RLE(BitPack)))",SUM,1,0.00006104,memory_warm,broad_fused,60452.8,60676.8,60993.5,2895,3072,3072,1,0,16384,3072,768,0,0,443,3,16,0
12,heldout,"Patch(Dictionary(RLE(BitPack)))",SUM,1,0.00006104,mmap_hot,selective_closure,4374.6,4408.2,4428.6,961,1096,1096,7,0,1,3072,768,0,0,443,3,16,0
12,heldout,"Patch(Dictionary(RLE(BitPack)))",SUM,1,0.00006104,mmap_hot,broad_fused,61164.9,61196.2,61286.4,2895,3072,3072,1,0,16384,3072,768,0,0,443,3,16,0
12,heldout,"Patch(Dictionary(RLE(BitPack)))",SUM,1,0.00006104,buffered_hot,selective_closure,10436.0,10474.0,10515.7,961,1096,1096,7,0,1,3072,768,0,0,443,3,16,0
12,heldout,"Patch(Dictionary(RLE(BitPack)))",SUM,1,0.00006104,buffered_hot,broad_fused,62190.2,62294.2,62519.5,2895,3072,3072,1,0,16384,3072,768,0,0,443,3,16,0
12,heldout,"Patch(Dictionary(RLE(BitPack)))",SUM,1,0.00006104,buffered_drop_cache,selective_closure,10766.0,10826.0,10986.0,961,1096,1096,7,0,1,3072,768,0,0,443,3,16,0
12,heldout,"Patch(Dictionary(RLE(BitPack)))",SUM,1,0.00006104,buffered_drop_cache,broad_fused,61421.0,61541.0,61652.0,2895,3072,3072,1,0,16384,3072,768,0,0,443,3,16,0
12,heldout,"Patch(Dictionary(RLE(BitPack)))",BETWEEN,1,0.00006104,memory_warm,selective_closure,4126.6,4166.2,4167.9,961,1096,1096,7,0,1,3072,768,0,0,443,3,16,0
12,heldout,"Patch(Dictionary(RLE(BitPack)))",BETWEEN,1,0.00006104,memory_warm,broad_fused,60410.1,60777.0,61009.8,2895,3072,3072,1,0,16384,3072,768,0,0,443,3,16,0
12,heldout,"Patch(Dictionary(RLE(BitPack)))",BETWEEN,1,0.00006104,mmap_hot,selective_closure,4338.9,4353.9,4371.1,961,1096,1096,7,0,1,3072,768,0,0,443,3,16,0
12,heldout,"Patch(Dictionary(RLE(BitPack)))",BETWEEN,1,0.00006104,mmap_hot,broad_fused,61076.1,61402.9,61432.9,2895,3072,3072,1,0,16384,3072,768,0,0,443,3,16,0
12,heldout,"Patch(Dictionary(RLE(BitPack)))",BETWEEN,1,0.00006104,buffered_hot,selective_closure,10424.9,10453.6,10473.4,961,1096,1096,7,0,1,3072,768,0,0,443,3,16,0
12,heldout,"Patch(Dictionary(RLE(BitPack)))",BETWEEN,1,0.00006104,buffered_hot,broad_fused,61948.8,62593.4,62706.0,2895,3072,3072,1,0,16384,3072,768,0,0,443,3,16,0
12,heldout,"Patch(Dictionary(RLE(BitPack)))",BETWEEN,1,0.00006104,buffered_drop_cache,selective_closure,10656.0,10676.0,11026.0,961,1096,1096,7,0,1,3072,768,0,0,443,3,16,0
12,heldout,"Patch(Dictionary(RLE(BitPack)))",BETWEEN,1,0.00006104,buffered_drop_cache,broad_fused,61682.0,61742.0,61903.0,2895,3072,3072,1,0,16384,3072,768,0,0,443,3,16,0
12,heldout,"Patch(Dictionary(RLE(BitPack)))",SUM,4,0.00024414,memory_warm,selective_closure,4138.7,4142.3,4176.2,961,1096,1096,7,0,4,3072,768,0,0,443,3,16,0
12,heldout,"Patch(Dictionary(RLE(BitPack)))",SUM,4,0.00024414,memory_warm,broad_fused,60159.8,60166.0,60670.5,2895,3072,3072,1,0,16384,3072,768,0,0,443,3,16,0
12,heldout,"Patch(Dictionary(RLE(BitPack)))",SUM,4,0.00024414,mmap_hot,selective_closure,4311.3,4314.1,4364.2,961,1096,1096,7,0,4,3072,768,0,0,443,3,16,0
12,heldout,"Patch(Dictionary(RLE(BitPack)))",SUM,4,0.00024414,mmap_hot,broad_fused,62101.4,62333.0,62408.0,2895,3072,3072,1,0,16384,3072,768,0,0,443,3,16,0
12,heldout,"Patch(Dictionary(RLE(BitPack)))",SUM,4,0.00024414,buffered_hot,selective_closure,10313.2,10406.8,10431.9,961,1096,1096,7,0,4,3072,768,0,0,443,3,16,0
12,heldout,"Patch(Dictionary(RLE(BitPack)))",SUM,4,0.00024414,buffered_hot,broad_fused,62822.3,63195.7,63570.6,2895,3072,3072,1,0,16384,3072,768,0,0,443,3,16,0
12,heldout,"Patch(Dictionary(RLE(BitPack)))",SUM,4,0.00024414,buffered_drop_cache,selective_closure,10515.0,10566.0,10806.0,961,1096,1096,7,0,4,3072,768,0,0,443,3,16,0
12,heldout,"Patch(Dictionary(RLE(BitPack)))",SUM,4,0.00024414,buffered_drop_cache,broad_fused,62914.0,62954.0,63324.0,2895,3072,3072,1,0,16384,3072,768,0,0,443,3,16,0
12,heldout,"Patch(Dictionary(RLE(BitPack)))",BETWEEN,4,0.00024414,memory_warm,selective_closure,4126.1,4152.4,4169.4,961,1096,1096,7,0,4,3072,768,0,0,443,3,16,0
12,heldout,"Patch(Dictionary(RLE(BitPack)))",BETWEEN,4,0.00024414,memory_warm,broad_fused,60506.5,60589.1,61028.5,2895,3072,3072,1,0,16384,3072,768,0,0,443,3,16,0
12,heldout,"Patch(Dictionary(RLE(BitPack)))",BETWEEN,4,0.00024414,mmap_hot,selective_closure,4331.5,4331.6,4334.4,961,1096,1096,7,0,4,3072,768,0,0,443,3,16,0
12,heldout,"Patch(Dictionary(RLE(BitPack)))",BETWEEN,4,0.00024414,mmap_hot,broad_fused,60507.8,60883.4,61434.1,2895,3072,3072,1,0,16384,3072,768,0,0,443,3,16,0
12,heldout,"Patch(Dictionary(RLE(BitPack)))",BETWEEN,4,0.00024414,buffered_hot,selective_closure,10437.8,10518.1,10527.9,961,1096,1096,7,0,4,3072,768,0,0,443,3,16,0
12,heldout,"Patch(Dictionary(RLE(BitPack)))",BETWEEN,4,0.00024414,buffered_hot,broad_fused,62111.4,62764.9,62831.2,2895,3072,3072,1,0,16384,3072,768,0,0,443,3,16,0
12,heldout,"Patch(Dictionary(RLE(BitPack)))",BETWEEN,4,0.00024414,buffered_drop_cache,selective_closure,10716.0,10796.0,10796.0,961,1096,1096,7,0,4,3072,768,0,0,443,3,16,0
12,heldout,"Patch(Dictionary(RLE(BitPack)))",BETWEEN,4,0.00024414,buffered_drop_cache,broad_fused,62173.0,62223.0,62483.0,2895,3072,3072,1,0,16384,3072,768,0,0,443,3,16,0
12,heldout,"Patch(Dictionary(RLE(BitPack)))",SUM,16,0.00097656,memory_warm,selective_closure,4116.5,4118.0,4165.9,961,1096,1096,7,0,16,3072,768,0,0,443,3,16,0
12,heldout,"Patch(Dictionary(RLE(BitPack)))",SUM,16,0.00097656,memory_warm,broad_fused,61670.8,61949.9,62461.9,2895,3072,3072,1,0,16384,3072,768,0,0,443,3,16,0
12,heldout,"Patch(Dictionary(RLE(BitPack)))",SUM,16,0.00097656,mmap_hot,selective_closure,4350.0,4364.4,4367.5,961,1096,1096,7,0,16,3072,768,0,0,443,3,16,0
12,heldout,"Patch(Dictionary(RLE(BitPack)))",SUM,16,0.00097656,mmap_hot,broad_fused,62080.1,62093.9,62761.1,2895,3072,3072,1,0,16384,3072,768,0,0,443,3,16,0
12,heldout,"Patch(Dictionary(RLE(BitPack)))",SUM,16,0.00097656,buffered_hot,selective_closure,10464.8,10489.3,10504.6,961,1096,1096,7,0,16,3072,768,0,0,443,3,16,0
12,heldout,"Patch(Dictionary(RLE(BitPack)))",SUM,16,0.00097656,buffered_hot,broad_fused,63453.1,63783.7,64014.0,2895,3072,3072,1,0,16384,3072,768,0,0,443,3,16,0
12,heldout,"Patch(Dictionary(RLE(BitPack)))",SUM,16,0.00097656,buffered_drop_cache,selective_closure,10526.0,10625.0,10676.0,961,1096,1096,7,0,16,3072,768,0,0,443,3,16,0
12,heldout,"Patch(Dictionary(RLE(BitPack)))",SUM,16,0.00097656,buffered_drop_cache,broad_fused,63394.0,63745.0,64065.0,2895,3072,3072,1,0,16384,3072,768,0,0,443,3,16,0
12,heldout,"Patch(Dictionary(RLE(BitPack)))",BETWEEN,16,0.00097656,memory_warm,selective_closure,4156.0,4158.1,4204.2,961,1096,1096,7,0,16,3072,768,0,0,443,3,16,0
12,heldout,"Patch(Dictionary(RLE(BitPack)))",BETWEEN,16,0.00097656,memory_warm,broad_fused,61381.6,61649.5,62255.4,2895,3072,3072,1,0,16384,3072,768,0,0,443,3,16,0
12,heldout,"Patch(Dictionary(RLE(BitPack)))",BETWEEN,16,0.00097656,mmap_hot,selective_closure,4331.3,4366.7,4367.8,961,1096,1096,7,0,16,3072,768,0,0,443,3,16,0
12,heldout,"Patch(Dictionary(RLE(BitPack)))",BETWEEN,16,0.00097656,mmap_hot,broad_fused,60883.4,61439.1,61442.9,2895,3072,3072,1,0,16384,3072,768,0,0,443,3,16,0
12,heldout,"Patch(Dictionary(RLE(BitPack)))",BETWEEN,16,0.00097656,buffered_hot,selective_closure,10347.7,10415.8,10444.7,961,1096,1096,7,0,16,3072,768,0,0,443,3,16,0
12,heldout,"Patch(Dictionary(RLE(BitPack)))",BETWEEN,16,0.00097656,buffered_hot,broad_fused,62184.0,62608.5,62704.8,2895,3072,3072,1,0,16384,3072,768,0,0,443,3,16,0
12,heldout,"Patch(Dictionary(RLE(BitPack)))",BETWEEN,16,0.00097656,buffered_drop_cache,selective_closure,10706.0,10756.0,10856.0,961,1096,1096,7,0,16,3072,768,0,0,443,3,16,0
12,heldout,"Patch(Dictionary(RLE(BitPack)))",BETWEEN,16,0.00097656,buffered_drop_cache,broad_fused,62002.0,62153.0,62163.0,2895,3072,3072,1,0,16384,3072,768,0,0,443,3,16,0
12,heldout,"Patch(Dictionary(RLE(BitPack)))",SUM,64,0.00390625,memory_warm,selective_closure,4427.4,4452.9,4470.6,973,1096,1096,7,0,64,3072,768,0,0,443,3,16,0
12,heldout,"Patch(Dictionary(RLE(BitPack)))",SUM,64,0.00390625,memory_warm,broad_fused,61933.6,61934.9,62376.8,2895,3072,3072,1,0,16384,3072,768,0,0,443,3,16,0
12,heldout,"Patch(Dictionary(RLE(BitPack)))",SUM,64,0.00390625,mmap_hot,selective_closure,4620.7,4635.9,4661.5,973,1096,1096,7,0,64,3072,768,0,0,443,3,16,0
12,heldout,"Patch(Dictionary(RLE(BitPack)))",SUM,64,0.00390625,mmap_hot,broad_fused,62549.0,62785.0,63048.3,2895,3072,3072,1,0,16384,3072,768,0,0,443,3,16,0
12,heldout,"Patch(Dictionary(RLE(BitPack)))",SUM,64,0.00390625,buffered_hot,selective_closure,10842.4,10881.3,10986.2,973,1096,1096,7,0,64,3072,768,0,0,443,3,16,0
12,heldout,"Patch(Dictionary(RLE(BitPack)))",SUM,64,0.00390625,buffered_hot,broad_fused,63344.4,63739.4,63966.9,2895,3072,3072,1,0,16384,3072,768,0,0,443,3,16,0
12,heldout,"Patch(Dictionary(RLE(BitPack)))",SUM,64,0.00390625,buffered_drop_cache,selective_closure,10937.0,10977.0,11137.0,973,1096,1096,7,0,64,3072,768,0,0,443,3,16,0
12,heldout,"Patch(Dictionary(RLE(BitPack)))",SUM,64,0.00390625,buffered_drop_cache,broad_fused,63385.0,63394.0,63805.0,2895,3072,3072,1,0,16384,3072,768,0,0,443,3,16,0
12,heldout,"Patch(Dictionary(RLE(BitPack)))",BETWEEN,64,0.00390625,memory_warm,selective_closure,4489.3,4519.7,4540.2,973,1096,1096,7,0,64,3072,768,0,0,443,3,16,0
12,heldout,"Patch(Dictionary(RLE(BitPack)))",BETWEEN,64,0.00390625,memory_warm,broad_fused,60963.5,61032.2,61330.2,2895,3072,3072,1,0,16384,3072,768,0,0,443,3,16,0
12,heldout,"Patch(Dictionary(RLE(BitPack)))",BETWEEN,64,0.00390625,mmap_hot,selective_closure,4651.3,4677.4,4691.5,973,1096,1096,7,0,64,3072,768,0,0,443,3,16,0
12,heldout,"Patch(Dictionary(RLE(BitPack)))",BETWEEN,64,0.00390625,mmap_hot,broad_fused,60945.9,61012.2,61561.9,2895,3072,3072,1,0,16384,3072,768,0,0,443,3,16,0
12,heldout,"Patch(Dictionary(RLE(BitPack)))",BETWEEN,64,0.00390625,buffered_hot,selective_closure,10673.7,10806.6,10808.6,973,1096,1096,7,0,64,3072,768,0,0,443,3,16,0
12,heldout,"Patch(Dictionary(RLE(BitPack)))",BETWEEN,64,0.00390625,buffered_hot,broad_fused,62169.9,62321.6,62662.0,2895,3072,3072,1,0,16384,3072,768,0,0,443,3,16,0
12,heldout,"Patch(Dictionary(RLE(BitPack)))",BETWEEN,64,0.00390625,buffered_drop_cache,selective_closure,11016.0,11046.0,11136.0,973,1096,1096,7,0,64,3072,768,0,0,443,3,16,0
12,heldout,"Patch(Dictionary(RLE(BitPack)))",BETWEEN,64,0.00390625,buffered_drop_cache,broad_fused,62213.0,62223.0,62363.0,2895,3072,3072,1,0,16384,3072,768,0,0,443,3,16,0
12,heldout,"Patch(Dictionary(RLE(BitPack)))",SUM,163,0.00994873,memory_warm,selective_closure,4750.3,4764.8,4775.6,986,1096,1096,7,0,163,3072,768,0,0,443,3,16,0
12,heldout,"Patch(Dictionary(RLE(BitPack)))",SUM,163,0.00994873,memory_warm,broad_fused,61655.8,62206.5,62217.8,2895,3072,3072,1,0,16384,3072,768,0,0,443,3,16,0
12,heldout,"Patch(Dictionary(RLE(BitPack)))",SUM,163,0.00994873,mmap_hot,selective_closure,4921.1,4964.5,4979.7,986,1096,1096,7,0,163,3072,768,0,0,443,3,16,0
12,heldout,"Patch(Dictionary(RLE(BitPack)))",SUM,163,0.00994873,mmap_hot,broad_fused,62192.8,62466.9,62731.0,2895,3072,3072,1,0,16384,3072,768,0,0,443,3,16,0
12,heldout,"Patch(Dictionary(RLE(BitPack)))",SUM,163,0.00994873,buffered_hot,selective_closure,11170.7,11199.3,11231.3,986,1096,1096,7,0,163,3072,768,0,0,443,3,16,0
12,heldout,"Patch(Dictionary(RLE(BitPack)))",SUM,163,0.00994873,buffered_hot,broad_fused,63600.6,63607.7,63922.4,2895,3072,3072,1,0,16384,3072,768,0,0,443,3,16,0
12,heldout,"Patch(Dictionary(RLE(BitPack)))",SUM,163,0.00994873,buffered_drop_cache,selective_closure,11367.0,11407.0,11567.0,986,1096,1096,7,0,163,3072,768,0,0,443,3,16,0
12,heldout,"Patch(Dictionary(RLE(BitPack)))",SUM,163,0.00994873,buffered_drop_cache,broad_fused,63004.0,63044.0,63164.0,2895,3072,3072,1,0,16384,3072,768,0,0,443,3,16,0
12,heldout,"Patch(Dictionary(RLE(BitPack)))",BETWEEN,163,0.00994873,memory_warm,selective_closure,4730.7,4775.0,4791.0,986,1096,1096,7,0,163,3072,768,0,0,443,3,16,0
12,heldout,"Patch(Dictionary(RLE(BitPack)))",BETWEEN,163,0.00994873,memory_warm,broad_fused,60574.0,60743.1,61263.9,2895,3072,3072,1,0,16384,3072,768,0,0,443,3,16,0
12,heldout,"Patch(Dictionary(RLE(BitPack)))",BETWEEN,163,0.00994873,mmap_hot,selective_closure,4926.6,4945.4,4985.5,986,1096,1096,7,0,163,3072,768,0,0,443,3,16,0
12,heldout,"Patch(Dictionary(RLE(BitPack)))",BETWEEN,163,0.00994873,mmap_hot,broad_fused,61163.8,61330.2,61808.5,2895,3072,3072,1,0,16384,3072,768,0,0,443,3,16,0
12,heldout,"Patch(Dictionary(RLE(BitPack)))",BETWEEN,163,0.00994873,buffered_hot,selective_closure,11080.5,11202.0,11211.1,986,1096,1096,7,0,163,3072,768,0,0,443,3,16,0
12,heldout,"Patch(Dictionary(RLE(BitPack)))",BETWEEN,163,0.00994873,buffered_hot,broad_fused,62225.4,62669.8,62709.8,2895,3072,3072,1,0,16384,3072,768,0,0,443,3,16,0
12,heldout,"Patch(Dictionary(RLE(BitPack)))",BETWEEN,163,0.00994873,buffered_drop_cache,selective_closure,11287.0,11307.0,11346.0,986,1096,1096,7,0,163,3072,768,0,0,443,3,16,0
12,heldout,"Patch(Dictionary(RLE(BitPack)))",BETWEEN,163,0.00994873,buffered_drop_cache,broad_fused,62103.0,62243.0,62724.0,2895,3072,3072,1,0,16384,3072,768,0,0,443,3,16,0
12,heldout,"Patch(Dictionary(RLE(BitPack)))",SUM,256,0.01562500,memory_warm,selective_closure,5145.2,5162.5,5185.6,991,1224,1224,8,0,256,3072,768,0,0,443,3,16,0
12,heldout,"Patch(Dictionary(RLE(BitPack)))",SUM,256,0.01562500,memory_warm,broad_fused,61727.1,61809.6,62358.1,2895,3072,3072,1,0,16384,3072,768,0,0,443,3,16,0
12,heldout,"Patch(Dictionary(RLE(BitPack)))",SUM,256,0.01562500,mmap_hot,selective_closure,5397.7,5397.8,5399.4,991,1224,1224,8,0,256,3072,768,0,0,443,3,16,0
12,heldout,"Patch(Dictionary(RLE(BitPack)))",SUM,256,0.01562500,mmap_hot,broad_fused,62141.4,62219.0,62579.6,2895,3072,3072,1,0,16384,3072,768,0,0,443,3,16,0
12,heldout,"Patch(Dictionary(RLE(BitPack)))",SUM,256,0.01562500,buffered_hot,selective_closure,12360.0,12431.6,12445.2,991,1224,1224,8,0,256,3072,768,0,0,443,3,16,0
12,heldout,"Patch(Dictionary(RLE(BitPack)))",SUM,256,0.01562500,buffered_hot,broad_fused,63353.1,63416.0,64181.4,2895,3072,3072,1,0,16384,3072,768,0,0,443,3,16,0
12,heldout,"Patch(Dictionary(RLE(BitPack)))",SUM,256,0.01562500,buffered_drop_cache,selective_closure,12599.0,12659.0,12699.0,991,1224,1224,8,0,256,3072,768,0,0,443,3,16,0
12,heldout,"Patch(Dictionary(RLE(BitPack)))",SUM,256,0.01562500,buffered_drop_cache,broad_fused,63304.0,63415.0,64096.0,2895,3072,3072,1,0,16384,3072,768,0,0,443,3,16,0
12,heldout,"Patch(Dictionary(RLE(BitPack)))",BETWEEN,256,0.01562500,memory_warm,selective_closure,5137.4,5145.0,5253.7,991,1224,1224,8,0,256,3072,768,0,0,443,3,16,0
12,heldout,"Patch(Dictionary(RLE(BitPack)))",BETWEEN,256,0.01562500,memory_warm,broad_fused,60517.8,61171.2,61248.9,2895,3072,3072,1,0,16384,3072,768,0,0,443,3,16,0
12,heldout,"Patch(Dictionary(RLE(BitPack)))",BETWEEN,256,0.01562500,mmap_hot,selective_closure,5307.9,5359.9,5363.6,991,1224,1224,8,0,256,3072,768,0,0,443,3,16,0
12,heldout,"Patch(Dictionary(RLE(BitPack)))",BETWEEN,256,0.01562500,mmap_hot,broad_fused,61019.8,61361.5,61506.8,2895,3072,3072,1,0,16384,3072,768,0,0,443,3,16,0
12,heldout,"Patch(Dictionary(RLE(BitPack)))",BETWEEN,256,0.01562500,buffered_hot,selective_closure,12293.3,12320.5,12354.2,991,1224,1224,8,0,256,3072,768,0,0,443,3,16,0
12,heldout,"Patch(Dictionary(RLE(BitPack)))",BETWEEN,256,0.01562500,buffered_hot,broad_fused,62171.5,62846.2,63015.2,2895,3072,3072,1,0,16384,3072,768,0,0,443,3,16,0
12,heldout,"Patch(Dictionary(RLE(BitPack)))",BETWEEN,256,0.01562500,buffered_drop_cache,selective_closure,12609.0,12729.0,12789.0,991,1224,1224,8,0,256,3072,768,0,0,443,3,16,0
12,heldout,"Patch(Dictionary(RLE(BitPack)))",BETWEEN,256,0.01562500,buffered_drop_cache,broad_fused,62373.0,62503.0,62543.0,2895,3072,3072,1,0,16384,3072,768,0,0,443,3,16,0
12,heldout,"Patch(Dictionary(RLE(BitPack)))",SUM,819,0.04998779,memory_warm,selective_closure,7123.1,7200.1,7257.3,1039,1288,1288,9,0,819,3072,768,0,0,443,3,16,0
12,heldout,"Patch(Dictionary(RLE(BitPack)))",SUM,819,0.04998779,memory_warm,broad_fused,61946.1,62393.1,62525.8,2895,3072,3072,1,0,16384,3072,768,0,0,443,3,16,0
12,heldout,"Patch(Dictionary(RLE(BitPack)))",SUM,819,0.04998779,mmap_hot,selective_closure,7310.9,7334.6,7375.0,1039,1288,1288,9,0,819,3072,768,0,0,443,3,16,0
12,heldout,"Patch(Dictionary(RLE(BitPack)))",SUM,819,0.04998779,mmap_hot,broad_fused,62271.6,62679.8,62716.1,2895,3072,3072,1,0,16384,3072,768,0,0,443,3,16,0
12,heldout,"Patch(Dictionary(RLE(BitPack)))",SUM,819,0.04998779,buffered_hot,selective_closure,15150.6,15232.4,15304.8,1039,1288,1288,9,0,819,3072,768,0,0,443,3,16,0
12,heldout,"Patch(Dictionary(RLE(BitPack)))",SUM,819,0.04998779,buffered_hot,broad_fused,63218.6,63335.9,64091.3,2895,3072,3072,1,0,16384,3072,768,0,0,443,3,16,0
12,heldout,"Patch(Dictionary(RLE(BitPack)))",SUM,819,0.04998779,buffered_drop_cache,selective_closure,15533.0,15543.0,15744.0,1039,1288,1288,9,0,819,3072,768,0,0,443,3,16,0
12,heldout,"Patch(Dictionary(RLE(BitPack)))",SUM,819,0.04998779,buffered_drop_cache,broad_fused,63214.0,63565.0,63745.0,2895,3072,3072,1,0,16384,3072,768,0,0,443,3,16,0
12,heldout,"Patch(Dictionary(RLE(BitPack)))",BETWEEN,819,0.04998779,memory_warm,selective_closure,7225.3,7228.1,7319.5,1039,1288,1288,9,0,819,3072,768,0,0,443,3,16,0
12,heldout,"Patch(Dictionary(RLE(BitPack)))",BETWEEN,819,0.04998779,memory_warm,broad_fused,61149.7,61171.3,61405.9,2895,3072,3072,1,0,16384,3072,768,0,0,443,3,16,0
12,heldout,"Patch(Dictionary(RLE(BitPack)))",BETWEEN,819,0.04998779,mmap_hot,selective_closure,7442.6,7468.5,7472.1,1039,1288,1288,9,0,819,3072,768,0,0,443,3,16,0
12,heldout,"Patch(Dictionary(RLE(BitPack)))",BETWEEN,819,0.04998779,mmap_hot,broad_fused,60873.2,61609.4,61675.8,2895,3072,3072,1,0,16384,3072,768,0,0,443,3,16,0
12,heldout,"Patch(Dictionary(RLE(BitPack)))",BETWEEN,819,0.04998779,buffered_hot,selective_closure,15267.9,15290.5,15388.8,1039,1288,1288,9,0,819,3072,768,0,0,443,3,16,0
12,heldout,"Patch(Dictionary(RLE(BitPack)))",BETWEEN,819,0.04998779,buffered_hot,broad_fused,62504.5,62729.8,63157.9,2895,3072,3072,1,0,16384,3072,768,0,0,443,3,16,0
12,heldout,"Patch(Dictionary(RLE(BitPack)))",BETWEEN,819,0.04998779,buffered_drop_cache,selective_closure,15553.0,15683.0,15833.0,1039,1288,1288,9,0,819,3072,768,0,0,443,3,16,0
12,heldout,"Patch(Dictionary(RLE(BitPack)))",BETWEEN,819,0.04998779,buffered_drop_cache,broad_fused,62263.0,62433.0,62984.0,2895,3072,3072,1,0,16384,3072,768,0,0,443,3,16,0
12,heldout,"Patch(Dictionary(RLE(BitPack)))",SUM,1638,0.09997559,memory_warm,selective_closure,9487.5,9563.1,9581.5,1096,1352,1352,10,0,1638,3072,768,0,0,443,3,16,0
12,heldout,"Patch(Dictionary(RLE(BitPack)))",SUM,1638,0.09997559,memory_warm,broad_fused,61809.4,61996.7,62450.3,2895,3072,3072,1,0,16384,3072,768,0,0,443,3,16,0
12,heldout,"Patch(Dictionary(RLE(BitPack)))",SUM,1638,0.09997559,mmap_hot,selective_closure,9760.8,9888.5,9894.8,1096,1352,1352,10,0,1638,3072,768,0,0,443,3,16,0
12,heldout,"Patch(Dictionary(RLE(BitPack)))",SUM,1638,0.09997559,mmap_hot,broad_fused,62204.3,62489.0,62654.9,2895,3072,3072,1,0,16384,3072,768,0,0,443,3,16,0
12,heldout,"Patch(Dictionary(RLE(BitPack)))",SUM,1638,0.09997559,buffered_hot,selective_closure,18370.9,18523.0,18602.7,1096,1352,1352,10,0,1638,3072,768,0,0,443,3,16,0
12,heldout,"Patch(Dictionary(RLE(BitPack)))",SUM,1638,0.09997559,buffered_hot,broad_fused,63803.7,63858.1,64617.9,2895,3072,3072,1,0,16384,3072,768,0,0,443,3,16,0
12,heldout,"Patch(Dictionary(RLE(BitPack)))",SUM,1638,0.09997559,buffered_drop_cache,selective_closure,18718.0,19038.0,19129.0,1096,1352,1352,10,0,1638,3072,768,0,0,443,3,16,0
12,heldout,"Patch(Dictionary(RLE(BitPack)))",SUM,1638,0.09997559,buffered_drop_cache,broad_fused,63434.0,63615.0,63776.0,2895,3072,3072,1,0,16384,3072,768,0,0,443,3,16,0
12,heldout,"Patch(Dictionary(RLE(BitPack)))",BETWEEN,1638,0.09997559,memory_warm,selective_closure,9535.8,9621.7,9645.4,1096,1352,1352,10,0,1638,3072,768,0,0,443,3,16,0
12,heldout,"Patch(Dictionary(RLE(BitPack)))",BETWEEN,1638,0.09997559,memory_warm,broad_fused,61610.6,61637.0,61951.1,2895,3072,3072,1,0,16384,3072,768,0,0,443,3,16,0
12,heldout,"Patch(Dictionary(RLE(BitPack)))",BETWEEN,1638,0.09997559,mmap_hot,selective_closure,9728.2,9789.7,9822.6,1096,1352,1352,10,0,1638,3072,768,0,0,443,3,16,0
12,heldout,"Patch(Dictionary(RLE(BitPack)))",BETWEEN,1638,0.09997559,mmap_hot,broad_fused,61175.0,61717.0,61896.0,2895,3072,3072,1,0,16384,3072,768,0,0,443,3,16,0
12,heldout,"Patch(Dictionary(RLE(BitPack)))",BETWEEN,1638,0.09997559,buffered_hot,selective_closure,18427.1,18595.4,18655.5,1096,1352,1352,10,0,1638,3072,768,0,0,443,3,16,0
12,heldout,"Patch(Dictionary(RLE(BitPack)))",BETWEEN,1638,0.09997559,buffered_hot,broad_fused,62700.7,63371.7,63423.1,2895,3072,3072,1,0,16384,3072,768,0,0,443,3,16,0
12,heldout,"Patch(Dictionary(RLE(BitPack)))",BETWEEN,1638,0.09997559,buffered_drop_cache,selective_closure,18858.0,18968.0,19369.0,1096,1352,1352,10,0,1638,3072,768,0,0,443,3,16,0
12,heldout,"Patch(Dictionary(RLE(BitPack)))",BETWEEN,1638,0.09997559,buffered_drop_cache,broad_fused,62373.0,62603.0,63224.0,2895,3072,3072,1,0,16384,3072,768,0,0,443,3,16,0
12,heldout,"Patch(Dictionary(RLE(BitPack)))",SUM,3276,0.19995117,memory_warm,selective_closure,16676.9,16815.8,16942.9,1335,1640,1640,13,0,3276,3072,768,0,0,443,3,16,0
12,heldout,"Patch(Dictionary(RLE(BitPack)))",SUM,3276,0.19995117,memory_warm,broad_fused,61954.9,62007.5,62807.4,2895,3072,3072,1,0,16384,3072,768,0,0,443,3,16,0
12,heldout,"Patch(Dictionary(RLE(BitPack)))",SUM,3276,0.19995117,mmap_hot,selective_closure,16923.9,17034.0,17155.9,1335,1640,1640,13,0,3276,3072,768,0,0,443,3,16,0
12,heldout,"Patch(Dictionary(RLE(BitPack)))",SUM,3276,0.19995117,mmap_hot,broad_fused,62318.7,62832.3,62908.1,2895,3072,3072,1,0,16384,3072,768,0,0,443,3,16,0
12,heldout,"Patch(Dictionary(RLE(BitPack)))",SUM,3276,0.19995117,buffered_hot,selective_closure,28262.7,28443.0,28471.9,1335,1640,1640,13,0,3276,3072,768,0,0,443,3,16,0
12,heldout,"Patch(Dictionary(RLE(BitPack)))",SUM,3276,0.19995117,buffered_hot,broad_fused,63486.1,63497.6,64353.1,2895,3072,3072,1,0,16384,3072,768,0,0,443,3,16,0
12,heldout,"Patch(Dictionary(RLE(BitPack)))",SUM,3276,0.19995117,buffered_drop_cache,selective_closure,28362.0,28513.0,28582.0,1335,1640,1640,13,0,3276,3072,768,0,0,443,3,16,0
12,heldout,"Patch(Dictionary(RLE(BitPack)))",SUM,3276,0.19995117,buffered_drop_cache,broad_fused,63735.0,63795.0,63825.0,2895,3072,3072,1,0,16384,3072,768,0,0,443,3,16,0
12,heldout,"Patch(Dictionary(RLE(BitPack)))",BETWEEN,3276,0.19995117,memory_warm,selective_closure,16733.9,16772.6,16864.5,1335,1640,1640,13,0,3276,3072,768,0,0,443,3,16,0
12,heldout,"Patch(Dictionary(RLE(BitPack)))",BETWEEN,3276,0.19995117,memory_warm,broad_fused,61486.8,61837.2,61839.8,2895,3072,3072,1,0,16384,3072,768,0,0,443,3,16,0
12,heldout,"Patch(Dictionary(RLE(BitPack)))",BETWEEN,3276,0.19995117,mmap_hot,selective_closure,16923.1,17021.4,17101.9,1335,1640,1640,13,0,3276,3072,768,0,0,443,3,16,0
12,heldout,"Patch(Dictionary(RLE(BitPack)))",BETWEEN,3276,0.19995117,mmap_hot,broad_fused,61728.4,61848.5,61943.6,2895,3072,3072,1,0,16384,3072,768,0,0,443,3,16,0
12,heldout,"Patch(Dictionary(RLE(BitPack)))",BETWEEN,3276,0.19995117,buffered_hot,selective_closure,28297.2,28461.8,28633.9,1335,1640,1640,13,0,3276,3072,768,0,0,443,3,16,0
12,heldout,"Patch(Dictionary(RLE(BitPack)))",BETWEEN,3276,0.19995117,buffered_hot,broad_fused,62700.7,63135.6,63325.9,2895,3072,3072,1,0,16384,3072,768,0,0,443,3,16,0
12,heldout,"Patch(Dictionary(RLE(BitPack)))",BETWEEN,3276,0.19995117,buffered_drop_cache,selective_closure,28433.0,28733.0,28843.0,1335,1640,1640,13,0,3276,3072,768,0,0,443,3,16,0
12,heldout,"Patch(Dictionary(RLE(BitPack)))",BETWEEN,3276,0.19995117,buffered_drop_cache,broad_fused,63245.0,63915.0,64185.0,2895,3072,3072,1,0,16384,3072,768,0,0,443,3,16,0
12,heldout,"Patch(Dictionary(RLE(BitPack)))",SUM,4915,0.29998779,memory_warm,selective_closure,23802.6,24002.0,24014.0,1582,1768,1768,14,0,4915,3072,768,0,0,443,3,16,0
12,heldout,"Patch(Dictionary(RLE(BitPack)))",SUM,4915,0.29998779,memory_warm,broad_fused,62349.2,62739.8,62947.6,2895,3072,3072,1,0,16384,3072,768,0,0,443,3,16,0
12,heldout,"Patch(Dictionary(RLE(BitPack)))",SUM,4915,0.29998779,mmap_hot,selective_closure,24054.4,24069.4,24283.2,1582,1768,1768,14,0,4915,3072,768,0,0,443,3,16,0
12,heldout,"Patch(Dictionary(RLE(BitPack)))",SUM,4915,0.29998779,mmap_hot,broad_fused,62209.9,62257.1,62906.6,2895,3072,3072,1,0,16384,3072,768,0,0,443,3,16,0
12,heldout,"Patch(Dictionary(RLE(BitPack)))",SUM,4915,0.29998779,buffered_hot,selective_closure,36113.9,36210.9,36407.4,1582,1768,1768,14,0,4915,3072,768,0,0,443,3,16,0
12,heldout,"Patch(Dictionary(RLE(BitPack)))",SUM,4915,0.29998779,buffered_hot,broad_fused,63576.3,63613.4,64001.1,2895,3072,3072,1,0,16384,3072,768,0,0,443,3,16,0
12,heldout,"Patch(Dictionary(RLE(BitPack)))",SUM,4915,0.29998779,buffered_drop_cache,selective_closure,36484.0,36554.0,37086.0,1582,1768,1768,14,0,4915,3072,768,0,0,443,3,16,0
12,heldout,"Patch(Dictionary(RLE(BitPack)))",SUM,4915,0.29998779,buffered_drop_cache,broad_fused,63505.0,63535.0,63575.0,2895,3072,3072,1,0,16384,3072,768,0,0,443,3,16,0
12,heldout,"Patch(Dictionary(RLE(BitPack)))",BETWEEN,4915,0.29998779,memory_warm,selective_closure,23686.3,23727.9,24012.3,1582,1768,1768,14,0,4915,3072,768,0,0,443,3,16,0
12,heldout,"Patch(Dictionary(RLE(BitPack)))",BETWEEN,4915,0.29998779,memory_warm,broad_fused,61312.6,61439.1,61677.0,2895,3072,3072,1,0,16384,3072,768,0,0,443,3,16,0
12,heldout,"Patch(Dictionary(RLE(BitPack)))",BETWEEN,4915,0.29998779,mmap_hot,selective_closure,24000.3,24220.7,24229.2,1582,1768,1768,14,0,4915,3072,768,0,0,443,3,16,0
12,heldout,"Patch(Dictionary(RLE(BitPack)))",BETWEEN,4915,0.29998779,mmap_hot,broad_fused,61374.0,61436.6,61826.0,2895,3072,3072,1,0,16384,3072,768,0,0,443,3,16,0
12,heldout,"Patch(Dictionary(RLE(BitPack)))",BETWEEN,4915,0.29998779,buffered_hot,selective_closure,36077.7,36458.2,36466.7,1582,1768,1768,14,0,4915,3072,768,0,0,443,3,16,0
12,heldout,"Patch(Dictionary(RLE(BitPack)))",BETWEEN,4915,0.29998779,buffered_hot,broad_fused,62753.7,62756.4,63132.7,2895,3072,3072,1,0,16384,3072,768,0,0,443,3,16,0
12,heldout,"Patch(Dictionary(RLE(BitPack)))",BETWEEN,4915,0.29998779,buffered_drop_cache,selective_closure,36464.0,36524.0,36585.0,1582,1768,1768,14,0,4915,3072,768,0,0,443,3,16,0
12,heldout,"Patch(Dictionary(RLE(BitPack)))",BETWEEN,4915,0.29998779,buffered_drop_cache,broad_fused,62964.0,63114.0,63414.0,2895,3072,3072,1,0,16384,3072,768,0,0,443,3,16,0
12,heldout,"Patch(Dictionary(RLE(BitPack)))",SUM,6553,0.39996338,memory_warm,selective_closure,28702.8,28729.4,28984.4,1689,1896,1896,15,0,6553,3072,768,0,0,443,3,16,0
12,heldout,"Patch(Dictionary(RLE(BitPack)))",SUM,6553,0.39996338,memory_warm,broad_fused,62875.3,63519.0,63576.3,2895,3072,3072,1,0,16384,3072,768,0,0,443,3,16,0
12,heldout,"Patch(Dictionary(RLE(BitPack)))",SUM,6553,0.39996338,mmap_hot,selective_closure,29004.5,29087.8,29343.1,1689,1896,1896,15,0,6553,3072,768,0,0,443,3,16,0
12,heldout,"Patch(Dictionary(RLE(BitPack)))",SUM,6553,0.39996338,mmap_hot,broad_fused,63935.3,64175.7,64406.1,2895,3072,3072,1,0,16384,3072,768,0,0,443,3,16,0
12,heldout,"Patch(Dictionary(RLE(BitPack)))",SUM,6553,0.39996338,buffered_hot,selective_closure,41992.6,42273.9,42358.6,1689,1896,1896,15,0,6553,3072,768,0,0,443,3,16,0
12,heldout,"Patch(Dictionary(RLE(BitPack)))",SUM,6553,0.39996338,buffered_hot,broad_fused,64503.4,65171.4,65171.6,2895,3072,3072,1,0,16384,3072,768,0,0,443,3,16,0
12,heldout,"Patch(Dictionary(RLE(BitPack)))",SUM,6553,0.39996338,buffered_drop_cache,selective_closure,42092.0,42263.0,42673.0,1689,1896,1896,15,0,6553,3072,768,0,0,443,3,16,0
12,heldout,"Patch(Dictionary(RLE(BitPack)))",SUM,6553,0.39996338,buffered_drop_cache,broad_fused,64416.0,64466.0,64547.0,2895,3072,3072,1,0,16384,3072,768,0,0,443,3,16,0
12,heldout,"Patch(Dictionary(RLE(BitPack)))",BETWEEN,6553,0.39996338,memory_warm,selective_closure,28488.4,28759.9,28781.2,1689,1896,1896,15,0,6553,3072,768,0,0,443,3,16,0
12,heldout,"Patch(Dictionary(RLE(BitPack)))",BETWEEN,6553,0.39996338,memory_warm,broad_fused,61175.0,61636.9,61660.8,2895,3072,3072,1,0,16384,3072,768,0,0,443,3,16,0
12,heldout,"Patch(Dictionary(RLE(BitPack)))",BETWEEN,6553,0.39996338,mmap_hot,selective_closure,28991.5,29345.0,29369.7,1689,1896,1896,15,0,6553,3072,768,0,0,443,3,16,0
12,heldout,"Patch(Dictionary(RLE(BitPack)))",BETWEEN,6553,0.39996338,mmap_hot,broad_fused,61712.1,61952.4,62330.1,2895,3072,3072,1,0,16384,3072,768,0,0,443,3,16,0
12,heldout,"Patch(Dictionary(RLE(BitPack)))",BETWEEN,6553,0.39996338,buffered_hot,selective_closure,41795.0,42300.5,42369.6,1689,1896,1896,15,0,6553,3072,768,0,0,443,3,16,0
12,heldout,"Patch(Dictionary(RLE(BitPack)))",BETWEEN,6553,0.39996338,buffered_hot,broad_fused,62732.1,63042.6,63666.4,2895,3072,3072,1,0,16384,3072,768,0,0,443,3,16,0
12,heldout,"Patch(Dictionary(RLE(BitPack)))",BETWEEN,6553,0.39996338,buffered_drop_cache,selective_closure,42474.0,42754.0,42824.0,1689,1896,1896,15,0,6553,3072,768,0,0,443,3,16,0
12,heldout,"Patch(Dictionary(RLE(BitPack)))",BETWEEN,6553,0.39996338,buffered_drop_cache,broad_fused,63444.0,63515.0,63525.0,2895,3072,3072,1,0,16384,3072,768,0,0,443,3,16,0
12,heldout,"Patch(Dictionary(RLE(BitPack)))",SUM,8192,0.50000000,memory_warm,selective_closure,35885.1,36007.5,36408.2,1941,2184,2184,18,0,8192,3072,768,0,0,443,3,16,0
12,heldout,"Patch(Dictionary(RLE(BitPack)))",SUM,8192,0.50000000,memory_warm,broad_fused,62274.3,62921.0,63182.7,2895,3072,3072,1,0,16384,3072,768,0,0,443,3,16,0
12,heldout,"Patch(Dictionary(RLE(BitPack)))",SUM,8192,0.50000000,mmap_hot,selective_closure,36203.2,36417.4,36630.0,1941,2184,2184,18,0,8192,3072,768,0,0,443,3,16,0
12,heldout,"Patch(Dictionary(RLE(BitPack)))",SUM,8192,0.50000000,mmap_hot,broad_fused,63074.0,63743.7,63776.6,2895,3072,3072,1,0,16384,3072,768,0,0,443,3,16,0
12,heldout,"Patch(Dictionary(RLE(BitPack)))",SUM,8192,0.50000000,buffered_hot,selective_closure,51906.3,52052.1,52426.0,1941,2184,2184,18,0,8192,3072,768,0,0,443,3,16,0
12,heldout,"Patch(Dictionary(RLE(BitPack)))",SUM,8192,0.50000000,buffered_hot,broad_fused,63805.1,64519.1,64592.0,2895,3072,3072,1,0,16384,3072,768,0,0,443,3,16,0
12,heldout,"Patch(Dictionary(RLE(BitPack)))",SUM,8192,0.50000000,buffered_drop_cache,selective_closure,52378.0,52569.0,52578.0,1941,2184,2184,18,0,8192,3072,768,0,0,443,3,16,0
12,heldout,"Patch(Dictionary(RLE(BitPack)))",SUM,8192,0.50000000,buffered_drop_cache,broad_fused,63995.0,64126.0,64166.0,2895,3072,3072,1,0,16384,3072,768,0,0,443,3,16,0
12,heldout,"Patch(Dictionary(RLE(BitPack)))",BETWEEN,8192,0.50000000,memory_warm,selective_closure,35878.2,36336.5,36395.8,1941,2184,2184,18,0,8192,3072,768,0,0,443,3,16,0
12,heldout,"Patch(Dictionary(RLE(BitPack)))",BETWEEN,8192,0.50000000,memory_warm,broad_fused,61074.9,61291.4,61871.0,2895,3072,3072,1,0,16384,3072,768,0,0,443,3,16,0
12,heldout,"Patch(Dictionary(RLE(BitPack)))",BETWEEN,8192,0.50000000,mmap_hot,selective_closure,36325.0,36577.9,36758.2,1941,2184,2184,18,0,8192,3072,768,0,0,443,3,16,0
12,heldout,"Patch(Dictionary(RLE(BitPack)))",BETWEEN,8192,0.50000000,mmap_hot,broad_fused,61722.1,61956.1,62078.9,2895,3072,3072,1,0,16384,3072,768,0,0,443,3,16,0
12,heldout,"Patch(Dictionary(RLE(BitPack)))",BETWEEN,8192,0.50000000,buffered_hot,selective_closure,51879.9,52226.8,52383.1,1941,2184,2184,18,0,8192,3072,768,0,0,443,3,16,0
12,heldout,"Patch(Dictionary(RLE(BitPack)))",BETWEEN,8192,0.50000000,buffered_hot,broad_fused,62961.0,63015.4,63469.0,2895,3072,3072,1,0,16384,3072,768,0,0,443,3,16,0
12,heldout,"Patch(Dictionary(RLE(BitPack)))",BETWEEN,8192,0.50000000,buffered_drop_cache,selective_closure,52318.0,52358.0,52538.0,1941,2184,2184,18,0,8192,3072,768,0,0,443,3,16,0
12,heldout,"Patch(Dictionary(RLE(BitPack)))",BETWEEN,8192,0.50000000,buffered_drop_cache,broad_fused,63104.0,63304.0,63394.0,2895,3072,3072,1,0,16384,3072,768,0,0,443,3,16,0
12,heldout,"Patch(Dictionary(RLE(BitPack)))",SUM,9830,0.59997559,memory_warm,selective_closure,42847.5,42924.9,43262.7,2187,2440,2440,20,0,9830,3072,768,0,0,443,3,16,0
12,heldout,"Patch(Dictionary(RLE(BitPack)))",SUM,9830,0.59997559,memory_warm,broad_fused,62803.6,62813.6,63502.2,2895,3072,3072,1,0,16384,3072,768,0,0,443,3,16,0
12,heldout,"Patch(Dictionary(RLE(BitPack)))",SUM,9830,0.59997559,mmap_hot,selective_closure,43107.0,43498.5,43595.9,2187,2440,2440,20,0,9830,3072,768,0,0,443,3,16,0
12,heldout,"Patch(Dictionary(RLE(BitPack)))",SUM,9830,0.59997559,mmap_hot,broad_fused,62345.9,62539.0,63160.0,2895,3072,3072,1,0,16384,3072,768,0,0,443,3,16,0
12,heldout,"Patch(Dictionary(RLE(BitPack)))",SUM,9830,0.59997559,buffered_hot,selective_closure,60719.4,61053.6,61208.9,2187,2440,2440,20,0,9830,3072,768,0,0,443,3,16,0
12,heldout,"Patch(Dictionary(RLE(BitPack)))",SUM,9830,0.59997559,buffered_hot,broad_fused,63416.0,63570.6,64001.1,2895,3072,3072,1,0,16384,3072,768,0,0,443,3,16,0
12,heldout,"Patch(Dictionary(RLE(BitPack)))",SUM,9830,0.59997559,buffered_drop_cache,selective_closure,60600.0,60730.0,60731.0,2187,2440,2440,20,0,9830,3072,768,0,0,443,3,16,0
12,heldout,"Patch(Dictionary(RLE(BitPack)))",SUM,9830,0.59997559,buffered_drop_cache,broad_fused,63315.0,63705.0,64046.0,2895,3072,3072,1,0,16384,3072,768,0,0,443,3,16,0
12,heldout,"Patch(Dictionary(RLE(BitPack)))",BETWEEN,9830,0.59997559,memory_warm,selective_closure,42929.5,42996.9,43267.3,2187,2440,2440,20,0,9830,3072,768,0,0,443,3,16,0
12,heldout,"Patch(Dictionary(RLE(BitPack)))",BETWEEN,9830,0.59997559,memory_warm,broad_fused,61202.5,61789.8,61926.1,2895,3072,3072,1,0,16384,3072,768,0,0,443,3,16,0
12,heldout,"Patch(Dictionary(RLE(BitPack)))",BETWEEN,9830,0.59997559,mmap_hot,selective_closure,43304.5,43321.9,43853.6,2187,2440,2440,20,0,9830,3072,768,0,0,443,3,16,0
12,heldout,"Patch(Dictionary(RLE(BitPack)))",BETWEEN,9830,0.59997559,mmap_hot,broad_fused,61856.0,61867.4,62393.1,2895,3072,3072,1,0,16384,3072,768,0,0,443,3,16,0
12,heldout,"Patch(Dictionary(RLE(BitPack)))",BETWEEN,9830,0.59997559,buffered_hot,selective_closure,60813.2,61520.5,61674.5,2187,2440,2440,20,0,9830,3072,768,0,0,443,3,16,0
12,heldout,"Patch(Dictionary(RLE(BitPack)))",BETWEEN,9830,0.59997559,buffered_hot,broad_fused,63085.4,63179.9,63612.1,2895,3072,3072,1,0,16384,3072,768,0,0,443,3,16,0
12,heldout,"Patch(Dictionary(RLE(BitPack)))",BETWEEN,9830,0.59997559,buffered_drop_cache,selective_closure,61211.0,61401.0,61662.0,2187,2440,2440,20,0,9830,3072,768,0,0,443,3,16,0
12,heldout,"Patch(Dictionary(RLE(BitPack)))",BETWEEN,9830,0.59997559,buffered_drop_cache,broad_fused,62814.0,62854.0,62974.0,2895,3072,3072,1,0,16384,3072,768,0,0,443,3,16,0
12,heldout,"Patch(Dictionary(RLE(BitPack)))",SUM,11468,0.69995117,memory_warm,selective_closure,47661.1,47768.3,48134.8,2307,2440,2440,20,0,11468,3072,768,0,0,443,3,16,0
12,heldout,"Patch(Dictionary(RLE(BitPack)))",SUM,11468,0.69995117,memory_warm,broad_fused,62015.0,62159.0,62711.1,2895,3072,3072,1,0,16384,3072,768,0,0,443,3,16,0
12,heldout,"Patch(Dictionary(RLE(BitPack)))",SUM,11468,0.69995117,mmap_hot,selective_closure,48405.2,48568.5,48630.5,2307,2440,2440,20,0,11468,3072,768,0,0,443,3,16,0
12,heldout,"Patch(Dictionary(RLE(BitPack)))",SUM,11468,0.69995117,mmap_hot,broad_fused,62590.9,62985.1,63087.8,2895,3072,3072,1,0,16384,3072,768,0,0,443,3,16,0
12,heldout,"Patch(Dictionary(RLE(BitPack)))",SUM,11468,0.69995117,buffered_hot,selective_closure,65533.6,65665.0,66306.0,2307,2440,2440,20,0,11468,3072,768,0,0,443,3,16,0
12,heldout,"Patch(Dictionary(RLE(BitPack)))",SUM,11468,0.69995117,buffered_hot,broad_fused,63677.9,63746.6,64038.3,2895,3072,3072,1,0,16384,3072,768,0,0,443,3,16,0
12,heldout,"Patch(Dictionary(RLE(BitPack)))",SUM,11468,0.69995117,buffered_drop_cache,selective_closure,65577.0,65778.0,65818.0,2307,2440,2440,20,0,11468,3072,768,0,0,443,3,16,0
12,heldout,"Patch(Dictionary(RLE(BitPack)))",SUM,11468,0.69995117,buffered_drop_cache,broad_fused,63354.0,63385.0,63444.0,2895,3072,3072,1,0,16384,3072,768,0,0,443,3,16,0
12,heldout,"Patch(Dictionary(RLE(BitPack)))",BETWEEN,11468,0.69995117,memory_warm,selective_closure,47704.2,48150.8,48285.0,2307,2440,2440,20,0,11468,3072,768,0,0,443,3,16,0
12,heldout,"Patch(Dictionary(RLE(BitPack)))",BETWEEN,11468,0.69995117,memory_warm,broad_fused,61848.5,61848.5,62217.9,2895,3072,3072,1,0,16384,3072,768,0,0,443,3,16,0
12,heldout,"Patch(Dictionary(RLE(BitPack)))",BETWEEN,11468,0.69995117,mmap_hot,selective_closure,48119.8,48408.2,48621.5,2307,2440,2440,20,0,11468,3072,768,0,0,443,3,16,0
12,heldout,"Patch(Dictionary(RLE(BitPack)))",BETWEEN,11468,0.69995117,mmap_hot,broad_fused,61753.4,62383.1,62433.1,2895,3072,3072,1,0,16384,3072,768,0,0,443,3,16,0
12,heldout,"Patch(Dictionary(RLE(BitPack)))",BETWEEN,11468,0.69995117,buffered_hot,selective_closure,65592.1,65934.1,66052.9,2307,2440,2440,20,0,11468,3072,768,0,0,443,3,16,0
12,heldout,"Patch(Dictionary(RLE(BitPack)))",BETWEEN,11468,0.69995117,buffered_hot,broad_fused,63440.3,63852.4,63853.9,2895,3072,3072,1,0,16384,3072,768,0,0,443,3,16,0
12,heldout,"Patch(Dictionary(RLE(BitPack)))",BETWEEN,11468,0.69995117,buffered_drop_cache,selective_closure,65748.0,65988.0,66379.0,2307,2440,2440,20,0,11468,3072,768,0,0,443,3,16,0
12,heldout,"Patch(Dictionary(RLE(BitPack)))",BETWEEN,11468,0.69995117,buffered_drop_cache,broad_fused,62874.0,63024.0,63375.0,2895,3072,3072,1,0,16384,3072,768,0,0,443,3,16,0
12,heldout,"Patch(Dictionary(RLE(BitPack)))",SUM,13107,0.79998779,memory_warm,selective_closure,54383.3,54506.9,54964.2,2545,2728,2728,23,0,13107,3072,768,0,0,443,3,16,0
12,heldout,"Patch(Dictionary(RLE(BitPack)))",SUM,13107,0.79998779,memory_warm,broad_fused,61942.4,62008.1,62583.3,2895,3072,3072,1,0,16384,3072,768,0,0,443,3,16,0
12,heldout,"Patch(Dictionary(RLE(BitPack)))",SUM,13107,0.79998779,mmap_hot,selective_closure,55062.1,55179.9,55668.0,2545,2728,2728,23,0,13107,3072,768,0,0,443,3,16,0
12,heldout,"Patch(Dictionary(RLE(BitPack)))",SUM,13107,0.79998779,mmap_hot,broad_fused,62246.6,62756.1,63000.2,2895,3072,3072,1,0,16384,3072,768,0,0,443,3,16,0
12,heldout,"Patch(Dictionary(RLE(BitPack)))",SUM,13107,0.79998779,buffered_hot,selective_closure,75278.8,75359.2,76155.2,2545,2728,2728,23,0,13107,3072,768,0,0,443,3,16,0
12,heldout,"Patch(Dictionary(RLE(BitPack)))",SUM,13107,0.79998779,buffered_hot,broad_fused,63765.0,64374.6,64466.3,2895,3072,3072,1,0,16384,3072,768,0,0,443,3,16,0
12,heldout,"Patch(Dictionary(RLE(BitPack)))",SUM,13107,0.79998779,buffered_drop_cache,selective_closure,75332.0,75343.0,75352.0,2545,2728,2728,23,0,13107,3072,768,0,0,443,3,16,0
12,heldout,"Patch(Dictionary(RLE(BitPack)))",SUM,13107,0.79998779,buffered_drop_cache,broad_fused,63255.0,63484.0,63645.0,2895,3072,3072,1,0,16384,3072,768,0,0,443,3,16,0
12,heldout,"Patch(Dictionary(RLE(BitPack)))",BETWEEN,13107,0.79998779,memory_warm,selective_closure,55026.4,55170.1,55496.2,2545,2728,2728,23,0,13107,3072,768,0,0,443,3,16,0
12,heldout,"Patch(Dictionary(RLE(BitPack)))",BETWEEN,13107,0.79998779,memory_warm,broad_fused,61529.4,61962.4,62121.4,2895,3072,3072,1,0,16384,3072,768,0,0,443,3,16,0
12,heldout,"Patch(Dictionary(RLE(BitPack)))",BETWEEN,13107,0.79998779,mmap_hot,selective_closure,55344.8,55536.2,55894.6,2545,2728,2728,23,0,13107,3072,768,0,0,443,3,16,0
12,heldout,"Patch(Dictionary(RLE(BitPack)))",BETWEEN,13107,0.79998779,mmap_hot,broad_fused,61829.8,62167.8,62363.0,2895,3072,3072,1,0,16384,3072,768,0,0,443,3,16,0
12,heldout,"Patch(Dictionary(RLE(BitPack)))",BETWEEN,13107,0.79998779,buffered_hot,selective_closure,75444.2,75943.3,76404.0,2545,2728,2728,23,0,13107,3072,768,0,0,443,3,16,0
12,heldout,"Patch(Dictionary(RLE(BitPack)))",BETWEEN,13107,0.79998779,buffered_hot,broad_fused,63828.0,63972.6,64421.7,2895,3072,3072,1,0,16384,3072,768,0,0,443,3,16,0
12,heldout,"Patch(Dictionary(RLE(BitPack)))",BETWEEN,13107,0.79998779,buffered_drop_cache,selective_closure,75383.0,75953.0,78147.0,2545,2728,2728,23,0,13107,3072,768,0,0,443,3,16,0
12,heldout,"Patch(Dictionary(RLE(BitPack)))",BETWEEN,13107,0.79998779,buffered_drop_cache,broad_fused,63164.0,63214.0,64036.0,2895,3072,3072,1,0,16384,3072,768,0,0,443,3,16,0
12,heldout,"Patch(Dictionary(RLE(BitPack)))",SUM,14745,0.89996338,memory_warm,selective_closure,61474.1,62055.1,62060.0,2789,2964,2964,25,0,14745,3072,768,0,0,443,3,16,0
12,heldout,"Patch(Dictionary(RLE(BitPack)))",SUM,14745,0.89996338,memory_warm,broad_fused,62232.7,62524.6,62936.7,2895,3072,3072,1,0,16384,3072,768,0,0,443,3,16,0
12,heldout,"Patch(Dictionary(RLE(BitPack)))",SUM,14745,0.89996338,mmap_hot,selective_closure,61605.8,62162.8,62297.9,2789,2964,2964,25,0,14745,3072,768,0,0,443,3,16,0
12,heldout,"Patch(Dictionary(RLE(BitPack)))",SUM,14745,0.89996338,mmap_hot,broad_fused,62314.4,62523.3,63031.1,2895,3072,3072,1,0,16384,3072,768,0,0,443,3,16,0
12,heldout,"Patch(Dictionary(RLE(BitPack)))",SUM,14745,0.89996338,buffered_hot,selective_closure,82665.0,83332.7,83841.8,2789,2964,2964,25,0,14745,3072,768,0,0,443,3,16,0
12,heldout,"Patch(Dictionary(RLE(BitPack)))",SUM,14745,0.89996338,buffered_hot,broad_fused,63637.7,63863.9,64260.1,2895,3072,3072,1,0,16384,3072,768,0,0,443,3,16,0
12,heldout,"Patch(Dictionary(RLE(BitPack)))",SUM,14745,0.89996338,buffered_drop_cache,selective_closure,82904.0,83404.0,83504.0,2789,2964,2964,25,0,14745,3072,768,0,0,443,3,16,0
12,heldout,"Patch(Dictionary(RLE(BitPack)))",SUM,14745,0.89996338,buffered_drop_cache,broad_fused,63665.0,63855.0,63915.0,2895,3072,3072,1,0,16384,3072,768,0,0,443,3,16,0
12,heldout,"Patch(Dictionary(RLE(BitPack)))",BETWEEN,14745,0.89996338,memory_warm,selective_closure,61566.9,61907.4,62042.5,2789,2964,2964,25,0,14745,3072,768,0,0,443,3,16,0
12,heldout,"Patch(Dictionary(RLE(BitPack)))",BETWEEN,14745,0.89996338,memory_warm,broad_fused,61648.2,61833.5,62042.5,2895,3072,3072,1,0,16384,3072,768,0,0,443,3,16,0
12,heldout,"Patch(Dictionary(RLE(BitPack)))",BETWEEN,14745,0.89996338,mmap_hot,selective_closure,61311.5,61449.1,62036.2,2789,2964,2964,25,0,14745,3072,768,0,0,443,3,16,0
12,heldout,"Patch(Dictionary(RLE(BitPack)))",BETWEEN,14745,0.89996338,mmap_hot,broad_fused,61852.2,62534.6,62544.5,2895,3072,3072,1,0,16384,3072,768,0,0,443,3,16,0
12,heldout,"Patch(Dictionary(RLE(BitPack)))",BETWEEN,14745,0.89996338,buffered_hot,selective_closure,83234.2,83428.4,85058.8,2789,2964,2964,25,0,14745,3072,768,0,0,443,3,16,0
12,heldout,"Patch(Dictionary(RLE(BitPack)))",BETWEEN,14745,0.89996338,buffered_hot,broad_fused,63231.4,63650.7,63954.0,2895,3072,3072,1,0,16384,3072,768,0,0,443,3,16,0
12,heldout,"Patch(Dictionary(RLE(BitPack)))",BETWEEN,14745,0.89996338,buffered_drop_cache,selective_closure,83405.0,83765.0,83805.0,2789,2964,2964,25,0,14745,3072,768,0,0,443,3,16,0
12,heldout,"Patch(Dictionary(RLE(BitPack)))",BETWEEN,14745,0.89996338,buffered_drop_cache,broad_fused,63144.0,63285.0,63364.0,2895,3072,3072,1,0,16384,3072,768,0,0,443,3,16,0
12,heldout,"Patch(Dictionary(RLE(BitPack)))",SUM,16384,1.00000000,memory_warm,selective_closure,66122.9,66297.6,66804.0,2895,2964,2964,25,0,16384,3072,768,0,0,443,3,16,0
12,heldout,"Patch(Dictionary(RLE(BitPack)))",SUM,16384,1.00000000,memory_warm,broad_fused,62278.7,62294.3,62570.4,2895,3072,3072,1,0,16384,3072,768,0,0,443,3,16,0
12,heldout,"Patch(Dictionary(RLE(BitPack)))",SUM,16384,1.00000000,mmap_hot,selective_closure,66284.6,66414.9,67098.6,2895,2964,2964,25,0,16384,3072,768,0,0,443,3,16,0
12,heldout,"Patch(Dictionary(RLE(BitPack)))",SUM,16384,1.00000000,mmap_hot,broad_fused,63171.4,63307.3,63550.4,2895,3072,3072,1,0,16384,3072,768,0,0,443,3,16,0
12,heldout,"Patch(Dictionary(RLE(BitPack)))",SUM,16384,1.00000000,buffered_hot,selective_closure,87388.2,87614.8,88598.2,2895,2964,2964,25,0,16384,3072,768,0,0,443,3,16,0
12,heldout,"Patch(Dictionary(RLE(BitPack)))",SUM,16384,1.00000000,buffered_hot,broad_fused,63560.6,63602.0,64037.0,2895,3072,3072,1,0,16384,3072,768,0,0,443,3,16,0
12,heldout,"Patch(Dictionary(RLE(BitPack)))",SUM,16384,1.00000000,buffered_drop_cache,selective_closure,87690.0,87861.0,88131.0,2895,2964,2964,25,0,16384,3072,768,0,0,443,3,16,0
12,heldout,"Patch(Dictionary(RLE(BitPack)))",SUM,16384,1.00000000,buffered_drop_cache,broad_fused,63545.0,63575.0,63705.0,2895,3072,3072,1,0,16384,3072,768,0,0,443,3,16,0
12,heldout,"Patch(Dictionary(RLE(BitPack)))",BETWEEN,16384,1.00000000,memory_warm,selective_closure,65768.0,66381.9,66791.0,2895,2964,2964,25,0,16384,3072,768,0,0,443,3,16,0
12,heldout,"Patch(Dictionary(RLE(BitPack)))",BETWEEN,16384,1.00000000,memory_warm,broad_fused,61851.0,61958.6,62572.1,2895,3072,3072,1,0,16384,3072,768,0,0,443,3,16,0
12,heldout,"Patch(Dictionary(RLE(BitPack)))",BETWEEN,16384,1.00000000,mmap_hot,selective_closure,66044.3,66151.6,66669.4,2895,2964,2964,25,0,16384,3072,768,0,0,443,3,16,0
12,heldout,"Patch(Dictionary(RLE(BitPack)))",BETWEEN,16384,1.00000000,mmap_hot,broad_fused,61868.0,62022.6,62554.7,2895,3072,3072,1,0,16384,3072,768,0,0,443,3,16,0
12,heldout,"Patch(Dictionary(RLE(BitPack)))",BETWEEN,16384,1.00000000,buffered_hot,selective_closure,87648.8,88285.6,88476.0,2895,2964,2964,25,0,16384,3072,768,0,0,443,3,16,0
12,heldout,"Patch(Dictionary(RLE(BitPack)))",BETWEEN,16384,1.00000000,buffered_hot,broad_fused,63387.3,63779.4,63812.3,2895,3072,3072,1,0,16384,3072,768,0,0,443,3,16,0
12,heldout,"Patch(Dictionary(RLE(BitPack)))",BETWEEN,16384,1.00000000,buffered_drop_cache,selective_closure,87651.0,87791.0,88171.0,2895,2964,2964,25,0,16384,3072,768,0,0,443,3,16,0
12,heldout,"Patch(Dictionary(RLE(BitPack)))",BETWEEN,16384,1.00000000,buffered_drop_cache,broad_fused,63124.0,63505.0,63575.0,2895,3072,3072,1,0,16384,3072,768,0,0,443,3,16,0
13,heldout,"Nullable(Dictionary(BitPack))",SUM,1,0.00006104,memory_warm,selective_closure,2830.3,2847.3,2847.9,493,608,608,5,0,1,6688,448,0,0,0,4,0,1
13,heldout,"Nullable(Dictionary(BitPack))",SUM,1,0.00006104,memory_warm,broad_fused,1194451.0,1195203.0,1196425.0,6387,6688,6688,1,0,16384,6688,448,0,0,0,4,0,1
13,heldout,"Nullable(Dictionary(BitPack))",SUM,1,0.00006104,mmap_hot,selective_closure,2984.6,3004.7,3010.7,493,608,608,5,0,1,6688,448,0,0,0,4,0,1
13,heldout,"Nullable(Dictionary(BitPack))",SUM,1,0.00006104,mmap_hot,broad_fused,1196055.0,1196735.0,1199459.0,6387,6688,6688,1,0,16384,6688,448,0,0,0,4,0,1
13,heldout,"Nullable(Dictionary(BitPack))",SUM,1,0.00006104,buffered_hot,selective_closure,7360.4,7388.2,7413.4,493,608,608,5,0,1,6688,448,0,0,0,4,0,1
13,heldout,"Nullable(Dictionary(BitPack))",SUM,1,0.00006104,buffered_hot,broad_fused,1198899.0,1199439.0,1202404.0,6387,6688,6688,1,0,16384,6688,448,0,0,0,4,0,1
13,heldout,"Nullable(Dictionary(BitPack))",SUM,1,0.00006104,buffered_drop_cache,selective_closure,122303.0,123604.0,124976.0,493,608,608,5,0,1,6688,448,0,0,0,4,0,1
13,heldout,"Nullable(Dictionary(BitPack))",SUM,1,0.00006104,buffered_drop_cache,broad_fused,1312899.0,1313179.0,1316253.0,6387,6688,6688,1,0,16384,6688,448,0,0,0,4,0,1
13,heldout,"Nullable(Dictionary(BitPack))",BETWEEN,1,0.00006104,memory_warm,selective_closure,2868.7,2880.6,2884.3,493,608,608,5,0,1,6688,448,0,0,0,4,0,1
13,heldout,"Nullable(Dictionary(BitPack))",BETWEEN,1,0.00006104,memory_warm,broad_fused,1197827.0,1200561.0,1202083.0,6387,6688,6688,1,0,16384,6688,448,0,0,0,4,0,1
13,heldout,"Nullable(Dictionary(BitPack))",BETWEEN,1,0.00006104,mmap_hot,selective_closure,3015.3,3043.7,3043.9,493,608,608,5,0,1,6688,448,0,0,0,4,0,1
13,heldout,"Nullable(Dictionary(BitPack))",BETWEEN,1,0.00006104,mmap_hot,broad_fused,1203845.0,1204446.0,1207582.0,6387,6688,6688,1,0,16384,6688,448,0,0,0,4,0,1
13,heldout,"Nullable(Dictionary(BitPack))",BETWEEN,1,0.00006104,buffered_hot,selective_closure,7425.5,7480.4,7528.6,493,608,608,5,0,1,6688,448,0,0,0,4,0,1
13,heldout,"Nullable(Dictionary(BitPack))",BETWEEN,1,0.00006104,buffered_hot,broad_fused,1203795.0,1205469.0,1207681.0,6387,6688,6688,1,0,16384,6688,448,0,0,0,4,0,1
13,heldout,"Nullable(Dictionary(BitPack))",BETWEEN,1,0.00006104,buffered_drop_cache,selective_closure,121001.0,122263.0,123534.0,493,608,608,5,0,1,6688,448,0,0,0,4,0,1
13,heldout,"Nullable(Dictionary(BitPack))",BETWEEN,1,0.00006104,buffered_drop_cache,broad_fused,1316844.0,1317755.0,1317986.0,6387,6688,6688,1,0,16384,6688,448,0,0,0,4,0,1
13,heldout,"Nullable(Dictionary(BitPack))",SUM,4,0.00024414,memory_warm,selective_closure,3291.4,3313.1,3320.1,518,640,640,6,0,4,6688,448,0,0,0,4,0,1
13,heldout,"Nullable(Dictionary(BitPack))",SUM,4,0.00024414,memory_warm,broad_fused,1191708.0,1192409.0,1192649.0,6387,6688,6688,1,0,16384,6688,448,0,0,0,4,0,1
13,heldout,"Nullable(Dictionary(BitPack))",SUM,4,0.00024414,mmap_hot,selective_closure,3445.7,3486.9,3491.8,518,640,640,6,0,4,6688,448,0,0,0,4,0,1
13,heldout,"Nullable(Dictionary(BitPack))",SUM,4,0.00024414,mmap_hot,broad_fused,1193901.0,1194442.0,1194622.0,6387,6688,6688,1,0,16384,6688,448,0,0,0,4,0,1
13,heldout,"Nullable(Dictionary(BitPack))",SUM,4,0.00024414,buffered_hot,selective_closure,8721.9,8762.4,8789.0,518,640,640,6,0,4,6688,448,0,0,0,4,0,1
13,heldout,"Nullable(Dictionary(BitPack))",SUM,4,0.00024414,buffered_hot,broad_fused,1200060.0,1200761.0,1202434.0,6387,6688,6688,1,0,16384,6688,448,0,0,0,4,0,1
13,heldout,"Nullable(Dictionary(BitPack))",SUM,4,0.00024414,buffered_drop_cache,selective_closure,124315.0,124315.0,124846.0,518,640,640,6,0,4,6688,448,0,0,0,4,0,1
13,heldout,"Nullable(Dictionary(BitPack))",SUM,4,0.00024414,buffered_drop_cache,broad_fused,1315151.0,1317946.0,1318987.0,6387,6688,6688,1,0,16384,6688,448,0,0,0,4,0,1
13,heldout,"Nullable(Dictionary(BitPack))",BETWEEN,4,0.00024414,memory_warm,selective_closure,3341.5,3365.6,3379.0,518,640,640,6,0,4,6688,448,0,0,0,4,0,1
13,heldout,"Nullable(Dictionary(BitPack))",BETWEEN,4,0.00024414,memory_warm,broad_fused,1197527.0,1199189.0,1199189.0,6387,6688,6688,1,0,16384,6688,448,0,0,0,4,0,1
13,heldout,"Nullable(Dictionary(BitPack))",BETWEEN,4,0.00024414,mmap_hot,selective_closure,3443.6,3459.6,3471.2,518,640,640,6,0,4,6688,448,0,0,0,4,0,1
13,heldout,"Nullable(Dictionary(BitPack))",BETWEEN,4,0.00024414,mmap_hot,broad_fused,1200812.0,1202383.0,1203475.0,6387,6688,6688,1,0,16384,6688,448,0,0,0,4,0,1
13,heldout,"Nullable(Dictionary(BitPack))",BETWEEN,4,0.00024414,buffered_hot,selective_closure,8749.5,8829.8,8835.3,518,640,640,6,0,4,6688,448,0,0,0,4,0,1
13,heldout,"Nullable(Dictionary(BitPack))",BETWEEN,4,0.00024414,buffered_hot,broad_fused,1202103.0,1202353.0,1202784.0,6387,6688,6688,1,0,16384,6688,448,0,0,0,4,0,1
13,heldout,"Nullable(Dictionary(BitPack))",BETWEEN,4,0.00024414,buffered_drop_cache,selective_closure,123143.0,123454.0,126759.0,518,640,640,6,0,4,6688,448,0,0,0,4,0,1
13,heldout,"Nullable(Dictionary(BitPack))",BETWEEN,4,0.00024414,buffered_drop_cache,broad_fused,1319247.0,1319998.0,1321201.0,6387,6688,6688,1,0,16384,6688,448,0,0,0,4,0,1
13,heldout,"Nullable(Dictionary(BitPack))",SUM,16,0.00097656,memory_warm,selective_closure,4175.9,4194.3,4226.3,522,640,640,6,0,16,6688,448,0,0,0,4,0,1
13,heldout,"Nullable(Dictionary(BitPack))",SUM,16,0.00097656,memory_warm,broad_fused,1196895.0,1200781.0,1205308.0,6387,6688,6688,1,0,16384,6688,448,0,0,0,4,0,1
13,heldout,"Nullable(Dictionary(BitPack))",SUM,16,0.00097656,mmap_hot,selective_closure,4318.1,4318.6,4348.0,522,640,640,6,0,16,6688,448,0,0,0,4,0,1
13,heldout,"Nullable(Dictionary(BitPack))",SUM,16,0.00097656,mmap_hot,broad_fused,1193209.0,1195843.0,1195894.0,6387,6688,6688,1,0,16384,6688,448,0,0,0,4,0,1
13,heldout,"Nullable(Dictionary(BitPack))",SUM,16,0.00097656,buffered_hot,selective_closure,9605.9,9620.0,9710.7,522,640,640,6,0,16,6688,448,0,0,0,4,0,1
13,heldout,"Nullable(Dictionary(BitPack))",SUM,16,0.00097656,buffered_hot,broad_fused,1197406.0,1198858.0,1199279.0,6387,6688,6688,1,0,16384,6688,448,0,0,0,4,0,1
13,heldout,"Nullable(Dictionary(BitPack))",SUM,16,0.00097656,buffered_drop_cache,selective_closure,125677.0,125758.0,126870.0,522,640,640,6,0,16,6688,448,0,0,0,4,0,1
13,heldout,"Nullable(Dictionary(BitPack))",SUM,16,0.00097656,buffered_drop_cache,broad_fused,1313960.0,1320279.0,1325758.0,6387,6688,6688,1,0,16384,6688,448,0,0,0,4,0,1
13,heldout,"Nullable(Dictionary(BitPack))",BETWEEN,16,0.00097656,memory_warm,selective_closure,4236.3,4284.8,4286.2,522,640,640,6,0,16,6688,448,0,0,0,4,0,1
13,heldout,"Nullable(Dictionary(BitPack))",BETWEEN,16,0.00097656,memory_warm,broad_fused,1197396.0,1201832.0,1203115.0,6387,6688,6688,1,0,16384,6688,448,0,0,0,4,0,1
13,heldout,"Nullable(Dictionary(BitPack))",BETWEEN,16,0.00097656,mmap_hot,selective_closure,4362.8,4410.6,4477.1,522,640,640,6,0,16,6688,448,0,0,0,4,0,1
13,heldout,"Nullable(Dictionary(BitPack))",BETWEEN,16,0.00097656,mmap_hot,broad_fused,1199178.0,1199610.0,1201362.0,6387,6688,6688,1,0,16384,6688,448,0,0,0,4,0,1
13,heldout,"Nullable(Dictionary(BitPack))",BETWEEN,16,0.00097656,buffered_hot,selective_closure,9773.6,9838.5,9850.5,522,640,640,6,0,16,6688,448,0,0,0,4,0,1
13,heldout,"Nullable(Dictionary(BitPack))",BETWEEN,16,0.00097656,buffered_hot,broad_fused,1198918.0,1200230.0,1201543.0,6387,6688,6688,1,0,16384,6688,448,0,0,0,4,0,1
13,heldout,"Nullable(Dictionary(BitPack))",BETWEEN,16,0.00097656,buffered_drop_cache,selective_closure,123314.0,124115.0,127861.0,522,640,640,6,0,16,6688,448,0,0,0,4,0,1
13,heldout,"Nullable(Dictionary(BitPack))",BETWEEN,16,0.00097656,buffered_drop_cache,broad_fused,1317245.0,1318257.0,1321852.0,6387,6688,6688,1,0,16384,6688,448,0,0,0,4,0,1
13,heldout,"Nullable(Dictionary(BitPack))",SUM,64,0.00390625,memory_warm,selective_closure,7579.3,7621.1,7671.4,535,640,640,6,0,64,6688,448,0,0,0,4,0,1
13,heldout,"Nullable(Dictionary(BitPack))",SUM,64,0.00390625,memory_warm,broad_fused,1192098.0,1192488.0,1193981.0,6387,6688,6688,1,0,16384,6688,448,0,0,0,4,0,1
13,heldout,"Nullable(Dictionary(BitPack))",SUM,64,0.00390625,mmap_hot,selective_closure,7784.5,7792.3,7873.0,535,640,640,6,0,64,6688,448,0,0,0,4,0,1
13,heldout,"Nullable(Dictionary(BitPack))",SUM,64,0.00390625,mmap_hot,broad_fused,1194162.0,1196374.0,1200201.0,6387,6688,6688,1,0,16384,6688,448,0,0,0,4,0,1
13,heldout,"Nullable(Dictionary(BitPack))",SUM,64,0.00390625,buffered_hot,selective_closure,13094.1,13124.2,13201.6,535,640,640,6,0,64,6688,448,0,0,0,4,0,1
13,heldout,"Nullable(Dictionary(BitPack))",SUM,64,0.00390625,buffered_hot,broad_fused,1195063.0,1195163.0,1199589.0,6387,6688,6688,1,0,16384,6688,448,0,0,0,4,0,1
13,heldout,"Nullable(Dictionary(BitPack))",SUM,64,0.00390625,buffered_drop_cache,selective_closure,128752.0,129263.0,130385.0,535,640,640,6,0,64,6688,448,0,0,0,4,0,1
13,heldout,"Nullable(Dictionary(BitPack))",SUM,64,0.00390625,buffered_drop_cache,broad_fused,1313179.0,1313469.0,1314571.0,6387,6688,6688,1,0,16384,6688,448,0,0,0,4,0,1
13,heldout,"Nullable(Dictionary(BitPack))",BETWEEN,64,0.00390625,memory_warm,selective_closure,7871.1,7885.6,7905.6,535,640,640,6,0,64,6688,448,0,0,0,4,0,1
13,heldout,"Nullable(Dictionary(BitPack))",BETWEEN,64,0.00390625,memory_warm,broad_fused,1200541.0,1201352.0,1202073.0,6387,6688,6688,1,0,16384,6688,448,0,0,0,4,0,1
13,heldout,"Nullable(Dictionary(BitPack))",BETWEEN,64,0.00390625,mmap_hot,selective_closure,7993.1,8023.4,8024.1,535,640,640,6,0,64,6688,448,0,0,0,4,0,1
13,heldout,"Nullable(Dictionary(BitPack))",BETWEEN,64,0.00390625,mmap_hot,broad_fused,1200070.0,1201623.0,1203785.0,6387,6688,6688,1,0,16384,6688,448,0,0,0,4,0,1
13,heldout,"Nullable(Dictionary(BitPack))",BETWEEN,64,0.00390625,buffered_hot,selective_closure,13373.3,13374.7,13481.8,535,640,640,6,0,64,6688,448,0,0,0,4,0,1
13,heldout,"Nullable(Dictionary(BitPack))",BETWEEN,64,0.00390625,buffered_hot,broad_fused,1198538.0,1201993.0,1202784.0,6387,6688,6688,1,0,16384,6688,448,0,0,0,4,0,1
13,heldout,"Nullable(Dictionary(BitPack))",BETWEEN,64,0.00390625,buffered_drop_cache,selective_closure,128352.0,128602.0,129883.0,535,640,640,6,0,64,6688,448,0,0,0,4,0,1
13,heldout,"Nullable(Dictionary(BitPack))",BETWEEN,64,0.00390625,buffered_drop_cache,broad_fused,1317615.0,1318677.0,1320039.0,6387,6688,6688,1,0,16384,6688,448,0,0,0,4,0,1
13,heldout,"Nullable(Dictionary(BitPack))",SUM,163,0.00994873,memory_warm,selective_closure,14986.4,15003.3,15178.2,566,672,672,7,0,163,6688,448,0,0,0,4,0,1
13,heldout,"Nullable(Dictionary(BitPack))",SUM,163,0.00994873,memory_warm,broad_fused,1190666.0,1192869.0,1193180.0,6387,6688,6688,1,0,16384,6688,448,0,0,0,4,0,1
13,heldout,"Nullable(Dictionary(BitPack))",SUM,163,0.00994873,mmap_hot,selective_closure,15255.9,15380.1,15423.6,566,672,672,7,0,163,6688,448,0,0,0,4,0,1
13,heldout,"Nullable(Dictionary(BitPack))",SUM,163,0.00994873,mmap_hot,broad_fused,1194481.0,1196114.0,1196945.0,6387,6688,6688,1,0,16384,6688,448,0,0,0,4,0,1
13,heldout,"Nullable(Dictionary(BitPack))",SUM,163,0.00994873,buffered_hot,selective_closure,21453.7,21670.2,21677.6,566,672,672,7,0,163,6688,448,0,0,0,4,0,1
13,heldout,"Nullable(Dictionary(BitPack))",SUM,163,0.00994873,buffered_hot,broad_fused,1196534.0,1196865.0,1201182.0,6387,6688,6688,1,0,16384,6688,448,0,0,0,4,0,1
13,heldout,"Nullable(Dictionary(BitPack))",SUM,163,0.00994873,buffered_drop_cache,selective_closure,136474.0,136564.0,139068.0,566,672,672,7,0,163,6688,448,0,0,0,4,0,1
13,heldout,"Nullable(Dictionary(BitPack))",SUM,163,0.00994873,buffered_drop_cache,broad_fused,1317395.0,1318006.0,1320159.0,6387,6688,6688,1,0,16384,6688,448,0,0,0,4,0,1
13,heldout,"Nullable(Dictionary(BitPack))",BETWEEN,163,0.00994873,memory_warm,selective_closure,15265.7,15318.0,15459.2,566,672,672,7,0,163,6688,448,0,0,0,4,0,1
13,heldout,"Nullable(Dictionary(BitPack))",BETWEEN,163,0.00994873,memory_warm,broad_fused,1192539.0,1195052.0,1199470.0,6387,6688,6688,1,0,16384,6688,448,0,0,0,4,0,1
13,heldout,"Nullable(Dictionary(BitPack))",BETWEEN,163,0.00994873,mmap_hot,selective_closure,15520.5,15539.0,15713.7,566,672,672,7,0,163,6688,448,0,0,0,4,0,1
13,heldout,"Nullable(Dictionary(BitPack))",BETWEEN,163,0.00994873,mmap_hot,broad_fused,1198037.0,1198878.0,1200771.0,6387,6688,6688,1,0,16384,6688,448,0,0,0,4,0,1
13,heldout,"Nullable(Dictionary(BitPack))",BETWEEN,163,0.00994873,buffered_hot,selective_closure,22240.5,22245.0,22489.9,566,672,672,7,0,163,6688,448,0,0,0,4,0,1
13,heldout,"Nullable(Dictionary(BitPack))",BETWEEN,163,0.00994873,buffered_hot,broad_fused,1204436.0,1208453.0,1208612.0,6387,6688,6688,1,0,16384,6688,448,0,0,0,4,0,1
13,heldout,"Nullable(Dictionary(BitPack))",BETWEEN,163,0.00994873,buffered_drop_cache,selective_closure,138316.0,138417.0,139257.0,566,672,672,7,0,163,6688,448,0,0,0,4,0,1
13,heldout,"Nullable(Dictionary(BitPack))",BETWEEN,163,0.00994873,buffered_drop_cache,broad_fused,1324806.0,1327089.0,1327160.0,6387,6688,6688,1,0,16384,6688,448,0,0,0,4,0,1
13,heldout,"Nullable(Dictionary(BitPack))",SUM,256,0.01562500,memory_warm,selective_closure,21805.7,21887.2,22084.7,593,704,704,8,0,256,6688,448,0,0,0,4,0,1
13,heldout,"Nullable(Dictionary(BitPack))",SUM,256,0.01562500,memory_warm,broad_fused,1194152.0,1195152.0,1199018.0,6387,6688,6688,1,0,16384,6688,448,0,0,0,4,0,1
13,heldout,"Nullable(Dictionary(BitPack))",SUM,256,0.01562500,mmap_hot,selective_closure,22218.1,22256.4,22362.0,593,704,704,8,0,256,6688,448,0,0,0,4,0,1
13,heldout,"Nullable(Dictionary(BitPack))",SUM,256,0.01562500,mmap_hot,broad_fused,1193551.0,1194172.0,1195793.0,6387,6688,6688,1,0,16384,6688,448,0,0,0,4,0,1
13,heldout,"Nullable(Dictionary(BitPack))",SUM,256,0.01562500,buffered_hot,selective_closure,29352.6,29420.8,29626.1,593,704,704,8,0,256,6688,448,0,0,0,4,0,1
13,heldout,"Nullable(Dictionary(BitPack))",SUM,256,0.01562500,buffered_hot,broad_fused,1198939.0,1199500.0,1199539.0,6387,6688,6688,1,0,16384,6688,448,0,0,0,4,0,1
13,heldout,"Nullable(Dictionary(BitPack))",SUM,256,0.01562500,buffered_drop_cache,selective_closure,146148.0,149153.0,149953.0,593,704,704,8,0,256,6688,448,0,0,0,4,0,1
13,heldout,"Nullable(Dictionary(BitPack))",SUM,256,0.01562500,buffered_drop_cache,broad_fused,1316544.0,1316654.0,1317615.0,6387,6688,6688,1,0,16384,6688,448,0,0,0,4,0,1
13,heldout,"Nullable(Dictionary(BitPack))",BETWEEN,256,0.01562500,memory_warm,selective_closure,22464.9,22674.8,22727.2,593,704,704,8,0,256,6688,448,0,0,0,4,0,1
13,heldout,"Nullable(Dictionary(BitPack))",BETWEEN,256,0.01562500,memory_warm,broad_fused,1200211.0,1204667.0,1205368.0,6387,6688,6688,1,0,16384,6688,448,0,0,0,4,0,1
13,heldout,"Nullable(Dictionary(BitPack))",BETWEEN,256,0.01562500,mmap_hot,selective_closure,22605.1,22632.8,22781.6,593,704,704,8,0,256,6688,448,0,0,0,4,0,1
13,heldout,"Nullable(Dictionary(BitPack))",BETWEEN,256,0.01562500,mmap_hot,broad_fused,1201963.0,1202404.0,1204437.0,6387,6688,6688,1,0,16384,6688,448,0,0,0,4,0,1
13,heldout,"Nullable(Dictionary(BitPack))",BETWEEN,256,0.01562500,buffered_hot,selective_closure,29922.1,30258.2,30344.6,593,704,704,8,0,256,6688,448,0,0,0,4,0,1
13,heldout,"Nullable(Dictionary(BitPack))",BETWEEN,256,0.01562500,buffered_hot,broad_fused,1202194.0,1202364.0,1205217.0,6387,6688,6688,1,0,16384,6688,448,0,0,0,4,0,1
13,heldout,"Nullable(Dictionary(BitPack))",BETWEEN,256,0.01562500,buffered_drop_cache,selective_closure,145186.0,146389.0,147350.0,593,704,704,8,0,256,6688,448,0,0,0,4,0,1
13,heldout,"Nullable(Dictionary(BitPack))",BETWEEN,256,0.01562500,buffered_drop_cache,broad_fused,1320620.0,1322924.0,1323784.0,6387,6688,6688,1,0,16384,6688,448,0,0,0,4,0,1
13,heldout,"Nullable(Dictionary(BitPack))",SUM,819,0.04998779,memory_warm,selective_closure,65526.3,65692.3,65962.7,793,896,896,14,0,819,6688,448,0,0,0,4,0,1
13,heldout,"Nullable(Dictionary(BitPack))",SUM,819,0.04998779,memory_warm,broad_fused,1197366.0,1197546.0,1199709.0,6387,6688,6688,1,0,16384,6688,448,0,0,0,4,0,1
13,heldout,"Nullable(Dictionary(BitPack))",SUM,819,0.04998779,mmap_hot,selective_closure,65593.6,66108.6,66297.4,793,896,896,14,0,819,6688,448,0,0,0,4,0,1
13,heldout,"Nullable(Dictionary(BitPack))",SUM,819,0.04998779,mmap_hot,broad_fused,1197046.0,1197466.0,1200050.0,6387,6688,6688,1,0,16384,6688,448,0,0,0,4,0,1
13,heldout,"Nullable(Dictionary(BitPack))",SUM,819,0.04998779,buffered_hot,selective_closure,77924.5,78038.2,78807.5,793,896,896,14,0,819,6688,448,0,0,0,4,0,1
13,heldout,"Nullable(Dictionary(BitPack))",SUM,819,0.04998779,buffered_hot,broad_fused,1202914.0,1203024.0,1204056.0,6387,6688,6688,1,0,16384,6688,448,0,0,0,4,0,1
13,heldout,"Nullable(Dictionary(BitPack))",SUM,819,0.04998779,buffered_drop_cache,selective_closure,194811.0,198576.0,202983.0,793,896,896,14,0,819,6688,448,0,0,0,4,0,1
13,heldout,"Nullable(Dictionary(BitPack))",SUM,819,0.04998779,buffered_drop_cache,broad_fused,1316404.0,1319298.0,1321001.0,6387,6688,6688,1,0,16384,6688,448,0,0,0,4,0,1
13,heldout,"Nullable(Dictionary(BitPack))",BETWEEN,819,0.04998779,memory_warm,selective_closure,67190.1,67432.0,68113.0,793,896,896,14,0,819,6688,448,0,0,0,4,0,1
13,heldout,"Nullable(Dictionary(BitPack))",BETWEEN,819,0.04998779,memory_warm,broad_fused,1201112.0,1202534.0,1205889.0,6387,6688,6688,1,0,16384,6688,448,0,0,0,4,0,1
13,heldout,"Nullable(Dictionary(BitPack))",BETWEEN,819,0.04998779,mmap_hot,selective_closure,67588.0,67588.0,68073.0,793,896,896,14,0,819,6688,448,0,0,0,4,0,1
13,heldout,"Nullable(Dictionary(BitPack))",BETWEEN,819,0.04998779,mmap_hot,broad_fused,1201221.0,1202844.0,1206289.0,6387,6688,6688,1,0,16384,6688,448,0,0,0,4,0,1
13,heldout,"Nullable(Dictionary(BitPack))",BETWEEN,819,0.04998779,buffered_hot,selective_closure,80612.0,81339.7,81468.2,793,896,896,14,0,819,6688,448,0,0,0,4,0,1
13,heldout,"Nullable(Dictionary(BitPack))",BETWEEN,819,0.04998779,buffered_hot,broad_fused,1204126.0,1204556.0,1205408.0,6387,6688,6688,1,0,16384,6688,448,0,0,0,4,0,1
13,heldout,"Nullable(Dictionary(BitPack))",BETWEEN,819,0.04998779,buffered_drop_cache,selective_closure,195331.0,195391.0,195892.0,793,896,896,14,0,819,6688,448,0,0,0,4,0,1
13,heldout,"Nullable(Dictionary(BitPack))",BETWEEN,819,0.04998779,buffered_drop_cache,broad_fused,1318887.0,1320701.0,1322592.0,6387,6688,6688,1,0,16384,6688,448,0,0,0,4,0,1
13,heldout,"Nullable(Dictionary(BitPack))",SUM,1638,0.09997559,memory_warm,selective_closure,129262.7,129593.3,130832.0,1101,1216,1216,24,0,1638,6688,448,0,0,0,4,0,1
13,heldout,"Nullable(Dictionary(BitPack))",SUM,1638,0.09997559,memory_warm,broad_fused,1195273.0,1195974.0,1197646.0,6387,6688,6688,1,0,16384,6688,448,0,0,0,4,0,1
13,heldout,"Nullable(Dictionary(BitPack))",SUM,1638,0.09997559,mmap_hot,selective_closure,130708.3,130835.0,132020.3,1101,1216,1216,24,0,1638,6688,448,0,0,0,4,0,1
13,heldout,"Nullable(Dictionary(BitPack))",SUM,1638,0.09997559,mmap_hot,broad_fused,1196094.0,1196915.0,1198178.0,6387,6688,6688,1,0,16384,6688,448,0,0,0,4,0,1
13,heldout,"Nullable(Dictionary(BitPack))",SUM,1638,0.09997559,buffered_hot,selective_closure,151012.0,151265.3,152697.7,1101,1216,1216,24,0,1638,6688,448,0,0,0,4,0,1
13,heldout,"Nullable(Dictionary(BitPack))",SUM,1638,0.09997559,buffered_hot,broad_fused,1201081.0,1201613.0,1203676.0,6387,6688,6688,1,0,16384,6688,448,0,0,0,4,0,1
13,heldout,"Nullable(Dictionary(BitPack))",SUM,1638,0.09997559,buffered_drop_cache,selective_closure,268861.0,269702.0,272477.0,1101,1216,1216,24,0,1638,6688,448,0,0,0,4,0,1
13,heldout,"Nullable(Dictionary(BitPack))",SUM,1638,0.09997559,buffered_drop_cache,broad_fused,1316574.0,1319618.0,1325347.0,6387,6688,6688,1,0,16384,6688,448,0,0,0,4,0,1
13,heldout,"Nullable(Dictionary(BitPack))",BETWEEN,1638,0.09997559,memory_warm,selective_closure,132631.3,132838.0,134016.3,1101,1216,1216,24,0,1638,6688,448,0,0,0,4,0,1
13,heldout,"Nullable(Dictionary(BitPack))",BETWEEN,1638,0.09997559,memory_warm,broad_fused,1202033.0,1203885.0,1204096.0,6387,6688,6688,1,0,16384,6688,448,0,0,0,4,0,1
13,heldout,"Nullable(Dictionary(BitPack))",BETWEEN,1638,0.09997559,mmap_hot,selective_closure,134373.7,134807.7,135983.0,1101,1216,1216,24,0,1638,6688,448,0,0,0,4,0,1
13,heldout,"Nullable(Dictionary(BitPack))",BETWEEN,1638,0.09997559,mmap_hot,broad_fused,1204917.0,1205558.0,1206139.0,6387,6688,6688,1,0,16384,6688,448,0,0,0,4,0,1
13,heldout,"Nullable(Dictionary(BitPack))",BETWEEN,1638,0.09997559,buffered_hot,selective_closure,155281.3,156817.3,157551.7,1101,1216,1216,24,0,1638,6688,448,0,0,0,4,0,1
13,heldout,"Nullable(Dictionary(BitPack))",BETWEEN,1638,0.09997559,buffered_hot,broad_fused,1208863.0,1209084.0,1210045.0,6387,6688,6688,1,0,16384,6688,448,0,0,0,4,0,1
13,heldout,"Nullable(Dictionary(BitPack))",BETWEEN,1638,0.09997559,buffered_drop_cache,selective_closure,271706.0,273688.0,279647.0,1101,1216,1216,24,0,1638,6688,448,0,0,0,4,0,1
13,heldout,"Nullable(Dictionary(BitPack))",BETWEEN,1638,0.09997559,buffered_drop_cache,broad_fused,1321851.0,1323905.0,1324496.0,6387,6688,6688,1,0,16384,6688,448,0,0,0,4,0,1
13,heldout,"Nullable(Dictionary(BitPack))",SUM,3276,0.19995117,memory_warm,selective_closure,257444.0,257484.0,259617.0,1684,1792,1792,42,0,3276,6688,448,0,0,0,4,0,1
13,heldout,"Nullable(Dictionary(BitPack))",SUM,3276,0.19995117,memory_warm,broad_fused,1200100.0,1201913.0,1203335.0,6387,6688,6688,1,0,16384,6688,448,0,0,0,4,0,1
13,heldout,"Nullable(Dictionary(BitPack))",SUM,3276,0.19995117,mmap_hot,selective_closure,259407.0,260178.0,264024.0,1684,1792,1792,42,0,3276,6688,448,0,0,0,4,0,1
13,heldout,"Nullable(Dictionary(BitPack))",SUM,3276,0.19995117,mmap_hot,broad_fused,1198818.0,1201011.0,1205018.0,6387,6688,6688,1,0,16384,6688,448,0,0,0,4,0,1
13,heldout,"Nullable(Dictionary(BitPack))",SUM,3276,0.19995117,buffered_hot,selective_closure,297764.0,298224.0,303462.0,1684,1792,1792,42,0,3276,6688,448,0,0,0,4,0,1
13,heldout,"Nullable(Dictionary(BitPack))",SUM,3276,0.19995117,buffered_hot,broad_fused,1203415.0,1206871.0,1207661.0,6387,6688,6688,1,0,16384,6688,448,0,0,0,4,0,1
13,heldout,"Nullable(Dictionary(BitPack))",SUM,3276,0.19995117,buffered_drop_cache,selective_closure,411084.0,415800.0,417613.0,1684,1792,1792,42,0,3276,6688,448,0,0,0,4,0,1
13,heldout,"Nullable(Dictionary(BitPack))",SUM,3276,0.19995117,buffered_drop_cache,broad_fused,1316033.0,1317645.0,1318306.0,6387,6688,6688,1,0,16384,6688,448,0,0,0,4,0,1
13,heldout,"Nullable(Dictionary(BitPack))",BETWEEN,3276,0.19995117,memory_warm,selective_closure,265687.0,267669.0,268360.0,1684,1792,1792,42,0,3276,6688,448,0,0,0,4,0,1
13,heldout,"Nullable(Dictionary(BitPack))",BETWEEN,3276,0.19995117,memory_warm,broad_fused,1207852.0,1213070.0,1213430.0,6387,6688,6688,1,0,16384,6688,448,0,0,0,4,0,1
13,heldout,"Nullable(Dictionary(BitPack))",BETWEEN,3276,0.19995117,mmap_hot,selective_closure,266277.0,266388.0,267689.0,1684,1792,1792,42,0,3276,6688,448,0,0,0,4,0,1
13,heldout,"Nullable(Dictionary(BitPack))",BETWEEN,3276,0.19995117,mmap_hot,broad_fused,1207191.0,1210256.0,1210305.0,6387,6688,6688,1,0,16384,6688,448,0,0,0,4,0,1
13,heldout,"Nullable(Dictionary(BitPack))",BETWEEN,3276,0.19995117,buffered_hot,selective_closure,301409.0,301600.0,306487.0,1684,1792,1792,42,0,3276,6688,448,0,0,0,4,0,1
13,heldout,"Nullable(Dictionary(BitPack))",BETWEEN,3276,0.19995117,buffered_hot,broad_fused,1208442.0,1208753.0,1209314.0,6387,6688,6688,1,0,16384,6688,448,0,0,0,4,0,1
13,heldout,"Nullable(Dictionary(BitPack))",BETWEEN,3276,0.19995117,buffered_drop_cache,selective_closure,417442.0,424193.0,427458.0,1684,1792,1792,42,0,3276,6688,448,0,0,0,4,0,1
13,heldout,"Nullable(Dictionary(BitPack))",BETWEEN,3276,0.19995117,buffered_drop_cache,broad_fused,1333810.0,1334851.0,1334961.0,6387,6688,6688,1,0,16384,6688,448,0,0,0,4,0,1
13,heldout,"Nullable(Dictionary(BitPack))",SUM,4915,0.29998779,memory_warm,selective_closure,382932.0,383061.0,387438.0,2269,2368,2368,60,0,4915,6688,448,0,0,0,4,0,1
13,heldout,"Nullable(Dictionary(BitPack))",SUM,4915,0.29998779,memory_warm,broad_fused,1196755.0,1197045.0,1200110.0,6387,6688,6688,1,0,16384,6688,448,0,0,0,4,0,1
13,heldout,"Nullable(Dictionary(BitPack))",SUM,4915,0.29998779,mmap_hot,selective_closure,383341.0,383612.0,388970.0,2269,2368,2368,60,0,4915,6688,448,0,0,0,4,0,1
13,heldout,"Nullable(Dictionary(BitPack))",SUM,4915,0.29998779,mmap_hot,broad_fused,1200371.0,1200571.0,1203004.0,6387,6688,6688,1,0,16384,6688,448,0,0,0,4,0,1
13,heldout,"Nullable(Dictionary(BitPack))",SUM,4915,0.29998779,buffered_hot,selective_closure,435429.0,437753.0,440938.0,2269,2368,2368,60,0,4915,6688,448,0,0,0,4,0,1
13,heldout,"Nullable(Dictionary(BitPack))",SUM,4915,0.29998779,buffered_hot,broad_fused,1199529.0,1199589.0,1199809.0,6387,6688,6688,1,0,16384,6688,448,0,0,0,4,0,1
13,heldout,"Nullable(Dictionary(BitPack))",SUM,4915,0.29998779,buffered_drop_cache,selective_closure,552694.0,555549.0,558844.0,2269,2368,2368,60,0,4915,6688,448,0,0,0,4,0,1
13,heldout,"Nullable(Dictionary(BitPack))",SUM,4915,0.29998779,buffered_drop_cache,broad_fused,1314360.0,1319358.0,1329744.0,6387,6688,6688,1,0,16384,6688,448,0,0,0,4,0,1
13,heldout,"Nullable(Dictionary(BitPack))",BETWEEN,4915,0.29998779,memory_warm,selective_closure,391985.0,392866.0,395460.0,2269,2368,2368,60,0,4915,6688,448,0,0,0,4,0,1
13,heldout,"Nullable(Dictionary(BitPack))",BETWEEN,4915,0.29998779,memory_warm,broad_fused,1204907.0,1209124.0,1210415.0,6387,6688,6688,1,0,16384,6688,448,0,0,0,4,0,1
13,heldout,"Nullable(Dictionary(BitPack))",BETWEEN,4915,0.29998779,mmap_hot,selective_closure,393918.0,393968.0,397322.0,2269,2368,2368,60,0,4915,6688,448,0,0,0,4,0,1
13,heldout,"Nullable(Dictionary(BitPack))",BETWEEN,4915,0.29998779,mmap_hot,broad_fused,1215262.0,1215884.0,1220291.0,6387,6688,6688,1,0,16384,6688,448,0,0,0,4,0,1
13,heldout,"Nullable(Dictionary(BitPack))",BETWEEN,4915,0.29998779,buffered_hot,selective_closure,452886.0,455690.0,456831.0,2269,2368,2368,60,0,4915,6688,448,0,0,0,4,0,1
13,heldout,"Nullable(Dictionary(BitPack))",BETWEEN,4915,0.29998779,buffered_hot,broad_fused,1214953.0,1215282.0,1216644.0,6387,6688,6688,1,0,16384,6688,448,0,0,0,4,0,1
13,heldout,"Nullable(Dictionary(BitPack))",BETWEEN,4915,0.29998779,buffered_drop_cache,selective_closure,562630.0,566815.0,571152.0,2269,2368,2368,60,0,4915,6688,448,0,0,0,4,0,1
13,heldout,"Nullable(Dictionary(BitPack))",BETWEEN,4915,0.29998779,buffered_drop_cache,broad_fused,1334681.0,1336012.0,1337455.0,6387,6688,6688,1,0,16384,6688,448,0,0,0,4,0,1
13,heldout,"Nullable(Dictionary(BitPack))",SUM,6553,0.39996338,memory_warm,selective_closure,509149.0,511263.0,513646.0,2853,2944,2944,78,0,6553,6688,448,0,0,0,4,0,1
13,heldout,"Nullable(Dictionary(BitPack))",SUM,6553,0.39996338,memory_warm,broad_fused,1198338.0,1198899.0,1200220.0,6387,6688,6688,1,0,16384,6688,448,0,0,0,4,0,1
13,heldout,"Nullable(Dictionary(BitPack))",SUM,6553,0.39996338,mmap_hot,selective_closure,513136.0,513195.0,515359.0,2853,2944,2944,78,0,6553,6688,448,0,0,0,4,0,1
13,heldout,"Nullable(Dictionary(BitPack))",SUM,6553,0.39996338,mmap_hot,broad_fused,1199008.0,1199239.0,1202043.0,6387,6688,6688,1,0,16384,6688,448,0,0,0,4,0,1
13,heldout,"Nullable(Dictionary(BitPack))",SUM,6553,0.39996338,buffered_hot,selective_closure,580596.0,581167.0,587346.0,2853,2944,2944,78,0,6553,6688,448,0,0,0,4,0,1
13,heldout,"Nullable(Dictionary(BitPack))",SUM,6553,0.39996338,buffered_hot,broad_fused,1198418.0,1198748.0,1203936.0,6387,6688,6688,1,0,16384,6688,448,0,0,0,4,0,1
13,heldout,"Nullable(Dictionary(BitPack))",SUM,6553,0.39996338,buffered_drop_cache,selective_closure,692423.0,703189.0,704922.0,2853,2944,2944,78,0,6553,6688,448,0,0,0,4,0,1
13,heldout,"Nullable(Dictionary(BitPack))",SUM,6553,0.39996338,buffered_drop_cache,broad_fused,1315572.0,1316343.0,1316534.0,6387,6688,6688,1,0,16384,6688,448,0,0,0,4,0,1
13,heldout,"Nullable(Dictionary(BitPack))",BETWEEN,6553,0.39996338,memory_warm,selective_closure,521017.0,523931.0,524152.0,2853,2944,2944,78,0,6553,6688,448,0,0,0,4,0,1
13,heldout,"Nullable(Dictionary(BitPack))",BETWEEN,6553,0.39996338,memory_warm,broad_fused,1209253.0,1213350.0,1216564.0,6387,6688,6688,1,0,16384,6688,448,0,0,0,4,0,1
13,heldout,"Nullable(Dictionary(BitPack))",BETWEEN,6553,0.39996338,mmap_hot,selective_closure,525504.0,527246.0,536620.0,2853,2944,2944,78,0,6553,6688,448,0,0,0,4,0,1
13,heldout,"Nullable(Dictionary(BitPack))",BETWEEN,6553,0.39996338,mmap_hot,broad_fused,1214231.0,1215423.0,1219159.0,6387,6688,6688,1,0,16384,6688,448,0,0,0,4,0,1
13,heldout,"Nullable(Dictionary(BitPack))",BETWEEN,6553,0.39996338,buffered_hot,selective_closure,594837.0,597522.0,599444.0,2853,2944,2944,78,0,6553,6688,448,0,0,0,4,0,1
13,heldout,"Nullable(Dictionary(BitPack))",BETWEEN,6553,0.39996338,buffered_hot,broad_fused,1223145.0,1223254.0,1225708.0,6387,6688,6688,1,0,16384,6688,448,0,0,0,4,0,1
13,heldout,"Nullable(Dictionary(BitPack))",BETWEEN,6553,0.39996338,buffered_drop_cache,selective_closure,714236.0,714726.0,721006.0,2853,2944,2944,78,0,6553,6688,448,0,0,0,4,0,1
13,heldout,"Nullable(Dictionary(BitPack))",BETWEEN,6553,0.39996338,buffered_drop_cache,broad_fused,1337075.0,1339338.0,1340890.0,6387,6688,6688,1,0,16384,6688,448,0,0,0,4,0,1
13,heldout,"Nullable(Dictionary(BitPack))",SUM,8192,0.50000000,memory_warm,selective_closure,635378.0,639063.0,639744.0,3437,3520,3520,96,0,8192,6688,448,0,0,0,4,0,1
13,heldout,"Nullable(Dictionary(BitPack))",SUM,8192,0.50000000,memory_warm,broad_fused,1200210.0,1202153.0,1203375.0,6387,6688,6688,1,0,16384,6688,448,0,0,0,4,0,1
13,heldout,"Nullable(Dictionary(BitPack))",SUM,8192,0.50000000,mmap_hot,selective_closure,644411.0,645653.0,645954.0,3437,3520,3520,96,0,8192,6688,448,0,0,0,4,0,1
13,heldout,"Nullable(Dictionary(BitPack))",SUM,8192,0.50000000,mmap_hot,broad_fused,1201432.0,1201853.0,1202814.0,6387,6688,6688,1,0,16384,6688,448,0,0,0,4,0,1
13,heldout,"Nullable(Dictionary(BitPack))",SUM,8192,0.50000000,buffered_hot,selective_closure,733895.0,734035.0,734466.0,3437,3520,3520,96,0,8192,6688,448,0,0,0,4,0,1
13,heldout,"Nullable(Dictionary(BitPack))",SUM,8192,0.50000000,buffered_hot,broad_fused,1205068.0,1205258.0,1206490.0,6387,6688,6688,1,0,16384,6688,448,0,0,0,4,0,1
13,heldout,"Nullable(Dictionary(BitPack))",SUM,8192,0.50000000,buffered_drop_cache,selective_closure,847504.0,847885.0,849818.0,3437,3520,3520,96,0,8192,6688,448,0,0,0,4,0,1
13,heldout,"Nullable(Dictionary(BitPack))",SUM,8192,0.50000000,buffered_drop_cache,broad_fused,1318347.0,1323024.0,1324406.0,6387,6688,6688,1,0,16384,6688,448,0,0,0,4,0,1
13,heldout,"Nullable(Dictionary(BitPack))",BETWEEN,8192,0.50000000,memory_warm,selective_closure,652543.0,655728.0,656449.0,3437,3520,3520,96,0,8192,6688,448,0,0,0,4,0,1
13,heldout,"Nullable(Dictionary(BitPack))",BETWEEN,8192,0.50000000,memory_warm,broad_fused,1223134.0,1225288.0,1227121.0,6387,6688,6688,1,0,16384,6688,448,0,0,0,4,0,1
13,heldout,"Nullable(Dictionary(BitPack))",BETWEEN,8192,0.50000000,mmap_hot,selective_closure,656540.0,660875.0,661626.0,3437,3520,3520,96,0,8192,6688,448,0,0,0,4,0,1
13,heldout,"Nullable(Dictionary(BitPack))",BETWEEN,8192,0.50000000,mmap_hot,broad_fused,1225819.0,1228803.0,1229885.0,6387,6688,6688,1,0,16384,6688,448,0,0,0,4,0,1
13,heldout,"Nullable(Dictionary(BitPack))",BETWEEN,8192,0.50000000,buffered_hot,selective_closure,756568.0,756999.0,758071.0,3437,3520,3520,96,0,8192,6688,448,0,0,0,4,0,1
13,heldout,"Nullable(Dictionary(BitPack))",BETWEEN,8192,0.50000000,buffered_hot,broad_fused,1221642.0,1223205.0,1225388.0,6387,6688,6688,1,0,16384,6688,448,0,0,0,4,0,1
13,heldout,"Nullable(Dictionary(BitPack))",BETWEEN,8192,0.50000000,buffered_drop_cache,selective_closure,864970.0,865250.0,868125.0,3437,3520,3520,96,0,8192,6688,448,0,0,0,4,0,1
13,heldout,"Nullable(Dictionary(BitPack))",BETWEEN,8192,0.50000000,buffered_drop_cache,broad_fused,1343624.0,1344034.0,1346529.0,6387,6688,6688,1,0,16384,6688,448,0,0,0,4,0,1
13,heldout,"Nullable(Dictionary(BitPack))",SUM,9830,0.59997559,memory_warm,selective_closure,773273.0,773654.0,775016.0,4052,4160,4160,116,0,9830,6688,448,0,0,0,4,0,1
13,heldout,"Nullable(Dictionary(BitPack))",SUM,9830,0.59997559,memory_warm,broad_fused,1196796.0,1197205.0,1199099.0,6387,6688,6688,1,0,16384,6688,448,0,0,0,4,0,1
13,heldout,"Nullable(Dictionary(BitPack))",SUM,9830,0.59997559,mmap_hot,selective_closure,772943.0,773875.0,776548.0,4052,4160,4160,116,0,9830,6688,448,0,0,0,4,0,1
13,heldout,"Nullable(Dictionary(BitPack))",SUM,9830,0.59997559,mmap_hot,broad_fused,1205478.0,1205939.0,1207822.0,6387,6688,6688,1,0,16384,6688,448,0,0,0,4,0,1
13,heldout,"Nullable(Dictionary(BitPack))",SUM,9830,0.59997559,buffered_hot,selective_closure,877489.0,877930.0,878841.0,4052,4160,4160,116,0,9830,6688,448,0,0,0,4,0,1
13,heldout,"Nullable(Dictionary(BitPack))",SUM,9830,0.59997559,buffered_hot,broad_fused,1201913.0,1203255.0,1205588.0,6387,6688,6688,1,0,16384,6688,448,0,0,0,4,0,1
13,heldout,"Nullable(Dictionary(BitPack))",SUM,9830,0.59997559,buffered_drop_cache,selective_closure,995575.0,997297.0,1000172.0,4052,4160,4160,116,0,9830,6688,448,0,0,0,4,0,1
13,heldout,"Nullable(Dictionary(BitPack))",SUM,9830,0.59997559,buffered_drop_cache,broad_fused,1321852.0,1324937.0,1331125.0,6387,6688,6688,1,0,16384,6688,448,0,0,0,4,0,1
13,heldout,"Nullable(Dictionary(BitPack))",BETWEEN,9830,0.59997559,memory_warm,selective_closure,789157.0,790389.0,790920.0,4052,4160,4160,116,0,9830,6688,448,0,0,0,4,0,1
13,heldout,"Nullable(Dictionary(BitPack))",BETWEEN,9830,0.59997559,memory_warm,broad_fused,1224036.0,1225078.0,1226149.0,6387,6688,6688,1,0,16384,6688,448,0,0,0,4,0,1
13,heldout,"Nullable(Dictionary(BitPack))",BETWEEN,9830,0.59997559,mmap_hot,selective_closure,795376.0,795527.0,796588.0,4052,4160,4160,116,0,9830,6688,448,0,0,0,4,0,1
13,heldout,"Nullable(Dictionary(BitPack))",BETWEEN,9830,0.59997559,mmap_hot,broad_fused,1231526.0,1232689.0,1232869.0,6387,6688,6688,1,0,16384,6688,448,0,0,0,4,0,1
13,heldout,"Nullable(Dictionary(BitPack))",BETWEEN,9830,0.59997559,buffered_hot,selective_closure,897468.0,897859.0,899562.0,4052,4160,4160,116,0,9830,6688,448,0,0,0,4,0,1
13,heldout,"Nullable(Dictionary(BitPack))",BETWEEN,9830,0.59997559,buffered_hot,broad_fused,1229394.0,1230415.0,1231056.0,6387,6688,6688,1,0,16384,6688,448,0,0,0,4,0,1
13,heldout,"Nullable(Dictionary(BitPack))",BETWEEN,9830,0.59997559,buffered_drop_cache,selective_closure,1013271.0,1018299.0,1029085.0,4052,4160,4160,116,0,9830,6688,448,0,0,0,4,0,1
13,heldout,"Nullable(Dictionary(BitPack))",BETWEEN,9830,0.59997559,buffered_drop_cache,broad_fused,1351516.0,1358356.0,1359197.0,6387,6688,6688,1,0,16384,6688,448,0,0,0,4,0,1
13,heldout,"Nullable(Dictionary(BitPack))",SUM,11468,0.69995117,memory_warm,selective_closure,895686.0,896758.0,897800.0,4636,4736,4736,134,0,11468,6688,448,0,0,0,4,0,1
13,heldout,"Nullable(Dictionary(BitPack))",SUM,11468,0.69995117,memory_warm,broad_fused,1201652.0,1202093.0,1205999.0,6387,6688,6688,1,0,16384,6688,448,0,0,0,4,0,1
13,heldout,"Nullable(Dictionary(BitPack))",SUM,11468,0.69995117,mmap_hot,selective_closure,905951.0,906963.0,916767.0,4636,4736,4736,134,0,11468,6688,448,0,0,0,4,0,1
13,heldout,"Nullable(Dictionary(BitPack))",SUM,11468,0.69995117,mmap_hot,broad_fused,1203746.0,1205227.0,1206620.0,6387,6688,6688,1,0,16384,6688,448,0,0,0,4,0,1
13,heldout,"Nullable(Dictionary(BitPack))",SUM,11468,0.69995117,buffered_hot,selective_closure,1030106.0,1031279.0,1032260.0,4636,4736,4736,134,0,11468,6688,448,0,0,0,4,0,1
13,heldout,"Nullable(Dictionary(BitPack))",SUM,11468,0.69995117,buffered_hot,broad_fused,1207811.0,1207962.0,1208713.0,6387,6688,6688,1,0,16384,6688,448,0,0,0,4,0,1
13,heldout,"Nullable(Dictionary(BitPack))",SUM,11468,0.69995117,buffered_drop_cache,selective_closure,1138108.0,1138208.0,1146921.0,4636,4736,4736,134,0,11468,6688,448,0,0,0,4,0,1
13,heldout,"Nullable(Dictionary(BitPack))",SUM,11468,0.69995117,buffered_drop_cache,broad_fused,1322152.0,1328752.0,1330996.0,6387,6688,6688,1,0,16384,6688,448,0,0,0,4,0,1
13,heldout,"Nullable(Dictionary(BitPack))",BETWEEN,11468,0.69995117,memory_warm,selective_closure,920463.0,921495.0,924379.0,4636,4736,4736,134,0,11468,6688,448,0,0,0,4,0,1
13,heldout,"Nullable(Dictionary(BitPack))",BETWEEN,11468,0.69995117,memory_warm,broad_fused,1232008.0,1232779.0,1233330.0,6387,6688,6688,1,0,16384,6688,448,0,0,0,4,0,1
13,heldout,"Nullable(Dictionary(BitPack))",BETWEEN,11468,0.69995117,mmap_hot,selective_closure,918871.0,918900.0,921274.0,4636,4736,4736,134,0,11468,6688,448,0,0,0,4,0,1
13,heldout,"Nullable(Dictionary(BitPack))",BETWEEN,11468,0.69995117,mmap_hot,broad_fused,1228653.0,1230074.0,1231296.0,6387,6688,6688,1,0,16384,6688,448,0,0,0,4,0,1
13,heldout,"Nullable(Dictionary(BitPack))",BETWEEN,11468,0.69995117,buffered_hot,selective_closure,1032109.0,1034673.0,1035174.0,4636,4736,4736,134,0,11468,6688,448,0,0,0,4,0,1
13,heldout,"Nullable(Dictionary(BitPack))",BETWEEN,11468,0.69995117,buffered_hot,broad_fused,1228763.0,1230545.0,1231578.0,6387,6688,6688,1,0,16384,6688,448,0,0,0,4,0,1
13,heldout,"Nullable(Dictionary(BitPack))",BETWEEN,11468,0.69995117,buffered_drop_cache,selective_closure,1155123.0,1156625.0,1157316.0,4636,4736,4736,134,0,11468,6688,448,0,0,0,4,0,1
13,heldout,"Nullable(Dictionary(BitPack))",BETWEEN,11468,0.69995117,buffered_drop_cache,broad_fused,1349573.0,1351486.0,1351897.0,6387,6688,6688,1,0,16384,6688,448,0,0,0,4,0,1
13,heldout,"Nullable(Dictionary(BitPack))",SUM,13107,0.79998779,memory_warm,selective_closure,1021163.0,1021303.0,1022164.0,5221,5312,5312,152,0,13107,6688,448,0,0,0,4,0,1
13,heldout,"Nullable(Dictionary(BitPack))",SUM,13107,0.79998779,memory_warm,broad_fused,1203164.0,1203295.0,1204427.0,6387,6688,6688,1,0,16384,6688,448,0,0,0,4,0,1
13,heldout,"Nullable(Dictionary(BitPack))",SUM,13107,0.79998779,mmap_hot,selective_closure,1023106.0,1024558.0,1025951.0,5221,5312,5312,152,0,13107,6688,448,0,0,0,4,0,1
13,heldout,"Nullable(Dictionary(BitPack))",SUM,13107,0.79998779,mmap_hot,broad_fused,1202523.0,1204817.0,1205559.0,6387,6688,6688,1,0,16384,6688,448,0,0,0,4,0,1
13,heldout,"Nullable(Dictionary(BitPack))",SUM,13107,0.79998779,buffered_hot,selective_closure,1155093.0,1157247.0,1157276.0,5221,5312,5312,152,0,13107,6688,448,0,0,0,4,0,1
13,heldout,"Nullable(Dictionary(BitPack))",SUM,13107,0.79998779,buffered_hot,broad_fused,1206279.0,1206830.0,1209705.0,6387,6688,6688,1,0,16384,6688,448,0,0,0,4,0,1
13,heldout,"Nullable(Dictionary(BitPack))",SUM,13107,0.79998779,buffered_drop_cache,selective_closure,1275463.0,1281712.0,1281792.0,5221,5312,5312,152,0,13107,6688,448,0,0,0,4,0,1
13,heldout,"Nullable(Dictionary(BitPack))",SUM,13107,0.79998779,buffered_drop_cache,broad_fused,1320480.0,1323624.0,1328903.0,6387,6688,6688,1,0,16384,6688,448,0,0,0,4,0,1
13,heldout,"Nullable(Dictionary(BitPack))",BETWEEN,13107,0.79998779,memory_warm,selective_closure,1053732.0,1053942.0,1054483.0,5221,5312,5312,152,0,13107,6688,448,0,0,0,4,0,1
13,heldout,"Nullable(Dictionary(BitPack))",BETWEEN,13107,0.79998779,memory_warm,broad_fused,1234000.0,1234151.0,1236975.0,6387,6688,6688,1,0,16384,6688,448,0,0,0,4,0,1
13,heldout,"Nullable(Dictionary(BitPack))",BETWEEN,13107,0.79998779,mmap_hot,selective_closure,1050837.0,1052770.0,1052841.0,5221,5312,5312,152,0,13107,6688,448,0,0,0,4,0,1
13,heldout,"Nullable(Dictionary(BitPack))",BETWEEN,13107,0.79998779,mmap_hot,broad_fused,1235243.0,1235343.0,1235393.0,6387,6688,6688,1,0,16384,6688,448,0,0,0,4,0,1
13,heldout,"Nullable(Dictionary(BitPack))",BETWEEN,13107,0.79998779,buffered_hot,selective_closure,1184287.0,1188523.0,1189815.0,5221,5312,5312,152,0,13107,6688,448,0,0,0,4,0,1
13,heldout,"Nullable(Dictionary(BitPack))",BETWEEN,13107,0.79998779,buffered_hot,broad_fused,1235533.0,1236294.0,1236745.0,6387,6688,6688,1,0,16384,6688,448,0,0,0,4,0,1
13,heldout,"Nullable(Dictionary(BitPack))",BETWEEN,13107,0.79998779,buffered_drop_cache,selective_closure,1303233.0,1303404.0,1311035.0,5221,5312,5312,152,0,13107,6688,448,0,0,0,4,0,1
13,heldout,"Nullable(Dictionary(BitPack))",BETWEEN,13107,0.79998779,buffered_drop_cache,broad_fused,1355442.0,1358716.0,1361681.0,6387,6688,6688,1,0,16384,6688,448,0,0,0,4,0,1
13,heldout,"Nullable(Dictionary(BitPack))",SUM,14745,0.89996338,memory_warm,selective_closure,1145619.0,1147001.0,1150886.0,5804,5888,5888,170,0,14745,6688,448,0,0,0,4,0,1
13,heldout,"Nullable(Dictionary(BitPack))",SUM,14745,0.89996338,memory_warm,broad_fused,1202544.0,1204116.0,1205117.0,6387,6688,6688,1,0,16384,6688,448,0,0,0,4,0,1
13,heldout,"Nullable(Dictionary(BitPack))",SUM,14745,0.89996338,mmap_hot,selective_closure,1151217.0,1153270.0,1155574.0,5804,5888,5888,170,0,14745,6688,448,0,0,0,4,0,1
13,heldout,"Nullable(Dictionary(BitPack))",SUM,14745,0.89996338,mmap_hot,broad_fused,1204116.0,1207161.0,1208112.0,6387,6688,6688,1,0,16384,6688,448,0,0,0,4,0,1
13,heldout,"Nullable(Dictionary(BitPack))",SUM,14745,0.89996338,buffered_hot,selective_closure,1300089.0,1302483.0,1303194.0,5804,5888,5888,170,0,14745,6688,448,0,0,0,4,0,1
13,heldout,"Nullable(Dictionary(BitPack))",SUM,14745,0.89996338,buffered_hot,broad_fused,1207131.0,1207771.0,1208172.0,6387,6688,6688,1,0,16384,6688,448,0,0,0,4,0,1
13,heldout,"Nullable(Dictionary(BitPack))",SUM,14745,0.89996338,buffered_drop_cache,selective_closure,1420950.0,1422672.0,1422712.0,5804,5888,5888,170,0,14745,6688,448,0,0,0,4,0,1
13,heldout,"Nullable(Dictionary(BitPack))",SUM,14745,0.89996338,buffered_drop_cache,broad_fused,1320910.0,1324886.0,1325037.0,6387,6688,6688,1,0,16384,6688,448,0,0,0,4,0,1
13,heldout,"Nullable(Dictionary(BitPack))",BETWEEN,14745,0.89996338,memory_warm,selective_closure,1178318.0,1180450.0,1183515.0,5804,5888,5888,170,0,14745,6688,448,0,0,0,4,0,1
13,heldout,"Nullable(Dictionary(BitPack))",BETWEEN,14745,0.89996338,memory_warm,broad_fused,1222233.0,1222904.0,1224647.0,6387,6688,6688,1,0,16384,6688,448,0,0,0,4,0,1
13,heldout,"Nullable(Dictionary(BitPack))",BETWEEN,14745,0.89996338,mmap_hot,selective_closure,1169134.0,1171377.0,1176125.0,5804,5888,5888,170,0,14745,6688,448,0,0,0,4,0,1
13,heldout,"Nullable(Dictionary(BitPack))",BETWEEN,14745,0.89996338,mmap_hot,broad_fused,1223064.0,1225248.0,1225739.0,6387,6688,6688,1,0,16384,6688,448,0,0,0,4,0,1
13,heldout,"Nullable(Dictionary(BitPack))",BETWEEN,14745,0.89996338,buffered_hot,selective_closure,1323364.0,1323795.0,1325187.0,5804,5888,5888,170,0,14745,6688,448,0,0,0,4,0,1
13,heldout,"Nullable(Dictionary(BitPack))",BETWEEN,14745,0.89996338,buffered_hot,broad_fused,1223575.0,1226790.0,1227781.0,6387,6688,6688,1,0,16384,6688,448,0,0,0,4,0,1
13,heldout,"Nullable(Dictionary(BitPack))",BETWEEN,14745,0.89996338,buffered_drop_cache,selective_closure,1445305.0,1448901.0,1458696.0,5804,5888,5888,170,0,14745,6688,448,0,0,0,4,0,1
13,heldout,"Nullable(Dictionary(BitPack))",BETWEEN,14745,0.89996338,buffered_drop_cache,broad_fused,1345277.0,1345557.0,1347990.0,6387,6688,6688,1,0,16384,6688,448,0,0,0,4,0,1
13,heldout,"Nullable(Dictionary(BitPack))",SUM,16384,1.00000000,memory_warm,selective_closure,1251757.0,1253760.0,1255633.0,6387,6464,6464,188,0,16384,6688,448,0,0,0,4,0,1
13,heldout,"Nullable(Dictionary(BitPack))",SUM,16384,1.00000000,memory_warm,broad_fused,1199569.0,1201953.0,1202044.0,6387,6688,6688,1,0,16384,6688,448,0,0,0,4,0,1
13,heldout,"Nullable(Dictionary(BitPack))",SUM,16384,1.00000000,mmap_hot,selective_closure,1255864.0,1255923.0,1259819.0,6387,6464,6464,188,0,16384,6688,448,0,0,0,4,0,1
13,heldout,"Nullable(Dictionary(BitPack))",SUM,16384,1.00000000,mmap_hot,broad_fused,1203715.0,1203996.0,1205729.0,6387,6688,6688,1,0,16384,6688,448,0,0,0,4,0,1
13,heldout,"Nullable(Dictionary(BitPack))",SUM,16384,1.00000000,buffered_hot,selective_closure,1418225.0,1418776.0,1426407.0,6387,6464,6464,188,0,16384,6688,448,0,0,0,4,0,1
13,heldout,"Nullable(Dictionary(BitPack))",SUM,16384,1.00000000,buffered_hot,broad_fused,1205248.0,1205668.0,1207952.0,6387,6688,6688,1,0,16384,6688,448,0,0,0,4,0,1
13,heldout,"Nullable(Dictionary(BitPack))",SUM,16384,1.00000000,buffered_drop_cache,selective_closure,1534589.0,1537614.0,1541830.0,6387,6464,6464,188,0,16384,6688,448,0,0,0,4,0,1
13,heldout,"Nullable(Dictionary(BitPack))",SUM,16384,1.00000000,buffered_drop_cache,broad_fused,1326649.0,1327300.0,1330946.0,6387,6688,6688,1,0,16384,6688,448,0,0,0,4,0,1
13,heldout,"Nullable(Dictionary(BitPack))",BETWEEN,16384,1.00000000,memory_warm,selective_closure,1284446.0,1285086.0,1288813.0,6387,6464,6464,188,0,16384,6688,448,0,0,0,4,0,1
13,heldout,"Nullable(Dictionary(BitPack))",BETWEEN,16384,1.00000000,memory_warm,broad_fused,1228312.0,1230936.0,1234441.0,6387,6688,6688,1,0,16384,6688,448,0,0,0,4,0,1
13,heldout,"Nullable(Dictionary(BitPack))",BETWEEN,16384,1.00000000,mmap_hot,selective_closure,1286540.0,1288442.0,1290354.0,6387,6464,6464,188,0,16384,6688,448,0,0,0,4,0,1
13,heldout,"Nullable(Dictionary(BitPack))",BETWEEN,16384,1.00000000,mmap_hot,broad_fused,1229864.0,1230225.0,1230736.0,6387,6688,6688,1,0,16384,6688,448,0,0,0,4,0,1
13,heldout,"Nullable(Dictionary(BitPack))",BETWEEN,16384,1.00000000,buffered_hot,selective_closure,1454810.0,1455832.0,1457404.0,6387,6464,6464,188,0,16384,6688,448,0,0,0,4,0,1
13,heldout,"Nullable(Dictionary(BitPack))",BETWEEN,16384,1.00000000,buffered_hot,broad_fused,1230205.0,1232469.0,1235473.0,6387,6688,6688,1,0,16384,6688,448,0,0,0,4,0,1
13,heldout,"Nullable(Dictionary(BitPack))",BETWEEN,16384,1.00000000,buffered_drop_cache,selective_closure,1569661.0,1581519.0,1582821.0,6387,6464,6464,188,0,16384,6688,448,0,0,0,4,0,1
13,heldout,"Nullable(Dictionary(BitPack))",BETWEEN,16384,1.00000000,buffered_drop_cache,broad_fused,1351016.0,1356664.0,1357245.0,6387,6688,6688,1,0,16384,6688,448,0,0,0,4,0,1
14,heldout,"Frame(Nullable(Patch(FOR(Delta(BitPack)))))",SUM,1,0.00006104,memory_warm,selective_closure,9492.5,9513.0,9534.4,1015,1777,1777,2,1,1,1777,896,1,61,0,0,15,1
14,heldout,"Frame(Nullable(Patch(FOR(Delta(BitPack)))))",SUM,1,0.00006104,memory_warm,broad_fused,1856710.0,1859885.0,1860535.0,15197,1777,1777,1,1,16384,1777,896,1,61,0,0,15,1
14,heldout,"Frame(Nullable(Patch(FOR(Delta(BitPack)))))",SUM,1,0.00006104,mmap_hot,selective_closure,9482.6,9513.0,9549.5,1015,1777,1777,2,1,1,1777,896,1,61,0,0,15,1
14,heldout,"Frame(Nullable(Patch(FOR(Delta(BitPack)))))",SUM,1,0.00006104,mmap_hot,broad_fused,1864141.0,1866064.0,1866124.0,15197,1777,1777,1,1,16384,1777,896,1,61,0,0,15,1
14,heldout,"Frame(Nullable(Patch(FOR(Delta(BitPack)))))",SUM,1,0.00006104,buffered_hot,selective_closure,11529.1,11584.4,11627.6,1015,1777,1777,2,1,1,1777,896,1,61,0,0,15,1
14,heldout,"Frame(Nullable(Patch(FOR(Delta(BitPack)))))",SUM,1,0.00006104,buffered_hot,broad_fused,1864561.0,1867476.0,1868387.0,15197,1777,1777,1,1,16384,1777,896,1,61,0,0,15,1
14,heldout,"Frame(Nullable(Patch(FOR(Delta(BitPack)))))",SUM,1,0.00006104,buffered_drop_cache,selective_closure,125517.0,128081.0,128882.0,1015,1777,1777,2,1,1,1777,896,1,61,0,0,15,1
14,heldout,"Frame(Nullable(Patch(FOR(Delta(BitPack)))))",SUM,1,0.00006104,buffered_drop_cache,broad_fused,1983829.0,1985822.0,1993544.0,15197,1777,1777,1,1,16384,1777,896,1,61,0,0,15,1
14,heldout,"Frame(Nullable(Patch(FOR(Delta(BitPack)))))",BETWEEN,1,0.00006104,memory_warm,selective_closure,9363.2,9436.8,9440.6,1015,1777,1777,2,1,1,1777,896,1,61,0,0,15,1
14,heldout,"Frame(Nullable(Patch(FOR(Delta(BitPack)))))",BETWEEN,1,0.00006104,memory_warm,broad_fused,1862718.0,1870651.0,1872964.0,15197,1777,1777,1,1,16384,1777,896,1,61,0,0,15,1
14,heldout,"Frame(Nullable(Patch(FOR(Delta(BitPack)))))",BETWEEN,1,0.00006104,mmap_hot,selective_closure,9413.3,9429.0,9538.4,1015,1777,1777,2,1,1,1777,896,1,61,0,0,15,1
14,heldout,"Frame(Nullable(Patch(FOR(Delta(BitPack)))))",BETWEEN,1,0.00006104,mmap_hot,broad_fused,1905002.0,1907255.0,1909478.0,15197,1777,1777,1,1,16384,1777,896,1,61,0,0,15,1
14,heldout,"Frame(Nullable(Patch(FOR(Delta(BitPack)))))",BETWEEN,1,0.00006104,buffered_hot,selective_closure,11445.4,11505.3,11517.9,1015,1777,1777,2,1,1,1777,896,1,61,0,0,15,1
14,heldout,"Frame(Nullable(Patch(FOR(Delta(BitPack)))))",BETWEEN,1,0.00006104,buffered_hot,broad_fused,1906684.0,1908758.0,1913634.0,15197,1777,1777,1,1,16384,1777,896,1,61,0,0,15,1
14,heldout,"Frame(Nullable(Patch(FOR(Delta(BitPack)))))",BETWEEN,1,0.00006104,buffered_drop_cache,selective_closure,127089.0,127260.0,128081.0,1015,1777,1777,2,1,1,1777,896,1,61,0,0,15,1
14,heldout,"Frame(Nullable(Patch(FOR(Delta(BitPack)))))",BETWEEN,1,0.00006104,buffered_drop_cache,broad_fused,2024780.0,2026212.0,2031901.0,15197,1777,1777,1,1,16384,1777,896,1,61,0,0,15,1
14,heldout,"Frame(Nullable(Patch(FOR(Delta(BitPack)))))",SUM,4,0.00024414,memory_warm,selective_closure,9549.9,9599.8,9635.0,1017,1777,1777,2,1,4,1777,896,1,61,0,0,15,1
14,heldout,"Frame(Nullable(Patch(FOR(Delta(BitPack)))))",SUM,4,0.00024414,memory_warm,broad_fused,1861357.0,1864742.0,1867365.0,15197,1777,1777,1,1,16384,1777,896,1,61,0,0,15,1
14,heldout,"Frame(Nullable(Patch(FOR(Delta(BitPack)))))",SUM,4,0.00024414,mmap_hot,selective_closure,9630.5,9692.3,9717.2,1017,1777,1777,2,1,4,1777,896,1,61,0,0,15,1
14,heldout,"Frame(Nullable(Patch(FOR(Delta(BitPack)))))",SUM,4,0.00024414,mmap_hot,broad_fused,1898131.0,1899813.0,1902948.0,15197,1777,1777,1,1,16384,1777,896,1,61,0,0,15,1
14,heldout,"Frame(Nullable(Patch(FOR(Delta(BitPack)))))",SUM,4,0.00024414,buffered_hot,selective_closure,11619.3,11671.6,11745.3,1017,1777,1777,2,1,4,1777,896,1,61,0,0,15,1
14,heldout,"Frame(Nullable(Patch(FOR(Delta(BitPack)))))",SUM,4,0.00024414,buffered_hot,broad_fused,1895548.0,1899283.0,1899894.0,15197,1777,1777,1,1,16384,1777,896,1,61,0,0,15,1
14,heldout,"Frame(Nullable(Patch(FOR(Delta(BitPack)))))",SUM,4,0.00024414,buffered_drop_cache,selective_closure,124536.0,126839.0,127380.0,1017,1777,1777,2,1,4,1777,896,1,61,0,0,15,1
14,heldout,"Frame(Nullable(Patch(FOR(Delta(BitPack)))))",SUM,4,0.00024414,buffered_drop_cache,broad_fused,2018591.0,2020283.0,2027935.0,15197,1777,1777,1,1,16384,1777,896,1,61,0,0,15,1
14,heldout,"Frame(Nullable(Patch(FOR(Delta(BitPack)))))",BETWEEN,4,0.00024414,memory_warm,selective_closure,9504.4,9562.1,9582.3,1017,1777,1777,2,1,4,1777,896,1,61,0,0,15,1
14,heldout,"Frame(Nullable(Patch(FOR(Delta(BitPack)))))",BETWEEN,4,0.00024414,memory_warm,broad_fused,1869459.0,1875067.0,1880185.0,15197,1777,1777,1,1,16384,1777,896,1,61,0,0,15,1
14,heldout,"Frame(Nullable(Patch(FOR(Delta(BitPack)))))",BETWEEN,4,0.00024414,mmap_hot,selective_closure,9564.7,9568.9,9637.9,1017,1777,1777,2,1,4,1777,896,1,61,0,0,15,1
14,heldout,"Frame(Nullable(Patch(FOR(Delta(BitPack)))))",BETWEEN,4,0.00024414,mmap_hot,broad_fused,1903049.0,1905052.0,1910079.0,15197,1777,1777,1,1,16384,1777,896,1,61,0,0,15,1
14,heldout,"Frame(Nullable(Patch(FOR(Delta(BitPack)))))",BETWEEN,4,0.00024414,buffered_hot,selective_closure,11572.4,11695.7,11708.6,1017,1777,1777,2,1,4,1777,896,1,61,0,0,15,1
14,heldout,"Frame(Nullable(Patch(FOR(Delta(BitPack)))))",BETWEEN,4,0.00024414,buffered_hot,broad_fused,1873024.0,1875998.0,1879884.0,15197,1777,1777,1,1,16384,1777,896,1,61,0,0,15,1
14,heldout,"Frame(Nullable(Patch(FOR(Delta(BitPack)))))",BETWEEN,4,0.00024414,buffered_drop_cache,selective_closure,127721.0,128081.0,130795.0,1017,1777,1777,2,1,4,1777,896,1,61,0,0,15,1
14,heldout,"Frame(Nullable(Patch(FOR(Delta(BitPack)))))",BETWEEN,4,0.00024414,buffered_drop_cache,broad_fused,1994185.0,1995426.0,2002537.0,15197,1777,1777,1,1,16384,1777,896,1,61,0,0,15,1
14,heldout,"Frame(Nullable(Patch(FOR(Delta(BitPack)))))",SUM,16,0.00097656,memory_warm,selective_closure,10685.1,10760.2,10780.9,1021,1777,1777,2,1,16,1777,896,1,61,0,0,15,1
14,heldout,"Frame(Nullable(Patch(FOR(Delta(BitPack)))))",SUM,16,0.00097656,memory_warm,broad_fused,1889488.0,1889539.0,1898782.0,15197,1777,1777,1,1,16384,1777,896,1,61,0,0,15,1
14,heldout,"Frame(Nullable(Patch(FOR(Delta(BitPack)))))",SUM,16,0.00097656,mmap_hot,selective_closure,10764.7,10809.9,10859.1,1021,1777,1777,2,1,16,1777,896,1,61,0,0,15,1
14,heldout,"Frame(Nullable(Patch(FOR(Delta(BitPack)))))",SUM,16,0.00097656,mmap_hot,broad_fused,1861156.0,1863480.0,1863911.0,15197,1777,1777,1,1,16384,1777,896,1,61,0,0,15,1
14,heldout,"Frame(Nullable(Patch(FOR(Delta(BitPack)))))",SUM,16,0.00097656,buffered_hot,selective_closure,12770.1,12868.7,12876.6,1021,1777,1777,2,1,16,1777,896,1,61,0,0,15,1
14,heldout,"Frame(Nullable(Patch(FOR(Delta(BitPack)))))",SUM,16,0.00097656,buffered_hot,broad_fused,1863740.0,1865312.0,1868177.0,15197,1777,1777,1,1,16384,1777,896,1,61,0,0,15,1
14,heldout,"Frame(Nullable(Patch(FOR(Delta(BitPack)))))",SUM,16,0.00097656,buffered_drop_cache,selective_closure,126689.0,127330.0,127790.0,1021,1777,1777,2,1,16,1777,896,1,61,0,0,15,1
14,heldout,"Frame(Nullable(Patch(FOR(Delta(BitPack)))))",SUM,16,0.00097656,buffered_drop_cache,broad_fused,1980454.0,1982877.0,1983939.0,15197,1777,1777,1,1,16384,1777,896,1,61,0,0,15,1
14,heldout,"Frame(Nullable(Patch(FOR(Delta(BitPack)))))",BETWEEN,16,0.00097656,memory_warm,selective_closure,10686.2,10699.3,10762.9,1021,1777,1777,2,1,16,1777,896,1,61,0,0,15,1
14,heldout,"Frame(Nullable(Patch(FOR(Delta(BitPack)))))",BETWEEN,16,0.00097656,memory_warm,broad_fused,1909949.0,1910349.0,1913624.0,15197,1777,1777,1,1,16384,1777,896,1,61,0,0,15,1
14,heldout,"Frame(Nullable(Patch(FOR(Delta(BitPack)))))",BETWEEN,16,0.00097656,mmap_hot,selective_closure,10787.0,10790.8,10879.8,1021,1777,1777,2,1,16,1777,896,1,61,0,0,15,1
14,heldout,"Frame(Nullable(Patch(FOR(Delta(BitPack)))))",BETWEEN,16,0.00097656,mmap_hot,broad_fused,1864171.0,1867475.0,1867986.0,15197,1777,1777,1,1,16384,1777,896,1,61,0,0,15,1
14,heldout,"Frame(Nullable(Patch(FOR(Delta(BitPack)))))",BETWEEN,16,0.00097656,buffered_hot,selective_closure,12796.4,12924.1,12959.6,1021,1777,1777,2,1,16,1777,896,1,61,0,0,15,1
14,heldout,"Frame(Nullable(Patch(FOR(Delta(BitPack)))))",BETWEEN,16,0.00097656,buffered_hot,broad_fused,1867826.0,1872203.0,1874546.0,15197,1777,1777,1,1,16384,1777,896,1,61,0,0,15,1
14,heldout,"Frame(Nullable(Patch(FOR(Delta(BitPack)))))",BETWEEN,16,0.00097656,buffered_drop_cache,selective_closure,125958.0,126659.0,129022.0,1021,1777,1777,2,1,16,1777,896,1,61,0,0,15,1
14,heldout,"Frame(Nullable(Patch(FOR(Delta(BitPack)))))",BETWEEN,16,0.00097656,buffered_drop_cache,broad_fused,1980915.0,1984931.0,1986784.0,15197,1777,1777,1,1,16384,1777,896,1,61,0,0,15,1
14,heldout,"Frame(Nullable(Patch(FOR(Delta(BitPack)))))",SUM,64,0.00390625,memory_warm,selective_closure,13939.3,13952.8,14028.3,1041,1777,1777,2,1,64,1777,896,1,61,0,0,15,1
14,heldout,"Frame(Nullable(Patch(FOR(Delta(BitPack)))))",SUM,64,0.00390625,memory_warm,broad_fused,1899734.0,1901666.0,1906724.0,15197,1777,1777,1,1,16384,1777,896,1,61,0,0,15,1
14,heldout,"Frame(Nullable(Patch(FOR(Delta(BitPack)))))",SUM,64,0.00390625,mmap_hot,selective_closure,14006.0,14069.3,14183.5,1041,1777,1777,2,1,64,1777,896,1,61,0,0,15,1
14,heldout,"Frame(Nullable(Patch(FOR(Delta(BitPack)))))",SUM,64,0.00390625,mmap_hot,broad_fused,1861366.0,1863500.0,1869138.0,15197,1777,1777,1,1,16384,1777,896,1,61,0,0,15,1
14,heldout,"Frame(Nullable(Patch(FOR(Delta(BitPack)))))",SUM,64,0.00390625,buffered_hot,selective_closure,15994.8,16093.7,16178.3,1041,1777,1777,2,1,64,1777,896,1,61,0,0,15,1
14,heldout,"Frame(Nullable(Patch(FOR(Delta(BitPack)))))",SUM,64,0.00390625,buffered_hot,broad_fused,1864451.0,1866034.0,1868016.0,15197,1777,1777,1,1,16384,1777,896,1,61,0,0,15,1
14,heldout,"Frame(Nullable(Patch(FOR(Delta(BitPack)))))",SUM,64,0.00390625,buffered_drop_cache,selective_closure,129773.0,130425.0,130494.0,1041,1777,1777,2,1,64,1777,896,1,61,0,0,15,1
14,heldout,"Frame(Nullable(Patch(FOR(Delta(BitPack)))))",SUM,64,0.00390625,buffered_drop_cache,broad_fused,1982988.0,1985512.0,1985602.0,15197,1777,1777,1,1,16384,1777,896,1,61,0,0,15,1
14,heldout,"Frame(Nullable(Patch(FOR(Delta(BitPack)))))",BETWEEN,64,0.00390625,memory_warm,selective_closure,14030.7,14143.7,14158.0,1041,1777,1777,2,1,64,1777,896,1,61,0,0,15,1
14,heldout,"Frame(Nullable(Patch(FOR(Delta(BitPack)))))",BETWEEN,64,0.00390625,memory_warm,broad_fused,1862458.0,1867035.0,1870200.0,15197,1777,1777,1,1,16384,1777,896,1,61,0,0,15,1
14,heldout,"Frame(Nullable(Patch(FOR(Delta(BitPack)))))",BETWEEN,64,0.00390625,mmap_hot,selective_closure,14237.4,14327.8,14369.4,1041,1777,1777,2,1,64,1777,896,1,61,0,0,15,1
14,heldout,"Frame(Nullable(Patch(FOR(Delta(BitPack)))))",BETWEEN,64,0.00390625,mmap_hot,broad_fused,1870701.0,1874376.0,1886233.0,15197,1777,1777,1,1,16384,1777,896,1,61,0,0,15,1
14,heldout,"Frame(Nullable(Patch(FOR(Delta(BitPack)))))",BETWEEN,64,0.00390625,buffered_hot,selective_closure,16227.9,16356.7,16415.8,1041,1777,1777,2,1,64,1777,896,1,61,0,0,15,1
14,heldout,"Frame(Nullable(Patch(FOR(Delta(BitPack)))))",BETWEEN,64,0.00390625,buffered_hot,broad_fused,1872944.0,1873304.0,1875948.0,15197,1777,1777,1,1,16384,1777,896,1,61,0,0,15,1
14,heldout,"Frame(Nullable(Patch(FOR(Delta(BitPack)))))",BETWEEN,64,0.00390625,buffered_drop_cache,selective_closure,130415.0,130555.0,131687.0,1041,1777,1777,2,1,64,1777,896,1,61,0,0,15,1
14,heldout,"Frame(Nullable(Patch(FOR(Delta(BitPack)))))",BETWEEN,64,0.00390625,buffered_drop_cache,broad_fused,1986743.0,1991140.0,1991962.0,15197,1777,1777,1,1,16384,1777,896,1,61,0,0,15,1
14,heldout,"Frame(Nullable(Patch(FOR(Delta(BitPack)))))",SUM,163,0.00994873,memory_warm,selective_closure,26387.7,26690.4,26716.5,1283,1777,1777,2,1,163,1777,896,1,61,0,0,15,1
14,heldout,"Frame(Nullable(Patch(FOR(Delta(BitPack)))))",SUM,163,0.00994873,memory_warm,broad_fused,1861547.0,1862658.0,1865232.0,15197,1777,1777,1,1,16384,1777,896,1,61,0,0,15,1
14,heldout,"Frame(Nullable(Patch(FOR(Delta(BitPack)))))",SUM,163,0.00994873,mmap_hot,selective_closure,26620.8,26633.6,26736.6,1283,1777,1777,2,1,163,1777,896,1,61,0,0,15,1
14,heldout,"Frame(Nullable(Patch(FOR(Delta(BitPack)))))",SUM,163,0.00994873,mmap_hot,broad_fused,1865182.0,1866685.0,1868817.0,15197,1777,1777,1,1,16384,1777,896,1,61,0,0,15,1
14,heldout,"Frame(Nullable(Patch(FOR(Delta(BitPack)))))",SUM,163,0.00994873,buffered_hot,selective_closure,28975.6,29066.9,29089.2,1283,1777,1777,2,1,163,1777,896,1,61,0,0,15,1
14,heldout,"Frame(Nullable(Patch(FOR(Delta(BitPack)))))",SUM,163,0.00994873,buffered_hot,broad_fused,1869909.0,1870681.0,1871001.0,15197,1777,1777,1,1,16384,1777,896,1,61,0,0,15,1
14,heldout,"Frame(Nullable(Patch(FOR(Delta(BitPack)))))",SUM,163,0.00994873,buffered_drop_cache,selective_closure,142763.0,143454.0,144635.0,1283,1777,1777,2,1,163,1777,896,1,61,0,0,15,1
14,heldout,"Frame(Nullable(Patch(FOR(Delta(BitPack)))))",SUM,163,0.00994873,buffered_drop_cache,broad_fused,1989387.0,1990299.0,1991120.0,15197,1777,1777,1,1,16384,1777,896,1,61,0,0,15,1
14,heldout,"Frame(Nullable(Patch(FOR(Delta(BitPack)))))",BETWEEN,163,0.00994873,memory_warm,selective_closure,26717.1,26951.8,26994.7,1283,1777,1777,2,1,163,1777,896,1,61,0,0,15,1
14,heldout,"Frame(Nullable(Patch(FOR(Delta(BitPack)))))",BETWEEN,163,0.00994873,memory_warm,broad_fused,1867426.0,1875618.0,1881416.0,15197,1777,1777,1,1,16384,1777,896,1,61,0,0,15,1
14,heldout,"Frame(Nullable(Patch(FOR(Delta(BitPack)))))",BETWEEN,163,0.00994873,mmap_hot,selective_closure,26853.9,26900.7,27176.1,1283,1777,1777,2,1,163,1777,896,1,61,0,0,15,1
14,heldout,"Frame(Nullable(Patch(FOR(Delta(BitPack)))))",BETWEEN,163,0.00994873,mmap_hot,broad_fused,1864491.0,1866054.0,1866114.0,15197,1777,1777,1,1,16384,1777,896,1,61,0,0,15,1
14,heldout,"Frame(Nullable(Patch(FOR(Delta(BitPack)))))",BETWEEN,163,0.00994873,buffered_hot,selective_closure,29211.2,29242.4,29369.1,1283,1777,1777,2,1,163,1777,896,1,61,0,0,15,1
14,heldout,"Frame(Nullable(Patch(FOR(Delta(BitPack)))))",BETWEEN,163,0.00994873,buffered_hot,broad_fused,1869258.0,1870730.0,1871763.0,15197,1777,1777,1,1,16384,1777,896,1,61,0,0,15,1
14,heldout,"Frame(Nullable(Patch(FOR(Delta(BitPack)))))",BETWEEN,163,0.00994873,buffered_drop_cache,selective_closure,142021.0,143364.0,145187.0,1283,1777,1777,2,1,163,1777,896,1,61,0,0,15,1
14,heldout,"Frame(Nullable(Patch(FOR(Delta(BitPack)))))",BETWEEN,163,0.00994873,buffered_drop_cache,broad_fused,1986674.0,1987454.0,1990289.0,15197,1777,1777,1,1,16384,1777,896,1,61,0,0,15,1
14,heldout,"Frame(Nullable(Patch(FOR(Delta(BitPack)))))",SUM,256,0.01562500,memory_warm,selective_closure,38563.8,38824.3,39021.9,1321,1777,1777,2,1,256,1777,896,1,61,0,0,15,1
14,heldout,"Frame(Nullable(Patch(FOR(Delta(BitPack)))))",SUM,256,0.01562500,memory_warm,broad_fused,1865173.0,1869959.0,1870901.0,15197,1777,1777,1,1,16384,1777,896,1,61,0,0,15,1
14,heldout,"Frame(Nullable(Patch(FOR(Delta(BitPack)))))",SUM,256,0.01562500,mmap_hot,selective_closure,38762.8,38804.5,39170.2,1321,1777,1777,2,1,256,1777,896,1,61,0,0,15,1
14,heldout,"Frame(Nullable(Patch(FOR(Delta(BitPack)))))",SUM,256,0.01562500,mmap_hot,broad_fused,1864591.0,1865273.0,1866163.0,15197,1777,1777,1,1,16384,1777,896,1,61,0,0,15,1
14,heldout,"Frame(Nullable(Patch(FOR(Delta(BitPack)))))",SUM,256,0.01562500,buffered_hot,selective_closure,40800.8,41058.8,41098.8,1321,1777,1777,2,1,256,1777,896,1,61,0,0,15,1
14,heldout,"Frame(Nullable(Patch(FOR(Delta(BitPack)))))",SUM,256,0.01562500,buffered_hot,broad_fused,1864300.0,1864451.0,1872423.0,15197,1777,1777,1,1,16384,1777,896,1,61,0,0,15,1
14,heldout,"Frame(Nullable(Patch(FOR(Delta(BitPack)))))",SUM,256,0.01562500,buffered_drop_cache,selective_closure,154280.0,154791.0,155862.0,1321,1777,1777,2,1,256,1777,896,1,61,0,0,15,1
14,heldout,"Frame(Nullable(Patch(FOR(Delta(BitPack)))))",SUM,256,0.01562500,buffered_drop_cache,broad_fused,1977730.0,1979523.0,1981426.0,15197,1777,1777,1,1,16384,1777,896,1,61,0,0,15,1
14,heldout,"Frame(Nullable(Patch(FOR(Delta(BitPack)))))",BETWEEN,256,0.01562500,memory_warm,selective_closure,39070.8,39302.0,39470.6,1321,1777,1777,2,1,256,1777,896,1,61,0,0,15,1
14,heldout,"Frame(Nullable(Patch(FOR(Delta(BitPack)))))",BETWEEN,256,0.01562500,memory_warm,broad_fused,1865223.0,1871001.0,1879083.0,15197,1777,1777,1,1,16384,1777,896,1,61,0,0,15,1
14,heldout,"Frame(Nullable(Patch(FOR(Delta(BitPack)))))",BETWEEN,256,0.01562500,mmap_hot,selective_closure,39119.2,39131.7,39736.8,1321,1777,1777,2,1,256,1777,896,1,61,0,0,15,1
14,heldout,"Frame(Nullable(Patch(FOR(Delta(BitPack)))))",BETWEEN,256,0.01562500,mmap_hot,broad_fused,1877751.0,1878001.0,1880986.0,15197,1777,1777,1,1,16384,1777,896,1,61,0,0,15,1
14,heldout,"Frame(Nullable(Patch(FOR(Delta(BitPack)))))",BETWEEN,256,0.01562500,buffered_hot,selective_closure,41451.0,41897.5,42293.9,1321,1777,1777,2,1,256,1777,896,1,61,0,0,15,1
14,heldout,"Frame(Nullable(Patch(FOR(Delta(BitPack)))))",BETWEEN,256,0.01562500,buffered_hot,broad_fused,1872292.0,1874285.0,1876509.0,15197,1777,1777,1,1,16384,1777,896,1,61,0,0,15,1
14,heldout,"Frame(Nullable(Patch(FOR(Delta(BitPack)))))",BETWEEN,256,0.01562500,buffered_drop_cache,selective_closure,156834.0,158206.0,164416.0,1321,1777,1777,2,1,256,1777,896,1,61,0,0,15,1
14,heldout,"Frame(Nullable(Patch(FOR(Delta(BitPack)))))",BETWEEN,256,0.01562500,buffered_drop_cache,broad_fused,1991230.0,1991671.0,2000354.0,15197,1777,1777,1,1,16384,1777,896,1,61,0,0,15,1
14,heldout,"Frame(Nullable(Patch(FOR(Delta(BitPack)))))",SUM,819,0.04998779,memory_warm,selective_closure,102773.5,102978.8,103852.2,1808,1777,1777,2,1,819,1777,896,1,61,0,0,15,1
14,heldout,"Frame(Nullable(Patch(FOR(Delta(BitPack)))))",SUM,819,0.04998779,memory_warm,broad_fused,1857260.0,1860195.0,1869950.0,15197,1777,1777,1,1,16384,1777,896,1,61,0,0,15,1
14,heldout,"Frame(Nullable(Patch(FOR(Delta(BitPack)))))",SUM,819,0.04998779,mmap_hot,selective_closure,103552.0,103744.8,104443.2,1808,1777,1777,2,1,819,1777,896,1,61,0,0,15,1
14,heldout,"Frame(Nullable(Patch(FOR(Delta(BitPack)))))",SUM,819,0.04998779,mmap_hot,broad_fused,1875578.0,1877380.0,1884862.0,15197,1777,1777,1,1,16384,1777,896,1,61,0,0,15,1
14,heldout,"Frame(Nullable(Patch(FOR(Delta(BitPack)))))",SUM,819,0.04998779,buffered_hot,selective_closure,106441.2,106576.5,107087.2,1808,1777,1777,2,1,819,1777,896,1,61,0,0,15,1
14,heldout,"Frame(Nullable(Patch(FOR(Delta(BitPack)))))",SUM,819,0.04998779,buffered_hot,broad_fused,1893354.0,1893745.0,1893815.0,15197,1777,1777,1,1,16384,1777,896,1,61,0,0,15,1
14,heldout,"Frame(Nullable(Patch(FOR(Delta(BitPack)))))",SUM,819,0.04998779,buffered_drop_cache,selective_closure,220559.0,220830.0,221891.0,1808,1777,1777,2,1,819,1777,896,1,61,0,0,15,1
14,heldout,"Frame(Nullable(Patch(FOR(Delta(BitPack)))))",SUM,819,0.04998779,buffered_drop_cache,broad_fused,2014465.0,2015897.0,2017880.0,15197,1777,1777,1,1,16384,1777,896,1,61,0,0,15,1
14,heldout,"Frame(Nullable(Patch(FOR(Delta(BitPack)))))",BETWEEN,819,0.04998779,memory_warm,selective_closure,106346.2,106456.2,107515.2,1808,1777,1777,2,1,819,1777,896,1,61,0,0,15,1
14,heldout,"Frame(Nullable(Patch(FOR(Delta(BitPack)))))",BETWEEN,819,0.04998779,memory_warm,broad_fused,1865913.0,1871642.0,1873575.0,15197,1777,1777,1,1,16384,1777,896,1,61,0,0,15,1
14,heldout,"Frame(Nullable(Patch(FOR(Delta(BitPack)))))",BETWEEN,819,0.04998779,mmap_hot,selective_closure,104423.2,104428.2,105725.2,1808,1777,1777,2,1,819,1777,896,1,61,0,0,15,1
14,heldout,"Frame(Nullable(Patch(FOR(Delta(BitPack)))))",BETWEEN,819,0.04998779,mmap_hot,broad_fused,1874256.0,1874827.0,1878071.0,15197,1777,1777,1,1,16384,1777,896,1,61,0,0,15,1
14,heldout,"Frame(Nullable(Patch(FOR(Delta(BitPack)))))",BETWEEN,819,0.04998779,buffered_hot,selective_closure,107362.8,107650.5,108486.8,1808,1777,1777,2,1,819,1777,896,1,61,0,0,15,1
14,heldout,"Frame(Nullable(Patch(FOR(Delta(BitPack)))))",BETWEEN,819,0.04998779,buffered_hot,broad_fused,1887576.0,1891121.0,1891572.0,15197,1777,1777,1,1,16384,1777,896,1,61,0,0,15,1
14,heldout,"Frame(Nullable(Patch(FOR(Delta(BitPack)))))",BETWEEN,819,0.04998779,buffered_drop_cache,selective_closure,222062.0,222472.0,223303.0,1808,1777,1777,2,1,819,1777,896,1,61,0,0,15,1
14,heldout,"Frame(Nullable(Patch(FOR(Delta(BitPack)))))",BETWEEN,819,0.04998779,buffered_drop_cache,broad_fused,1996898.0,1998812.0,1999102.0,15197,1777,1777,1,1,16384,1777,896,1,61,0,0,15,1
14,heldout,"Frame(Nullable(Patch(FOR(Delta(BitPack)))))",SUM,1638,0.09997559,memory_warm,selective_closure,196954.0,198370.5,199262.0,2435,1777,1777,2,1,1638,1777,896,1,61,0,0,15,1
14,heldout,"Frame(Nullable(Patch(FOR(Delta(BitPack)))))",SUM,1638,0.09997559,memory_warm,broad_fused,1871151.0,1872123.0,1875968.0,15197,1777,1777,1,1,16384,1777,896,1,61,0,0,15,1
14,heldout,"Frame(Nullable(Patch(FOR(Delta(BitPack)))))",SUM,1638,0.09997559,mmap_hot,selective_closure,196293.0,196713.5,199562.5,2435,1777,1777,2,1,1638,1777,896,1,61,0,0,15,1
14,heldout,"Frame(Nullable(Patch(FOR(Delta(BitPack)))))",SUM,1638,0.09997559,mmap_hot,broad_fused,1865302.0,1870099.0,1871171.0,15197,1777,1777,1,1,16384,1777,896,1,61,0,0,15,1
14,heldout,"Frame(Nullable(Patch(FOR(Delta(BitPack)))))",SUM,1638,0.09997559,buffered_hot,selective_closure,199718.0,199878.0,201621.0,2435,1777,1777,2,1,1638,1777,896,1,61,0,0,15,1
14,heldout,"Frame(Nullable(Patch(FOR(Delta(BitPack)))))",SUM,1638,0.09997559,buffered_hot,broad_fused,1868838.0,1871492.0,1871552.0,15197,1777,1777,1,1,16384,1777,896,1,61,0,0,15,1
14,heldout,"Frame(Nullable(Patch(FOR(Delta(BitPack)))))",SUM,1638,0.09997559,buffered_drop_cache,selective_closure,311224.0,314929.0,316151.0,2435,1777,1777,2,1,1638,1777,896,1,61,0,0,15,1
14,heldout,"Frame(Nullable(Patch(FOR(Delta(BitPack)))))",SUM,1638,0.09997559,buffered_drop_cache,broad_fused,1982186.0,1984611.0,1984721.0,15197,1777,1777,1,1,16384,1777,896,1,61,0,0,15,1
14,heldout,"Frame(Nullable(Patch(FOR(Delta(BitPack)))))",BETWEEN,1638,0.09997559,memory_warm,selective_closure,203218.0,203568.5,204700.5,2435,1777,1777,2,1,1638,1777,896,1,61,0,0,15,1
14,heldout,"Frame(Nullable(Patch(FOR(Delta(BitPack)))))",BETWEEN,1638,0.09997559,memory_warm,broad_fused,1872553.0,1874216.0,1874336.0,15197,1777,1777,1,1,16384,1777,896,1,61,0,0,15,1
14,heldout,"Frame(Nullable(Patch(FOR(Delta(BitPack)))))",BETWEEN,1638,0.09997559,mmap_hot,selective_closure,200133.5,200459.5,202252.0,2435,1777,1777,2,1,1638,1777,896,1,61,0,0,15,1
14,heldout,"Frame(Nullable(Patch(FOR(Delta(BitPack)))))",BETWEEN,1638,0.09997559,mmap_hot,broad_fused,1874806.0,1877901.0,1886204.0,15197,1777,1777,1,1,16384,1777,896,1,61,0,0,15,1
14,heldout,"Frame(Nullable(Patch(FOR(Delta(BitPack)))))",BETWEEN,1638,0.09997559,buffered_hot,selective_closure,201826.0,202412.0,204926.0,2435,1777,1777,2,1,1638,1777,896,1,61,0,0,15,1
14,heldout,"Frame(Nullable(Patch(FOR(Delta(BitPack)))))",BETWEEN,1638,0.09997559,buffered_hot,broad_fused,1876579.0,1879664.0,1882649.0,15197,1777,1777,1,1,16384,1777,896,1,61,0,0,15,1
14,heldout,"Frame(Nullable(Patch(FOR(Delta(BitPack)))))",BETWEEN,1638,0.09997559,buffered_drop_cache,selective_closure,314108.0,315931.0,319126.0,2435,1777,1777,2,1,1638,1777,896,1,61,0,0,15,1
14,heldout,"Frame(Nullable(Patch(FOR(Delta(BitPack)))))",BETWEEN,1638,0.09997559,buffered_drop_cache,broad_fused,1993193.0,1995877.0,1999002.0,15197,1777,1777,1,1,16384,1777,896,1,61,0,0,15,1
14,heldout,"Frame(Nullable(Patch(FOR(Delta(BitPack)))))",SUM,3276,0.19995117,memory_warm,selective_closure,385666.0,389310.0,389721.0,3848,1777,1777,2,1,3276,1777,896,1,61,0,0,15,1
14,heldout,"Frame(Nullable(Patch(FOR(Delta(BitPack)))))",SUM,3276,0.19995117,memory_warm,broad_fused,1866434.0,1867165.0,1869248.0,15197,1777,1777,1,1,16384,1777,896,1,61,0,0,15,1
14,heldout,"Frame(Nullable(Patch(FOR(Delta(BitPack)))))",SUM,3276,0.19995117,mmap_hot,selective_closure,383983.0,384443.0,390613.0,3848,1777,1777,2,1,3276,1777,896,1,61,0,0,15,1
14,heldout,"Frame(Nullable(Patch(FOR(Delta(BitPack)))))",SUM,3276,0.19995117,mmap_hot,broad_fused,1867526.0,1869529.0,1873104.0,15197,1777,1777,1,1,16384,1777,896,1,61,0,0,15,1
14,heldout,"Frame(Nullable(Patch(FOR(Delta(BitPack)))))",SUM,3276,0.19995117,buffered_hot,selective_closure,387067.0,387588.0,390513.0,3848,1777,1777,2,1,3276,1777,896,1,61,0,0,15,1
14,heldout,"Frame(Nullable(Patch(FOR(Delta(BitPack)))))",SUM,3276,0.19995117,buffered_hot,broad_fused,1889679.0,1890830.0,1893754.0,15197,1777,1777,1,1,16384,1777,896,1,61,0,0,15,1
14,heldout,"Frame(Nullable(Patch(FOR(Delta(BitPack)))))",SUM,3276,0.19995117,buffered_drop_cache,selective_closure,507127.0,510342.0,511483.0,3848,1777,1777,2,1,3276,1777,896,1,61,0,0,15,1
14,heldout,"Frame(Nullable(Patch(FOR(Delta(BitPack)))))",SUM,3276,0.19995117,buffered_drop_cache,broad_fused,2007314.0,2008887.0,2010399.0,15197,1777,1777,1,1,16384,1777,896,1,61,0,0,15,1
14,heldout,"Frame(Nullable(Patch(FOR(Delta(BitPack)))))",BETWEEN,3276,0.19995117,memory_warm,selective_closure,391394.0,393297.0,396662.0,3848,1777,1777,2,1,3276,1777,896,1,61,0,0,15,1
14,heldout,"Frame(Nullable(Patch(FOR(Delta(BitPack)))))",BETWEEN,3276,0.19995117,memory_warm,broad_fused,1880014.0,1880405.0,1880766.0,15197,1777,1777,1,1,16384,1777,896,1,61,0,0,15,1
14,heldout,"Frame(Nullable(Patch(FOR(Delta(BitPack)))))",BETWEEN,3276,0.19995117,mmap_hot,selective_closure,394709.0,396902.0,398414.0,3848,1777,1777,2,1,3276,1777,896,1,61,0,0,15,1
14,heldout,"Frame(Nullable(Patch(FOR(Delta(BitPack)))))",BETWEEN,3276,0.19995117,mmap_hot,broad_fused,1906954.0,1907845.0,1908447.0,15197,1777,1777,1,1,16384,1777,896,1,61,0,0,15,1
14,heldout,"Frame(Nullable(Patch(FOR(Delta(BitPack)))))",BETWEEN,3276,0.19995117,buffered_hot,selective_closure,397183.0,397743.0,402140.0,3848,1777,1777,2,1,3276,1777,896,1,61,0,0,15,1
14,heldout,"Frame(Nullable(Patch(FOR(Delta(BitPack)))))",BETWEEN,3276,0.19995117,buffered_hot,broad_fused,1898312.0,1902939.0,1905292.0,15197,1777,1777,1,1,16384,1777,896,1,61,0,0,15,1
14,heldout,"Frame(Nullable(Patch(FOR(Delta(BitPack)))))",BETWEEN,3276,0.19995117,buffered_drop_cache,selective_closure,511643.0,513396.0,518474.0,3848,1777,1777,2,1,3276,1777,896,1,61,0,0,15,1
14,heldout,"Frame(Nullable(Patch(FOR(Delta(BitPack)))))",BETWEEN,3276,0.19995117,buffered_drop_cache,broad_fused,2019813.0,2028205.0,2037269.0,15197,1777,1777,1,1,16384,1777,896,1,61,0,0,15,1
14,heldout,"Frame(Nullable(Patch(FOR(Delta(BitPack)))))",SUM,4915,0.29998779,memory_warm,selective_closure,569930.0,573425.0,573546.0,5269,1777,1777,2,1,4915,1777,896,1,61,0,0,15,1
14,heldout,"Frame(Nullable(Patch(FOR(Delta(BitPack)))))",SUM,4915,0.29998779,memory_warm,broad_fused,1867306.0,1870260.0,1871922.0,15197,1777,1777,1,1,16384,1777,896,1,61,0,0,15,1
14,heldout,"Frame(Nullable(Patch(FOR(Delta(BitPack)))))",SUM,4915,0.29998779,mmap_hot,selective_closure,578273.0,581868.0,582840.0,5269,1777,1777,2,1,4915,1777,896,1,61,0,0,15,1
14,heldout,"Frame(Nullable(Patch(FOR(Delta(BitPack)))))",SUM,4915,0.29998779,mmap_hot,broad_fused,1890981.0,1891732.0,1898172.0,15197,1777,1777,1,1,16384,1777,896,1,61,0,0,15,1
14,heldout,"Frame(Nullable(Patch(FOR(Delta(BitPack)))))",SUM,4915,0.29998779,buffered_hot,selective_closure,581467.0,582829.0,585874.0,5269,1777,1777,2,1,4915,1777,896,1,61,0,0,15,1
14,heldout,"Frame(Nullable(Patch(FOR(Delta(BitPack)))))",SUM,4915,0.29998779,buffered_hot,broad_fused,1893364.0,1894075.0,1894195.0,15197,1777,1777,1,1,16384,1777,896,1,61,0,0,15,1
14,heldout,"Frame(Nullable(Patch(FOR(Delta(BitPack)))))",SUM,4915,0.29998779,buffered_drop_cache,selective_closure,696649.0,697500.0,698972.0,5269,1777,1777,2,1,4915,1777,896,1,61,0,0,15,1
14,heldout,"Frame(Nullable(Patch(FOR(Delta(BitPack)))))",SUM,4915,0.29998779,buffered_drop_cache,broad_fused,2011721.0,2012021.0,2013273.0,15197,1777,1777,1,1,16384,1777,896,1,61,0,0,15,1
14,heldout,"Frame(Nullable(Patch(FOR(Delta(BitPack)))))",BETWEEN,4915,0.29998779,memory_warm,selective_closure,582499.0,584151.0,584152.0,5269,1777,1777,2,1,4915,1777,896,1,61,0,0,15,1
14,heldout,"Frame(Nullable(Patch(FOR(Delta(BitPack)))))",BETWEEN,4915,0.29998779,memory_warm,broad_fused,1878031.0,1879875.0,1882238.0,15197,1777,1777,1,1,16384,1777,896,1,61,0,0,15,1
14,heldout,"Frame(Nullable(Patch(FOR(Delta(BitPack)))))",BETWEEN,4915,0.29998779,mmap_hot,selective_closure,582499.0,585654.0,587957.0,5269,1777,1777,2,1,4915,1777,896,1,61,0,0,15,1
14,heldout,"Frame(Nullable(Patch(FOR(Delta(BitPack)))))",BETWEEN,4915,0.29998779,mmap_hot,broad_fused,1881306.0,1884831.0,1889849.0,15197,1777,1777,1,1,16384,1777,896,1,61,0,0,15,1
14,heldout,"Frame(Nullable(Patch(FOR(Delta(BitPack)))))",BETWEEN,4915,0.29998779,buffered_hot,selective_closure,582119.0,585323.0,585473.0,5269,1777,1777,2,1,4915,1777,896,1,61,0,0,15,1
14,heldout,"Frame(Nullable(Patch(FOR(Delta(BitPack)))))",BETWEEN,4915,0.29998779,buffered_hot,broad_fused,1880475.0,1887716.0,1888407.0,15197,1777,1777,1,1,16384,1777,896,1,61,0,0,15,1
14,heldout,"Frame(Nullable(Patch(FOR(Delta(BitPack)))))",BETWEEN,4915,0.29998779,buffered_drop_cache,selective_closure,697711.0,700555.0,703350.0,5269,1777,1777,2,1,4915,1777,896,1,61,0,0,15,1
14,heldout,"Frame(Nullable(Patch(FOR(Delta(BitPack)))))",BETWEEN,4915,0.29998779,buffered_drop_cache,broad_fused,2002427.0,2003929.0,2010109.0,15197,1777,1777,1,1,16384,1777,896,1,61,0,0,15,1
14,heldout,"Frame(Nullable(Patch(FOR(Delta(BitPack)))))",SUM,6553,0.39996338,memory_warm,selective_closure,764270.0,768316.0,768366.0,6677,1777,1777,2,1,6553,1777,896,1,61,0,0,15,1
14,heldout,"Frame(Nullable(Patch(FOR(Delta(BitPack)))))",SUM,6553,0.39996338,memory_warm,broad_fused,1878693.0,1880946.0,1882578.0,15197,1777,1777,1,1,16384,1777,896,1,61,0,0,15,1
14,heldout,"Frame(Nullable(Patch(FOR(Delta(BitPack)))))",SUM,6553,0.39996338,mmap_hot,selective_closure,756038.0,759303.0,759843.0,6677,1777,1777,2,1,6553,1777,896,1,61,0,0,15,1
14,heldout,"Frame(Nullable(Patch(FOR(Delta(BitPack)))))",SUM,6553,0.39996338,mmap_hot,broad_fused,1873795.0,1873916.0,1875227.0,15197,1777,1777,1,1,16384,1777,896,1,61,0,0,15,1
14,heldout,"Frame(Nullable(Patch(FOR(Delta(BitPack)))))",SUM,6553,0.39996338,buffered_hot,selective_closure,761516.0,762458.0,765151.0,6677,1777,1777,2,1,6553,1777,896,1,61,0,0,15,1
14,heldout,"Frame(Nullable(Patch(FOR(Delta(BitPack)))))",SUM,6553,0.39996338,buffered_hot,broad_fused,1874226.0,1878261.0,1879995.0,15197,1777,1777,1,1,16384,1777,896,1,61,0,0,15,1
14,heldout,"Frame(Nullable(Patch(FOR(Delta(BitPack)))))",SUM,6553,0.39996338,buffered_drop_cache,selective_closure,879552.0,880363.0,890308.0,6677,1777,1777,2,1,6553,1777,896,1,61,0,0,15,1
14,heldout,"Frame(Nullable(Patch(FOR(Delta(BitPack)))))",SUM,6553,0.39996338,buffered_drop_cache,broad_fused,2008736.0,2013393.0,2015075.0,15197,1777,1777,1,1,16384,1777,896,1,61,0,0,15,1
14,heldout,"Frame(Nullable(Patch(FOR(Delta(BitPack)))))",BETWEEN,6553,0.39996338,memory_warm,selective_closure,775116.0,775356.0,775838.0,6677,1777,1777,2,1,6553,1777,896,1,61,0,0,15,1
14,heldout,"Frame(Nullable(Patch(FOR(Delta(BitPack)))))",BETWEEN,6553,0.39996338,memory_warm,broad_fused,1907285.0,1907405.0,1910730.0,15197,1777,1777,1,1,16384,1777,896,1,61,0,0,15,1
14,heldout,"Frame(Nullable(Patch(FOR(Delta(BitPack)))))",BETWEEN,6553,0.39996338,mmap_hot,selective_closure,771531.0,774796.0,775416.0,6677,1777,1777,2,1,6553,1777,896,1,61,0,0,15,1
14,heldout,"Frame(Nullable(Patch(FOR(Delta(BitPack)))))",BETWEEN,6553,0.39996338,mmap_hot,broad_fused,1900104.0,1900134.0,1901907.0,15197,1777,1777,1,1,16384,1777,896,1,61,0,0,15,1
14,heldout,"Frame(Nullable(Patch(FOR(Delta(BitPack)))))",BETWEEN,6553,0.39996338,buffered_hot,selective_closure,771992.0,772783.0,775667.0,6677,1777,1777,2,1,6553,1777,896,1,61,0,0,15,1
14,heldout,"Frame(Nullable(Patch(FOR(Delta(BitPack)))))",BETWEEN,6553,0.39996338,buffered_hot,broad_fused,1894205.0,1894406.0,1899994.0,15197,1777,1777,1,1,16384,1777,896,1,61,0,0,15,1
14,heldout,"Frame(Nullable(Patch(FOR(Delta(BitPack)))))",BETWEEN,6553,0.39996338,buffered_drop_cache,selective_closure,884289.0,889417.0,937218.0,6677,1777,1777,2,1,6553,1777,896,1,61,0,0,15,1
14,heldout,"Frame(Nullable(Patch(FOR(Delta(BitPack)))))",BETWEEN,6553,0.39996338,buffered_drop_cache,broad_fused,1991410.0,1996338.0,2003608.0,15197,1777,1777,1,1,16384,1777,896,1,61,0,0,15,1
14,heldout,"Frame(Nullable(Patch(FOR(Delta(BitPack)))))",SUM,8192,0.50000000,memory_warm,selective_closure,945060.0,945680.0,946141.0,8098,1777,1777,2,1,8192,1777,896,1,61,0,0,15,1
14,heldout,"Frame(Nullable(Patch(FOR(Delta(BitPack)))))",SUM,8192,0.50000000,memory_warm,broad_fused,1869088.0,1873996.0,1875928.0,15197,1777,1777,1,1,16384,1777,896,1,61,0,0,15,1
14,heldout,"Frame(Nullable(Patch(FOR(Delta(BitPack)))))",SUM,8192,0.50000000,mmap_hot,selective_closure,945010.0,945310.0,946432.0,8098,1777,1777,2,1,8192,1777,896,1,61,0,0,15,1
14,heldout,"Frame(Nullable(Patch(FOR(Delta(BitPack)))))",SUM,8192,0.50000000,mmap_hot,broad_fused,1877380.0,1878482.0,1880856.0,15197,1777,1777,1,1,16384,1777,896,1,61,0,0,15,1
14,heldout,"Frame(Nullable(Patch(FOR(Delta(BitPack)))))",SUM,8192,0.50000000,buffered_hot,selective_closure,948485.0,950007.0,950037.0,8098,1777,1777,2,1,8192,1777,896,1,61,0,0,15,1
14,heldout,"Frame(Nullable(Patch(FOR(Delta(BitPack)))))",SUM,8192,0.50000000,buffered_hot,broad_fused,1877140.0,1879093.0,1879824.0,15197,1777,1777,1,1,16384,1777,896,1,61,0,0,15,1
14,heldout,"Frame(Nullable(Patch(FOR(Delta(BitPack)))))",SUM,8192,0.50000000,buffered_drop_cache,selective_closure,1053772.0,1057298.0,1065980.0,8098,1777,1777,2,1,8192,1777,896,1,61,0,0,15,1
14,heldout,"Frame(Nullable(Patch(FOR(Delta(BitPack)))))",SUM,8192,0.50000000,buffered_drop_cache,broad_fused,1984571.0,1985332.0,1988376.0,15197,1777,1777,1,1,16384,1777,896,1,61,0,0,15,1
14,heldout,"Frame(Nullable(Patch(FOR(Delta(BitPack)))))",BETWEEN,8192,0.50000000,memory_warm,selective_closure,958640.0,958870.0,959561.0,8098,1777,1777,2,1,8192,1777,896,1,61,0,0,15,1
14,heldout,"Frame(Nullable(Patch(FOR(Delta(BitPack)))))",BETWEEN,8192,0.50000000,memory_warm,broad_fused,1887967.0,1888267.0,1889699.0,15197,1777,1777,1,1,16384,1777,896,1,61,0,0,15,1
14,heldout,"Frame(Nullable(Patch(FOR(Delta(BitPack)))))",BETWEEN,8192,0.50000000,mmap_hot,selective_closure,956007.0,956287.0,957318.0,8098,1777,1777,2,1,8192,1777,896,1,61,0,0,15,1
14,heldout,"Frame(Nullable(Patch(FOR(Delta(BitPack)))))",BETWEEN,8192,0.50000000,mmap_hot,broad_fused,1886173.0,1888416.0,1893464.0,15197,1777,1777,1,1,16384,1777,896,1,61,0,0,15,1
14,heldout,"Frame(Nullable(Patch(FOR(Delta(BitPack)))))",BETWEEN,8192,0.50000000,buffered_hot,selective_closure,960934.0,962285.0,963467.0,8098,1777,1777,2,1,8192,1777,896,1,61,0,0,15,1
14,heldout,"Frame(Nullable(Patch(FOR(Delta(BitPack)))))",BETWEEN,8192,0.50000000,buffered_hot,broad_fused,1892593.0,1895398.0,1895758.0,15197,1777,1777,1,1,16384,1777,896,1,61,0,0,15,1
14,heldout,"Frame(Nullable(Patch(FOR(Delta(BitPack)))))",BETWEEN,8192,0.50000000,buffered_drop_cache,selective_closure,1067743.0,1068213.0,1078188.0,8098,1777,1777,2,1,8192,1777,896,1,61,0,0,15,1
14,heldout,"Frame(Nullable(Patch(FOR(Delta(BitPack)))))",BETWEEN,8192,0.50000000,buffered_drop_cache,broad_fused,2003148.0,2004039.0,2008436.0,15197,1777,1777,1,1,16384,1777,896,1,61,0,0,15,1
14,heldout,"Frame(Nullable(Patch(FOR(Delta(BitPack)))))",SUM,9830,0.59997559,memory_warm,selective_closure,1137837.0,1138899.0,1139490.0,9551,1777,1777,2,1,9830,1777,896,1,61,0,0,15,1
14,heldout,"Frame(Nullable(Patch(FOR(Delta(BitPack)))))",SUM,9830,0.59997559,memory_warm,broad_fused,1865783.0,1870841.0,1873024.0,15197,1777,1777,1,1,16384,1777,896,1,61,0,0,15,1
14,heldout,"Frame(Nullable(Patch(FOR(Delta(BitPack)))))",SUM,9830,0.59997559,mmap_hot,selective_closure,1133201.0,1133230.0,1133511.0,9551,1777,1777,2,1,9830,1777,896,1,61,0,0,15,1
14,heldout,"Frame(Nullable(Patch(FOR(Delta(BitPack)))))",SUM,9830,0.59997559,mmap_hot,broad_fused,1872453.0,1874396.0,1874917.0,15197,1777,1777,1,1,16384,1777,896,1,61,0,0,15,1
14,heldout,"Frame(Nullable(Patch(FOR(Delta(BitPack)))))",SUM,9830,0.59997559,buffered_hot,selective_closure,1131227.0,1135073.0,1136615.0,9551,1777,1777,2,1,9830,1777,896,1,61,0,0,15,1
14,heldout,"Frame(Nullable(Patch(FOR(Delta(BitPack)))))",SUM,9830,0.59997559,buffered_hot,broad_fused,1883179.0,1884391.0,1887275.0,15197,1777,1777,1,1,16384,1777,896,1,61,0,0,15,1
14,heldout,"Frame(Nullable(Patch(FOR(Delta(BitPack)))))",SUM,9830,0.59997559,buffered_drop_cache,selective_closure,1242113.0,1245217.0,1245869.0,9551,1777,1777,2,1,9830,1777,896,1,61,0,0,15,1
14,heldout,"Frame(Nullable(Patch(FOR(Delta(BitPack)))))",SUM,9830,0.59997559,buffered_drop_cache,broad_fused,1988326.0,1991591.0,1995887.0,15197,1777,1777,1,1,16384,1777,896,1,61,0,0,15,1
14,heldout,"Frame(Nullable(Patch(FOR(Delta(BitPack)))))",BETWEEN,9830,0.59997559,memory_warm,selective_closure,1146460.0,1146700.0,1147823.0,9551,1777,1777,2,1,9830,1777,896,1,61,0,0,15,1
14,heldout,"Frame(Nullable(Patch(FOR(Delta(BitPack)))))",BETWEEN,9830,0.59997559,memory_warm,broad_fused,1891642.0,1893404.0,1894245.0,15197,1777,1777,1,1,16384,1777,896,1,61,0,0,15,1
14,heldout,"Frame(Nullable(Patch(FOR(Delta(BitPack)))))",BETWEEN,9830,0.59997559,mmap_hot,selective_closure,1150917.0,1151388.0,1155403.0,9551,1777,1777,2,1,9830,1777,896,1,61,0,0,15,1
14,heldout,"Frame(Nullable(Patch(FOR(Delta(BitPack)))))",BETWEEN,9830,0.59997559,mmap_hot,broad_fused,1894856.0,1896218.0,1899874.0,15197,1777,1777,1,1,16384,1777,896,1,61,0,0,15,1
14,heldout,"Frame(Nullable(Patch(FOR(Delta(BitPack)))))",BETWEEN,9830,0.59997559,buffered_hot,selective_closure,1150586.0,1151497.0,1152289.0,9551,1777,1777,2,1,9830,1777,896,1,61,0,0,15,1
14,heldout,"Frame(Nullable(Patch(FOR(Delta(BitPack)))))",BETWEEN,9830,0.59997559,buffered_hot,broad_fused,1891241.0,1897801.0,1900134.0,15197,1777,1777,1,1,16384,1777,896,1,61,0,0,15,1
14,heldout,"Frame(Nullable(Patch(FOR(Delta(BitPack)))))",BETWEEN,9830,0.59997559,buffered_drop_cache,selective_closure,1256765.0,1259459.0,1262533.0,9551,1777,1777,2,1,9830,1777,896,1,61,0,0,15,1
14,heldout,"Frame(Nullable(Patch(FOR(Delta(BitPack)))))",BETWEEN,9830,0.59997559,buffered_drop_cache,broad_fused,2005191.0,2009077.0,2012152.0,15197,1777,1777,1,1,16384,1777,896,1,61,0,0,15,1
14,heldout,"Frame(Nullable(Patch(FOR(Delta(BitPack)))))",SUM,11468,0.69995117,memory_warm,selective_closure,1316934.0,1320560.0,1322222.0,10959,1777,1777,2,1,11468,1777,896,1,61,0,0,15,1
14,heldout,"Frame(Nullable(Patch(FOR(Delta(BitPack)))))",SUM,11468,0.69995117,memory_warm,broad_fused,1874957.0,1875077.0,1878663.0,15197,1777,1777,1,1,16384,1777,896,1,61,0,0,15,1
14,heldout,"Frame(Nullable(Patch(FOR(Delta(BitPack)))))",SUM,11468,0.69995117,mmap_hot,selective_closure,1320049.0,1321361.0,1323033.0,10959,1777,1777,2,1,11468,1777,896,1,61,0,0,15,1
14,heldout,"Frame(Nullable(Patch(FOR(Delta(BitPack)))))",SUM,11468,0.69995117,mmap_hot,broad_fused,1872834.0,1879604.0,1879784.0,15197,1777,1777,1,1,16384,1777,896,1,61,0,0,15,1
14,heldout,"Frame(Nullable(Patch(FOR(Delta(BitPack)))))",SUM,11468,0.69995117,buffered_hot,selective_closure,1321692.0,1322432.0,1324766.0,10959,1777,1777,2,1,11468,1777,896,1,61,0,0,15,1
14,heldout,"Frame(Nullable(Patch(FOR(Delta(BitPack)))))",SUM,11468,0.69995117,buffered_hot,broad_fused,1880445.0,1880506.0,1882649.0,15197,1777,1777,1,1,16384,1777,896,1,61,0,0,15,1
14,heldout,"Frame(Nullable(Patch(FOR(Delta(BitPack)))))",SUM,11468,0.69995117,buffered_drop_cache,selective_closure,1426338.0,1430054.0,1430664.0,10959,1777,1777,2,1,11468,1777,896,1,61,0,0,15,1
14,heldout,"Frame(Nullable(Patch(FOR(Delta(BitPack)))))",SUM,11468,0.69995117,buffered_drop_cache,broad_fused,1980714.0,1983920.0,1984561.0,15197,1777,1777,1,1,16384,1777,896,1,61,0,0,15,1
14,heldout,"Frame(Nullable(Patch(FOR(Delta(BitPack)))))",BETWEEN,11468,0.69995117,memory_warm,selective_closure,1333009.0,1334721.0,1339629.0,10959,1777,1777,2,1,11468,1777,896,1,61,0,0,15,1
14,heldout,"Frame(Nullable(Patch(FOR(Delta(BitPack)))))",BETWEEN,11468,0.69995117,memory_warm,broad_fused,1889859.0,1895969.0,1897851.0,15197,1777,1777,1,1,16384,1777,896,1,61,0,0,15,1
14,heldout,"Frame(Nullable(Patch(FOR(Delta(BitPack)))))",BETWEEN,11468,0.69995117,mmap_hot,selective_closure,1335302.0,1335372.0,1337755.0,10959,1777,1777,2,1,11468,1777,896,1,61,0,0,15,1
14,heldout,"Frame(Nullable(Patch(FOR(Delta(BitPack)))))",BETWEEN,11468,0.69995117,mmap_hot,broad_fused,1893535.0,1896258.0,1900265.0,15197,1777,1777,1,1,16384,1777,896,1,61,0,0,15,1
14,heldout,"Frame(Nullable(Patch(FOR(Delta(BitPack)))))",BETWEEN,11468,0.69995117,buffered_hot,selective_closure,1335802.0,1337395.0,1339367.0,10959,1777,1777,2,1,11468,1777,896,1,61,0,0,15,1
14,heldout,"Frame(Nullable(Patch(FOR(Delta(BitPack)))))",BETWEEN,11468,0.69995117,buffered_hot,broad_fused,1892854.0,1894526.0,1894997.0,15197,1777,1777,1,1,16384,1777,896,1,61,0,0,15,1
14,heldout,"Frame(Nullable(Patch(FOR(Delta(BitPack)))))",BETWEEN,11468,0.69995117,buffered_drop_cache,selective_closure,1438375.0,1445036.0,1445777.0,10959,1777,1777,2,1,11468,1777,896,1,61,0,0,15,1
14,heldout,"Frame(Nullable(Patch(FOR(Delta(BitPack)))))",BETWEEN,11468,0.69995117,buffered_drop_cache,broad_fused,2005982.0,2007464.0,2013053.0,15197,1777,1777,1,1,16384,1777,896,1,61,0,0,15,1
14,heldout,"Frame(Nullable(Patch(FOR(Delta(BitPack)))))",SUM,13107,0.79998779,memory_warm,selective_closure,1501660.0,1502801.0,1506748.0,12372,1777,1777,2,1,13107,1777,896,1,61,0,0,15,1
14,heldout,"Frame(Nullable(Patch(FOR(Delta(BitPack)))))",SUM,13107,0.79998779,memory_warm,broad_fused,1881226.0,1883139.0,1890220.0,15197,1777,1777,1,1,16384,1777,896,1,61,0,0,15,1
14,heldout,"Frame(Nullable(Patch(FOR(Delta(BitPack)))))",SUM,13107,0.79998779,mmap_hot,selective_closure,1504144.0,1504464.0,1508881.0,12372,1777,1777,2,1,13107,1777,896,1,61,0,0,15,1
14,heldout,"Frame(Nullable(Patch(FOR(Delta(BitPack)))))",SUM,13107,0.79998779,mmap_hot,broad_fused,1876960.0,1879594.0,1879984.0,15197,1777,1777,1,1,16384,1777,896,1,61,0,0,15,1
14,heldout,"Frame(Nullable(Patch(FOR(Delta(BitPack)))))",SUM,13107,0.79998779,buffered_hot,selective_closure,1505847.0,1510833.0,1510974.0,12372,1777,1777,2,1,13107,1777,896,1,61,0,0,15,1
14,heldout,"Frame(Nullable(Patch(FOR(Delta(BitPack)))))",SUM,13107,0.79998779,buffered_hot,broad_fused,1880745.0,1883920.0,1884832.0,15197,1777,1777,1,1,16384,1777,896,1,61,0,0,15,1
14,heldout,"Frame(Nullable(Patch(FOR(Delta(BitPack)))))",SUM,13107,0.79998779,buffered_drop_cache,selective_closure,1612896.0,1616451.0,1617312.0,12372,1777,1777,2,1,13107,1777,896,1,61,0,0,15,1
14,heldout,"Frame(Nullable(Patch(FOR(Delta(BitPack)))))",SUM,13107,0.79998779,buffered_drop_cache,broad_fused,1981206.0,1982818.0,1985462.0,15197,1777,1777,1,1,16384,1777,896,1,61,0,0,15,1
14,heldout,"Frame(Nullable(Patch(FOR(Delta(BitPack)))))",BETWEEN,13107,0.79998779,memory_warm,selective_closure,1515420.0,1521200.0,1523031.0,12372,1777,1777,2,1,13107,1777,896,1,61,0,0,15,1
14,heldout,"Frame(Nullable(Patch(FOR(Delta(BitPack)))))",BETWEEN,13107,0.79998779,memory_warm,broad_fused,1891512.0,1892713.0,1894677.0,15197,1777,1777,1,1,16384,1777,896,1,61,0,0,15,1
14,heldout,"Frame(Nullable(Patch(FOR(Delta(BitPack)))))",BETWEEN,13107,0.79998779,mmap_hot,selective_closure,1517974.0,1519677.0,1522391.0,12372,1777,1777,2,1,13107,1777,896,1,61,0,0,15,1
14,heldout,"Frame(Nullable(Patch(FOR(Delta(BitPack)))))",BETWEEN,13107,0.79998779,mmap_hot,broad_fused,1899363.0,1901065.0,1901587.0,15197,1777,1777,1,1,16384,1777,896,1,61,0,0,15,1
14,heldout,"Frame(Nullable(Patch(FOR(Delta(BitPack)))))",BETWEEN,13107,0.79998779,buffered_hot,selective_closure,1520478.0,1522982.0,1525055.0,12372,1777,1777,2,1,13107,1777,896,1,61,0,0,15,1
14,heldout,"Frame(Nullable(Patch(FOR(Delta(BitPack)))))",BETWEEN,13107,0.79998779,buffered_hot,broad_fused,1894807.0,1895547.0,1898191.0,15197,1777,1777,1,1,16384,1777,896,1,61,0,0,15,1
14,heldout,"Frame(Nullable(Patch(FOR(Delta(BitPack)))))",BETWEEN,13107,0.79998779,buffered_drop_cache,selective_closure,1633897.0,1635279.0,1639545.0,12372,1777,1777,2,1,13107,1777,896,1,61,0,0,15,1
14,heldout,"Frame(Nullable(Patch(FOR(Delta(BitPack)))))",BETWEEN,13107,0.79998779,buffered_drop_cache,broad_fused,2005091.0,2008576.0,2009187.0,15197,1777,1777,1,1,16384,1777,896,1,61,0,0,15,1
14,heldout,"Frame(Nullable(Patch(FOR(Delta(BitPack)))))",SUM,14745,0.89996338,memory_warm,selective_closure,1689029.0,1690322.0,1691783.0,13788,1777,1777,2,1,14745,1777,896,1,61,0,0,15,1
14,heldout,"Frame(Nullable(Patch(FOR(Delta(BitPack)))))",SUM,14745,0.89996338,memory_warm,broad_fused,1881567.0,1882288.0,1883870.0,15197,1777,1777,1,1,16384,1777,896,1,61,0,0,15,1
14,heldout,"Frame(Nullable(Patch(FOR(Delta(BitPack)))))",SUM,14745,0.89996338,mmap_hot,selective_closure,1692625.0,1698584.0,1699926.0,13788,1777,1777,2,1,14745,1777,896,1,61,0,0,15,1
14,heldout,"Frame(Nullable(Patch(FOR(Delta(BitPack)))))",SUM,14745,0.89996338,mmap_hot,broad_fused,1884190.0,1886254.0,1886955.0,15197,1777,1777,1,1,16384,1777,896,1,61,0,0,15,1
14,heldout,"Frame(Nullable(Patch(FOR(Delta(BitPack)))))",SUM,14745,0.89996338,buffered_hot,selective_closure,1699615.0,1699716.0,1700246.0,13788,1777,1777,2,1,14745,1777,896,1,61,0,0,15,1
14,heldout,"Frame(Nullable(Patch(FOR(Delta(BitPack)))))",SUM,14745,0.89996338,buffered_hot,broad_fused,1885623.0,1889048.0,1889609.0,15197,1777,1777,1,1,16384,1777,896,1,61,0,0,15,1
14,heldout,"Frame(Nullable(Patch(FOR(Delta(BitPack)))))",SUM,14745,0.89996338,buffered_drop_cache,selective_closure,1801698.0,1812964.0,1821127.0,13788,1777,1777,2,1,14745,1777,896,1,61,0,0,15,1
14,heldout,"Frame(Nullable(Patch(FOR(Delta(BitPack)))))",SUM,14745,0.89996338,buffered_drop_cache,broad_fused,1991520.0,1991861.0,1995337.0,15197,1777,1777,1,1,16384,1777,896,1,61,0,0,15,1
14,heldout,"Frame(Nullable(Patch(FOR(Delta(BitPack)))))",BETWEEN,14745,0.89996338,memory_warm,selective_closure,1698464.0,1708899.0,1710892.0,13788,1777,1777,2,1,14745,1777,896,1,61,0,0,15,1
14,heldout,"Frame(Nullable(Patch(FOR(Delta(BitPack)))))",BETWEEN,14745,0.89996338,memory_warm,broad_fused,1893865.0,1894426.0,1896739.0,15197,1777,1777,1,1,16384,1777,896,1,61,0,0,15,1
14,heldout,"Frame(Nullable(Patch(FOR(Delta(BitPack)))))",BETWEEN,14745,0.89996338,mmap_hot,selective_closure,1702309.0,1705854.0,1707598.0,13788,1777,1777,2,1,14745,1777,896,1,61,0,0,15,1
14,heldout,"Frame(Nullable(Patch(FOR(Delta(BitPack)))))",BETWEEN,14745,0.89996338,mmap_hot,broad_fused,1893545.0,1896939.0,1898172.0,15197,1777,1777,1,1,16384,1777,896,1,61,0,0,15,1
14,heldout,"Frame(Nullable(Patch(FOR(Delta(BitPack)))))",BETWEEN,14745,0.89996338,buffered_hot,selective_closure,1711884.0,1713536.0,1775709.0,13788,1777,1777,2,1,14745,1777,896,1,61,0,0,15,1
14,heldout,"Frame(Nullable(Patch(FOR(Delta(BitPack)))))",BETWEEN,14745,0.89996338,buffered_hot,broad_fused,1898011.0,1898422.0,1900315.0,15197,1777,1777,1,1,16384,1777,896,1,61,0,0,15,1
14,heldout,"Frame(Nullable(Patch(FOR(Delta(BitPack)))))",BETWEEN,14745,0.89996338,buffered_drop_cache,selective_closure,1808317.0,1814757.0,1822459.0,13788,1777,1777,2,1,14745,1777,896,1,61,0,0,15,1
14,heldout,"Frame(Nullable(Patch(FOR(Delta(BitPack)))))",BETWEEN,14745,0.89996338,buffered_drop_cache,broad_fused,2003289.0,2004280.0,2005562.0,15197,1777,1777,1,1,16384,1777,896,1,61,0,0,15,1
14,heldout,"Frame(Nullable(Patch(FOR(Delta(BitPack)))))",SUM,16384,1.00000000,memory_warm,selective_closure,1873444.0,1877440.0,1880395.0,15197,1777,1777,2,1,16384,1777,896,1,61,0,0,15,1
14,heldout,"Frame(Nullable(Patch(FOR(Delta(BitPack)))))",SUM,16384,1.00000000,memory_warm,broad_fused,1889028.0,1889489.0,1893874.0,15197,1777,1777,1,1,16384,1777,896,1,61,0,0,15,1
14,heldout,"Frame(Nullable(Patch(FOR(Delta(BitPack)))))",SUM,16384,1.00000000,mmap_hot,selective_closure,1873956.0,1878312.0,1879013.0,15197,1777,1777,2,1,16384,1777,896,1,61,0,0,15,1
14,heldout,"Frame(Nullable(Patch(FOR(Delta(BitPack)))))",SUM,16384,1.00000000,mmap_hot,broad_fused,1881176.0,1882158.0,1883300.0,15197,1777,1777,1,1,16384,1777,896,1,61,0,0,15,1
14,heldout,"Frame(Nullable(Patch(FOR(Delta(BitPack)))))",SUM,16384,1.00000000,buffered_hot,selective_closure,1879283.0,1879373.0,1881417.0,15197,1777,1777,2,1,16384,1777,896,1,61,0,0,15,1
14,heldout,"Frame(Nullable(Patch(FOR(Delta(BitPack)))))",SUM,16384,1.00000000,buffered_hot,broad_fused,1879143.0,1881427.0,1884661.0,15197,1777,1777,1,1,16384,1777,896,1,61,0,0,15,1
14,heldout,"Frame(Nullable(Patch(FOR(Delta(BitPack)))))",SUM,16384,1.00000000,buffered_drop_cache,selective_closure,1987505.0,1992873.0,1993053.0,15197,1777,1777,2,1,16384,1777,896,1,61,0,0,15,1
14,heldout,"Frame(Nullable(Patch(FOR(Delta(BitPack)))))",SUM,16384,1.00000000,buffered_drop_cache,broad_fused,1992712.0,1993173.0,1993604.0,15197,1777,1777,1,1,16384,1777,896,1,61,0,0,15,1
14,heldout,"Frame(Nullable(Patch(FOR(Delta(BitPack)))))",BETWEEN,16384,1.00000000,memory_warm,selective_closure,1889809.0,1890640.0,1894065.0,15197,1777,1777,2,1,16384,1777,896,1,61,0,0,15,1
14,heldout,"Frame(Nullable(Patch(FOR(Delta(BitPack)))))",BETWEEN,16384,1.00000000,memory_warm,broad_fused,1898031.0,1900595.0,1901206.0,15197,1777,1777,1,1,16384,1777,896,1,61,0,0,15,1
14,heldout,"Frame(Nullable(Patch(FOR(Delta(BitPack)))))",BETWEEN,16384,1.00000000,mmap_hot,selective_closure,1886854.0,1887616.0,1891572.0,15197,1777,1777,2,1,16384,1777,896,1,61,0,0,15,1
14,heldout,"Frame(Nullable(Patch(FOR(Delta(BitPack)))))",BETWEEN,16384,1.00000000,mmap_hot,broad_fused,1894036.0,1897851.0,1907275.0,15197,1777,1777,1,1,16384,1777,896,1,61,0,0,15,1
14,heldout,"Frame(Nullable(Patch(FOR(Delta(BitPack)))))",BETWEEN,16384,1.00000000,buffered_hot,selective_closure,1889028.0,1890000.0,1896248.0,15197,1777,1777,2,1,16384,1777,896,1,61,0,0,15,1
14,heldout,"Frame(Nullable(Patch(FOR(Delta(BitPack)))))",BETWEEN,16384,1.00000000,buffered_hot,broad_fused,1890640.0,1896669.0,1901447.0,15197,1777,1777,1,1,16384,1777,896,1,61,0,0,15,1
14,heldout,"Frame(Nullable(Patch(FOR(Delta(BitPack)))))",BETWEEN,16384,1.00000000,buffered_drop_cache,selective_closure,1994725.0,2007103.0,2018030.0,15197,1777,1777,2,1,16384,1777,896,1,61,0,0,15,1
14,heldout,"Frame(Nullable(Patch(FOR(Delta(BitPack)))))",BETWEEN,16384,1.00000000,buffered_drop_cache,broad_fused,2004631.0,2004751.0,2006994.0,15197,1777,1777,1,1,16384,1777,896,1,61,0,0,15,1
