case,recipe,query,baseline,repeat,iterations,ns_per_op,logical_bytes,delivered_bytes,transferred_bytes,file_bytes,decoded_rows
0,"Nullable(FOR(BitPack))",GET,full_decode,0,5,883580.8,35276,35480,35480,35728,16384
0,"Nullable(FOR(BitPack))",GET,full_decode,1,5,881602.0,35276,35480,35480,35728,16384
0,"Nullable(FOR(BitPack))",GET,full_decode,2,5,881884.4,35276,35480,35480,35728,16384
0,"Nullable(FOR(BitPack))",GET,full_decode,3,5,882385.0,35276,35480,35480,35728,16384
0,"Nullable(FOR(BitPack))",GET,full_decode,4,5,883959.6,35276,35480,35480,35728,16384
0,"Nullable(FOR(BitPack))",GET,full_decode,5,5,882885.8,35276,35480,35480,35728,16384
0,"Nullable(FOR(BitPack))",GET,full_decode,6,5,880528.4,35276,35480,35480,35728,16384
0,"Nullable(FOR(BitPack))",GET,fused_decode,0,5,867326.6,35276,35480,35480,35728,16384
0,"Nullable(FOR(BitPack))",GET,fused_decode,1,5,865467.8,35276,35480,35480,35728,16384
0,"Nullable(FOR(BitPack))",GET,fused_decode,2,5,872386.2,35276,35480,35480,35728,16384
0,"Nullable(FOR(BitPack))",GET,fused_decode,3,5,870980.2,35276,35480,35480,35728,16384
0,"Nullable(FOR(BitPack))",GET,fused_decode,4,5,871314.4,35276,35480,35480,35728,16384
0,"Nullable(FOR(BitPack))",GET,fused_decode,5,5,872174.0,35276,35480,35480,35728,16384
0,"Nullable(FOR(BitPack))",GET,fused_decode,6,5,868804.8,35276,35480,35480,35728,16384
0,"Nullable(FOR(BitPack))",GET,interpreted_plan,0,3591,825.7,464,824,824,35728,1
0,"Nullable(FOR(BitPack))",GET,interpreted_plan,1,3591,826.4,464,824,824,35728,1
0,"Nullable(FOR(BitPack))",GET,interpreted_plan,2,3591,831.3,464,824,824,35728,1
0,"Nullable(FOR(BitPack))",GET,interpreted_plan,3,3591,824.4,464,824,824,35728,1
0,"Nullable(FOR(BitPack))",GET,interpreted_plan,4,3591,822.1,464,824,824,35728,1
0,"Nullable(FOR(BitPack))",GET,interpreted_plan,5,3591,831.7,464,824,824,35728,1
0,"Nullable(FOR(BitPack))",GET,interpreted_plan,6,3591,831.6,464,824,824,35728,1
0,"Nullable(FOR(BitPack))",GET,generated_full_page_access,0,9980,436.1,464,35728,35728,35728,1
0,"Nullable(FOR(BitPack))",GET,generated_full_page_access,1,9980,434.9,464,35728,35728,35728,1
0,"Nullable(FOR(BitPack))",GET,generated_full_page_access,2,9980,433.7,464,35728,35728,35728,1
0,"Nullable(FOR(BitPack))",GET,generated_full_page_access,3,9980,434.4,464,35728,35728,35728,1
0,"Nullable(FOR(BitPack))",GET,generated_full_page_access,4,9980,434.1,464,35728,35728,35728,1
0,"Nullable(FOR(BitPack))",GET,generated_full_page_access,5,9980,434.1,464,35728,35728,35728,1
0,"Nullable(FOR(BitPack))",GET,generated_full_page_access,6,9980,433.8,464,35728,35728,35728,1
0,"Nullable(FOR(BitPack))",GET,generated,0,5938,797.5,464,824,824,35728,1
0,"Nullable(FOR(BitPack))",GET,generated,1,5938,798.3,464,824,824,35728,1
0,"Nullable(FOR(BitPack))",GET,generated,2,5938,797.1,464,824,824,35728,1
0,"Nullable(FOR(BitPack))",GET,generated,3,5938,805.0,464,824,824,35728,1
0,"Nullable(FOR(BitPack))",GET,generated,4,5938,798.5,464,824,824,35728,1
0,"Nullable(FOR(BitPack))",GET,generated,5,5938,806.2,464,824,824,35728,1
0,"Nullable(FOR(BitPack))",GET,generated,6,5938,802.6,464,824,824,35728,1
0,"Nullable(FOR(BitPack))",GET,handwritten_monomorphized,0,5807,806.9,464,824,824,35728,1
0,"Nullable(FOR(BitPack))",GET,handwritten_monomorphized,1,5807,803.7,464,824,824,35728,1
0,"Nullable(FOR(BitPack))",GET,handwritten_monomorphized,2,5807,804.7,464,824,824,35728,1
0,"Nullable(FOR(BitPack))",GET,handwritten_monomorphized,3,5807,801.0,464,824,824,35728,1
0,"Nullable(FOR(BitPack))",GET,handwritten_monomorphized,4,5807,805.5,464,824,824,35728,1
0,"Nullable(FOR(BitPack))",GET,handwritten_monomorphized,5,5807,801.5,464,824,824,35728,1
0,"Nullable(FOR(BitPack))",GET,handwritten_monomorphized,6,5807,804.0,464,824,824,35728,1
0,"Nullable(FOR(BitPack))",SUM_1PCT,full_decode,0,5,886535.4,35276,35480,35480,35728,16384
0,"Nullable(FOR(BitPack))",SUM_1PCT,full_decode,1,5,886248.8,35276,35480,35480,35728,16384
0,"Nullable(FOR(BitPack))",SUM_1PCT,full_decode,2,5,886337.0,35276,35480,35480,35728,16384
0,"Nullable(FOR(BitPack))",SUM_1PCT,full_decode,3,5,885866.2,35276,35480,35480,35728,16384
0,"Nullable(FOR(BitPack))",SUM_1PCT,full_decode,4,5,887440.6,35276,35480,35480,35728,16384
0,"Nullable(FOR(BitPack))",SUM_1PCT,full_decode,5,5,885722.0,35276,35480,35480,35728,16384
0,"Nullable(FOR(BitPack))",SUM_1PCT,full_decode,6,5,887961.4,35276,35480,35480,35728,16384
0,"Nullable(FOR(BitPack))",SUM_1PCT,fused_decode,0,5,860518.4,35276,35480,35480,35728,16384
0,"Nullable(FOR(BitPack))",SUM_1PCT,fused_decode,1,5,863338.8,35276,35480,35480,35728,16384
0,"Nullable(FOR(BitPack))",SUM_1PCT,fused_decode,2,5,862156.8,35276,35480,35480,35728,16384
0,"Nullable(FOR(BitPack))",SUM_1PCT,fused_decode,3,5,861429.8,35276,35480,35480,35728,16384
0,"Nullable(FOR(BitPack))",SUM_1PCT,fused_decode,4,5,863070.4,35276,35480,35480,35728,16384
0,"Nullable(FOR(BitPack))",SUM_1PCT,fused_decode,5,5,865365.6,35276,35480,35480,35728,16384
0,"Nullable(FOR(BitPack))",SUM_1PCT,fused_decode,6,5,862922.0,35276,35480,35480,35728,16384
0,"Nullable(FOR(BitPack))",SUM_1PCT,interpreted_plan,0,50,98368.2,835,1192,1192,35728,163
0,"Nullable(FOR(BitPack))",SUM_1PCT,interpreted_plan,1,50,98364.8,835,1192,1192,35728,163
0,"Nullable(FOR(BitPack))",SUM_1PCT,interpreted_plan,2,50,98289.1,835,1192,1192,35728,163
0,"Nullable(FOR(BitPack))",SUM_1PCT,interpreted_plan,3,50,98382.8,835,1192,1192,35728,163
0,"Nullable(FOR(BitPack))",SUM_1PCT,interpreted_plan,4,50,98289.1,835,1192,1192,35728,163
0,"Nullable(FOR(BitPack))",SUM_1PCT,interpreted_plan,5,50,98343.0,835,1192,1192,35728,163
0,"Nullable(FOR(BitPack))",SUM_1PCT,interpreted_plan,6,50,98292.7,835,1192,1192,35728,163
0,"Nullable(FOR(BitPack))",SUM_1PCT,generated_full_page_access,0,508,9761.0,831,35728,35728,35728,163
0,"Nullable(FOR(BitPack))",SUM_1PCT,generated_full_page_access,1,508,9785.6,831,35728,35728,35728,163
0,"Nullable(FOR(BitPack))",SUM_1PCT,generated_full_page_access,2,508,9770.3,831,35728,35728,35728,163
0,"Nullable(FOR(BitPack))",SUM_1PCT,generated_full_page_access,3,508,9775.3,831,35728,35728,35728,163
0,"Nullable(FOR(BitPack))",SUM_1PCT,generated_full_page_access,4,508,9776.7,831,35728,35728,35728,163
0,"Nullable(FOR(BitPack))",SUM_1PCT,generated_full_page_access,5,508,9765.4,831,35728,35728,35728,163
0,"Nullable(FOR(BitPack))",SUM_1PCT,generated_full_page_access,6,508,9769.7,831,35728,35728,35728,163
0,"Nullable(FOR(BitPack))",SUM_1PCT,generated,0,261,10802.1,831,1128,1128,35728,163
0,"Nullable(FOR(BitPack))",SUM_1PCT,generated,1,261,10809.7,831,1128,1128,35728,163
0,"Nullable(FOR(BitPack))",SUM_1PCT,generated,2,261,10842.7,831,1128,1128,35728,163
0,"Nullable(FOR(BitPack))",SUM_1PCT,generated,3,261,10801.0,831,1128,1128,35728,163
0,"Nullable(FOR(BitPack))",SUM_1PCT,generated,4,261,10784.7,831,1128,1128,35728,163
0,"Nullable(FOR(BitPack))",SUM_1PCT,generated,5,261,10794.7,831,1128,1128,35728,163
0,"Nullable(FOR(BitPack))",SUM_1PCT,generated,6,261,10833.4,831,1128,1128,35728,163
0,"Nullable(FOR(BitPack))",SUM_1PCT,handwritten_monomorphized,0,258,19443.1,831,1128,1128,35728,163
0,"Nullable(FOR(BitPack))",SUM_1PCT,handwritten_monomorphized,1,258,19332.9,831,1128,1128,35728,163
0,"Nullable(FOR(BitPack))",SUM_1PCT,handwritten_monomorphized,2,258,19328.3,831,1128,1128,35728,163
0,"Nullable(FOR(BitPack))",SUM_1PCT,handwritten_monomorphized,3,258,19310.3,831,1128,1128,35728,163
0,"Nullable(FOR(BitPack))",SUM_1PCT,handwritten_monomorphized,4,258,19347.1,831,1128,1128,35728,163
0,"Nullable(FOR(BitPack))",SUM_1PCT,handwritten_monomorphized,5,258,19342.9,831,1128,1128,35728,163
0,"Nullable(FOR(BitPack))",SUM_1PCT,handwritten_monomorphized,6,258,19334.9,831,1128,1128,35728,163
0,"Nullable(FOR(BitPack))",SUM_70PCT,full_decode,0,5,892774.6,35276,35480,35480,35728,16384
0,"Nullable(FOR(BitPack))",SUM_70PCT,full_decode,1,5,893645.8,35276,35480,35480,35728,16384
0,"Nullable(FOR(BitPack))",SUM_70PCT,full_decode,2,5,894108.6,35276,35480,35480,35728,16384
0,"Nullable(FOR(BitPack))",SUM_70PCT,full_decode,3,5,892810.6,35276,35480,35480,35728,16384
0,"Nullable(FOR(BitPack))",SUM_70PCT,full_decode,4,5,891472.6,35276,35480,35480,35728,16384
0,"Nullable(FOR(BitPack))",SUM_70PCT,full_decode,5,5,894258.8,35276,35480,35480,35728,16384
0,"Nullable(FOR(BitPack))",SUM_70PCT,full_decode,6,5,893730.0,35276,35480,35480,35728,16384
0,"Nullable(FOR(BitPack))",SUM_70PCT,fused_decode,0,5,872957.0,35276,35480,35480,35728,16384
0,"Nullable(FOR(BitPack))",SUM_70PCT,fused_decode,1,5,870553.6,35276,35480,35480,35728,16384
0,"Nullable(FOR(BitPack))",SUM_70PCT,fused_decode,2,5,872298.0,35276,35480,35480,35728,16384
0,"Nullable(FOR(BitPack))",SUM_70PCT,fused_decode,3,5,874541.4,35276,35480,35480,35728,16384
0,"Nullable(FOR(BitPack))",SUM_70PCT,fused_decode,4,5,878078.6,35276,35480,35480,35728,16384
0,"Nullable(FOR(BitPack))",SUM_70PCT,fused_decode,5,5,873976.6,35276,35480,35480,35728,16384
0,"Nullable(FOR(BitPack))",SUM_70PCT,fused_decode,6,5,873323.6,35276,35480,35480,35728,16384
0,"Nullable(FOR(BitPack))",SUM_70PCT,interpreted_plan,0,1,6927620.0,25513,25848,25848,35728,11703
0,"Nullable(FOR(BitPack))",SUM_70PCT,interpreted_plan,1,1,6924255.0,25513,25848,25848,35728,11703
0,"Nullable(FOR(BitPack))",SUM_70PCT,interpreted_plan,2,1,6946749.0,25513,25848,25848,35728,11703
0,"Nullable(FOR(BitPack))",SUM_70PCT,interpreted_plan,3,1,6941061.0,25513,25848,25848,35728,11703
0,"Nullable(FOR(BitPack))",SUM_70PCT,interpreted_plan,4,1,6925277.0,25513,25848,25848,35728,11703
0,"Nullable(FOR(BitPack))",SUM_70PCT,interpreted_plan,5,1,6908863.0,25513,25848,25848,35728,11703
0,"Nullable(FOR(BitPack))",SUM_70PCT,interpreted_plan,6,1,6904306.0,25513,25848,25848,35728,11703
0,"Nullable(FOR(BitPack))",SUM_70PCT,generated_full_page_access,0,8,589963.1,25333,35728,35728,35728,11703
0,"Nullable(FOR(BitPack))",SUM_70PCT,generated_full_page_access,1,8,589514.9,25333,35728,35728,35728,11703
0,"Nullable(FOR(BitPack))",SUM_70PCT,generated_full_page_access,2,8,589556.2,25333,35728,35728,35728,11703
0,"Nullable(FOR(BitPack))",SUM_70PCT,generated_full_page_access,3,8,591107.4,25333,35728,35728,35728,11703
0,"Nullable(FOR(BitPack))",SUM_70PCT,generated_full_page_access,4,8,590326.1,25333,35728,35728,35728,11703
0,"Nullable(FOR(BitPack))",SUM_70PCT,generated_full_page_access,5,8,589810.4,25333,35728,35728,35728,11703
0,"Nullable(FOR(BitPack))",SUM_70PCT,generated_full_page_access,6,8,589491.2,25333,35728,35728,35728,11703
0,"Nullable(FOR(BitPack))",SUM_70PCT,generated,0,7,626864.3,25333,25656,25656,35728,11703
0,"Nullable(FOR(BitPack))",SUM_70PCT,generated,1,7,626619.6,25333,25656,25656,35728,11703
0,"Nullable(FOR(BitPack))",SUM_70PCT,generated,2,7,624828.3,25333,25656,25656,35728,11703
0,"Nullable(FOR(BitPack))",SUM_70PCT,generated,3,7,625888.6,25333,25656,25656,35728,11703
0,"Nullable(FOR(BitPack))",SUM_70PCT,generated,4,7,628758.4,25333,25656,25656,35728,11703
0,"Nullable(FOR(BitPack))",SUM_70PCT,generated,5,7,627279.3,25333,25656,25656,35728,11703
0,"Nullable(FOR(BitPack))",SUM_70PCT,generated,6,7,627595.3,25333,25656,25656,35728,11703
0,"Nullable(FOR(BitPack))",SUM_70PCT,handwritten_monomorphized,0,4,1224152.2,25333,25656,25656,35728,11703
0,"Nullable(FOR(BitPack))",SUM_70PCT,handwritten_monomorphized,1,4,1220642.0,25333,25656,25656,35728,11703
0,"Nullable(FOR(BitPack))",SUM_70PCT,handwritten_monomorphized,2,4,1220995.0,25333,25656,25656,35728,11703
0,"Nullable(FOR(BitPack))",SUM_70PCT,handwritten_monomorphized,3,4,1221613.5,25333,25656,25656,35728,11703
0,"Nullable(FOR(BitPack))",SUM_70PCT,handwritten_monomorphized,4,4,1223533.8,25333,25656,25656,35728,11703
0,"Nullable(FOR(BitPack))",SUM_70PCT,handwritten_monomorphized,5,4,1221851.2,25333,25656,25656,35728,11703
0,"Nullable(FOR(BitPack))",SUM_70PCT,handwritten_monomorphized,6,4,1220624.5,25333,25656,25656,35728,11703
0,"Nullable(FOR(BitPack))",BETWEEN_1PCT,full_decode,0,5,890931.8,35276,35480,35480,35728,16384
0,"Nullable(FOR(BitPack))",BETWEEN_1PCT,full_decode,1,5,891134.2,35276,35480,35480,35728,16384
0,"Nullable(FOR(BitPack))",BETWEEN_1PCT,full_decode,2,5,889704.0,35276,35480,35480,35728,16384
0,"Nullable(FOR(BitPack))",BETWEEN_1PCT,full_decode,3,5,890675.6,35276,35480,35480,35728,16384
0,"Nullable(FOR(BitPack))",BETWEEN_1PCT,full_decode,4,5,889337.4,35276,35480,35480,35728,16384
0,"Nullable(FOR(BitPack))",BETWEEN_1PCT,full_decode,5,5,889764.2,35276,35480,35480,35728,16384
0,"Nullable(FOR(BitPack))",BETWEEN_1PCT,full_decode,6,5,888506.2,35276,35480,35480,35728,16384
0,"Nullable(FOR(BitPack))",BETWEEN_1PCT,fused_decode,0,5,868885.0,35276,35480,35480,35728,16384
0,"Nullable(FOR(BitPack))",BETWEEN_1PCT,fused_decode,1,5,869660.0,35276,35480,35480,35728,16384
0,"Nullable(FOR(BitPack))",BETWEEN_1PCT,fused_decode,2,5,868813.0,35276,35480,35480,35728,16384
0,"Nullable(FOR(BitPack))",BETWEEN_1PCT,fused_decode,3,5,869301.6,35276,35480,35480,35728,16384
0,"Nullable(FOR(BitPack))",BETWEEN_1PCT,fused_decode,4,5,869674.0,35276,35480,35480,35728,16384
0,"Nullable(FOR(BitPack))",BETWEEN_1PCT,fused_decode,5,5,869732.2,35276,35480,35480,35728,16384
0,"Nullable(FOR(BitPack))",BETWEEN_1PCT,fused_decode,6,5,870910.0,35276,35480,35480,35728,16384
0,"Nullable(FOR(BitPack))",BETWEEN_1PCT,interpreted_plan,0,50,98600.8,835,1192,1192,35728,163
0,"Nullable(FOR(BitPack))",BETWEEN_1PCT,interpreted_plan,1,50,98647.7,835,1192,1192,35728,163
0,"Nullable(FOR(BitPack))",BETWEEN_1PCT,interpreted_plan,2,50,98717.1,835,1192,1192,35728,163
0,"Nullable(FOR(BitPack))",BETWEEN_1PCT,interpreted_plan,3,50,98652.5,835,1192,1192,35728,163
0,"Nullable(FOR(BitPack))",BETWEEN_1PCT,interpreted_plan,4,50,98667.3,835,1192,1192,35728,163
0,"Nullable(FOR(BitPack))",BETWEEN_1PCT,interpreted_plan,5,50,98631.6,835,1192,1192,35728,163
0,"Nullable(FOR(BitPack))",BETWEEN_1PCT,interpreted_plan,6,50,98690.9,835,1192,1192,35728,163
0,"Nullable(FOR(BitPack))",BETWEEN_1PCT,generated_full_page_access,0,448,10331.6,831,35728,35728,35728,163
0,"Nullable(FOR(BitPack))",BETWEEN_1PCT,generated_full_page_access,1,448,10340.1,831,35728,35728,35728,163
0,"Nullable(FOR(BitPack))",BETWEEN_1PCT,generated_full_page_access,2,448,10346.8,831,35728,35728,35728,163
0,"Nullable(FOR(BitPack))",BETWEEN_1PCT,generated_full_page_access,3,448,10397.8,831,35728,35728,35728,163
0,"Nullable(FOR(BitPack))",BETWEEN_1PCT,generated_full_page_access,4,448,10412.8,831,35728,35728,35728,163
0,"Nullable(FOR(BitPack))",BETWEEN_1PCT,generated_full_page_access,5,448,10402.6,831,35728,35728,35728,163
0,"Nullable(FOR(BitPack))",BETWEEN_1PCT,generated_full_page_access,6,448,10378.3,831,35728,35728,35728,163
0,"Nullable(FOR(BitPack))",BETWEEN_1PCT,generated,0,431,11312.9,831,1128,1128,35728,163
0,"Nullable(FOR(BitPack))",BETWEEN_1PCT,generated,1,431,11293.4,831,1128,1128,35728,163
0,"Nullable(FOR(BitPack))",BETWEEN_1PCT,generated,2,431,11279.4,831,1128,1128,35728,163
0,"Nullable(FOR(BitPack))",BETWEEN_1PCT,generated,3,431,11267.7,831,1128,1128,35728,163
0,"Nullable(FOR(BitPack))",BETWEEN_1PCT,generated,4,431,11330.8,831,1128,1128,35728,163
0,"Nullable(FOR(BitPack))",BETWEEN_1PCT,generated,5,431,11325.0,831,1128,1128,35728,163
0,"Nullable(FOR(BitPack))",BETWEEN_1PCT,generated,6,431,11315.3,831,1128,1128,35728,163
0,"Nullable(FOR(BitPack))",BETWEEN_1PCT,handwritten_monomorphized,0,240,19705.9,831,1128,1128,35728,163
0,"Nullable(FOR(BitPack))",BETWEEN_1PCT,handwritten_monomorphized,1,240,19715.5,831,1128,1128,35728,163
0,"Nullable(FOR(BitPack))",BETWEEN_1PCT,handwritten_monomorphized,2,240,19776.6,831,1128,1128,35728,163
0,"Nullable(FOR(BitPack))",BETWEEN_1PCT,handwritten_monomorphized,3,240,19778.9,831,1128,1128,35728,163
0,"Nullable(FOR(BitPack))",BETWEEN_1PCT,handwritten_monomorphized,4,240,19740.5,831,1128,1128,35728,163
0,"Nullable(FOR(BitPack))",BETWEEN_1PCT,handwritten_monomorphized,5,240,19757.2,831,1128,1128,35728,163
0,"Nullable(FOR(BitPack))",BETWEEN_1PCT,handwritten_monomorphized,6,240,19819.1,831,1128,1128,35728,163
0,"Nullable(FOR(BitPack))",BETWEEN_70PCT,full_decode,0,5,909529.8,35276,35480,35480,35728,16384
0,"Nullable(FOR(BitPack))",BETWEEN_70PCT,full_decode,1,5,914959.6,35276,35480,35480,35728,16384
0,"Nullable(FOR(BitPack))",BETWEEN_70PCT,full_decode,2,5,912492.0,35276,35480,35480,35728,16384
0,"Nullable(FOR(BitPack))",BETWEEN_70PCT,full_decode,3,5,913878.0,35276,35480,35480,35728,16384
0,"Nullable(FOR(BitPack))",BETWEEN_70PCT,full_decode,4,5,909575.6,35276,35480,35480,35728,16384
0,"Nullable(FOR(BitPack))",BETWEEN_70PCT,full_decode,5,5,914587.0,35276,35480,35480,35728,16384
0,"Nullable(FOR(BitPack))",BETWEEN_70PCT,full_decode,6,5,908818.6,35276,35480,35480,35728,16384
0,"Nullable(FOR(BitPack))",BETWEEN_70PCT,fused_decode,0,5,892834.8,35276,35480,35480,35728,16384
0,"Nullable(FOR(BitPack))",BETWEEN_70PCT,fused_decode,1,5,891544.8,35276,35480,35480,35728,16384
0,"Nullable(FOR(BitPack))",BETWEEN_70PCT,fused_decode,2,5,892462.0,35276,35480,35480,35728,16384
0,"Nullable(FOR(BitPack))",BETWEEN_70PCT,fused_decode,3,5,893205.4,35276,35480,35480,35728,16384
0,"Nullable(FOR(BitPack))",BETWEEN_70PCT,fused_decode,4,5,893361.4,35276,35480,35480,35728,16384
0,"Nullable(FOR(BitPack))",BETWEEN_70PCT,fused_decode,5,5,889579.8,35276,35480,35480,35728,16384
0,"Nullable(FOR(BitPack))",BETWEEN_70PCT,fused_decode,6,5,891643.0,35276,35480,35480,35728,16384
0,"Nullable(FOR(BitPack))",BETWEEN_70PCT,interpreted_plan,0,1,6944416.0,25513,25848,25848,35728,11703
0,"Nullable(FOR(BitPack))",BETWEEN_70PCT,interpreted_plan,1,1,6920510.0,25513,25848,25848,35728,11703
0,"Nullable(FOR(BitPack))",BETWEEN_70PCT,interpreted_plan,2,1,6906669.0,25513,25848,25848,35728,11703
0,"Nullable(FOR(BitPack))",BETWEEN_70PCT,interpreted_plan,3,1,6934821.0,25513,25848,25848,35728,11703
0,"Nullable(FOR(BitPack))",BETWEEN_70PCT,interpreted_plan,4,1,6928832.0,25513,25848,25848,35728,11703
0,"Nullable(FOR(BitPack))",BETWEEN_70PCT,interpreted_plan,5,1,6929714.0,25513,25848,25848,35728,11703
0,"Nullable(FOR(BitPack))",BETWEEN_70PCT,interpreted_plan,6,1,6917355.0,25513,25848,25848,35728,11703
0,"Nullable(FOR(BitPack))",BETWEEN_70PCT,generated_full_page_access,0,8,613212.9,25333,35728,35728,35728,11703
0,"Nullable(FOR(BitPack))",BETWEEN_70PCT,generated_full_page_access,1,8,615088.1,25333,35728,35728,35728,11703
0,"Nullable(FOR(BitPack))",BETWEEN_70PCT,generated_full_page_access,2,8,614291.9,25333,35728,35728,35728,11703
0,"Nullable(FOR(BitPack))",BETWEEN_70PCT,generated_full_page_access,3,8,613927.8,25333,35728,35728,35728,11703
0,"Nullable(FOR(BitPack))",BETWEEN_70PCT,generated_full_page_access,4,8,614021.5,25333,35728,35728,35728,11703
0,"Nullable(FOR(BitPack))",BETWEEN_70PCT,generated_full_page_access,5,8,614373.2,25333,35728,35728,35728,11703
0,"Nullable(FOR(BitPack))",BETWEEN_70PCT,generated_full_page_access,6,8,612201.4,25333,35728,35728,35728,11703
0,"Nullable(FOR(BitPack))",BETWEEN_70PCT,generated,0,7,649651.1,25333,25656,25656,35728,11703
0,"Nullable(FOR(BitPack))",BETWEEN_70PCT,generated,1,7,650086.0,25333,25656,25656,35728,11703
0,"Nullable(FOR(BitPack))",BETWEEN_70PCT,generated,2,7,652874.4,25333,25656,25656,35728,11703
0,"Nullable(FOR(BitPack))",BETWEEN_70PCT,generated,3,7,650076.1,25333,25656,25656,35728,11703
0,"Nullable(FOR(BitPack))",BETWEEN_70PCT,generated,4,7,652212.1,25333,25656,25656,35728,11703
0,"Nullable(FOR(BitPack))",BETWEEN_70PCT,generated,5,7,651259.1,25333,25656,25656,35728,11703
0,"Nullable(FOR(BitPack))",BETWEEN_70PCT,generated,6,7,651883.1,25333,25656,25656,35728,11703
0,"Nullable(FOR(BitPack))",BETWEEN_70PCT,handwritten_monomorphized,0,4,1247239.2,25333,25656,25656,35728,11703
0,"Nullable(FOR(BitPack))",BETWEEN_70PCT,handwritten_monomorphized,1,4,1246012.2,25333,25656,25656,35728,11703
0,"Nullable(FOR(BitPack))",BETWEEN_70PCT,handwritten_monomorphized,2,4,1247399.2,25333,25656,25656,35728,11703
0,"Nullable(FOR(BitPack))",BETWEEN_70PCT,handwritten_monomorphized,3,4,1243483.8,25333,25656,25656,35728,11703
0,"Nullable(FOR(BitPack))",BETWEEN_70PCT,handwritten_monomorphized,4,4,1248541.2,25333,25656,25656,35728,11703
0,"Nullable(FOR(BitPack))",BETWEEN_70PCT,handwritten_monomorphized,5,4,1244848.0,25333,25656,25656,35728,11703
0,"Nullable(FOR(BitPack))",BETWEEN_70PCT,handwritten_monomorphized,6,4,1245186.2,25333,25656,25656,35728,11703
0,"Nullable(FOR(BitPack))",FILTER_POINT,full_decode,0,5,899344.4,35276,35480,35480,35728,16384
0,"Nullable(FOR(BitPack))",FILTER_POINT,full_decode,1,5,900117.4,35276,35480,35480,35728,16384
0,"Nullable(FOR(BitPack))",FILTER_POINT,full_decode,2,5,901455.6,35276,35480,35480,35728,16384
0,"Nullable(FOR(BitPack))",FILTER_POINT,full_decode,3,5,899398.6,35276,35480,35480,35728,16384
0,"Nullable(FOR(BitPack))",FILTER_POINT,full_decode,4,5,902391.0,35276,35480,35480,35728,16384
0,"Nullable(FOR(BitPack))",FILTER_POINT,full_decode,5,5,904748.4,35276,35480,35480,35728,16384
0,"Nullable(FOR(BitPack))",FILTER_POINT,full_decode,6,5,905756.0,35276,35480,35480,35728,16384
0,"Nullable(FOR(BitPack))",FILTER_POINT,fused_decode,0,5,878988.0,35276,35480,35480,35728,16384
0,"Nullable(FOR(BitPack))",FILTER_POINT,fused_decode,1,5,877097.2,35276,35480,35480,35728,16384
0,"Nullable(FOR(BitPack))",FILTER_POINT,fused_decode,2,5,877449.8,35276,35480,35480,35728,16384
0,"Nullable(FOR(BitPack))",FILTER_POINT,fused_decode,3,5,876500.4,35276,35480,35480,35728,16384
0,"Nullable(FOR(BitPack))",FILTER_POINT,fused_decode,4,5,877427.6,35276,35480,35480,35728,16384
0,"Nullable(FOR(BitPack))",FILTER_POINT,fused_decode,5,5,877528.0,35276,35480,35480,35728,16384
0,"Nullable(FOR(BitPack))",FILTER_POINT,fused_decode,6,5,874509.2,35276,35480,35480,35728,16384
0,"Nullable(FOR(BitPack))",FILTER_POINT,interpreted_plan,0,1,9584086.0,35528,35672,35672,35728,16384
0,"Nullable(FOR(BitPack))",FILTER_POINT,interpreted_plan,1,1,9565468.0,35528,35672,35672,35728,16384
0,"Nullable(FOR(BitPack))",FILTER_POINT,interpreted_plan,2,1,9547712.0,35528,35672,35672,35728,16384
0,"Nullable(FOR(BitPack))",FILTER_POINT,interpreted_plan,3,1,9573340.0,35528,35672,35672,35728,16384
0,"Nullable(FOR(BitPack))",FILTER_POINT,interpreted_plan,4,1,9557967.0,35528,35672,35672,35728,16384
0,"Nullable(FOR(BitPack))",FILTER_POINT,interpreted_plan,5,1,9553099.0,35528,35672,35672,35728,16384
0,"Nullable(FOR(BitPack))",FILTER_POINT,interpreted_plan,6,1,9584607.0,35528,35672,35672,35728,16384
0,"Nullable(FOR(BitPack))",FILTER_POINT,generated_full_page_access,0,5,834621.8,35276,35728,35728,35728,16384
0,"Nullable(FOR(BitPack))",FILTER_POINT,generated_full_page_access,1,5,831703.4,35276,35728,35728,35728,16384
0,"Nullable(FOR(BitPack))",FILTER_POINT,generated_full_page_access,2,5,830732.0,35276,35728,35728,35728,16384
0,"Nullable(FOR(BitPack))",FILTER_POINT,generated_full_page_access,3,5,830968.4,35276,35728,35728,35728,16384
0,"Nullable(FOR(BitPack))",FILTER_POINT,generated_full_page_access,4,5,831575.2,35276,35728,35728,35728,16384
0,"Nullable(FOR(BitPack))",FILTER_POINT,generated_full_page_access,5,5,831681.4,35276,35728,35728,35728,16384
0,"Nullable(FOR(BitPack))",FILTER_POINT,generated_full_page_access,6,5,832408.4,35276,35728,35728,35728,16384
0,"Nullable(FOR(BitPack))",FILTER_POINT,generated,0,5,871841.4,35276,35480,35480,35728,16384
0,"Nullable(FOR(BitPack))",FILTER_POINT,generated,1,5,871759.2,35276,35480,35480,35728,16384
0,"Nullable(FOR(BitPack))",FILTER_POINT,generated,2,5,870998.2,35276,35480,35480,35728,16384
0,"Nullable(FOR(BitPack))",FILTER_POINT,generated,3,5,871871.4,35276,35480,35480,35728,16384
0,"Nullable(FOR(BitPack))",FILTER_POINT,generated,4,5,869666.0,35276,35480,35480,35728,16384
0,"Nullable(FOR(BitPack))",FILTER_POINT,generated,5,5,872602.6,35276,35480,35480,35728,16384
0,"Nullable(FOR(BitPack))",FILTER_POINT,generated,6,5,873780.2,35276,35480,35480,35728,16384
0,"Nullable(FOR(BitPack))",FILTER_POINT,handwritten_monomorphized,0,2,1705055.0,35276,35480,35480,35728,16384
0,"Nullable(FOR(BitPack))",FILTER_POINT,handwritten_monomorphized,1,2,1705411.0,35276,35480,35480,35728,16384
0,"Nullable(FOR(BitPack))",FILTER_POINT,handwritten_monomorphized,2,2,1705585.5,35276,35480,35480,35728,16384
0,"Nullable(FOR(BitPack))",FILTER_POINT,handwritten_monomorphized,3,2,1702837.0,35276,35480,35480,35728,16384
0,"Nullable(FOR(BitPack))",FILTER_POINT,handwritten_monomorphized,4,2,1710853.5,35276,35480,35480,35728,16384
0,"Nullable(FOR(BitPack))",FILTER_POINT,handwritten_monomorphized,5,2,1708425.0,35276,35480,35480,35728,16384
0,"Nullable(FOR(BitPack))",FILTER_POINT,handwritten_monomorphized,6,2,1709346.5,35276,35480,35480,35728,16384
0,"Nullable(FOR(BitPack))",FILTER_50PCT,full_decode,0,5,915099.8,35276,35480,35480,35728,16384
0,"Nullable(FOR(BitPack))",FILTER_50PCT,full_decode,1,5,918240.6,35276,35480,35480,35728,16384
0,"Nullable(FOR(BitPack))",FILTER_50PCT,full_decode,2,5,915823.0,35276,35480,35480,35728,16384
0,"Nullable(FOR(BitPack))",FILTER_50PCT,full_decode,3,5,915091.8,35276,35480,35480,35728,16384
0,"Nullable(FOR(BitPack))",FILTER_50PCT,full_decode,4,5,913371.4,35276,35480,35480,35728,16384
0,"Nullable(FOR(BitPack))",FILTER_50PCT,full_decode,5,5,917135.0,35276,35480,35480,35728,16384
0,"Nullable(FOR(BitPack))",FILTER_50PCT,full_decode,6,5,916261.6,35276,35480,35480,35728,16384
0,"Nullable(FOR(BitPack))",FILTER_50PCT,fused_decode,0,5,895598.8,35276,35480,35480,35728,16384
0,"Nullable(FOR(BitPack))",FILTER_50PCT,fused_decode,1,5,896053.4,35276,35480,35480,35728,16384
0,"Nullable(FOR(BitPack))",FILTER_50PCT,fused_decode,2,5,895498.6,35276,35480,35480,35728,16384
0,"Nullable(FOR(BitPack))",FILTER_50PCT,fused_decode,3,5,892271.8,35276,35480,35480,35728,16384
0,"Nullable(FOR(BitPack))",FILTER_50PCT,fused_decode,4,5,897233.2,35276,35480,35480,35728,16384
0,"Nullable(FOR(BitPack))",FILTER_50PCT,fused_decode,5,5,893237.4,35276,35480,35480,35728,16384
0,"Nullable(FOR(BitPack))",FILTER_50PCT,fused_decode,6,5,899194.2,35276,35480,35480,35728,16384
0,"Nullable(FOR(BitPack))",FILTER_50PCT,interpreted_plan,0,1,9584576.0,35528,35672,35672,35728,16384
0,"Nullable(FOR(BitPack))",FILTER_50PCT,interpreted_plan,1,1,9572107.0,35528,35672,35672,35728,16384
0,"Nullable(FOR(BitPack))",FILTER_50PCT,interpreted_plan,2,1,9567321.0,35528,35672,35672,35728,16384
0,"Nullable(FOR(BitPack))",FILTER_50PCT,interpreted_plan,3,1,9590095.0,35528,35672,35672,35728,16384
0,"Nullable(FOR(BitPack))",FILTER_50PCT,interpreted_plan,4,1,9594962.0,35528,35672,35672,35728,16384
0,"Nullable(FOR(BitPack))",FILTER_50PCT,interpreted_plan,5,1,9617446.0,35528,35672,35672,35728,16384
0,"Nullable(FOR(BitPack))",FILTER_50PCT,interpreted_plan,6,1,9623895.0,35528,35672,35672,35728,16384
0,"Nullable(FOR(BitPack))",FILTER_50PCT,generated_full_page_access,0,5,847857.6,35276,35728,35728,35728,16384
0,"Nullable(FOR(BitPack))",FILTER_50PCT,generated_full_page_access,1,5,850321.2,35276,35728,35728,35728,16384
0,"Nullable(FOR(BitPack))",FILTER_50PCT,generated_full_page_access,2,5,849383.8,35276,35728,35728,35728,16384
0,"Nullable(FOR(BitPack))",FILTER_50PCT,generated_full_page_access,3,5,848512.6,35276,35728,35728,35728,16384
0,"Nullable(FOR(BitPack))",FILTER_50PCT,generated_full_page_access,4,5,849165.6,35276,35728,35728,35728,16384
0,"Nullable(FOR(BitPack))",FILTER_50PCT,generated_full_page_access,5,5,848867.0,35276,35728,35728,35728,16384
0,"Nullable(FOR(BitPack))",FILTER_50PCT,generated_full_page_access,6,5,848787.0,35276,35728,35728,35728,16384
0,"Nullable(FOR(BitPack))",FILTER_50PCT,generated,0,5,886245.0,35276,35480,35480,35728,16384
0,"Nullable(FOR(BitPack))",FILTER_50PCT,generated,1,5,887653.0,35276,35480,35480,35728,16384
0,"Nullable(FOR(BitPack))",FILTER_50PCT,generated,2,5,888600.2,35276,35480,35480,35728,16384
0,"Nullable(FOR(BitPack))",FILTER_50PCT,generated,3,5,887727.0,35276,35480,35480,35728,16384
0,"Nullable(FOR(BitPack))",FILTER_50PCT,generated,4,5,886753.6,35276,35480,35480,35728,16384
0,"Nullable(FOR(BitPack))",FILTER_50PCT,generated,5,5,887468.8,35276,35480,35480,35728,16384
0,"Nullable(FOR(BitPack))",FILTER_50PCT,generated,6,5,888155.6,35276,35480,35480,35728,16384
0,"Nullable(FOR(BitPack))",FILTER_50PCT,handwritten_monomorphized,0,2,1716968.0,35276,35480,35480,35728,16384
0,"Nullable(FOR(BitPack))",FILTER_50PCT,handwritten_monomorphized,1,2,1722937.0,35276,35480,35480,35728,16384
0,"Nullable(FOR(BitPack))",FILTER_50PCT,handwritten_monomorphized,2,2,1715270.0,35276,35480,35480,35728,16384
0,"Nullable(FOR(BitPack))",FILTER_50PCT,handwritten_monomorphized,3,2,1721570.0,35276,35480,35480,35728,16384
0,"Nullable(FOR(BitPack))",FILTER_50PCT,handwritten_monomorphized,4,2,1717298.5,35276,35480,35480,35728,16384
0,"Nullable(FOR(BitPack))",FILTER_50PCT,handwritten_monomorphized,5,2,1720793.5,35276,35480,35480,35728,16384
0,"Nullable(FOR(BitPack))",FILTER_50PCT,handwritten_monomorphized,6,2,1726021.5,35276,35480,35480,35728,16384
1,"Patch(FOR(BitPack))",GET,full_decode,0,31,158505.9,35600,35608,35608,35648,16384
1,"Patch(FOR(BitPack))",GET,full_decode,1,31,158237.2,35600,35608,35608,35648,16384
1,"Patch(FOR(BitPack))",GET,full_decode,2,31,158280.2,35600,35608,35608,35648,16384
1,"Patch(FOR(BitPack))",GET,full_decode,3,31,158162.5,35600,35608,35608,35648,16384
1,"Patch(FOR(BitPack))",GET,full_decode,4,31,158522.1,35600,35608,35608,35648,16384
1,"Patch(FOR(BitPack))",GET,full_decode,5,31,158150.9,35600,35608,35608,35648,16384
1,"Patch(FOR(BitPack))",GET,full_decode,6,31,158140.5,35600,35608,35608,35648,16384
1,"Patch(FOR(BitPack))",GET,fused_decode,0,35,142059.8,35600,35608,35608,35648,16384
1,"Patch(FOR(BitPack))",GET,fused_decode,1,35,142151.3,35600,35608,35608,35648,16384
1,"Patch(FOR(BitPack))",GET,fused_decode,2,35,142027.7,35600,35608,35608,35648,16384
1,"Patch(FOR(BitPack))",GET,fused_decode,3,35,141955.6,35600,35608,35608,35648,16384
1,"Patch(FOR(BitPack))",GET,fused_decode,4,35,142165.6,35600,35608,35608,35648,16384
1,"Patch(FOR(BitPack))",GET,fused_decode,5,35,142002.0,35600,35608,35608,35648,16384
1,"Patch(FOR(BitPack))",GET,fused_decode,6,35,142036.3,35600,35608,35608,35648,16384
1,"Patch(FOR(BitPack))",GET,interpreted_plan,0,3326,1357.0,631,936,936,35648,1
1,"Patch(FOR(BitPack))",GET,interpreted_plan,1,3326,1364.3,631,936,936,35648,1
1,"Patch(FOR(BitPack))",GET,interpreted_plan,2,3326,1364.1,631,936,936,35648,1
1,"Patch(FOR(BitPack))",GET,interpreted_plan,3,3326,1372.3,631,936,936,35648,1
1,"Patch(FOR(BitPack))",GET,interpreted_plan,4,3326,1352.2,631,936,936,35648,1
1,"Patch(FOR(BitPack))",GET,interpreted_plan,5,3326,1354.2,631,936,936,35648,1
1,"Patch(FOR(BitPack))",GET,interpreted_plan,6,3326,1350.4,631,936,936,35648,1
1,"Patch(FOR(BitPack))",GET,generated_full_page_access,0,4306,1030.7,631,35648,35648,35648,1
1,"Patch(FOR(BitPack))",GET,generated_full_page_access,1,4306,1021.8,631,35648,35648,35648,1
1,"Patch(FOR(BitPack))",GET,generated_full_page_access,2,4306,1020.3,631,35648,35648,35648,1
1,"Patch(FOR(BitPack))",GET,generated_full_page_access,3,4306,1024.5,631,35648,35648,35648,1
1,"Patch(FOR(BitPack))",GET,generated_full_page_access,4,4306,1025.8,631,35648,35648,35648,1
1,"Patch(FOR(BitPack))",GET,generated_full_page_access,5,4306,1043.4,631,35648,35648,35648,1
1,"Patch(FOR(BitPack))",GET,generated_full_page_access,6,4306,1036.8,631,35648,35648,35648,1
1,"Patch(FOR(BitPack))",GET,generated,0,3467,1299.0,631,936,936,35648,1
1,"Patch(FOR(BitPack))",GET,generated,1,3467,1294.7,631,936,936,35648,1
1,"Patch(FOR(BitPack))",GET,generated,2,3467,1297.4,631,936,936,35648,1
1,"Patch(FOR(BitPack))",GET,generated,3,3467,1290.0,631,936,936,35648,1
1,"Patch(FOR(BitPack))",GET,generated,4,3467,1295.3,631,936,936,35648,1
1,"Patch(FOR(BitPack))",GET,generated,5,3467,1296.1,631,936,936,35648,1
1,"Patch(FOR(BitPack))",GET,generated,6,3467,1293.2,631,936,936,35648,1
1,"Patch(FOR(BitPack))",GET,handwritten_monomorphized,0,3589,1301.0,631,936,936,35648,1
1,"Patch(FOR(BitPack))",GET,handwritten_monomorphized,1,3589,1301.0,631,936,936,35648,1
1,"Patch(FOR(BitPack))",GET,handwritten_monomorphized,2,3589,1299.0,631,936,936,35648,1
1,"Patch(FOR(BitPack))",GET,handwritten_monomorphized,3,3589,1304.7,631,936,936,35648,1
1,"Patch(FOR(BitPack))",GET,handwritten_monomorphized,4,3589,1308.0,631,936,936,35648,1
1,"Patch(FOR(BitPack))",GET,handwritten_monomorphized,5,3589,1302.8,631,936,936,35648,1
1,"Patch(FOR(BitPack))",GET,handwritten_monomorphized,6,3589,1297.4,631,936,936,35648,1
1,"Patch(FOR(BitPack))",SUM_1PCT,full_decode,0,31,158659.4,35600,35608,35608,35648,16384
1,"Patch(FOR(BitPack))",SUM_1PCT,full_decode,1,31,158226.2,35600,35608,35608,35648,16384
1,"Patch(FOR(BitPack))",SUM_1PCT,full_decode,2,31,158364.1,35600,35608,35608,35648,16384
1,"Patch(FOR(BitPack))",SUM_1PCT,full_decode,3,31,158106.6,35600,35608,35608,35648,16384
1,"Patch(FOR(BitPack))",SUM_1PCT,full_decode,4,31,158253.6,35600,35608,35608,35648,16384
1,"Patch(FOR(BitPack))",SUM_1PCT,full_decode,5,31,158200.6,35600,35608,35608,35648,16384
1,"Patch(FOR(BitPack))",SUM_1PCT,full_decode,6,31,158090.8,35600,35608,35608,35648,16384
1,"Patch(FOR(BitPack))",SUM_1PCT,fused_decode,0,35,139632.7,35600,35608,35608,35648,16384
1,"Patch(FOR(BitPack))",SUM_1PCT,fused_decode,1,35,139778.9,35600,35608,35608,35648,16384
1,"Patch(FOR(BitPack))",SUM_1PCT,fused_decode,2,35,140011.8,35600,35608,35608,35648,16384
1,"Patch(FOR(BitPack))",SUM_1PCT,fused_decode,3,35,139606.4,35600,35608,35608,35648,16384
1,"Patch(FOR(BitPack))",SUM_1PCT,fused_decode,4,35,139846.5,35600,35608,35608,35648,16384
1,"Patch(FOR(BitPack))",SUM_1PCT,fused_decode,5,35,139702.3,35600,35608,35608,35648,16384
1,"Patch(FOR(BitPack))",SUM_1PCT,fused_decode,6,35,139918.5,35600,35608,35608,35648,16384
1,"Patch(FOR(BitPack))",SUM_1PCT,interpreted_plan,0,71,70462.6,976,1208,1208,35648,163
1,"Patch(FOR(BitPack))",SUM_1PCT,interpreted_plan,1,71,70475.2,976,1208,1208,35648,163
1,"Patch(FOR(BitPack))",SUM_1PCT,interpreted_plan,2,71,70551.6,976,1208,1208,35648,163
1,"Patch(FOR(BitPack))",SUM_1PCT,interpreted_plan,3,71,70522.9,976,1208,1208,35648,163
1,"Patch(FOR(BitPack))",SUM_1PCT,interpreted_plan,4,71,70475.9,976,1208,1208,35648,163
1,"Patch(FOR(BitPack))",SUM_1PCT,interpreted_plan,5,71,70524.4,976,1208,1208,35648,163
1,"Patch(FOR(BitPack))",SUM_1PCT,interpreted_plan,6,71,70591.7,976,1208,1208,35648,163
1,"Patch(FOR(BitPack))",SUM_1PCT,generated_full_page_access,0,1769,2556.9,976,35648,35648,35648,163
1,"Patch(FOR(BitPack))",SUM_1PCT,generated_full_page_access,1,1769,2554.9,976,35648,35648,35648,163
1,"Patch(FOR(BitPack))",SUM_1PCT,generated_full_page_access,2,1769,2556.9,976,35648,35648,35648,163
1,"Patch(FOR(BitPack))",SUM_1PCT,generated_full_page_access,3,1769,2561.1,976,35648,35648,35648,163
1,"Patch(FOR(BitPack))",SUM_1PCT,generated_full_page_access,4,1769,2548.3,976,35648,35648,35648,163
1,"Patch(FOR(BitPack))",SUM_1PCT,generated_full_page_access,5,1769,2559.6,976,35648,35648,35648,163
1,"Patch(FOR(BitPack))",SUM_1PCT,generated_full_page_access,6,1769,2555.4,976,35648,35648,35648,163
1,"Patch(FOR(BitPack))",SUM_1PCT,generated,0,1739,2834.0,976,1208,1208,35648,163
1,"Patch(FOR(BitPack))",SUM_1PCT,generated,1,1739,2829.7,976,1208,1208,35648,163
1,"Patch(FOR(BitPack))",SUM_1PCT,generated,2,1739,2826.7,976,1208,1208,35648,163
1,"Patch(FOR(BitPack))",SUM_1PCT,generated,3,1739,2815.6,976,1208,1208,35648,163
1,"Patch(FOR(BitPack))",SUM_1PCT,generated,4,1739,2833.8,976,1208,1208,35648,163
1,"Patch(FOR(BitPack))",SUM_1PCT,generated,5,1739,2821.1,976,1208,1208,35648,163
1,"Patch(FOR(BitPack))",SUM_1PCT,generated,6,1739,2848.9,976,1208,1208,35648,163
1,"Patch(FOR(BitPack))",SUM_1PCT,handwritten_monomorphized,0,406,12335.7,976,1208,1208,35648,163
1,"Patch(FOR(BitPack))",SUM_1PCT,handwritten_monomorphized,1,406,12278.2,976,1208,1208,35648,163
1,"Patch(FOR(BitPack))",SUM_1PCT,handwritten_monomorphized,2,406,12248.2,976,1208,1208,35648,163
1,"Patch(FOR(BitPack))",SUM_1PCT,handwritten_monomorphized,3,406,12244.4,976,1208,1208,35648,163
1,"Patch(FOR(BitPack))",SUM_1PCT,handwritten_monomorphized,4,406,12250.8,976,1208,1208,35648,163
1,"Patch(FOR(BitPack))",SUM_1PCT,handwritten_monomorphized,5,406,12281.3,976,1208,1208,35648,163
1,"Patch(FOR(BitPack))",SUM_1PCT,handwritten_monomorphized,6,406,12269.9,976,1208,1208,35648,163
1,"Patch(FOR(BitPack))",SUM_70PCT,full_decode,0,30,166004.5,35600,35608,35608,35648,16384
1,"Patch(FOR(BitPack))",SUM_70PCT,full_decode,1,30,166012.5,35600,35608,35608,35648,16384
1,"Patch(FOR(BitPack))",SUM_70PCT,full_decode,2,30,165842.2,35600,35608,35608,35648,16384
1,"Patch(FOR(BitPack))",SUM_70PCT,full_decode,3,30,165968.7,35600,35608,35608,35648,16384
1,"Patch(FOR(BitPack))",SUM_70PCT,full_decode,4,30,166125.3,35600,35608,35608,35648,16384
1,"Patch(FOR(BitPack))",SUM_70PCT,full_decode,5,30,166168.0,35600,35608,35608,35648,16384
1,"Patch(FOR(BitPack))",SUM_70PCT,full_decode,6,30,165757.4,35600,35608,35608,35648,16384
1,"Patch(FOR(BitPack))",SUM_70PCT,fused_decode,0,34,146061.9,35600,35608,35608,35648,16384
1,"Patch(FOR(BitPack))",SUM_70PCT,fused_decode,1,34,146478.3,35600,35608,35608,35648,16384
1,"Patch(FOR(BitPack))",SUM_70PCT,fused_decode,2,34,146034.7,35600,35608,35608,35648,16384
1,"Patch(FOR(BitPack))",SUM_70PCT,fused_decode,3,34,146038.0,35600,35608,35608,35648,16384
1,"Patch(FOR(BitPack))",SUM_70PCT,fused_decode,4,34,145916.9,35600,35608,35608,35648,16384
1,"Patch(FOR(BitPack))",SUM_70PCT,fused_decode,5,34,145920.8,35600,35608,35608,35648,16384
1,"Patch(FOR(BitPack))",SUM_70PCT,fused_decode,6,34,145900.4,35600,35608,35608,35648,16384
1,"Patch(FOR(BitPack))",SUM_70PCT,interpreted_plan,0,1,5366891.0,25603,25816,25816,35648,11703
1,"Patch(FOR(BitPack))",SUM_70PCT,interpreted_plan,1,1,5370657.0,25603,25816,25816,35648,11703
1,"Patch(FOR(BitPack))",SUM_70PCT,interpreted_plan,2,1,5375975.0,25603,25816,25816,35648,11703
1,"Patch(FOR(BitPack))",SUM_70PCT,interpreted_plan,3,1,5364397.0,25603,25816,25816,35648,11703
1,"Patch(FOR(BitPack))",SUM_70PCT,interpreted_plan,4,1,5360512.0,25603,25816,25816,35648,11703
1,"Patch(FOR(BitPack))",SUM_70PCT,interpreted_plan,5,1,5354222.0,25603,25816,25816,35648,11703
1,"Patch(FOR(BitPack))",SUM_70PCT,interpreted_plan,6,1,5353992.0,25603,25816,25816,35648,11703
1,"Patch(FOR(BitPack))",SUM_70PCT,generated_full_page_access,0,45,110763.3,25618,35648,35648,35648,11703
1,"Patch(FOR(BitPack))",SUM_70PCT,generated_full_page_access,1,45,110836.8,25618,35648,35648,35648,11703
1,"Patch(FOR(BitPack))",SUM_70PCT,generated_full_page_access,2,45,110723.0,25618,35648,35648,35648,11703
1,"Patch(FOR(BitPack))",SUM_70PCT,generated_full_page_access,3,45,110750.9,25618,35648,35648,35648,11703
1,"Patch(FOR(BitPack))",SUM_70PCT,generated_full_page_access,4,45,110946.3,25618,35648,35648,35648,11703
1,"Patch(FOR(BitPack))",SUM_70PCT,generated_full_page_access,5,45,111573.6,25618,35648,35648,35648,11703
1,"Patch(FOR(BitPack))",SUM_70PCT,generated_full_page_access,6,45,110710.6,25618,35648,35648,35648,11703
1,"Patch(FOR(BitPack))",SUM_70PCT,generated,0,45,111266.8,25618,25816,25816,35648,11703
1,"Patch(FOR(BitPack))",SUM_70PCT,generated,1,45,111325.7,25618,25816,25816,35648,11703
1,"Patch(FOR(BitPack))",SUM_70PCT,generated,2,45,111406.5,25618,25816,25816,35648,11703
1,"Patch(FOR(BitPack))",SUM_70PCT,generated,3,45,111335.1,25618,25816,25816,35648,11703
1,"Patch(FOR(BitPack))",SUM_70PCT,generated,4,45,111251.0,25618,25816,25816,35648,11703
1,"Patch(FOR(BitPack))",SUM_70PCT,generated,5,45,111545.2,25618,25816,25816,35648,11703
1,"Patch(FOR(BitPack))",SUM_70PCT,generated,6,45,111338.9,25618,25816,25816,35648,11703
1,"Patch(FOR(BitPack))",SUM_70PCT,handwritten_monomorphized,0,6,820763.5,25618,25816,25816,35648,11703
1,"Patch(FOR(BitPack))",SUM_70PCT,handwritten_monomorphized,1,6,807787.5,25618,25816,25816,35648,11703
1,"Patch(FOR(BitPack))",SUM_70PCT,handwritten_monomorphized,2,6,819279.7,25618,25816,25816,35648,11703
1,"Patch(FOR(BitPack))",SUM_70PCT,handwritten_monomorphized,3,6,807946.0,25618,25816,25816,35648,11703
1,"Patch(FOR(BitPack))",SUM_70PCT,handwritten_monomorphized,4,6,820449.7,25618,25816,25816,35648,11703
1,"Patch(FOR(BitPack))",SUM_70PCT,handwritten_monomorphized,5,6,808077.8,25618,25816,25816,35648,11703
1,"Patch(FOR(BitPack))",SUM_70PCT,handwritten_monomorphized,6,6,820162.5,25618,25816,25816,35648,11703
1,"Patch(FOR(BitPack))",BETWEEN_1PCT,full_decode,0,31,158546.7,35600,35608,35608,35648,16384
1,"Patch(FOR(BitPack))",BETWEEN_1PCT,full_decode,1,31,158587.0,35600,35608,35608,35648,16384
1,"Patch(FOR(BitPack))",BETWEEN_1PCT,full_decode,2,31,158546.6,35600,35608,35608,35648,16384
1,"Patch(FOR(BitPack))",BETWEEN_1PCT,full_decode,3,31,158745.7,35600,35608,35608,35648,16384
1,"Patch(FOR(BitPack))",BETWEEN_1PCT,full_decode,4,31,158574.1,35600,35608,35608,35648,16384
1,"Patch(FOR(BitPack))",BETWEEN_1PCT,full_decode,5,31,158522.1,35600,35608,35608,35648,16384
1,"Patch(FOR(BitPack))",BETWEEN_1PCT,full_decode,6,31,158546.0,35600,35608,35608,35648,16384
1,"Patch(FOR(BitPack))",BETWEEN_1PCT,fused_decode,0,32,155751.2,35600,35608,35608,35648,16384
1,"Patch(FOR(BitPack))",BETWEEN_1PCT,fused_decode,1,32,155640.8,35600,35608,35608,35648,16384
1,"Patch(FOR(BitPack))",BETWEEN_1PCT,fused_decode,2,32,155471.8,35600,35608,35608,35648,16384
1,"Patch(FOR(BitPack))",BETWEEN_1PCT,fused_decode,3,32,155957.5,35600,35608,35608,35648,16384
1,"Patch(FOR(BitPack))",BETWEEN_1PCT,fused_decode,4,32,155648.6,35600,35608,35608,35648,16384
1,"Patch(FOR(BitPack))",BETWEEN_1PCT,fused_decode,5,32,155662.3,35600,35608,35608,35648,16384
1,"Patch(FOR(BitPack))",BETWEEN_1PCT,fused_decode,6,32,155587.6,35600,35608,35608,35648,16384
1,"Patch(FOR(BitPack))",BETWEEN_1PCT,interpreted_plan,0,70,70878.8,976,1208,1208,35648,163
1,"Patch(FOR(BitPack))",BETWEEN_1PCT,interpreted_plan,1,70,70917.0,976,1208,1208,35648,163
1,"Patch(FOR(BitPack))",BETWEEN_1PCT,interpreted_plan,2,70,70976.2,976,1208,1208,35648,163
1,"Patch(FOR(BitPack))",BETWEEN_1PCT,interpreted_plan,3,70,70994.0,976,1208,1208,35648,163
1,"Patch(FOR(BitPack))",BETWEEN_1PCT,interpreted_plan,4,70,70859.2,976,1208,1208,35648,163
1,"Patch(FOR(BitPack))",BETWEEN_1PCT,interpreted_plan,5,70,70877.2,976,1208,1208,35648,163
1,"Patch(FOR(BitPack))",BETWEEN_1PCT,interpreted_plan,6,70,71113.7,976,1208,1208,35648,163
1,"Patch(FOR(BitPack))",BETWEEN_1PCT,generated_full_page_access,0,1600,2832.9,976,35648,35648,35648,163
1,"Patch(FOR(BitPack))",BETWEEN_1PCT,generated_full_page_access,1,1600,2826.1,976,35648,35648,35648,163
1,"Patch(FOR(BitPack))",BETWEEN_1PCT,generated_full_page_access,2,1600,2826.0,976,35648,35648,35648,163
1,"Patch(FOR(BitPack))",BETWEEN_1PCT,generated_full_page_access,3,1600,2833.2,976,35648,35648,35648,163
1,"Patch(FOR(BitPack))",BETWEEN_1PCT,generated_full_page_access,4,1600,2833.6,976,35648,35648,35648,163
1,"Patch(FOR(BitPack))",BETWEEN_1PCT,generated_full_page_access,5,1600,2834.5,976,35648,35648,35648,163
1,"Patch(FOR(BitPack))",BETWEEN_1PCT,generated_full_page_access,6,1600,2827.8,976,35648,35648,35648,163
1,"Patch(FOR(BitPack))",BETWEEN_1PCT,generated,0,1286,3109.0,976,1208,1208,35648,163
1,"Patch(FOR(BitPack))",BETWEEN_1PCT,generated,1,1286,3122.1,976,1208,1208,35648,163
1,"Patch(FOR(BitPack))",BETWEEN_1PCT,generated,2,1286,3116.3,976,1208,1208,35648,163
1,"Patch(FOR(BitPack))",BETWEEN_1PCT,generated,3,1286,3138.8,976,1208,1208,35648,163
1,"Patch(FOR(BitPack))",BETWEEN_1PCT,generated,4,1286,3114.1,976,1208,1208,35648,163
1,"Patch(FOR(BitPack))",BETWEEN_1PCT,generated,5,1286,3114.1,976,1208,1208,35648,163
1,"Patch(FOR(BitPack))",BETWEEN_1PCT,generated,6,1286,3135.0,976,1208,1208,35648,163
1,"Patch(FOR(BitPack))",BETWEEN_1PCT,handwritten_monomorphized,0,395,12601.1,976,1208,1208,35648,163
1,"Patch(FOR(BitPack))",BETWEEN_1PCT,handwritten_monomorphized,1,395,12601.8,976,1208,1208,35648,163
1,"Patch(FOR(BitPack))",BETWEEN_1PCT,handwritten_monomorphized,2,395,12583.7,976,1208,1208,35648,163
1,"Patch(FOR(BitPack))",BETWEEN_1PCT,handwritten_monomorphized,3,395,12614.1,976,1208,1208,35648,163
1,"Patch(FOR(BitPack))",BETWEEN_1PCT,handwritten_monomorphized,4,395,12593.8,976,1208,1208,35648,163
1,"Patch(FOR(BitPack))",BETWEEN_1PCT,handwritten_monomorphized,5,395,12609.4,976,1208,1208,35648,163
1,"Patch(FOR(BitPack))",BETWEEN_1PCT,handwritten_monomorphized,6,395,12580.0,976,1208,1208,35648,163
1,"Patch(FOR(BitPack))",BETWEEN_70PCT,full_decode,0,27,183687.9,35600,35608,35608,35648,16384
1,"Patch(FOR(BitPack))",BETWEEN_70PCT,full_decode,1,27,183284.7,35600,35608,35608,35648,16384
1,"Patch(FOR(BitPack))",BETWEEN_70PCT,full_decode,2,27,183266.5,35600,35608,35608,35648,16384
1,"Patch(FOR(BitPack))",BETWEEN_70PCT,full_decode,3,27,183499.1,35600,35608,35608,35648,16384
1,"Patch(FOR(BitPack))",BETWEEN_70PCT,full_decode,4,27,183284.3,35600,35608,35608,35648,16384
1,"Patch(FOR(BitPack))",BETWEEN_70PCT,full_decode,5,27,183310.3,35600,35608,35608,35648,16384
1,"Patch(FOR(BitPack))",BETWEEN_70PCT,full_decode,6,27,183156.3,35600,35608,35608,35648,16384
1,"Patch(FOR(BitPack))",BETWEEN_70PCT,fused_decode,0,28,175010.9,35600,35608,35608,35648,16384
1,"Patch(FOR(BitPack))",BETWEEN_70PCT,fused_decode,1,28,175323.5,35600,35608,35608,35648,16384
1,"Patch(FOR(BitPack))",BETWEEN_70PCT,fused_decode,2,28,175037.7,35600,35608,35608,35648,16384
1,"Patch(FOR(BitPack))",BETWEEN_70PCT,fused_decode,3,28,174915.8,35600,35608,35608,35648,16384
1,"Patch(FOR(BitPack))",BETWEEN_70PCT,fused_decode,4,28,174981.2,35600,35608,35608,35648,16384
1,"Patch(FOR(BitPack))",BETWEEN_70PCT,fused_decode,5,28,175166.8,35600,35608,35608,35648,16384
1,"Patch(FOR(BitPack))",BETWEEN_70PCT,fused_decode,6,28,175021.6,35600,35608,35608,35648,16384
1,"Patch(FOR(BitPack))",BETWEEN_70PCT,interpreted_plan,0,1,5364858.0,25603,25816,25816,35648,11703
1,"Patch(FOR(BitPack))",BETWEEN_70PCT,interpreted_plan,1,1,5365078.0,25603,25816,25816,35648,11703
1,"Patch(FOR(BitPack))",BETWEEN_70PCT,interpreted_plan,2,1,5359070.0,25603,25816,25816,35648,11703
1,"Patch(FOR(BitPack))",BETWEEN_70PCT,interpreted_plan,3,1,5365639.0,25603,25816,25816,35648,11703
1,"Patch(FOR(BitPack))",BETWEEN_70PCT,interpreted_plan,4,1,5391908.0,25603,25816,25816,35648,11703
1,"Patch(FOR(BitPack))",BETWEEN_70PCT,interpreted_plan,5,1,5368444.0,25603,25816,25816,35648,11703
1,"Patch(FOR(BitPack))",BETWEEN_70PCT,interpreted_plan,6,1,5379980.0,25603,25816,25816,35648,11703
1,"Patch(FOR(BitPack))",BETWEEN_70PCT,generated_full_page_access,0,38,126728.1,25618,35648,35648,35648,11703
1,"Patch(FOR(BitPack))",BETWEEN_70PCT,generated_full_page_access,1,38,126830.9,25618,35648,35648,35648,11703
1,"Patch(FOR(BitPack))",BETWEEN_70PCT,generated_full_page_access,2,38,126801.4,25618,35648,35648,35648,11703
1,"Patch(FOR(BitPack))",BETWEEN_70PCT,generated_full_page_access,3,38,127069.4,25618,35648,35648,35648,11703
1,"Patch(FOR(BitPack))",BETWEEN_70PCT,generated_full_page_access,4,38,127325.1,25618,35648,35648,35648,11703
1,"Patch(FOR(BitPack))",BETWEEN_70PCT,generated_full_page_access,5,38,126848.3,25618,35648,35648,35648,11703
1,"Patch(FOR(BitPack))",BETWEEN_70PCT,generated_full_page_access,6,38,126921.6,25618,35648,35648,35648,11703
1,"Patch(FOR(BitPack))",BETWEEN_70PCT,generated,0,39,127031.9,25618,25816,25816,35648,11703
1,"Patch(FOR(BitPack))",BETWEEN_70PCT,generated,1,39,126892.7,25618,25816,25816,35648,11703
1,"Patch(FOR(BitPack))",BETWEEN_70PCT,generated,2,39,127034.7,25618,25816,25816,35648,11703
1,"Patch(FOR(BitPack))",BETWEEN_70PCT,generated,3,39,126765.6,25618,25816,25816,35648,11703
1,"Patch(FOR(BitPack))",BETWEEN_70PCT,generated,4,39,126840.4,25618,25816,25816,35648,11703
1,"Patch(FOR(BitPack))",BETWEEN_70PCT,generated,5,39,126868.3,25618,25816,25816,35648,11703
1,"Patch(FOR(BitPack))",BETWEEN_70PCT,generated,6,39,126990.6,25618,25816,25816,35648,11703
1,"Patch(FOR(BitPack))",BETWEEN_70PCT,handwritten_monomorphized,0,6,819688.5,25618,25816,25816,35648,11703
1,"Patch(FOR(BitPack))",BETWEEN_70PCT,handwritten_monomorphized,1,6,819349.7,25618,25816,25816,35648,11703
1,"Patch(FOR(BitPack))",BETWEEN_70PCT,handwritten_monomorphized,2,6,818840.7,25618,25816,25816,35648,11703
1,"Patch(FOR(BitPack))",BETWEEN_70PCT,handwritten_monomorphized,3,6,819049.2,25618,25816,25816,35648,11703
1,"Patch(FOR(BitPack))",BETWEEN_70PCT,handwritten_monomorphized,4,6,817478.7,25618,25816,25816,35648,11703
1,"Patch(FOR(BitPack))",BETWEEN_70PCT,handwritten_monomorphized,5,6,817216.5,25618,25816,25816,35648,11703
1,"Patch(FOR(BitPack))",BETWEEN_70PCT,handwritten_monomorphized,6,6,819276.2,25618,25816,25816,35648,11703
1,"Patch(FOR(BitPack))",FILTER_POINT,full_decode,0,29,171109.2,35600,35608,35608,35648,16384
1,"Patch(FOR(BitPack))",FILTER_POINT,full_decode,1,29,171106.8,35600,35608,35608,35648,16384
1,"Patch(FOR(BitPack))",FILTER_POINT,full_decode,2,29,170499.0,35600,35608,35608,35648,16384
1,"Patch(FOR(BitPack))",FILTER_POINT,full_decode,3,29,170489.7,35600,35608,35608,35648,16384
1,"Patch(FOR(BitPack))",FILTER_POINT,full_decode,4,29,170189.6,35600,35608,35608,35648,16384
1,"Patch(FOR(BitPack))",FILTER_POINT,full_decode,5,29,170284.9,35600,35608,35608,35648,16384
1,"Patch(FOR(BitPack))",FILTER_POINT,full_decode,6,29,170394.0,35600,35608,35608,35648,16384
1,"Patch(FOR(BitPack))",FILTER_POINT,fused_decode,0,31,161816.7,35600,35608,35608,35648,16384
1,"Patch(FOR(BitPack))",FILTER_POINT,fused_decode,1,31,161540.2,35600,35608,35608,35648,16384
1,"Patch(FOR(BitPack))",FILTER_POINT,fused_decode,2,31,161934.6,35600,35608,35608,35648,16384
1,"Patch(FOR(BitPack))",FILTER_POINT,fused_decode,3,31,161674.5,35600,35608,35608,35648,16384
1,"Patch(FOR(BitPack))",FILTER_POINT,fused_decode,4,31,161704.9,35600,35608,35608,35648,16384
1,"Patch(FOR(BitPack))",FILTER_POINT,fused_decode,5,31,161571.5,35600,35608,35608,35648,16384
1,"Patch(FOR(BitPack))",FILTER_POINT,fused_decode,6,31,161616.7,35600,35608,35608,35648,16384
1,"Patch(FOR(BitPack))",FILTER_POINT,interpreted_plan,0,1,7599554.0,35580,35608,35608,35648,16384
1,"Patch(FOR(BitPack))",FILTER_POINT,interpreted_plan,1,1,7616368.0,35580,35608,35608,35648,16384
1,"Patch(FOR(BitPack))",FILTER_POINT,interpreted_plan,2,1,7582348.0,35580,35608,35608,35648,16384
1,"Patch(FOR(BitPack))",FILTER_POINT,interpreted_plan,3,1,7610981.0,35580,35608,35608,35648,16384
1,"Patch(FOR(BitPack))",FILTER_POINT,interpreted_plan,4,1,7587165.0,35580,35608,35608,35648,16384
1,"Patch(FOR(BitPack))",FILTER_POINT,interpreted_plan,5,1,7597771.0,35580,35608,35608,35648,16384
1,"Patch(FOR(BitPack))",FILTER_POINT,interpreted_plan,6,1,7562569.0,35580,35608,35608,35648,16384
1,"Patch(FOR(BitPack))",FILTER_POINT,generated_full_page_access,0,32,154469.3,35600,35648,35648,35648,16384
1,"Patch(FOR(BitPack))",FILTER_POINT,generated_full_page_access,1,32,154693.4,35600,35648,35648,35648,16384
1,"Patch(FOR(BitPack))",FILTER_POINT,generated_full_page_access,2,32,154694.0,35600,35648,35648,35648,16384
1,"Patch(FOR(BitPack))",FILTER_POINT,generated_full_page_access,3,32,154799.8,35600,35648,35648,35648,16384
1,"Patch(FOR(BitPack))",FILTER_POINT,generated_full_page_access,4,32,154628.6,35600,35648,35648,35648,16384
1,"Patch(FOR(BitPack))",FILTER_POINT,generated_full_page_access,5,32,154791.7,35600,35648,35648,35648,16384
1,"Patch(FOR(BitPack))",FILTER_POINT,generated_full_page_access,6,32,154752.9,35600,35648,35648,35648,16384
1,"Patch(FOR(BitPack))",FILTER_POINT,generated,0,32,155311.8,35600,35608,35608,35648,16384
1,"Patch(FOR(BitPack))",FILTER_POINT,generated,1,32,155117.5,35600,35608,35608,35648,16384
1,"Patch(FOR(BitPack))",FILTER_POINT,generated,2,32,154979.1,35600,35608,35608,35648,16384
1,"Patch(FOR(BitPack))",FILTER_POINT,generated,3,32,155131.2,35600,35608,35608,35648,16384
1,"Patch(FOR(BitPack))",FILTER_POINT,generated,4,32,155171.9,35600,35608,35608,35648,16384
1,"Patch(FOR(BitPack))",FILTER_POINT,generated,5,32,155207.9,35600,35608,35608,35648,16384
1,"Patch(FOR(BitPack))",FILTER_POINT,generated,6,32,154933.4,35600,35608,35608,35648,16384
1,"Patch(FOR(BitPack))",FILTER_POINT,handwritten_monomorphized,0,4,1115086.8,35600,35608,35608,35648,16384
1,"Patch(FOR(BitPack))",FILTER_POINT,handwritten_monomorphized,1,4,1118169.2,35600,35608,35608,35648,16384
1,"Patch(FOR(BitPack))",FILTER_POINT,handwritten_monomorphized,2,4,1121454.0,35600,35608,35608,35648,16384
1,"Patch(FOR(BitPack))",FILTER_POINT,handwritten_monomorphized,3,4,1120342.2,35600,35608,35608,35648,16384
1,"Patch(FOR(BitPack))",FILTER_POINT,handwritten_monomorphized,4,4,1119626.2,35600,35608,35608,35648,16384
1,"Patch(FOR(BitPack))",FILTER_POINT,handwritten_monomorphized,5,4,1120354.8,35600,35608,35608,35648,16384
1,"Patch(FOR(BitPack))",FILTER_POINT,handwritten_monomorphized,6,4,1119553.8,35600,35608,35608,35648,16384
1,"Patch(FOR(BitPack))",FILTER_50PCT,full_decode,0,26,186753.0,35600,35608,35608,35648,16384
1,"Patch(FOR(BitPack))",FILTER_50PCT,full_decode,1,26,186904.7,35600,35608,35608,35648,16384
1,"Patch(FOR(BitPack))",FILTER_50PCT,full_decode,2,26,186745.7,35600,35608,35608,35648,16384
1,"Patch(FOR(BitPack))",FILTER_50PCT,full_decode,3,26,186780.3,35600,35608,35608,35648,16384
1,"Patch(FOR(BitPack))",FILTER_50PCT,full_decode,4,26,186945.2,35600,35608,35608,35648,16384
1,"Patch(FOR(BitPack))",FILTER_50PCT,full_decode,5,26,186980.6,35600,35608,35608,35648,16384
1,"Patch(FOR(BitPack))",FILTER_50PCT,full_decode,6,26,186691.4,35600,35608,35608,35648,16384
1,"Patch(FOR(BitPack))",FILTER_50PCT,fused_decode,0,28,177614.1,35600,35608,35608,35648,16384
1,"Patch(FOR(BitPack))",FILTER_50PCT,fused_decode,1,28,177154.4,35600,35608,35608,35648,16384
1,"Patch(FOR(BitPack))",FILTER_50PCT,fused_decode,2,28,177012.8,35600,35608,35608,35648,16384
1,"Patch(FOR(BitPack))",FILTER_50PCT,fused_decode,3,28,177022.8,35600,35608,35608,35648,16384
1,"Patch(FOR(BitPack))",FILTER_50PCT,fused_decode,4,28,176965.6,35600,35608,35608,35648,16384
1,"Patch(FOR(BitPack))",FILTER_50PCT,fused_decode,5,28,177179.8,35600,35608,35608,35648,16384
1,"Patch(FOR(BitPack))",FILTER_50PCT,fused_decode,6,28,177024.6,35600,35608,35608,35648,16384
1,"Patch(FOR(BitPack))",FILTER_50PCT,interpreted_plan,0,1,7593655.0,35580,35608,35608,35648,16384
1,"Patch(FOR(BitPack))",FILTER_50PCT,interpreted_plan,1,1,7580304.0,35580,35608,35608,35648,16384
1,"Patch(FOR(BitPack))",FILTER_50PCT,interpreted_plan,2,1,7608977.0,35580,35608,35608,35648,16384
1,"Patch(FOR(BitPack))",FILTER_50PCT,interpreted_plan,3,1,7661246.0,35580,35608,35608,35648,16384
1,"Patch(FOR(BitPack))",FILTER_50PCT,interpreted_plan,4,1,7622508.0,35580,35608,35608,35648,16384
1,"Patch(FOR(BitPack))",FILTER_50PCT,interpreted_plan,5,1,7638943.0,35580,35608,35608,35648,16384
1,"Patch(FOR(BitPack))",FILTER_50PCT,interpreted_plan,6,1,7639153.0,35580,35608,35608,35648,16384
1,"Patch(FOR(BitPack))",FILTER_50PCT,generated_full_page_access,0,28,170494.5,35600,35648,35648,35648,16384
1,"Patch(FOR(BitPack))",FILTER_50PCT,generated_full_page_access,1,28,170647.6,35600,35648,35648,35648,16384
1,"Patch(FOR(BitPack))",FILTER_50PCT,generated_full_page_access,2,28,170576.8,35600,35648,35648,35648,16384
1,"Patch(FOR(BitPack))",FILTER_50PCT,generated_full_page_access,3,28,170527.0,35600,35648,35648,35648,16384
1,"Patch(FOR(BitPack))",FILTER_50PCT,generated_full_page_access,4,28,170402.2,35600,35648,35648,35648,16384
1,"Patch(FOR(BitPack))",FILTER_50PCT,generated_full_page_access,5,28,170601.1,35600,35648,35648,35648,16384
1,"Patch(FOR(BitPack))",FILTER_50PCT,generated_full_page_access,6,28,170547.8,35600,35648,35648,35648,16384
1,"Patch(FOR(BitPack))",FILTER_50PCT,generated,0,29,170931.3,35600,35608,35608,35648,16384
1,"Patch(FOR(BitPack))",FILTER_50PCT,generated,1,29,170820.1,35600,35608,35608,35648,16384
1,"Patch(FOR(BitPack))",FILTER_50PCT,generated,2,29,170861.6,35600,35608,35608,35648,16384
1,"Patch(FOR(BitPack))",FILTER_50PCT,generated,3,29,170834.3,35600,35608,35608,35648,16384
1,"Patch(FOR(BitPack))",FILTER_50PCT,generated,4,29,170615.0,35600,35608,35608,35648,16384
1,"Patch(FOR(BitPack))",FILTER_50PCT,generated,5,29,170729.0,35600,35608,35608,35648,16384
1,"Patch(FOR(BitPack))",FILTER_50PCT,generated,6,29,171000.1,35600,35608,35608,35648,16384
1,"Patch(FOR(BitPack))",FILTER_50PCT,handwritten_monomorphized,0,4,1136716.5,35600,35608,35608,35648,16384
1,"Patch(FOR(BitPack))",FILTER_50PCT,handwritten_monomorphized,1,4,1136779.2,35600,35608,35608,35648,16384
1,"Patch(FOR(BitPack))",FILTER_50PCT,handwritten_monomorphized,2,4,1135780.5,35600,35608,35608,35648,16384
1,"Patch(FOR(BitPack))",FILTER_50PCT,handwritten_monomorphized,3,4,1138321.5,35600,35608,35608,35648,16384
1,"Patch(FOR(BitPack))",FILTER_50PCT,handwritten_monomorphized,4,4,1139949.2,35600,35608,35608,35648,16384
1,"Patch(FOR(BitPack))",FILTER_50PCT,handwritten_monomorphized,5,4,1135434.8,35600,35608,35608,35648,16384
1,"Patch(FOR(BitPack))",FILTER_50PCT,handwritten_monomorphized,6,4,1138376.8,35600,35608,35608,35648,16384
2,"Nullable(Dictionary(RLE(BitPack)))",GET,full_decode,0,3,1502689.7,4715,4796,4796,5056,16384
2,"Nullable(Dictionary(RLE(BitPack)))",GET,full_decode,1,3,1501190.7,4715,4796,4796,5056,16384
2,"Nullable(Dictionary(RLE(BitPack)))",GET,full_decode,2,3,1500783.7,4715,4796,4796,5056,16384
2,"Nullable(Dictionary(RLE(BitPack)))",GET,full_decode,3,3,1497966.0,4715,4796,4796,5056,16384
2,"Nullable(Dictionary(RLE(BitPack)))",GET,full_decode,4,3,1499538.3,4715,4796,4796,5056,16384
2,"Nullable(Dictionary(RLE(BitPack)))",GET,full_decode,5,3,1497181.3,4715,4796,4796,5056,16384
2,"Nullable(Dictionary(RLE(BitPack)))",GET,full_decode,6,3,1499534.7,4715,4796,4796,5056,16384
2,"Nullable(Dictionary(RLE(BitPack)))",GET,fused_decode,0,3,1513839.7,4715,4796,4796,5056,16384
2,"Nullable(Dictionary(RLE(BitPack)))",GET,fused_decode,1,3,1507540.3,4715,4796,4796,5056,16384
2,"Nullable(Dictionary(RLE(BitPack)))",GET,fused_decode,2,3,1509049.0,4715,4796,4796,5056,16384
2,"Nullable(Dictionary(RLE(BitPack)))",GET,fused_decode,3,3,1508167.7,4715,4796,4796,5056,16384
2,"Nullable(Dictionary(RLE(BitPack)))",GET,fused_decode,4,3,1512037.0,4715,4796,4796,5056,16384
2,"Nullable(Dictionary(RLE(BitPack)))",GET,fused_decode,5,3,1516994.7,4715,4796,4796,5056,16384
2,"Nullable(Dictionary(RLE(BitPack)))",GET,fused_decode,6,3,1507770.3,4715,4796,4796,5056,16384
2,"Nullable(Dictionary(RLE(BitPack)))",GET,interpreted_plan,0,1257,3544.0,794,984,984,5056,1
2,"Nullable(Dictionary(RLE(BitPack)))",GET,interpreted_plan,1,1257,3533.3,794,984,984,5056,1
2,"Nullable(Dictionary(RLE(BitPack)))",GET,interpreted_plan,2,1257,3563.6,794,984,984,5056,1
2,"Nullable(Dictionary(RLE(BitPack)))",GET,interpreted_plan,3,1257,3548.6,794,984,984,5056,1
2,"Nullable(Dictionary(RLE(BitPack)))",GET,interpreted_plan,4,1257,3550.8,794,984,984,5056,1
2,"Nullable(Dictionary(RLE(BitPack)))",GET,interpreted_plan,5,1257,3557.5,794,984,984,5056,1
2,"Nullable(Dictionary(RLE(BitPack)))",GET,interpreted_plan,6,1257,3561.8,794,984,984,5056,1
2,"Nullable(Dictionary(RLE(BitPack)))",GET,generated_full_page_access,0,1692,2795.8,794,5056,5056,5056,1
2,"Nullable(Dictionary(RLE(BitPack)))",GET,generated_full_page_access,1,1692,2806.6,794,5056,5056,5056,1
2,"Nullable(Dictionary(RLE(BitPack)))",GET,generated_full_page_access,2,1692,2808.9,794,5056,5056,5056,1
2,"Nullable(Dictionary(RLE(BitPack)))",GET,generated_full_page_access,3,1692,2817.0,794,5056,5056,5056,1
2,"Nullable(Dictionary(RLE(BitPack)))",GET,generated_full_page_access,4,1692,2789.8,794,5056,5056,5056,1
2,"Nullable(Dictionary(RLE(BitPack)))",GET,generated_full_page_access,5,1692,2791.8,794,5056,5056,5056,1
2,"Nullable(Dictionary(RLE(BitPack)))",GET,generated_full_page_access,6,1692,2792.2,794,5056,5056,5056,1
2,"Nullable(Dictionary(RLE(BitPack)))",GET,generated,0,1251,3613.8,794,984,984,5056,1
2,"Nullable(Dictionary(RLE(BitPack)))",GET,generated,1,1251,3630.6,794,984,984,5056,1
2,"Nullable(Dictionary(RLE(BitPack)))",GET,generated,2,1251,3614.8,794,984,984,5056,1
2,"Nullable(Dictionary(RLE(BitPack)))",GET,generated,3,1251,3604.4,794,984,984,5056,1
2,"Nullable(Dictionary(RLE(BitPack)))",GET,generated,4,1251,3606.9,794,984,984,5056,1
2,"Nullable(Dictionary(RLE(BitPack)))",GET,generated,5,1251,3601.5,794,984,984,5056,1
2,"Nullable(Dictionary(RLE(BitPack)))",GET,generated,6,1251,3618.6,794,984,984,5056,1
2,"Nullable(Dictionary(RLE(BitPack)))",GET,handwritten_monomorphized,0,1313,3615.9,794,984,984,5056,1
2,"Nullable(Dictionary(RLE(BitPack)))",GET,handwritten_monomorphized,1,1313,3623.8,794,984,984,5056,1
2,"Nullable(Dictionary(RLE(BitPack)))",GET,handwritten_monomorphized,2,1313,3619.5,794,984,984,5056,1
2,"Nullable(Dictionary(RLE(BitPack)))",GET,handwritten_monomorphized,3,1313,3610.9,794,984,984,5056,1
2,"Nullable(Dictionary(RLE(BitPack)))",GET,handwritten_monomorphized,4,1313,3593.9,794,984,984,5056,1
2,"Nullable(Dictionary(RLE(BitPack)))",GET,handwritten_monomorphized,5,1313,3605.4,794,984,984,5056,1
2,"Nullable(Dictionary(RLE(BitPack)))",GET,handwritten_monomorphized,6,1313,3599.9,794,984,984,5056,1
2,"Nullable(Dictionary(RLE(BitPack)))",SUM_1PCT,full_decode,0,3,1503531.0,4715,4796,4796,5056,16384
2,"Nullable(Dictionary(RLE(BitPack)))",SUM_1PCT,full_decode,1,3,1501474.7,4715,4796,4796,5056,16384
2,"Nullable(Dictionary(RLE(BitPack)))",SUM_1PCT,full_decode,2,3,1503447.3,4715,4796,4796,5056,16384
2,"Nullable(Dictionary(RLE(BitPack)))",SUM_1PCT,full_decode,3,3,1505080.0,4715,4796,4796,5056,16384
2,"Nullable(Dictionary(RLE(BitPack)))",SUM_1PCT,full_decode,4,3,1503511.0,4715,4796,4796,5056,16384
2,"Nullable(Dictionary(RLE(BitPack)))",SUM_1PCT,full_decode,5,3,1503063.7,4715,4796,4796,5056,16384
2,"Nullable(Dictionary(RLE(BitPack)))",SUM_1PCT,full_decode,6,3,1503444.0,4715,4796,4796,5056,16384
2,"Nullable(Dictionary(RLE(BitPack)))",SUM_1PCT,fused_decode,0,3,1516026.3,4715,4796,4796,5056,16384
2,"Nullable(Dictionary(RLE(BitPack)))",SUM_1PCT,fused_decode,1,3,1504589.0,4715,4796,4796,5056,16384
2,"Nullable(Dictionary(RLE(BitPack)))",SUM_1PCT,fused_decode,2,3,1502933.7,4715,4796,4796,5056,16384
2,"Nullable(Dictionary(RLE(BitPack)))",SUM_1PCT,fused_decode,3,3,1505634.0,4715,4796,4796,5056,16384
2,"Nullable(Dictionary(RLE(BitPack)))",SUM_1PCT,fused_decode,4,3,1504576.0,4715,4796,4796,5056,16384
2,"Nullable(Dictionary(RLE(BitPack)))",SUM_1PCT,fused_decode,5,3,1502372.3,4715,4796,4796,5056,16384
2,"Nullable(Dictionary(RLE(BitPack)))",SUM_1PCT,fused_decode,6,3,1503220.7,4715,4796,4796,5056,16384
2,"Nullable(Dictionary(RLE(BitPack)))",SUM_1PCT,interpreted_plan,0,18,272142.9,865,1080,1080,5056,163
2,"Nullable(Dictionary(RLE(BitPack)))",SUM_1PCT,interpreted_plan,1,18,271329.4,865,1080,1080,5056,163
2,"Nullable(Dictionary(RLE(BitPack)))",SUM_1PCT,interpreted_plan,2,18,271787.9,865,1080,1080,5056,163
2,"Nullable(Dictionary(RLE(BitPack)))",SUM_1PCT,interpreted_plan,3,18,271910.3,865,1080,1080,5056,163
2,"Nullable(Dictionary(RLE(BitPack)))",SUM_1PCT,interpreted_plan,4,18,271604.3,865,1080,1080,5056,163
2,"Nullable(Dictionary(RLE(BitPack)))",SUM_1PCT,interpreted_plan,5,18,272118.4,865,1080,1080,5056,163
2,"Nullable(Dictionary(RLE(BitPack)))",SUM_1PCT,interpreted_plan,6,18,272053.9,865,1080,1080,5056,163
2,"Nullable(Dictionary(RLE(BitPack)))",SUM_1PCT,generated_full_page_access,0,232,21268.8,861,5056,5056,5056,163
2,"Nullable(Dictionary(RLE(BitPack)))",SUM_1PCT,generated_full_page_access,1,232,21286.2,861,5056,5056,5056,163
2,"Nullable(Dictionary(RLE(BitPack)))",SUM_1PCT,generated_full_page_access,2,232,21333.3,861,5056,5056,5056,163
2,"Nullable(Dictionary(RLE(BitPack)))",SUM_1PCT,generated_full_page_access,3,232,21294.0,861,5056,5056,5056,163
2,"Nullable(Dictionary(RLE(BitPack)))",SUM_1PCT,generated_full_page_access,4,232,21237.9,861,5056,5056,5056,163
2,"Nullable(Dictionary(RLE(BitPack)))",SUM_1PCT,generated_full_page_access,5,232,21199.0,861,5056,5056,5056,163
2,"Nullable(Dictionary(RLE(BitPack)))",SUM_1PCT,generated_full_page_access,6,232,21238.9,861,5056,5056,5056,163
2,"Nullable(Dictionary(RLE(BitPack)))",SUM_1PCT,generated,0,207,23564.6,861,1016,1016,5056,163
2,"Nullable(Dictionary(RLE(BitPack)))",SUM_1PCT,generated,1,207,23570.4,861,1016,1016,5056,163
2,"Nullable(Dictionary(RLE(BitPack)))",SUM_1PCT,generated,2,207,23570.8,861,1016,1016,5056,163
2,"Nullable(Dictionary(RLE(BitPack)))",SUM_1PCT,generated,3,207,23520.0,861,1016,1016,5056,163
2,"Nullable(Dictionary(RLE(BitPack)))",SUM_1PCT,generated,4,207,23555.1,861,1016,1016,5056,163
2,"Nullable(Dictionary(RLE(BitPack)))",SUM_1PCT,generated,5,207,23545.3,861,1016,1016,5056,163
2,"Nullable(Dictionary(RLE(BitPack)))",SUM_1PCT,generated,6,207,23526.7,861,1016,1016,5056,163
2,"Nullable(Dictionary(RLE(BitPack)))",SUM_1PCT,handwritten_monomorphized,0,212,23576.1,861,1016,1016,5056,163
2,"Nullable(Dictionary(RLE(BitPack)))",SUM_1PCT,handwritten_monomorphized,1,212,23540.1,861,1016,1016,5056,163
2,"Nullable(Dictionary(RLE(BitPack)))",SUM_1PCT,handwritten_monomorphized,2,212,23620.2,861,1016,1016,5056,163
2,"Nullable(Dictionary(RLE(BitPack)))",SUM_1PCT,handwritten_monomorphized,3,212,23489.8,861,1016,1016,5056,163
2,"Nullable(Dictionary(RLE(BitPack)))",SUM_1PCT,handwritten_monomorphized,4,212,23444.9,861,1016,1016,5056,163
2,"Nullable(Dictionary(RLE(BitPack)))",SUM_1PCT,handwritten_monomorphized,5,212,23528.1,861,1016,1016,5056,163
2,"Nullable(Dictionary(RLE(BitPack)))",SUM_1PCT,handwritten_monomorphized,6,212,23469.5,861,1016,1016,5056,163
2,"Nullable(Dictionary(RLE(BitPack)))",SUM_70PCT,full_decode,0,3,1507907.7,4715,4796,4796,5056,16384
2,"Nullable(Dictionary(RLE(BitPack)))",SUM_70PCT,full_decode,1,3,1505821.0,4715,4796,4796,5056,16384
2,"Nullable(Dictionary(RLE(BitPack)))",SUM_70PCT,full_decode,2,3,1504285.3,4715,4796,4796,5056,16384
2,"Nullable(Dictionary(RLE(BitPack)))",SUM_70PCT,full_decode,3,3,1506776.0,4715,4796,4796,5056,16384
2,"Nullable(Dictionary(RLE(BitPack)))",SUM_70PCT,full_decode,4,3,1505727.3,4715,4796,4796,5056,16384
2,"Nullable(Dictionary(RLE(BitPack)))",SUM_70PCT,full_decode,5,3,1504579.3,4715,4796,4796,5056,16384
2,"Nullable(Dictionary(RLE(BitPack)))",SUM_70PCT,full_decode,6,3,1514397.3,4715,4796,4796,5056,16384
2,"Nullable(Dictionary(RLE(BitPack)))",SUM_70PCT,fused_decode,0,3,1506111.7,4715,4796,4796,5056,16384
2,"Nullable(Dictionary(RLE(BitPack)))",SUM_70PCT,fused_decode,1,3,1502052.0,4715,4796,4796,5056,16384
2,"Nullable(Dictionary(RLE(BitPack)))",SUM_70PCT,fused_decode,2,3,1503611.0,4715,4796,4796,5056,16384
2,"Nullable(Dictionary(RLE(BitPack)))",SUM_70PCT,fused_decode,3,3,1505630.7,4715,4796,4796,5056,16384
2,"Nullable(Dictionary(RLE(BitPack)))",SUM_70PCT,fused_decode,4,3,1507763.7,4715,4796,4796,5056,16384
2,"Nullable(Dictionary(RLE(BitPack)))",SUM_70PCT,fused_decode,5,3,1504966.7,4715,4796,4796,5056,16384
2,"Nullable(Dictionary(RLE(BitPack)))",SUM_70PCT,fused_decode,6,3,1504926.3,4715,4796,4796,5056,16384
2,"Nullable(Dictionary(RLE(BitPack)))",SUM_70PCT,interpreted_plan,0,1,14594255.0,3884,4016,4016,5056,11703
2,"Nullable(Dictionary(RLE(BitPack)))",SUM_70PCT,interpreted_plan,1,1,14583929.0,3884,4016,4016,5056,11703
2,"Nullable(Dictionary(RLE(BitPack)))",SUM_70PCT,interpreted_plan,2,1,14711309.0,3884,4016,4016,5056,11703
2,"Nullable(Dictionary(RLE(BitPack)))",SUM_70PCT,interpreted_plan,3,1,14591170.0,3884,4016,4016,5056,11703
2,"Nullable(Dictionary(RLE(BitPack)))",SUM_70PCT,interpreted_plan,4,1,14589658.0,3884,4016,4016,5056,11703
2,"Nullable(Dictionary(RLE(BitPack)))",SUM_70PCT,interpreted_plan,5,1,14567855.0,3884,4016,4016,5056,11703
2,"Nullable(Dictionary(RLE(BitPack)))",SUM_70PCT,interpreted_plan,6,1,14604910.0,3884,4016,4016,5056,11703
2,"Nullable(Dictionary(RLE(BitPack)))",SUM_70PCT,generated_full_page_access,0,4,1014632.0,3704,5056,5056,5056,11703
2,"Nullable(Dictionary(RLE(BitPack)))",SUM_70PCT,generated_full_page_access,1,4,1012448.8,3704,5056,5056,5056,11703
2,"Nullable(Dictionary(RLE(BitPack)))",SUM_70PCT,generated_full_page_access,2,4,1011625.0,3704,5056,5056,5056,11703
2,"Nullable(Dictionary(RLE(BitPack)))",SUM_70PCT,generated_full_page_access,3,4,1010616.0,3704,5056,5056,5056,11703
2,"Nullable(Dictionary(RLE(BitPack)))",SUM_70PCT,generated_full_page_access,4,4,1013430.2,3704,5056,5056,5056,11703
2,"Nullable(Dictionary(RLE(BitPack)))",SUM_70PCT,generated_full_page_access,5,4,1012213.5,3704,5056,5056,5056,11703
2,"Nullable(Dictionary(RLE(BitPack)))",SUM_70PCT,generated_full_page_access,6,4,1012273.5,3704,5056,5056,5056,11703
2,"Nullable(Dictionary(RLE(BitPack)))",SUM_70PCT,generated,0,4,1092808.8,3704,3824,3824,5056,11703
2,"Nullable(Dictionary(RLE(BitPack)))",SUM_70PCT,generated,1,4,1091096.2,3704,3824,3824,5056,11703
2,"Nullable(Dictionary(RLE(BitPack)))",SUM_70PCT,generated,2,4,1093985.5,3704,3824,3824,5056,11703
2,"Nullable(Dictionary(RLE(BitPack)))",SUM_70PCT,generated,3,4,1088918.0,3704,3824,3824,5056,11703
2,"Nullable(Dictionary(RLE(BitPack)))",SUM_70PCT,generated,4,4,1092833.8,3704,3824,3824,5056,11703
2,"Nullable(Dictionary(RLE(BitPack)))",SUM_70PCT,generated,5,4,1090462.8,3704,3824,3824,5056,11703
2,"Nullable(Dictionary(RLE(BitPack)))",SUM_70PCT,generated,6,4,1089934.5,3704,3824,3824,5056,11703
2,"Nullable(Dictionary(RLE(BitPack)))",SUM_70PCT,handwritten_monomorphized,0,4,1093169.2,3704,3824,3824,5056,11703
2,"Nullable(Dictionary(RLE(BitPack)))",SUM_70PCT,handwritten_monomorphized,1,4,1090986.0,3704,3824,3824,5056,11703
2,"Nullable(Dictionary(RLE(BitPack)))",SUM_70PCT,handwritten_monomorphized,2,4,1091915.0,3704,3824,3824,5056,11703
2,"Nullable(Dictionary(RLE(BitPack)))",SUM_70PCT,handwritten_monomorphized,3,4,1091754.8,3704,3824,3824,5056,11703
2,"Nullable(Dictionary(RLE(BitPack)))",SUM_70PCT,handwritten_monomorphized,4,4,1092400.5,3704,3824,3824,5056,11703
2,"Nullable(Dictionary(RLE(BitPack)))",SUM_70PCT,handwritten_monomorphized,5,4,1092951.5,3704,3824,3824,5056,11703
2,"Nullable(Dictionary(RLE(BitPack)))",SUM_70PCT,handwritten_monomorphized,6,4,1092120.2,3704,3824,3824,5056,11703
2,"Nullable(Dictionary(RLE(BitPack)))",BETWEEN_1PCT,full_decode,0,3,1501798.3,4715,4796,4796,5056,16384
2,"Nullable(Dictionary(RLE(BitPack)))",BETWEEN_1PCT,full_decode,1,3,1502800.0,4715,4796,4796,5056,16384
2,"Nullable(Dictionary(RLE(BitPack)))",BETWEEN_1PCT,full_decode,2,3,1501488.0,4715,4796,4796,5056,16384
2,"Nullable(Dictionary(RLE(BitPack)))",BETWEEN_1PCT,full_decode,3,3,1504235.3,4715,4796,4796,5056,16384
2,"Nullable(Dictionary(RLE(BitPack)))",BETWEEN_1PCT,full_decode,4,3,1503150.3,4715,4796,4796,5056,16384
2,"Nullable(Dictionary(RLE(BitPack)))",BETWEEN_1PCT,full_decode,5,3,1502492.7,4715,4796,4796,5056,16384
2,"Nullable(Dictionary(RLE(BitPack)))",BETWEEN_1PCT,full_decode,6,3,1500693.7,4715,4796,4796,5056,16384
2,"Nullable(Dictionary(RLE(BitPack)))",BETWEEN_1PCT,fused_decode,0,3,1477639.0,4715,4796,4796,5056,16384
2,"Nullable(Dictionary(RLE(BitPack)))",BETWEEN_1PCT,fused_decode,1,3,1482075.7,4715,4796,4796,5056,16384
2,"Nullable(Dictionary(RLE(BitPack)))",BETWEEN_1PCT,fused_decode,2,3,1477522.0,4715,4796,4796,5056,16384
2,"Nullable(Dictionary(RLE(BitPack)))",BETWEEN_1PCT,fused_decode,3,3,1481932.0,4715,4796,4796,5056,16384
2,"Nullable(Dictionary(RLE(BitPack)))",BETWEEN_1PCT,fused_decode,4,3,1478353.7,4715,4796,4796,5056,16384
2,"Nullable(Dictionary(RLE(BitPack)))",BETWEEN_1PCT,fused_decode,5,3,1481428.0,4715,4796,4796,5056,16384
2,"Nullable(Dictionary(RLE(BitPack)))",BETWEEN_1PCT,fused_decode,6,3,1484886.3,4715,4796,4796,5056,16384
2,"Nullable(Dictionary(RLE(BitPack)))",BETWEEN_1PCT,interpreted_plan,0,17,277157.8,865,1080,1080,5056,163
2,"Nullable(Dictionary(RLE(BitPack)))",BETWEEN_1PCT,interpreted_plan,1,17,276581.6,865,1080,1080,5056,163
2,"Nullable(Dictionary(RLE(BitPack)))",BETWEEN_1PCT,interpreted_plan,2,17,276579.9,865,1080,1080,5056,163
2,"Nullable(Dictionary(RLE(BitPack)))",BETWEEN_1PCT,interpreted_plan,3,17,275954.8,865,1080,1080,5056,163
2,"Nullable(Dictionary(RLE(BitPack)))",BETWEEN_1PCT,interpreted_plan,4,17,277593.8,865,1080,1080,5056,163
2,"Nullable(Dictionary(RLE(BitPack)))",BETWEEN_1PCT,interpreted_plan,5,17,276361.4,865,1080,1080,5056,163
2,"Nullable(Dictionary(RLE(BitPack)))",BETWEEN_1PCT,interpreted_plan,6,17,276849.1,865,1080,1080,5056,163
2,"Nullable(Dictionary(RLE(BitPack)))",BETWEEN_1PCT,generated_full_page_access,0,234,21339.6,861,5056,5056,5056,163
2,"Nullable(Dictionary(RLE(BitPack)))",BETWEEN_1PCT,generated_full_page_access,1,234,21308.0,861,5056,5056,5056,163
2,"Nullable(Dictionary(RLE(BitPack)))",BETWEEN_1PCT,generated_full_page_access,2,234,21349.9,861,5056,5056,5056,163
2,"Nullable(Dictionary(RLE(BitPack)))",BETWEEN_1PCT,generated_full_page_access,3,234,21294.6,861,5056,5056,5056,163
2,"Nullable(Dictionary(RLE(BitPack)))",BETWEEN_1PCT,generated_full_page_access,4,234,21288.8,861,5056,5056,5056,163
2,"Nullable(Dictionary(RLE(BitPack)))",BETWEEN_1PCT,generated_full_page_access,5,234,21444.8,861,5056,5056,5056,163
2,"Nullable(Dictionary(RLE(BitPack)))",BETWEEN_1PCT,generated_full_page_access,6,234,21366.0,861,5056,5056,5056,163
2,"Nullable(Dictionary(RLE(BitPack)))",BETWEEN_1PCT,generated,0,209,23708.3,861,1016,1016,5056,163
2,"Nullable(Dictionary(RLE(BitPack)))",BETWEEN_1PCT,generated,1,209,23488.9,861,1016,1016,5056,163
2,"Nullable(Dictionary(RLE(BitPack)))",BETWEEN_1PCT,generated,2,209,23529.8,861,1016,1016,5056,163
2,"Nullable(Dictionary(RLE(BitPack)))",BETWEEN_1PCT,generated,3,209,23459.2,861,1016,1016,5056,163
2,"Nullable(Dictionary(RLE(BitPack)))",BETWEEN_1PCT,generated,4,209,23496.7,861,1016,1016,5056,163
2,"Nullable(Dictionary(RLE(BitPack)))",BETWEEN_1PCT,generated,5,209,23506.3,861,1016,1016,5056,163
2,"Nullable(Dictionary(RLE(BitPack)))",BETWEEN_1PCT,generated,6,209,23545.1,861,1016,1016,5056,163
2,"Nullable(Dictionary(RLE(BitPack)))",BETWEEN_1PCT,handwritten_monomorphized,0,209,23711.6,861,1016,1016,5056,163
2,"Nullable(Dictionary(RLE(BitPack)))",BETWEEN_1PCT,handwritten_monomorphized,1,209,23746.6,861,1016,1016,5056,163
2,"Nullable(Dictionary(RLE(BitPack)))",BETWEEN_1PCT,handwritten_monomorphized,2,209,23794.2,861,1016,1016,5056,163
2,"Nullable(Dictionary(RLE(BitPack)))",BETWEEN_1PCT,handwritten_monomorphized,3,209,23707.1,861,1016,1016,5056,163
2,"Nullable(Dictionary(RLE(BitPack)))",BETWEEN_1PCT,handwritten_monomorphized,4,209,23683.1,861,1016,1016,5056,163
2,"Nullable(Dictionary(RLE(BitPack)))",BETWEEN_1PCT,handwritten_monomorphized,5,209,23699.0,861,1016,1016,5056,163
2,"Nullable(Dictionary(RLE(BitPack)))",BETWEEN_1PCT,handwritten_monomorphized,6,209,23652.8,861,1016,1016,5056,163
2,"Nullable(Dictionary(RLE(BitPack)))",BETWEEN_70PCT,full_decode,0,3,1528011.0,4715,4796,4796,5056,16384
2,"Nullable(Dictionary(RLE(BitPack)))",BETWEEN_70PCT,full_decode,1,3,1527677.0,4715,4796,4796,5056,16384
2,"Nullable(Dictionary(RLE(BitPack)))",BETWEEN_70PCT,full_decode,2,3,1527670.3,4715,4796,4796,5056,16384
2,"Nullable(Dictionary(RLE(BitPack)))",BETWEEN_70PCT,full_decode,3,3,1528451.3,4715,4796,4796,5056,16384
2,"Nullable(Dictionary(RLE(BitPack)))",BETWEEN_70PCT,full_decode,4,3,1530845.0,4715,4796,4796,5056,16384
2,"Nullable(Dictionary(RLE(BitPack)))",BETWEEN_70PCT,full_decode,5,3,1531696.3,4715,4796,4796,5056,16384
2,"Nullable(Dictionary(RLE(BitPack)))",BETWEEN_70PCT,full_decode,6,3,1528478.3,4715,4796,4796,5056,16384
2,"Nullable(Dictionary(RLE(BitPack)))",BETWEEN_70PCT,fused_decode,0,3,1485637.7,4715,4796,4796,5056,16384
2,"Nullable(Dictionary(RLE(BitPack)))",BETWEEN_70PCT,fused_decode,1,3,1493629.7,4715,4796,4796,5056,16384
2,"Nullable(Dictionary(RLE(BitPack)))",BETWEEN_70PCT,fused_decode,2,3,1483511.0,4715,4796,4796,5056,16384
2,"Nullable(Dictionary(RLE(BitPack)))",BETWEEN_70PCT,fused_decode,3,3,1489553.7,4715,4796,4796,5056,16384
2,"Nullable(Dictionary(RLE(BitPack)))",BETWEEN_70PCT,fused_decode,4,3,1484041.7,4715,4796,4796,5056,16384
2,"Nullable(Dictionary(RLE(BitPack)))",BETWEEN_70PCT,fused_decode,5,3,1485794.3,4715,4796,4796,5056,16384
2,"Nullable(Dictionary(RLE(BitPack)))",BETWEEN_70PCT,fused_decode,6,3,1486111.7,4715,4796,4796,5056,16384
2,"Nullable(Dictionary(RLE(BitPack)))",BETWEEN_70PCT,interpreted_plan,0,1,14834593.0,3884,4016,4016,5056,11703
2,"Nullable(Dictionary(RLE(BitPack)))",BETWEEN_70PCT,interpreted_plan,1,1,14866471.0,3884,4016,4016,5056,11703
2,"Nullable(Dictionary(RLE(BitPack)))",BETWEEN_70PCT,interpreted_plan,2,1,14823166.0,3884,4016,4016,5056,11703
2,"Nullable(Dictionary(RLE(BitPack)))",BETWEEN_70PCT,interpreted_plan,3,1,14830547.0,3884,4016,4016,5056,11703
2,"Nullable(Dictionary(RLE(BitPack)))",BETWEEN_70PCT,interpreted_plan,4,1,14832219.0,3884,4016,4016,5056,11703
2,"Nullable(Dictionary(RLE(BitPack)))",BETWEEN_70PCT,interpreted_plan,5,1,14793182.0,3884,4016,4016,5056,11703
2,"Nullable(Dictionary(RLE(BitPack)))",BETWEEN_70PCT,interpreted_plan,6,1,14753813.0,3884,4016,4016,5056,11703
2,"Nullable(Dictionary(RLE(BitPack)))",BETWEEN_70PCT,generated_full_page_access,0,4,1023803.2,3704,5056,5056,5056,11703
2,"Nullable(Dictionary(RLE(BitPack)))",BETWEEN_70PCT,generated_full_page_access,1,4,1021645.0,3704,5056,5056,5056,11703
2,"Nullable(Dictionary(RLE(BitPack)))",BETWEEN_70PCT,generated_full_page_access,2,4,1022441.2,3704,5056,5056,5056,11703
2,"Nullable(Dictionary(RLE(BitPack)))",BETWEEN_70PCT,generated_full_page_access,3,4,1020125.0,3704,5056,5056,5056,11703
2,"Nullable(Dictionary(RLE(BitPack)))",BETWEEN_70PCT,generated_full_page_access,4,4,1019694.5,3704,5056,5056,5056,11703
2,"Nullable(Dictionary(RLE(BitPack)))",BETWEEN_70PCT,generated_full_page_access,5,4,1017493.8,3704,5056,5056,5056,11703
2,"Nullable(Dictionary(RLE(BitPack)))",BETWEEN_70PCT,generated_full_page_access,6,4,1019792.2,3704,5056,5056,5056,11703
2,"Nullable(Dictionary(RLE(BitPack)))",BETWEEN_70PCT,generated,0,4,1098267.0,3704,3824,3824,5056,11703
2,"Nullable(Dictionary(RLE(BitPack)))",BETWEEN_70PCT,generated,1,4,1101113.5,3704,3824,3824,5056,11703
2,"Nullable(Dictionary(RLE(BitPack)))",BETWEEN_70PCT,generated,2,4,1096421.8,3704,3824,3824,5056,11703
2,"Nullable(Dictionary(RLE(BitPack)))",BETWEEN_70PCT,generated,3,4,1099316.0,3704,3824,3824,5056,11703
2,"Nullable(Dictionary(RLE(BitPack)))",BETWEEN_70PCT,generated,4,4,1100740.5,3704,3824,3824,5056,11703
2,"Nullable(Dictionary(RLE(BitPack)))",BETWEEN_70PCT,generated,5,4,1101056.0,3704,3824,3824,5056,11703
2,"Nullable(Dictionary(RLE(BitPack)))",BETWEEN_70PCT,generated,6,4,1102886.2,3704,3824,3824,5056,11703
2,"Nullable(Dictionary(RLE(BitPack)))",BETWEEN_70PCT,handwritten_monomorphized,0,4,1116779.5,3704,3824,3824,5056,11703
2,"Nullable(Dictionary(RLE(BitPack)))",BETWEEN_70PCT,handwritten_monomorphized,1,4,1108226.5,3704,3824,3824,5056,11703
2,"Nullable(Dictionary(RLE(BitPack)))",BETWEEN_70PCT,handwritten_monomorphized,2,4,1111661.8,3704,3824,3824,5056,11703
2,"Nullable(Dictionary(RLE(BitPack)))",BETWEEN_70PCT,handwritten_monomorphized,3,4,1107693.5,3704,3824,3824,5056,11703
2,"Nullable(Dictionary(RLE(BitPack)))",BETWEEN_70PCT,handwritten_monomorphized,4,4,1103607.2,3704,3824,3824,5056,11703
2,"Nullable(Dictionary(RLE(BitPack)))",BETWEEN_70PCT,handwritten_monomorphized,5,4,1106028.5,3704,3824,3824,5056,11703
2,"Nullable(Dictionary(RLE(BitPack)))",BETWEEN_70PCT,handwritten_monomorphized,6,4,1104789.2,3704,3824,3824,5056,11703
2,"Nullable(Dictionary(RLE(BitPack)))",FILTER_POINT,full_decode,0,3,1528297.7,4715,4796,4796,5056,16384
2,"Nullable(Dictionary(RLE(BitPack)))",FILTER_POINT,full_decode,1,3,1526595.3,4715,4796,4796,5056,16384
2,"Nullable(Dictionary(RLE(BitPack)))",FILTER_POINT,full_decode,2,3,1527850.7,4715,4796,4796,5056,16384
2,"Nullable(Dictionary(RLE(BitPack)))",FILTER_POINT,full_decode,3,3,1530825.0,4715,4796,4796,5056,16384
2,"Nullable(Dictionary(RLE(BitPack)))",FILTER_POINT,full_decode,4,3,1525009.7,4715,4796,4796,5056,16384
2,"Nullable(Dictionary(RLE(BitPack)))",FILTER_POINT,full_decode,5,3,1527890.7,4715,4796,4796,5056,16384
2,"Nullable(Dictionary(RLE(BitPack)))",FILTER_POINT,full_decode,6,3,1528141.0,4715,4796,4796,5056,16384
2,"Nullable(Dictionary(RLE(BitPack)))",FILTER_POINT,fused_decode,0,3,1491005.7,4715,4796,4796,5056,16384
2,"Nullable(Dictionary(RLE(BitPack)))",FILTER_POINT,fused_decode,1,3,1491780.3,4715,4796,4796,5056,16384
2,"Nullable(Dictionary(RLE(BitPack)))",FILTER_POINT,fused_decode,2,3,1488698.7,4715,4796,4796,5056,16384
2,"Nullable(Dictionary(RLE(BitPack)))",FILTER_POINT,fused_decode,3,3,1490044.3,4715,4796,4796,5056,16384
2,"Nullable(Dictionary(RLE(BitPack)))",FILTER_POINT,fused_decode,4,3,1487383.7,4715,4796,4796,5056,16384
2,"Nullable(Dictionary(RLE(BitPack)))",FILTER_POINT,fused_decode,5,3,1491860.0,4715,4796,4796,5056,16384
2,"Nullable(Dictionary(RLE(BitPack)))",FILTER_POINT,fused_decode,6,3,1489069.7,4715,4796,4796,5056,16384
2,"Nullable(Dictionary(RLE(BitPack)))",FILTER_POINT,interpreted_plan,0,1,19951661.0,4967,4988,4988,5056,16384
2,"Nullable(Dictionary(RLE(BitPack)))",FILTER_POINT,interpreted_plan,1,1,19969799.0,4967,4988,4988,5056,16384
2,"Nullable(Dictionary(RLE(BitPack)))",FILTER_POINT,interpreted_plan,2,1,19975718.0,4967,4988,4988,5056,16384
2,"Nullable(Dictionary(RLE(BitPack)))",FILTER_POINT,interpreted_plan,3,1,20004180.0,4967,4988,4988,5056,16384
2,"Nullable(Dictionary(RLE(BitPack)))",FILTER_POINT,interpreted_plan,4,1,20028867.0,4967,4988,4988,5056,16384
2,"Nullable(Dictionary(RLE(BitPack)))",FILTER_POINT,interpreted_plan,5,1,20026794.0,4967,4988,4988,5056,16384
2,"Nullable(Dictionary(RLE(BitPack)))",FILTER_POINT,interpreted_plan,6,1,20005282.0,4967,4988,4988,5056,16384
2,"Nullable(Dictionary(RLE(BitPack)))",FILTER_POINT,generated_full_page_access,0,3,1423902.0,4715,5056,5056,5056,16384
2,"Nullable(Dictionary(RLE(BitPack)))",FILTER_POINT,generated_full_page_access,1,3,1425354.0,4715,5056,5056,5056,16384
2,"Nullable(Dictionary(RLE(BitPack)))",FILTER_POINT,generated_full_page_access,2,3,1419505.7,4715,5056,5056,5056,16384
2,"Nullable(Dictionary(RLE(BitPack)))",FILTER_POINT,generated_full_page_access,3,3,1422894.0,4715,5056,5056,5056,16384
2,"Nullable(Dictionary(RLE(BitPack)))",FILTER_POINT,generated_full_page_access,4,3,1423057.7,4715,5056,5056,5056,16384
2,"Nullable(Dictionary(RLE(BitPack)))",FILTER_POINT,generated_full_page_access,5,3,1419395.3,4715,5056,5056,5056,16384
2,"Nullable(Dictionary(RLE(BitPack)))",FILTER_POINT,generated_full_page_access,6,3,1418544.0,4715,5056,5056,5056,16384
2,"Nullable(Dictionary(RLE(BitPack)))",FILTER_POINT,generated,0,3,1495813.0,4715,4796,4796,5056,16384
2,"Nullable(Dictionary(RLE(BitPack)))",FILTER_POINT,generated,1,3,1498456.7,4715,4796,4796,5056,16384
2,"Nullable(Dictionary(RLE(BitPack)))",FILTER_POINT,generated,2,3,1500643.3,4715,4796,4796,5056,16384
2,"Nullable(Dictionary(RLE(BitPack)))",FILTER_POINT,generated,3,3,1496947.7,4715,4796,4796,5056,16384
2,"Nullable(Dictionary(RLE(BitPack)))",FILTER_POINT,generated,4,3,1497422.0,4715,4796,4796,5056,16384
2,"Nullable(Dictionary(RLE(BitPack)))",FILTER_POINT,generated,5,3,1501184.0,4715,4796,4796,5056,16384
2,"Nullable(Dictionary(RLE(BitPack)))",FILTER_POINT,generated,6,3,1500006.0,4715,4796,4796,5056,16384
2,"Nullable(Dictionary(RLE(BitPack)))",FILTER_POINT,handwritten_monomorphized,0,3,1510998.7,4715,4796,4796,5056,16384
2,"Nullable(Dictionary(RLE(BitPack)))",FILTER_POINT,handwritten_monomorphized,1,3,1508735.3,4715,4796,4796,5056,16384
2,"Nullable(Dictionary(RLE(BitPack)))",FILTER_POINT,handwritten_monomorphized,2,3,1508558.3,4715,4796,4796,5056,16384
2,"Nullable(Dictionary(RLE(BitPack)))",FILTER_POINT,handwritten_monomorphized,3,3,1510588.0,4715,4796,4796,5056,16384
2,"Nullable(Dictionary(RLE(BitPack)))",FILTER_POINT,handwritten_monomorphized,4,3,1515936.3,4715,4796,4796,5056,16384
2,"Nullable(Dictionary(RLE(BitPack)))",FILTER_POINT,handwritten_monomorphized,5,3,1507513.7,4715,4796,4796,5056,16384
2,"Nullable(Dictionary(RLE(BitPack)))",FILTER_POINT,handwritten_monomorphized,6,3,1512564.3,4715,4796,4796,5056,16384
2,"Nullable(Dictionary(RLE(BitPack)))",FILTER_50PCT,full_decode,0,3,1537555.0,4715,4796,4796,5056,16384
2,"Nullable(Dictionary(RLE(BitPack)))",FILTER_50PCT,full_decode,1,3,1541911.7,4715,4796,4796,5056,16384
2,"Nullable(Dictionary(RLE(BitPack)))",FILTER_50PCT,full_decode,2,3,1541557.7,4715,4796,4796,5056,16384
2,"Nullable(Dictionary(RLE(BitPack)))",FILTER_50PCT,full_decode,3,3,1538239.3,4715,4796,4796,5056,16384
2,"Nullable(Dictionary(RLE(BitPack)))",FILTER_50PCT,full_decode,4,3,1534103.3,4715,4796,4796,5056,16384
2,"Nullable(Dictionary(RLE(BitPack)))",FILTER_50PCT,full_decode,5,3,1546221.3,4715,4796,4796,5056,16384
2,"Nullable(Dictionary(RLE(BitPack)))",FILTER_50PCT,full_decode,6,3,1542876.3,4715,4796,4796,5056,16384
2,"Nullable(Dictionary(RLE(BitPack)))",FILTER_50PCT,fused_decode,0,3,1492027.3,4715,4796,4796,5056,16384
2,"Nullable(Dictionary(RLE(BitPack)))",FILTER_50PCT,fused_decode,1,3,1497425.0,4715,4796,4796,5056,16384
2,"Nullable(Dictionary(RLE(BitPack)))",FILTER_50PCT,fused_decode,2,3,1491382.7,4715,4796,4796,5056,16384
2,"Nullable(Dictionary(RLE(BitPack)))",FILTER_50PCT,fused_decode,3,3,1489116.3,4715,4796,4796,5056,16384
2,"Nullable(Dictionary(RLE(BitPack)))",FILTER_50PCT,fused_decode,4,3,1489877.3,4715,4796,4796,5056,16384
2,"Nullable(Dictionary(RLE(BitPack)))",FILTER_50PCT,fused_decode,5,3,1488388.3,4715,4796,4796,5056,16384
2,"Nullable(Dictionary(RLE(BitPack)))",FILTER_50PCT,fused_decode,6,3,1493950.0,4715,4796,4796,5056,16384
2,"Nullable(Dictionary(RLE(BitPack)))",FILTER_50PCT,interpreted_plan,0,1,20137799.0,4967,4988,4988,5056,16384
2,"Nullable(Dictionary(RLE(BitPack)))",FILTER_50PCT,interpreted_plan,1,1,19832504.0,4967,4988,4988,5056,16384
2,"Nullable(Dictionary(RLE(BitPack)))",FILTER_50PCT,interpreted_plan,2,1,20126263.0,4967,4988,4988,5056,16384
2,"Nullable(Dictionary(RLE(BitPack)))",FILTER_50PCT,interpreted_plan,3,1,19852323.0,4967,4988,4988,5056,16384
2,"Nullable(Dictionary(RLE(BitPack)))",FILTER_50PCT,interpreted_plan,4,1,20115897.0,4967,4988,4988,5056,16384
2,"Nullable(Dictionary(RLE(BitPack)))",FILTER_50PCT,interpreted_plan,5,1,19878894.0,4967,4988,4988,5056,16384
2,"Nullable(Dictionary(RLE(BitPack)))",FILTER_50PCT,interpreted_plan,6,1,20099582.0,4967,4988,4988,5056,16384
2,"Nullable(Dictionary(RLE(BitPack)))",FILTER_50PCT,generated_full_page_access,0,3,1432979.0,4715,5056,5056,5056,16384
2,"Nullable(Dictionary(RLE(BitPack)))",FILTER_50PCT,generated_full_page_access,1,3,1421094.7,4715,5056,5056,5056,16384
2,"Nullable(Dictionary(RLE(BitPack)))",FILTER_50PCT,generated_full_page_access,2,3,1428218.3,4715,5056,5056,5056,16384
2,"Nullable(Dictionary(RLE(BitPack)))",FILTER_50PCT,generated_full_page_access,3,3,1420513.7,4715,5056,5056,5056,16384
2,"Nullable(Dictionary(RLE(BitPack)))",FILTER_50PCT,generated_full_page_access,4,3,1424436.0,4715,5056,5056,5056,16384
2,"Nullable(Dictionary(RLE(BitPack)))",FILTER_50PCT,generated_full_page_access,5,3,1424126.0,4715,5056,5056,5056,16384
2,"Nullable(Dictionary(RLE(BitPack)))",FILTER_50PCT,generated_full_page_access,6,3,1424813.3,4715,5056,5056,5056,16384
2,"Nullable(Dictionary(RLE(BitPack)))",FILTER_50PCT,generated,0,3,1497345.0,4715,4796,4796,5056,16384
2,"Nullable(Dictionary(RLE(BitPack)))",FILTER_50PCT,generated,1,3,1498991.0,4715,4796,4796,5056,16384
2,"Nullable(Dictionary(RLE(BitPack)))",FILTER_50PCT,generated,2,3,1495108.3,4715,4796,4796,5056,16384
2,"Nullable(Dictionary(RLE(BitPack)))",FILTER_50PCT,generated,3,3,1497221.7,4715,4796,4796,5056,16384
2,"Nullable(Dictionary(RLE(BitPack)))",FILTER_50PCT,generated,4,3,1497151.3,4715,4796,4796,5056,16384
2,"Nullable(Dictionary(RLE(BitPack)))",FILTER_50PCT,generated,5,3,1494961.7,4715,4796,4796,5056,16384
2,"Nullable(Dictionary(RLE(BitPack)))",FILTER_50PCT,generated,6,3,1492888.3,4715,4796,4796,5056,16384
2,"Nullable(Dictionary(RLE(BitPack)))",FILTER_50PCT,handwritten_monomorphized,0,3,1502309.3,4715,4796,4796,5056,16384
2,"Nullable(Dictionary(RLE(BitPack)))",FILTER_50PCT,handwritten_monomorphized,1,3,1507573.7,4715,4796,4796,5056,16384
2,"Nullable(Dictionary(RLE(BitPack)))",FILTER_50PCT,handwritten_monomorphized,2,3,1510761.7,4715,4796,4796,5056,16384
2,"Nullable(Dictionary(RLE(BitPack)))",FILTER_50PCT,handwritten_monomorphized,3,3,1503401.0,4715,4796,4796,5056,16384
2,"Nullable(Dictionary(RLE(BitPack)))",FILTER_50PCT,handwritten_monomorphized,4,3,1506812.3,4715,4796,4796,5056,16384
2,"Nullable(Dictionary(RLE(BitPack)))",FILTER_50PCT,handwritten_monomorphized,5,3,1519411.7,4715,4796,4796,5056,16384
2,"Nullable(Dictionary(RLE(BitPack)))",FILTER_50PCT,handwritten_monomorphized,6,3,1505954.3,4715,4796,4796,5056,16384
3,"Frame(FOR(Delta(BitPack)))",GET,full_decode,0,39,127523.9,11208,866,866,866,16384
3,"Frame(FOR(Delta(BitPack)))",GET,full_decode,1,39,127635.4,11208,866,866,866,16384
3,"Frame(FOR(Delta(BitPack)))",GET,full_decode,2,39,127537.8,11208,866,866,866,16384
3,"Frame(FOR(Delta(BitPack)))",GET,full_decode,3,39,127926.8,11208,866,866,866,16384
3,"Frame(FOR(Delta(BitPack)))",GET,full_decode,4,39,127788.2,11208,866,866,866,16384
3,"Frame(FOR(Delta(BitPack)))",GET,full_decode,5,39,128069.1,11208,866,866,866,16384
3,"Frame(FOR(Delta(BitPack)))",GET,full_decode,6,39,127831.6,11208,866,866,866,16384
3,"Frame(FOR(Delta(BitPack)))",GET,fused_decode,0,44,114077.3,11208,866,866,866,16384
3,"Frame(FOR(Delta(BitPack)))",GET,fused_decode,1,44,114094.2,11208,866,866,866,16384
3,"Frame(FOR(Delta(BitPack)))",GET,fused_decode,2,44,113972.2,11208,866,866,866,16384
3,"Frame(FOR(Delta(BitPack)))",GET,fused_decode,3,44,114025.4,11208,866,866,866,16384
3,"Frame(FOR(Delta(BitPack)))",GET,fused_decode,4,44,113847.0,11208,866,866,866,16384
3,"Frame(FOR(Delta(BitPack)))",GET,fused_decode,5,44,113847.4,11208,866,866,866,16384
3,"Frame(FOR(Delta(BitPack)))",GET,fused_decode,6,44,114208.7,11208,866,866,866,16384
3,"Frame(FOR(Delta(BitPack)))",GET,interpreted_plan,0,600,8309.3,469,866,866,866,1
3,"Frame(FOR(Delta(BitPack)))",GET,interpreted_plan,1,600,8306.9,469,866,866,866,1
3,"Frame(FOR(Delta(BitPack)))",GET,interpreted_plan,2,600,8294.6,469,866,866,866,1
3,"Frame(FOR(Delta(BitPack)))",GET,interpreted_plan,3,600,8295.7,469,866,866,866,1
3,"Frame(FOR(Delta(BitPack)))",GET,interpreted_plan,4,600,8305.7,469,866,866,866,1
3,"Frame(FOR(Delta(BitPack)))",GET,interpreted_plan,5,600,8292.8,469,866,866,866,1
3,"Frame(FOR(Delta(BitPack)))",GET,interpreted_plan,6,600,8313.8,469,866,866,866,1
3,"Frame(FOR(Delta(BitPack)))",GET,generated_full_page_access,0,636,7831.2,469,866,866,866,1
3,"Frame(FOR(Delta(BitPack)))",GET,generated_full_page_access,1,636,7836.0,469,866,866,866,1
3,"Frame(FOR(Delta(BitPack)))",GET,generated_full_page_access,2,636,7827.6,469,866,866,866,1
3,"Frame(FOR(Delta(BitPack)))",GET,generated_full_page_access,3,636,7831.1,469,866,866,866,1
3,"Frame(FOR(Delta(BitPack)))",GET,generated_full_page_access,4,636,7832.1,469,866,866,866,1
3,"Frame(FOR(Delta(BitPack)))",GET,generated_full_page_access,5,636,7823.4,469,866,866,866,1
3,"Frame(FOR(Delta(BitPack)))",GET,generated_full_page_access,6,636,7817.1,469,866,866,866,1
3,"Frame(FOR(Delta(BitPack)))",GET,generated,0,631,7885.9,469,866,866,866,1
3,"Frame(FOR(Delta(BitPack)))",GET,generated,1,631,7889.2,469,866,866,866,1
3,"Frame(FOR(Delta(BitPack)))",GET,generated,2,631,7911.2,469,866,866,866,1
3,"Frame(FOR(Delta(BitPack)))",GET,generated,3,631,7913.3,469,866,866,866,1
3,"Frame(FOR(Delta(BitPack)))",GET,generated,4,631,7900.0,469,866,866,866,1
3,"Frame(FOR(Delta(BitPack)))",GET,generated,5,631,7900.0,469,866,866,866,1
3,"Frame(FOR(Delta(BitPack)))",GET,generated,6,631,7889.9,469,866,866,866,1
3,"Frame(FOR(Delta(BitPack)))",GET,handwritten_monomorphized,0,597,8286.4,469,866,866,866,1
3,"Frame(FOR(Delta(BitPack)))",GET,handwritten_monomorphized,1,597,8252.0,469,866,866,866,1
3,"Frame(FOR(Delta(BitPack)))",GET,handwritten_monomorphized,2,597,8269.5,469,866,866,866,1
3,"Frame(FOR(Delta(BitPack)))",GET,handwritten_monomorphized,3,597,8263.7,469,866,866,866,1
3,"Frame(FOR(Delta(BitPack)))",GET,handwritten_monomorphized,4,597,8245.3,469,866,866,866,1
3,"Frame(FOR(Delta(BitPack)))",GET,handwritten_monomorphized,5,597,8244.4,469,866,866,866,1
3,"Frame(FOR(Delta(BitPack)))",GET,handwritten_monomorphized,6,597,8244.4,469,866,866,866,1
3,"Frame(FOR(Delta(BitPack)))",SUM_1PCT,full_decode,0,37,127909.0,11208,866,866,866,16384
3,"Frame(FOR(Delta(BitPack)))",SUM_1PCT,full_decode,1,37,127894.7,11208,866,866,866,16384
3,"Frame(FOR(Delta(BitPack)))",SUM_1PCT,full_decode,2,37,127602.1,11208,866,866,866,16384
3,"Frame(FOR(Delta(BitPack)))",SUM_1PCT,full_decode,3,37,128157.2,11208,866,866,866,16384
3,"Frame(FOR(Delta(BitPack)))",SUM_1PCT,full_decode,4,37,127971.0,11208,866,866,866,16384
3,"Frame(FOR(Delta(BitPack)))",SUM_1PCT,full_decode,5,37,127521.7,11208,866,866,866,16384
3,"Frame(FOR(Delta(BitPack)))",SUM_1PCT,full_decode,6,37,127667.3,11208,866,866,866,16384
3,"Frame(FOR(Delta(BitPack)))",SUM_1PCT,fused_decode,0,34,140259.1,11208,866,866,866,16384
3,"Frame(FOR(Delta(BitPack)))",SUM_1PCT,fused_decode,1,34,140462.6,11208,866,866,866,16384
3,"Frame(FOR(Delta(BitPack)))",SUM_1PCT,fused_decode,2,34,140566.6,11208,866,866,866,16384
3,"Frame(FOR(Delta(BitPack)))",SUM_1PCT,fused_decode,3,34,140321.8,11208,866,866,866,16384
3,"Frame(FOR(Delta(BitPack)))",SUM_1PCT,fused_decode,4,34,140838.1,11208,866,866,866,16384
3,"Frame(FOR(Delta(BitPack)))",SUM_1PCT,fused_decode,5,34,140319.2,11208,866,866,866,16384
3,"Frame(FOR(Delta(BitPack)))",SUM_1PCT,fused_decode,6,34,140758.9,11208,866,866,866,16384
3,"Frame(FOR(Delta(BitPack)))",SUM_1PCT,interpreted_plan,0,6,797373.5,684,866,866,866,163
3,"Frame(FOR(Delta(BitPack)))",SUM_1PCT,interpreted_plan,1,6,797161.7,684,866,866,866,163
3,"Frame(FOR(Delta(BitPack)))",SUM_1PCT,interpreted_plan,2,6,797842.7,684,866,866,866,163
3,"Frame(FOR(Delta(BitPack)))",SUM_1PCT,interpreted_plan,3,6,797450.3,684,866,866,866,163
3,"Frame(FOR(Delta(BitPack)))",SUM_1PCT,interpreted_plan,4,6,796367.0,684,866,866,866,163
3,"Frame(FOR(Delta(BitPack)))",SUM_1PCT,interpreted_plan,5,6,796442.2,684,866,866,866,163
3,"Frame(FOR(Delta(BitPack)))",SUM_1PCT,interpreted_plan,6,6,796243.7,684,866,866,866,163
3,"Frame(FOR(Delta(BitPack)))",SUM_1PCT,generated_full_page_access,0,473,10473.7,684,866,866,866,163
3,"Frame(FOR(Delta(BitPack)))",SUM_1PCT,generated_full_page_access,1,473,10455.9,684,866,866,866,163
3,"Frame(FOR(Delta(BitPack)))",SUM_1PCT,generated_full_page_access,2,473,10488.7,684,866,866,866,163
3,"Frame(FOR(Delta(BitPack)))",SUM_1PCT,generated_full_page_access,3,473,10444.1,684,866,866,866,163
3,"Frame(FOR(Delta(BitPack)))",SUM_1PCT,generated_full_page_access,4,473,10445.4,684,866,866,866,163
3,"Frame(FOR(Delta(BitPack)))",SUM_1PCT,generated_full_page_access,5,473,10459.5,684,866,866,866,163
3,"Frame(FOR(Delta(BitPack)))",SUM_1PCT,generated_full_page_access,6,473,10463.6,684,866,866,866,163
3,"Frame(FOR(Delta(BitPack)))",SUM_1PCT,generated,0,476,10547.6,684,866,866,866,163
3,"Frame(FOR(Delta(BitPack)))",SUM_1PCT,generated,1,476,10516.5,684,866,866,866,163
3,"Frame(FOR(Delta(BitPack)))",SUM_1PCT,generated,2,476,10543.8,684,866,866,866,163
3,"Frame(FOR(Delta(BitPack)))",SUM_1PCT,generated,3,476,10537.5,684,866,866,866,163
3,"Frame(FOR(Delta(BitPack)))",SUM_1PCT,generated,4,476,10546.0,684,866,866,866,163
3,"Frame(FOR(Delta(BitPack)))",SUM_1PCT,generated,5,476,10530.4,684,866,866,866,163
3,"Frame(FOR(Delta(BitPack)))",SUM_1PCT,generated,6,476,10536.7,684,866,866,866,163
3,"Frame(FOR(Delta(BitPack)))",SUM_1PCT,handwritten_monomorphized,0,198,24965.8,684,866,866,866,163
3,"Frame(FOR(Delta(BitPack)))",SUM_1PCT,handwritten_monomorphized,1,198,24932.7,684,866,866,866,163
3,"Frame(FOR(Delta(BitPack)))",SUM_1PCT,handwritten_monomorphized,2,198,24922.4,684,866,866,866,163
3,"Frame(FOR(Delta(BitPack)))",SUM_1PCT,handwritten_monomorphized,3,198,24962.9,684,866,866,866,163
3,"Frame(FOR(Delta(BitPack)))",SUM_1PCT,handwritten_monomorphized,4,198,24927.5,684,866,866,866,163
3,"Frame(FOR(Delta(BitPack)))",SUM_1PCT,handwritten_monomorphized,5,198,24887.1,684,866,866,866,163
3,"Frame(FOR(Delta(BitPack)))",SUM_1PCT,handwritten_monomorphized,6,198,24959.7,684,866,866,866,163
3,"Frame(FOR(Delta(BitPack)))",SUM_70PCT,full_decode,0,37,135404.0,11208,866,866,866,16384
3,"Frame(FOR(Delta(BitPack)))",SUM_70PCT,full_decode,1,37,135387.2,11208,866,866,866,16384
3,"Frame(FOR(Delta(BitPack)))",SUM_70PCT,full_decode,2,37,135346.1,11208,866,866,866,16384
3,"Frame(FOR(Delta(BitPack)))",SUM_70PCT,full_decode,3,37,135371.8,11208,866,866,866,16384
3,"Frame(FOR(Delta(BitPack)))",SUM_70PCT,full_decode,4,37,135304.1,11208,866,866,866,16384
3,"Frame(FOR(Delta(BitPack)))",SUM_70PCT,full_decode,5,37,135466.0,11208,866,866,866,16384
3,"Frame(FOR(Delta(BitPack)))",SUM_70PCT,full_decode,6,37,135409.7,11208,866,866,866,16384
3,"Frame(FOR(Delta(BitPack)))",SUM_70PCT,fused_decode,0,30,157153.9,11208,866,866,866,16384
3,"Frame(FOR(Delta(BitPack)))",SUM_70PCT,fused_decode,1,30,157903.7,11208,866,866,866,16384
3,"Frame(FOR(Delta(BitPack)))",SUM_70PCT,fused_decode,2,30,157282.5,11208,866,866,866,16384
3,"Frame(FOR(Delta(BitPack)))",SUM_70PCT,fused_decode,3,30,157270.1,11208,866,866,866,16384
3,"Frame(FOR(Delta(BitPack)))",SUM_70PCT,fused_decode,4,30,157727.4,11208,866,866,866,16384
3,"Frame(FOR(Delta(BitPack)))",SUM_70PCT,fused_decode,5,30,157365.9,11208,866,866,866,16384
3,"Frame(FOR(Delta(BitPack)))",SUM_70PCT,fused_decode,6,30,157391.3,11208,866,866,866,16384
3,"Frame(FOR(Delta(BitPack)))",SUM_70PCT,interpreted_plan,0,1,56487769.0,8161,866,866,866,11703
3,"Frame(FOR(Delta(BitPack)))",SUM_70PCT,interpreted_plan,1,1,56457394.0,8161,866,866,866,11703
3,"Frame(FOR(Delta(BitPack)))",SUM_70PCT,interpreted_plan,2,1,56573207.0,8161,866,866,866,11703
3,"Frame(FOR(Delta(BitPack)))",SUM_70PCT,interpreted_plan,3,1,56421660.0,8161,866,866,866,11703
3,"Frame(FOR(Delta(BitPack)))",SUM_70PCT,interpreted_plan,4,1,56437705.0,8161,866,866,866,11703
3,"Frame(FOR(Delta(BitPack)))",SUM_70PCT,interpreted_plan,5,1,56486287.0,8161,866,866,866,11703
3,"Frame(FOR(Delta(BitPack)))",SUM_70PCT,interpreted_plan,6,1,56476894.0,8161,866,866,866,11703
3,"Frame(FOR(Delta(BitPack)))",SUM_70PCT,generated_full_page_access,0,42,118524.8,8161,866,866,866,11703
3,"Frame(FOR(Delta(BitPack)))",SUM_70PCT,generated_full_page_access,1,42,118624.5,8161,866,866,866,11703
3,"Frame(FOR(Delta(BitPack)))",SUM_70PCT,generated_full_page_access,2,42,118722.9,8161,866,866,866,11703
3,"Frame(FOR(Delta(BitPack)))",SUM_70PCT,generated_full_page_access,3,42,118469.7,8161,866,866,866,11703
3,"Frame(FOR(Delta(BitPack)))",SUM_70PCT,generated_full_page_access,4,42,118459.9,8161,866,866,866,11703
3,"Frame(FOR(Delta(BitPack)))",SUM_70PCT,generated_full_page_access,5,42,118436.3,8161,866,866,866,11703
3,"Frame(FOR(Delta(BitPack)))",SUM_70PCT,generated_full_page_access,6,42,118601.6,8161,866,866,866,11703
3,"Frame(FOR(Delta(BitPack)))",SUM_70PCT,generated,0,42,118155.4,8161,866,866,866,11703
3,"Frame(FOR(Delta(BitPack)))",SUM_70PCT,generated,1,42,118168.5,8161,866,866,866,11703
3,"Frame(FOR(Delta(BitPack)))",SUM_70PCT,generated,2,42,118531.2,8161,866,866,866,11703
3,"Frame(FOR(Delta(BitPack)))",SUM_70PCT,generated,3,42,118423.7,8161,866,866,866,11703
3,"Frame(FOR(Delta(BitPack)))",SUM_70PCT,generated,4,42,118209.5,8161,866,866,866,11703
3,"Frame(FOR(Delta(BitPack)))",SUM_70PCT,generated,5,42,118429.9,8161,866,866,866,11703
3,"Frame(FOR(Delta(BitPack)))",SUM_70PCT,generated,6,42,118171.1,8161,866,866,866,11703
3,"Frame(FOR(Delta(BitPack)))",SUM_70PCT,handwritten_monomorphized,0,8,595577.8,8161,866,866,866,11703
3,"Frame(FOR(Delta(BitPack)))",SUM_70PCT,handwritten_monomorphized,1,8,595534.0,8161,866,866,866,11703
3,"Frame(FOR(Delta(BitPack)))",SUM_70PCT,handwritten_monomorphized,2,8,596846.0,8161,866,866,866,11703
3,"Frame(FOR(Delta(BitPack)))",SUM_70PCT,handwritten_monomorphized,3,8,596181.1,8161,866,866,866,11703
3,"Frame(FOR(Delta(BitPack)))",SUM_70PCT,handwritten_monomorphized,4,8,594966.9,8161,866,866,866,11703
3,"Frame(FOR(Delta(BitPack)))",SUM_70PCT,handwritten_monomorphized,5,8,595774.4,8161,866,866,866,11703
3,"Frame(FOR(Delta(BitPack)))",SUM_70PCT,handwritten_monomorphized,6,8,595604.0,8161,866,866,866,11703
3,"Frame(FOR(Delta(BitPack)))",BETWEEN_1PCT,full_decode,0,39,128116.4,11208,866,866,866,16384
3,"Frame(FOR(Delta(BitPack)))",BETWEEN_1PCT,full_decode,1,39,128073.7,11208,866,866,866,16384
3,"Frame(FOR(Delta(BitPack)))",BETWEEN_1PCT,full_decode,2,39,127997.2,11208,866,866,866,16384
3,"Frame(FOR(Delta(BitPack)))",BETWEEN_1PCT,full_decode,3,39,128221.4,11208,866,866,866,16384
3,"Frame(FOR(Delta(BitPack)))",BETWEEN_1PCT,full_decode,4,39,128077.1,11208,866,866,866,16384
3,"Frame(FOR(Delta(BitPack)))",BETWEEN_1PCT,full_decode,5,39,128218.8,11208,866,866,866,16384
3,"Frame(FOR(Delta(BitPack)))",BETWEEN_1PCT,full_decode,6,39,128243.2,11208,866,866,866,16384
3,"Frame(FOR(Delta(BitPack)))",BETWEEN_1PCT,fused_decode,0,41,120147.4,11208,866,866,866,16384
3,"Frame(FOR(Delta(BitPack)))",BETWEEN_1PCT,fused_decode,1,41,120189.9,11208,866,866,866,16384
3,"Frame(FOR(Delta(BitPack)))",BETWEEN_1PCT,fused_decode,2,41,120274.4,11208,866,866,866,16384
3,"Frame(FOR(Delta(BitPack)))",BETWEEN_1PCT,fused_decode,3,41,120377.0,11208,866,866,866,16384
3,"Frame(FOR(Delta(BitPack)))",BETWEEN_1PCT,fused_decode,4,41,120213.3,11208,866,866,866,16384
3,"Frame(FOR(Delta(BitPack)))",BETWEEN_1PCT,fused_decode,5,41,120114.9,11208,866,866,866,16384
3,"Frame(FOR(Delta(BitPack)))",BETWEEN_1PCT,fused_decode,6,41,120440.8,11208,866,866,866,16384
3,"Frame(FOR(Delta(BitPack)))",BETWEEN_1PCT,interpreted_plan,0,6,829366.2,684,866,866,866,163
3,"Frame(FOR(Delta(BitPack)))",BETWEEN_1PCT,interpreted_plan,1,6,798099.7,684,866,866,866,163
3,"Frame(FOR(Delta(BitPack)))",BETWEEN_1PCT,interpreted_plan,2,6,797240.0,684,866,866,866,163
3,"Frame(FOR(Delta(BitPack)))",BETWEEN_1PCT,interpreted_plan,3,6,795639.3,684,866,866,866,163
3,"Frame(FOR(Delta(BitPack)))",BETWEEN_1PCT,interpreted_plan,4,6,797575.5,684,866,866,866,163
3,"Frame(FOR(Delta(BitPack)))",BETWEEN_1PCT,interpreted_plan,5,6,796647.5,684,866,866,866,163
3,"Frame(FOR(Delta(BitPack)))",BETWEEN_1PCT,interpreted_plan,6,6,798748.8,684,866,866,866,163
3,"Frame(FOR(Delta(BitPack)))",BETWEEN_1PCT,generated_full_page_access,0,473,10460.2,684,866,866,866,163
3,"Frame(FOR(Delta(BitPack)))",BETWEEN_1PCT,generated_full_page_access,1,473,10475.4,684,866,866,866,163
3,"Frame(FOR(Delta(BitPack)))",BETWEEN_1PCT,generated_full_page_access,2,473,10462.9,684,866,866,866,163
3,"Frame(FOR(Delta(BitPack)))",BETWEEN_1PCT,generated_full_page_access,3,473,10465.7,684,866,866,866,163
3,"Frame(FOR(Delta(BitPack)))",BETWEEN_1PCT,generated_full_page_access,4,473,10465.5,684,866,866,866,163
3,"Frame(FOR(Delta(BitPack)))",BETWEEN_1PCT,generated_full_page_access,5,473,10497.4,684,866,866,866,163
3,"Frame(FOR(Delta(BitPack)))",BETWEEN_1PCT,generated_full_page_access,6,473,10473.4,684,866,866,866,163
3,"Frame(FOR(Delta(BitPack)))",BETWEEN_1PCT,generated,0,448,10528.1,684,866,866,866,163
3,"Frame(FOR(Delta(BitPack)))",BETWEEN_1PCT,generated,1,448,10523.4,684,866,866,866,163
3,"Frame(FOR(Delta(BitPack)))",BETWEEN_1PCT,generated,2,448,10557.2,684,866,866,866,163
3,"Frame(FOR(Delta(BitPack)))",BETWEEN_1PCT,generated,3,448,10504.5,684,866,866,866,163
3,"Frame(FOR(Delta(BitPack)))",BETWEEN_1PCT,generated,4,448,10537.4,684,866,866,866,163
3,"Frame(FOR(Delta(BitPack)))",BETWEEN_1PCT,generated,5,448,10529.8,684,866,866,866,163
3,"Frame(FOR(Delta(BitPack)))",BETWEEN_1PCT,generated,6,448,10528.1,684,866,866,866,163
3,"Frame(FOR(Delta(BitPack)))",BETWEEN_1PCT,handwritten_monomorphized,0,196,25573.9,684,866,866,866,163
3,"Frame(FOR(Delta(BitPack)))",BETWEEN_1PCT,handwritten_monomorphized,1,196,25519.1,684,866,866,866,163
3,"Frame(FOR(Delta(BitPack)))",BETWEEN_1PCT,handwritten_monomorphized,2,196,25581.7,684,866,866,866,163
3,"Frame(FOR(Delta(BitPack)))",BETWEEN_1PCT,handwritten_monomorphized,3,196,25578.3,684,866,866,866,163
3,"Frame(FOR(Delta(BitPack)))",BETWEEN_1PCT,handwritten_monomorphized,4,196,25512.8,684,866,866,866,163
3,"Frame(FOR(Delta(BitPack)))",BETWEEN_1PCT,handwritten_monomorphized,5,196,25488.2,684,866,866,866,163
3,"Frame(FOR(Delta(BitPack)))",BETWEEN_1PCT,handwritten_monomorphized,6,196,25480.4,684,866,866,866,163
3,"Frame(FOR(Delta(BitPack)))",BETWEEN_70PCT,full_decode,0,32,152587.2,11208,866,866,866,16384
3,"Frame(FOR(Delta(BitPack)))",BETWEEN_70PCT,full_decode,1,32,152792.8,11208,866,866,866,16384
3,"Frame(FOR(Delta(BitPack)))",BETWEEN_70PCT,full_decode,2,32,152483.5,11208,866,866,866,16384
3,"Frame(FOR(Delta(BitPack)))",BETWEEN_70PCT,full_decode,3,32,152735.2,11208,866,866,866,16384
3,"Frame(FOR(Delta(BitPack)))",BETWEEN_70PCT,full_decode,4,32,152735.8,11208,866,866,866,16384
3,"Frame(FOR(Delta(BitPack)))",BETWEEN_70PCT,full_decode,5,32,152641.9,11208,866,866,866,16384
3,"Frame(FOR(Delta(BitPack)))",BETWEEN_70PCT,full_decode,6,32,152548.7,11208,866,866,866,16384
3,"Frame(FOR(Delta(BitPack)))",BETWEEN_70PCT,fused_decode,0,36,138530.1,11208,866,866,866,16384
3,"Frame(FOR(Delta(BitPack)))",BETWEEN_70PCT,fused_decode,1,36,138645.3,11208,866,866,866,16384
3,"Frame(FOR(Delta(BitPack)))",BETWEEN_70PCT,fused_decode,2,36,138160.1,11208,866,866,866,16384
3,"Frame(FOR(Delta(BitPack)))",BETWEEN_70PCT,fused_decode,3,36,138347.1,11208,866,866,866,16384
3,"Frame(FOR(Delta(BitPack)))",BETWEEN_70PCT,fused_decode,4,36,138426.6,11208,866,866,866,16384
3,"Frame(FOR(Delta(BitPack)))",BETWEEN_70PCT,fused_decode,5,36,138512.3,11208,866,866,866,16384
3,"Frame(FOR(Delta(BitPack)))",BETWEEN_70PCT,fused_decode,6,36,138334.0,11208,866,866,866,16384
3,"Frame(FOR(Delta(BitPack)))",BETWEEN_70PCT,interpreted_plan,0,1,56502381.0,8161,866,866,866,11703
3,"Frame(FOR(Delta(BitPack)))",BETWEEN_70PCT,interpreted_plan,1,1,56470354.0,8161,866,866,866,11703
3,"Frame(FOR(Delta(BitPack)))",BETWEEN_70PCT,interpreted_plan,2,1,56486488.0,8161,866,866,866,11703
3,"Frame(FOR(Delta(BitPack)))",BETWEEN_70PCT,interpreted_plan,3,1,56448842.0,8161,866,866,866,11703
3,"Frame(FOR(Delta(BitPack)))",BETWEEN_70PCT,interpreted_plan,4,1,56124958.0,8161,866,866,866,11703
3,"Frame(FOR(Delta(BitPack)))",BETWEEN_70PCT,interpreted_plan,5,1,56100332.0,8161,866,866,866,11703
3,"Frame(FOR(Delta(BitPack)))",BETWEEN_70PCT,interpreted_plan,6,1,56090827.0,8161,866,866,866,11703
3,"Frame(FOR(Delta(BitPack)))",BETWEEN_70PCT,generated_full_page_access,0,47,106662.8,8161,866,866,866,11703
3,"Frame(FOR(Delta(BitPack)))",BETWEEN_70PCT,generated_full_page_access,1,47,106707.6,8161,866,866,866,11703
3,"Frame(FOR(Delta(BitPack)))",BETWEEN_70PCT,generated_full_page_access,2,47,106424.2,8161,866,866,866,11703
3,"Frame(FOR(Delta(BitPack)))",BETWEEN_70PCT,generated_full_page_access,3,47,106660.3,8161,866,866,866,11703
3,"Frame(FOR(Delta(BitPack)))",BETWEEN_70PCT,generated_full_page_access,4,47,106478.7,8161,866,866,866,11703
3,"Frame(FOR(Delta(BitPack)))",BETWEEN_70PCT,generated_full_page_access,5,47,106486.2,8161,866,866,866,11703
3,"Frame(FOR(Delta(BitPack)))",BETWEEN_70PCT,generated_full_page_access,6,47,106486.2,8161,866,866,866,11703
3,"Frame(FOR(Delta(BitPack)))",BETWEEN_70PCT,generated,0,47,106494.5,8161,866,866,866,11703
3,"Frame(FOR(Delta(BitPack)))",BETWEEN_70PCT,generated,1,47,106672.9,8161,866,866,866,11703
3,"Frame(FOR(Delta(BitPack)))",BETWEEN_70PCT,generated,2,47,106605.5,8161,866,866,866,11703
3,"Frame(FOR(Delta(BitPack)))",BETWEEN_70PCT,generated,3,47,106314.9,8161,866,866,866,11703
3,"Frame(FOR(Delta(BitPack)))",BETWEEN_70PCT,generated,4,47,106722.9,8161,866,866,866,11703
3,"Frame(FOR(Delta(BitPack)))",BETWEEN_70PCT,generated,5,47,106565.0,8161,866,866,866,11703
3,"Frame(FOR(Delta(BitPack)))",BETWEEN_70PCT,generated,6,47,106485.6,8161,866,866,866,11703
3,"Frame(FOR(Delta(BitPack)))",BETWEEN_70PCT,handwritten_monomorphized,0,8,622240.1,8161,866,866,866,11703
3,"Frame(FOR(Delta(BitPack)))",BETWEEN_70PCT,handwritten_monomorphized,1,8,623239.0,8161,866,866,866,11703
3,"Frame(FOR(Delta(BitPack)))",BETWEEN_70PCT,handwritten_monomorphized,2,8,620751.6,8161,866,866,866,11703
3,"Frame(FOR(Delta(BitPack)))",BETWEEN_70PCT,handwritten_monomorphized,3,8,622644.4,8161,866,866,866,11703
3,"Frame(FOR(Delta(BitPack)))",BETWEEN_70PCT,handwritten_monomorphized,4,8,621529.0,8161,866,866,866,11703
3,"Frame(FOR(Delta(BitPack)))",BETWEEN_70PCT,handwritten_monomorphized,5,8,623413.0,8161,866,866,866,11703
3,"Frame(FOR(Delta(BitPack)))",BETWEEN_70PCT,handwritten_monomorphized,6,8,622260.1,8161,866,866,866,11703
3,"Frame(FOR(Delta(BitPack)))",FILTER_POINT,full_decode,0,35,139839.3,11208,866,866,866,16384
3,"Frame(FOR(Delta(BitPack)))",FILTER_POINT,full_decode,1,35,139810.1,11208,866,866,866,16384
3,"Frame(FOR(Delta(BitPack)))",FILTER_POINT,full_decode,2,35,139694.5,11208,866,866,866,16384
3,"Frame(FOR(Delta(BitPack)))",FILTER_POINT,full_decode,3,35,139842.7,11208,866,866,866,16384
3,"Frame(FOR(Delta(BitPack)))",FILTER_POINT,full_decode,4,35,139844.7,11208,866,866,866,16384
3,"Frame(FOR(Delta(BitPack)))",FILTER_POINT,full_decode,5,35,140355.8,11208,866,866,866,16384
3,"Frame(FOR(Delta(BitPack)))",FILTER_POINT,full_decode,6,35,140015.0,11208,866,866,866,16384
3,"Frame(FOR(Delta(BitPack)))",FILTER_POINT,fused_decode,0,39,124905.9,11208,866,866,866,16384
3,"Frame(FOR(Delta(BitPack)))",FILTER_POINT,fused_decode,1,39,124792.9,11208,866,866,866,16384
3,"Frame(FOR(Delta(BitPack)))",FILTER_POINT,fused_decode,2,39,124897.7,11208,866,866,866,16384
3,"Frame(FOR(Delta(BitPack)))",FILTER_POINT,fused_decode,3,39,124970.9,11208,866,866,866,16384
3,"Frame(FOR(Delta(BitPack)))",FILTER_POINT,fused_decode,4,39,124890.5,11208,866,866,866,16384
3,"Frame(FOR(Delta(BitPack)))",FILTER_POINT,fused_decode,5,39,124982.2,11208,866,866,866,16384
3,"Frame(FOR(Delta(BitPack)))",FILTER_POINT,fused_decode,6,39,125109.1,11208,866,866,866,16384
3,"Frame(FOR(Delta(BitPack)))",FILTER_POINT,interpreted_plan,0,1,78507629.0,11208,866,866,866,16384
3,"Frame(FOR(Delta(BitPack)))",FILTER_POINT,interpreted_plan,1,1,78503112.0,11208,866,866,866,16384
3,"Frame(FOR(Delta(BitPack)))",FILTER_POINT,interpreted_plan,2,1,78528581.0,11208,866,866,866,16384
3,"Frame(FOR(Delta(BitPack)))",FILTER_POINT,interpreted_plan,3,1,78480198.0,11208,866,866,866,16384
3,"Frame(FOR(Delta(BitPack)))",FILTER_POINT,interpreted_plan,4,1,78496122.0,11208,866,866,866,16384
3,"Frame(FOR(Delta(BitPack)))",FILTER_POINT,interpreted_plan,5,1,78494190.0,11208,866,866,866,16384
3,"Frame(FOR(Delta(BitPack)))",FILTER_POINT,interpreted_plan,6,1,78542181.0,11208,866,866,866,16384
3,"Frame(FOR(Delta(BitPack)))",FILTER_POINT,generated_full_page_access,0,211,22793.6,785,866,866,866,28
3,"Frame(FOR(Delta(BitPack)))",FILTER_POINT,generated_full_page_access,1,211,22761.0,785,866,866,866,28
3,"Frame(FOR(Delta(BitPack)))",FILTER_POINT,generated_full_page_access,2,211,22723.8,785,866,866,866,28
3,"Frame(FOR(Delta(BitPack)))",FILTER_POINT,generated_full_page_access,3,211,22759.9,785,866,866,866,28
3,"Frame(FOR(Delta(BitPack)))",FILTER_POINT,generated_full_page_access,4,211,22751.2,785,866,866,866,28
3,"Frame(FOR(Delta(BitPack)))",FILTER_POINT,generated_full_page_access,5,211,22720.0,785,866,866,866,28
3,"Frame(FOR(Delta(BitPack)))",FILTER_POINT,generated_full_page_access,6,211,22701.5,785,866,866,866,28
3,"Frame(FOR(Delta(BitPack)))",FILTER_POINT,generated,0,218,22796.3,785,866,866,866,28
3,"Frame(FOR(Delta(BitPack)))",FILTER_POINT,generated,1,218,22798.9,785,866,866,866,28
3,"Frame(FOR(Delta(BitPack)))",FILTER_POINT,generated,2,218,22790.5,785,866,866,866,28
3,"Frame(FOR(Delta(BitPack)))",FILTER_POINT,generated,3,218,22812.3,785,866,866,866,28
3,"Frame(FOR(Delta(BitPack)))",FILTER_POINT,generated,4,218,22811.0,785,866,866,866,28
3,"Frame(FOR(Delta(BitPack)))",FILTER_POINT,generated,5,218,22787.7,785,866,866,866,28
3,"Frame(FOR(Delta(BitPack)))",FILTER_POINT,generated,6,218,22762.0,785,866,866,866,28
3,"Frame(FOR(Delta(BitPack)))",FILTER_POINT,handwritten_monomorphized,0,59,83869.6,785,866,866,866,28
3,"Frame(FOR(Delta(BitPack)))",FILTER_POINT,handwritten_monomorphized,1,59,83805.1,785,866,866,866,28
3,"Frame(FOR(Delta(BitPack)))",FILTER_POINT,handwritten_monomorphized,2,59,83897.1,785,866,866,866,28
3,"Frame(FOR(Delta(BitPack)))",FILTER_POINT,handwritten_monomorphized,3,59,83786.1,785,866,866,866,28
3,"Frame(FOR(Delta(BitPack)))",FILTER_POINT,handwritten_monomorphized,4,59,83697.5,785,866,866,866,28
3,"Frame(FOR(Delta(BitPack)))",FILTER_POINT,handwritten_monomorphized,5,59,83675.4,785,866,866,866,28
3,"Frame(FOR(Delta(BitPack)))",FILTER_POINT,handwritten_monomorphized,6,59,83821.9,785,866,866,866,28
3,"Frame(FOR(Delta(BitPack)))",FILTER_50PCT,full_decode,0,32,156225.4,11208,866,866,866,16384
3,"Frame(FOR(Delta(BitPack)))",FILTER_50PCT,full_decode,1,32,156119.9,11208,866,866,866,16384
3,"Frame(FOR(Delta(BitPack)))",FILTER_50PCT,full_decode,2,32,156120.8,11208,866,866,866,16384
3,"Frame(FOR(Delta(BitPack)))",FILTER_50PCT,full_decode,3,32,156116.8,11208,866,866,866,16384
3,"Frame(FOR(Delta(BitPack)))",FILTER_50PCT,full_decode,4,32,155964.1,11208,866,866,866,16384
3,"Frame(FOR(Delta(BitPack)))",FILTER_50PCT,full_decode,5,32,156250.1,11208,866,866,866,16384
3,"Frame(FOR(Delta(BitPack)))",FILTER_50PCT,full_decode,6,32,156188.5,11208,866,866,866,16384
3,"Frame(FOR(Delta(BitPack)))",FILTER_50PCT,fused_decode,0,35,140080.0,11208,866,866,866,16384
3,"Frame(FOR(Delta(BitPack)))",FILTER_50PCT,fused_decode,1,35,139710.0,11208,866,866,866,16384
3,"Frame(FOR(Delta(BitPack)))",FILTER_50PCT,fused_decode,2,35,139835.6,11208,866,866,866,16384
3,"Frame(FOR(Delta(BitPack)))",FILTER_50PCT,fused_decode,3,35,139817.8,11208,866,866,866,16384
3,"Frame(FOR(Delta(BitPack)))",FILTER_50PCT,fused_decode,4,35,139721.4,11208,866,866,866,16384
3,"Frame(FOR(Delta(BitPack)))",FILTER_50PCT,fused_decode,5,35,139537.4,11208,866,866,866,16384
3,"Frame(FOR(Delta(BitPack)))",FILTER_50PCT,fused_decode,6,35,139819.6,11208,866,866,866,16384
3,"Frame(FOR(Delta(BitPack)))",FILTER_50PCT,interpreted_plan,0,1,78615431.0,11208,866,866,866,16384
3,"Frame(FOR(Delta(BitPack)))",FILTER_50PCT,interpreted_plan,1,1,78489613.0,11208,866,866,866,16384
3,"Frame(FOR(Delta(BitPack)))",FILTER_50PCT,interpreted_plan,2,1,78633648.0,11208,866,866,866,16384
3,"Frame(FOR(Delta(BitPack)))",FILTER_50PCT,interpreted_plan,3,1,78522352.0,11208,866,866,866,16384
3,"Frame(FOR(Delta(BitPack)))",FILTER_50PCT,interpreted_plan,4,1,78544416.0,11208,866,866,866,16384
3,"Frame(FOR(Delta(BitPack)))",FILTER_50PCT,interpreted_plan,5,1,78557114.0,11208,866,866,866,16384
3,"Frame(FOR(Delta(BitPack)))",FILTER_50PCT,interpreted_plan,6,1,78655611.0,11208,866,866,866,16384
3,"Frame(FOR(Delta(BitPack)))",FILTER_50PCT,generated_full_page_access,0,186,26938.9,913,866,866,866,27
3,"Frame(FOR(Delta(BitPack)))",FILTER_50PCT,generated_full_page_access,1,186,26865.8,913,866,866,866,27
3,"Frame(FOR(Delta(BitPack)))",FILTER_50PCT,generated_full_page_access,2,186,26907.0,913,866,866,866,27
3,"Frame(FOR(Delta(BitPack)))",FILTER_50PCT,generated_full_page_access,3,186,26930.3,913,866,866,866,27
3,"Frame(FOR(Delta(BitPack)))",FILTER_50PCT,generated_full_page_access,4,186,26900.9,913,866,866,866,27
3,"Frame(FOR(Delta(BitPack)))",FILTER_50PCT,generated_full_page_access,5,186,26881.5,913,866,866,866,27
3,"Frame(FOR(Delta(BitPack)))",FILTER_50PCT,generated_full_page_access,6,186,26913.9,913,866,866,866,27
3,"Frame(FOR(Delta(BitPack)))",FILTER_50PCT,generated,0,183,26958.2,913,866,866,866,27
3,"Frame(FOR(Delta(BitPack)))",FILTER_50PCT,generated,1,183,27019.3,913,866,866,866,27
3,"Frame(FOR(Delta(BitPack)))",FILTER_50PCT,generated,2,183,27042.8,913,866,866,866,27
3,"Frame(FOR(Delta(BitPack)))",FILTER_50PCT,generated,3,183,26973.0,913,866,866,866,27
3,"Frame(FOR(Delta(BitPack)))",FILTER_50PCT,generated,4,183,26949.2,913,866,866,866,27
3,"Frame(FOR(Delta(BitPack)))",FILTER_50PCT,generated,5,183,27043.4,913,866,866,866,27
3,"Frame(FOR(Delta(BitPack)))",FILTER_50PCT,generated,6,183,26969.7,913,866,866,866,27
3,"Frame(FOR(Delta(BitPack)))",FILTER_50PCT,handwritten_monomorphized,0,45,110201.4,913,866,866,866,27
3,"Frame(FOR(Delta(BitPack)))",FILTER_50PCT,handwritten_monomorphized,1,45,110392.8,913,866,866,866,27
3,"Frame(FOR(Delta(BitPack)))",FILTER_50PCT,handwritten_monomorphized,2,45,110211.4,913,866,866,866,27
3,"Frame(FOR(Delta(BitPack)))",FILTER_50PCT,handwritten_monomorphized,3,45,110309.3,913,866,866,866,27
3,"Frame(FOR(Delta(BitPack)))",FILTER_50PCT,handwritten_monomorphized,4,45,110060.1,913,866,866,866,27
3,"Frame(FOR(Delta(BitPack)))",FILTER_50PCT,handwritten_monomorphized,5,45,110484.0,913,866,866,866,27
3,"Frame(FOR(Delta(BitPack)))",FILTER_50PCT,handwritten_monomorphized,6,45,110265.7,913,866,866,866,27
4,"Patch(Dictionary(BitPack))",GET,full_decode,0,8,579816.8,4904,4912,4912,4928,16384
4,"Patch(Dictionary(BitPack))",GET,full_decode,1,8,581096.1,4904,4912,4912,4928,16384
4,"Patch(Dictionary(BitPack))",GET,full_decode,2,8,579744.1,4904,4912,4912,4928,16384
4,"Patch(Dictionary(BitPack))",GET,full_decode,3,8,584507.5,4904,4912,4912,4928,16384
4,"Patch(Dictionary(BitPack))",GET,full_decode,4,8,580936.0,4904,4912,4912,4928,16384
4,"Patch(Dictionary(BitPack))",GET,full_decode,5,8,579883.0,4904,4912,4912,4928,16384
4,"Patch(Dictionary(BitPack))",GET,full_decode,6,8,579565.1,4904,4912,4912,4928,16384
4,"Patch(Dictionary(BitPack))",GET,fused_decode,0,8,570184.9,4904,4912,4912,4928,16384
4,"Patch(Dictionary(BitPack))",GET,fused_decode,1,8,569277.2,4904,4912,4912,4928,16384
4,"Patch(Dictionary(BitPack))",GET,fused_decode,2,8,568517.4,4904,4912,4912,4928,16384
4,"Patch(Dictionary(BitPack))",GET,fused_decode,3,8,569258.5,4904,4912,4912,4928,16384
4,"Patch(Dictionary(BitPack))",GET,fused_decode,4,8,569463.9,4904,4912,4912,4928,16384
4,"Patch(Dictionary(BitPack))",GET,fused_decode,5,8,568608.8,4904,4912,4912,4928,16384
4,"Patch(Dictionary(BitPack))",GET,fused_decode,6,8,570894.6,4904,4912,4912,4928,16384
4,"Patch(Dictionary(BitPack))",GET,interpreted_plan,0,3219,1324.2,629,720,720,4928,1
4,"Patch(Dictionary(BitPack))",GET,interpreted_plan,1,3219,1335.1,629,720,720,4928,1
4,"Patch(Dictionary(BitPack))",GET,interpreted_plan,2,3219,1340.5,629,720,720,4928,1
4,"Patch(Dictionary(BitPack))",GET,interpreted_plan,3,3219,1344.6,629,720,720,4928,1
4,"Patch(Dictionary(BitPack))",GET,interpreted_plan,4,3219,1334.9,629,720,720,4928,1
4,"Patch(Dictionary(BitPack))",GET,interpreted_plan,5,3219,1317.5,629,720,720,4928,1
4,"Patch(Dictionary(BitPack))",GET,interpreted_plan,6,3219,1342.8,629,720,720,4928,1
4,"Patch(Dictionary(BitPack))",GET,generated_full_page_access,0,4198,1138.8,629,4928,4928,4928,1
4,"Patch(Dictionary(BitPack))",GET,generated_full_page_access,1,4198,1142.2,629,4928,4928,4928,1
4,"Patch(Dictionary(BitPack))",GET,generated_full_page_access,2,4198,1141.7,629,4928,4928,4928,1
4,"Patch(Dictionary(BitPack))",GET,generated_full_page_access,3,4198,1134.2,629,4928,4928,4928,1
4,"Patch(Dictionary(BitPack))",GET,generated_full_page_access,4,4198,1140.3,629,4928,4928,4928,1
4,"Patch(Dictionary(BitPack))",GET,generated_full_page_access,5,4198,1137.8,629,4928,4928,4928,1
4,"Patch(Dictionary(BitPack))",GET,generated_full_page_access,6,4198,1135.8,629,4928,4928,4928,1
4,"Patch(Dictionary(BitPack))",GET,generated,0,3396,1396.7,629,720,720,4928,1
4,"Patch(Dictionary(BitPack))",GET,generated,1,3396,1392.0,629,720,720,4928,1
4,"Patch(Dictionary(BitPack))",GET,generated,2,3396,1413.0,629,720,720,4928,1
4,"Patch(Dictionary(BitPack))",GET,generated,3,3396,1407.0,629,720,720,4928,1
4,"Patch(Dictionary(BitPack))",GET,generated,4,3396,1412.2,629,720,720,4928,1
4,"Patch(Dictionary(BitPack))",GET,generated,5,3396,1422.0,629,720,720,4928,1
4,"Patch(Dictionary(BitPack))",GET,generated,6,3396,1422.4,629,720,720,4928,1
4,"Patch(Dictionary(BitPack))",GET,handwritten_monomorphized,0,3396,1409.9,629,720,720,4928,1
4,"Patch(Dictionary(BitPack))",GET,handwritten_monomorphized,1,3396,1413.3,629,720,720,4928,1
4,"Patch(Dictionary(BitPack))",GET,handwritten_monomorphized,2,3396,1418.2,629,720,720,4928,1
4,"Patch(Dictionary(BitPack))",GET,handwritten_monomorphized,3,3396,1398.1,629,720,720,4928,1
4,"Patch(Dictionary(BitPack))",GET,handwritten_monomorphized,4,3396,1400.1,629,720,720,4928,1
4,"Patch(Dictionary(BitPack))",GET,handwritten_monomorphized,5,3396,1398.0,629,720,720,4928,1
4,"Patch(Dictionary(BitPack))",GET,handwritten_monomorphized,6,3396,1405.6,629,720,720,4928,1
4,"Patch(Dictionary(BitPack))",SUM_1PCT,full_decode,0,8,580769.4,4904,4912,4912,4928,16384
4,"Patch(Dictionary(BitPack))",SUM_1PCT,full_decode,1,8,579284.6,4904,4912,4912,4928,16384
4,"Patch(Dictionary(BitPack))",SUM_1PCT,full_decode,2,8,578292.0,4904,4912,4912,4928,16384
4,"Patch(Dictionary(BitPack))",SUM_1PCT,full_decode,3,8,578958.0,4904,4912,4912,4928,16384
4,"Patch(Dictionary(BitPack))",SUM_1PCT,full_decode,4,8,579418.6,4904,4912,4912,4928,16384
4,"Patch(Dictionary(BitPack))",SUM_1PCT,full_decode,5,8,578650.1,4904,4912,4912,4928,16384
4,"Patch(Dictionary(BitPack))",SUM_1PCT,full_decode,6,8,579810.5,4904,4912,4912,4928,16384
4,"Patch(Dictionary(BitPack))",SUM_1PCT,fused_decode,0,8,572999.1,4904,4912,4912,4928,16384
4,"Patch(Dictionary(BitPack))",SUM_1PCT,fused_decode,1,8,572518.4,4904,4912,4912,4928,16384
4,"Patch(Dictionary(BitPack))",SUM_1PCT,fused_decode,2,8,573109.2,4904,4912,4912,4928,16384
4,"Patch(Dictionary(BitPack))",SUM_1PCT,fused_decode,3,8,572761.2,4904,4912,4912,4928,16384
4,"Patch(Dictionary(BitPack))",SUM_1PCT,fused_decode,4,8,571902.4,4904,4912,4912,4928,16384
4,"Patch(Dictionary(BitPack))",SUM_1PCT,fused_decode,5,8,572121.5,4904,4912,4912,4928,16384
4,"Patch(Dictionary(BitPack))",SUM_1PCT,fused_decode,6,8,574311.0,4904,4912,4912,4928,16384
4,"Patch(Dictionary(BitPack))",SUM_1PCT,interpreted_plan,0,73,68383.7,694,752,752,4928,163
4,"Patch(Dictionary(BitPack))",SUM_1PCT,interpreted_plan,1,73,68353.0,694,752,752,4928,163
4,"Patch(Dictionary(BitPack))",SUM_1PCT,interpreted_plan,2,73,68398.8,694,752,752,4928,163
4,"Patch(Dictionary(BitPack))",SUM_1PCT,interpreted_plan,3,73,68495.8,694,752,752,4928,163
4,"Patch(Dictionary(BitPack))",SUM_1PCT,interpreted_plan,4,73,68333.5,694,752,752,4928,163
4,"Patch(Dictionary(BitPack))",SUM_1PCT,interpreted_plan,5,73,68311.0,694,752,752,4928,163
4,"Patch(Dictionary(BitPack))",SUM_1PCT,interpreted_plan,6,73,68200.4,694,752,752,4928,163
4,"Patch(Dictionary(BitPack))",SUM_1PCT,generated_full_page_access,0,753,6527.4,694,4928,4928,4928,163
4,"Patch(Dictionary(BitPack))",SUM_1PCT,generated_full_page_access,1,753,6520.8,694,4928,4928,4928,163
4,"Patch(Dictionary(BitPack))",SUM_1PCT,generated_full_page_access,2,753,6511.9,694,4928,4928,4928,163
4,"Patch(Dictionary(BitPack))",SUM_1PCT,generated_full_page_access,3,753,6514.2,694,4928,4928,4928,163
4,"Patch(Dictionary(BitPack))",SUM_1PCT,generated_full_page_access,4,753,6546.4,694,4928,4928,4928,163
4,"Patch(Dictionary(BitPack))",SUM_1PCT,generated_full_page_access,5,753,6553.5,694,4928,4928,4928,163
4,"Patch(Dictionary(BitPack))",SUM_1PCT,generated_full_page_access,6,753,6532.6,694,4928,4928,4928,163
4,"Patch(Dictionary(BitPack))",SUM_1PCT,generated,0,687,7064.1,694,752,752,4928,163
4,"Patch(Dictionary(BitPack))",SUM_1PCT,generated,1,687,7060.4,694,752,752,4928,163
4,"Patch(Dictionary(BitPack))",SUM_1PCT,generated,2,687,7050.5,694,752,752,4928,163
4,"Patch(Dictionary(BitPack))",SUM_1PCT,generated,3,687,7045.9,694,752,752,4928,163
4,"Patch(Dictionary(BitPack))",SUM_1PCT,generated,4,687,7060.2,694,752,752,4928,163
4,"Patch(Dictionary(BitPack))",SUM_1PCT,generated,5,687,7065.7,694,752,752,4928,163
4,"Patch(Dictionary(BitPack))",SUM_1PCT,generated,6,687,7048.0,694,752,752,4928,163
4,"Patch(Dictionary(BitPack))",SUM_1PCT,handwritten_monomorphized,0,369,13320.2,694,752,752,4928,163
4,"Patch(Dictionary(BitPack))",SUM_1PCT,handwritten_monomorphized,1,369,13306.5,694,752,752,4928,163
4,"Patch(Dictionary(BitPack))",SUM_1PCT,handwritten_monomorphized,2,369,13281.6,694,752,752,4928,163
4,"Patch(Dictionary(BitPack))",SUM_1PCT,handwritten_monomorphized,3,369,13285.1,694,752,752,4928,163
4,"Patch(Dictionary(BitPack))",SUM_1PCT,handwritten_monomorphized,4,369,13292.7,694,752,752,4928,163
4,"Patch(Dictionary(BitPack))",SUM_1PCT,handwritten_monomorphized,5,369,13305.1,694,752,752,4928,163
4,"Patch(Dictionary(BitPack))",SUM_1PCT,handwritten_monomorphized,6,369,13292.9,694,752,752,4928,163
4,"Patch(Dictionary(BitPack))",SUM_70PCT,full_decode,0,8,586768.4,4904,4912,4912,4928,16384
4,"Patch(Dictionary(BitPack))",SUM_70PCT,full_decode,1,8,587359.2,4904,4912,4912,4928,16384
4,"Patch(Dictionary(BitPack))",SUM_70PCT,full_decode,2,8,586292.6,4904,4912,4912,4928,16384
4,"Patch(Dictionary(BitPack))",SUM_70PCT,full_decode,3,8,587066.4,4904,4912,4912,4928,16384
4,"Patch(Dictionary(BitPack))",SUM_70PCT,full_decode,4,8,587077.6,4904,4912,4912,4928,16384
4,"Patch(Dictionary(BitPack))",SUM_70PCT,full_decode,5,8,586928.6,4904,4912,4912,4928,16384
4,"Patch(Dictionary(BitPack))",SUM_70PCT,full_decode,6,8,587264.1,4904,4912,4912,4928,16384
4,"Patch(Dictionary(BitPack))",SUM_70PCT,fused_decode,0,8,578539.8,4904,4912,4912,4928,16384
4,"Patch(Dictionary(BitPack))",SUM_70PCT,fused_decode,1,8,580073.4,4904,4912,4912,4928,16384
4,"Patch(Dictionary(BitPack))",SUM_70PCT,fused_decode,2,8,577698.6,4904,4912,4912,4928,16384
4,"Patch(Dictionary(BitPack))",SUM_70PCT,fused_decode,3,8,592558.2,4904,4912,4912,4928,16384
4,"Patch(Dictionary(BitPack))",SUM_70PCT,fused_decode,4,8,578092.9,4904,4912,4912,4928,16384
4,"Patch(Dictionary(BitPack))",SUM_70PCT,fused_decode,5,8,577412.0,4904,4912,4912,4928,16384
4,"Patch(Dictionary(BitPack))",SUM_70PCT,fused_decode,6,8,579051.9,4904,4912,4912,4928,16384
4,"Patch(Dictionary(BitPack))",SUM_70PCT,interpreted_plan,0,1,4887025.0,3698,3760,3760,4928,11703
4,"Patch(Dictionary(BitPack))",SUM_70PCT,interpreted_plan,1,1,4875067.0,3698,3760,3760,4928,11703
4,"Patch(Dictionary(BitPack))",SUM_70PCT,interpreted_plan,2,1,4875518.0,3698,3760,3760,4928,11703
4,"Patch(Dictionary(BitPack))",SUM_70PCT,interpreted_plan,3,1,4866054.0,3698,3760,3760,4928,11703
4,"Patch(Dictionary(BitPack))",SUM_70PCT,interpreted_plan,4,1,4893024.0,3698,3760,3760,4928,11703
4,"Patch(Dictionary(BitPack))",SUM_70PCT,interpreted_plan,5,1,4879864.0,3698,3760,3760,4928,11703
4,"Patch(Dictionary(BitPack))",SUM_70PCT,interpreted_plan,6,1,4892773.0,3698,3760,3760,4928,11703
4,"Patch(Dictionary(BitPack))",SUM_70PCT,generated_full_page_access,0,12,392812.2,3698,4928,4928,4928,11703
4,"Patch(Dictionary(BitPack))",SUM_70PCT,generated_full_page_access,1,12,392806.4,3698,4928,4928,4928,11703
4,"Patch(Dictionary(BitPack))",SUM_70PCT,generated_full_page_access,2,12,392957.4,3698,4928,4928,4928,11703
4,"Patch(Dictionary(BitPack))",SUM_70PCT,generated_full_page_access,3,12,392682.8,3698,4928,4928,4928,11703
4,"Patch(Dictionary(BitPack))",SUM_70PCT,generated_full_page_access,4,12,392132.8,3698,4928,4928,4928,11703
4,"Patch(Dictionary(BitPack))",SUM_70PCT,generated_full_page_access,5,12,392456.7,3698,4928,4928,4928,11703
4,"Patch(Dictionary(BitPack))",SUM_70PCT,generated_full_page_access,6,12,393388.1,3698,4928,4928,4928,11703
4,"Patch(Dictionary(BitPack))",SUM_70PCT,generated,0,12,406631.2,3698,3760,3760,4928,11703
4,"Patch(Dictionary(BitPack))",SUM_70PCT,generated,1,12,407323.8,3698,3760,3760,4928,11703
4,"Patch(Dictionary(BitPack))",SUM_70PCT,generated,2,12,406807.2,3698,3760,3760,4928,11703
4,"Patch(Dictionary(BitPack))",SUM_70PCT,generated,3,12,406619.5,3698,3760,3760,4928,11703
4,"Patch(Dictionary(BitPack))",SUM_70PCT,generated,4,12,406074.5,3698,3760,3760,4928,11703
4,"Patch(Dictionary(BitPack))",SUM_70PCT,generated,5,12,406859.8,3698,3760,3760,4928,11703
4,"Patch(Dictionary(BitPack))",SUM_70PCT,generated,6,12,406383.3,3698,3760,3760,4928,11703
4,"Patch(Dictionary(BitPack))",SUM_70PCT,handwritten_monomorphized,0,5,853141.4,3698,3760,3760,4928,11703
4,"Patch(Dictionary(BitPack))",SUM_70PCT,handwritten_monomorphized,1,5,854563.6,3698,3760,3760,4928,11703
4,"Patch(Dictionary(BitPack))",SUM_70PCT,handwritten_monomorphized,2,5,854838.0,3698,3760,3760,4928,11703
4,"Patch(Dictionary(BitPack))",SUM_70PCT,handwritten_monomorphized,3,5,852763.0,3698,3760,3760,4928,11703
4,"Patch(Dictionary(BitPack))",SUM_70PCT,handwritten_monomorphized,4,5,855178.6,3698,3760,3760,4928,11703
4,"Patch(Dictionary(BitPack))",SUM_70PCT,handwritten_monomorphized,5,5,854145.0,3698,3760,3760,4928,11703
4,"Patch(Dictionary(BitPack))",SUM_70PCT,handwritten_monomorphized,6,5,854681.8,3698,3760,3760,4928,11703
4,"Patch(Dictionary(BitPack))",BETWEEN_1PCT,full_decode,0,8,580057.1,4904,4912,4912,4928,16384
4,"Patch(Dictionary(BitPack))",BETWEEN_1PCT,full_decode,1,8,579858.1,4904,4912,4912,4928,16384
4,"Patch(Dictionary(BitPack))",BETWEEN_1PCT,full_decode,2,8,579331.1,4904,4912,4912,4928,16384
4,"Patch(Dictionary(BitPack))",BETWEEN_1PCT,full_decode,3,8,580837.0,4904,4912,4912,4928,16384
4,"Patch(Dictionary(BitPack))",BETWEEN_1PCT,full_decode,4,8,580133.5,4904,4912,4912,4928,16384
4,"Patch(Dictionary(BitPack))",BETWEEN_1PCT,full_decode,5,8,582600.9,4904,4912,4912,4928,16384
4,"Patch(Dictionary(BitPack))",BETWEEN_1PCT,full_decode,6,8,580762.0,4904,4912,4912,4928,16384
4,"Patch(Dictionary(BitPack))",BETWEEN_1PCT,fused_decode,0,8,578015.2,4904,4912,4912,4928,16384
4,"Patch(Dictionary(BitPack))",BETWEEN_1PCT,fused_decode,1,8,577564.8,4904,4912,4912,4928,16384
4,"Patch(Dictionary(BitPack))",BETWEEN_1PCT,fused_decode,2,8,578191.9,4904,4912,4912,4928,16384
4,"Patch(Dictionary(BitPack))",BETWEEN_1PCT,fused_decode,3,8,577966.5,4904,4912,4912,4928,16384
4,"Patch(Dictionary(BitPack))",BETWEEN_1PCT,fused_decode,4,8,577604.8,4904,4912,4912,4928,16384
4,"Patch(Dictionary(BitPack))",BETWEEN_1PCT,fused_decode,5,8,577553.4,4904,4912,4912,4928,16384
4,"Patch(Dictionary(BitPack))",BETWEEN_1PCT,fused_decode,6,8,577195.4,4904,4912,4912,4928,16384
4,"Patch(Dictionary(BitPack))",BETWEEN_1PCT,interpreted_plan,0,70,71647.2,694,752,752,4928,163
4,"Patch(Dictionary(BitPack))",BETWEEN_1PCT,interpreted_plan,1,70,72863.3,694,752,752,4928,163
4,"Patch(Dictionary(BitPack))",BETWEEN_1PCT,interpreted_plan,2,70,72681.3,694,752,752,4928,163
4,"Patch(Dictionary(BitPack))",BETWEEN_1PCT,interpreted_plan,3,70,72733.3,694,752,752,4928,163
4,"Patch(Dictionary(BitPack))",BETWEEN_1PCT,interpreted_plan,4,70,72756.9,694,752,752,4928,163
4,"Patch(Dictionary(BitPack))",BETWEEN_1PCT,interpreted_plan,5,70,72724.6,694,752,752,4928,163
4,"Patch(Dictionary(BitPack))",BETWEEN_1PCT,interpreted_plan,6,70,72885.2,694,752,752,4928,163
4,"Patch(Dictionary(BitPack))",BETWEEN_1PCT,generated_full_page_access,0,662,7021.8,694,4928,4928,4928,163
4,"Patch(Dictionary(BitPack))",BETWEEN_1PCT,generated_full_page_access,1,662,7035.3,694,4928,4928,4928,163
4,"Patch(Dictionary(BitPack))",BETWEEN_1PCT,generated_full_page_access,2,662,7017.2,694,4928,4928,4928,163
4,"Patch(Dictionary(BitPack))",BETWEEN_1PCT,generated_full_page_access,3,662,7042.2,694,4928,4928,4928,163
4,"Patch(Dictionary(BitPack))",BETWEEN_1PCT,generated_full_page_access,4,662,7038.0,694,4928,4928,4928,163
4,"Patch(Dictionary(BitPack))",BETWEEN_1PCT,generated_full_page_access,5,662,7012.1,694,4928,4928,4928,163
4,"Patch(Dictionary(BitPack))",BETWEEN_1PCT,generated_full_page_access,6,662,7040.0,694,4928,4928,4928,163
4,"Patch(Dictionary(BitPack))",BETWEEN_1PCT,generated,0,636,7586.0,694,752,752,4928,163
4,"Patch(Dictionary(BitPack))",BETWEEN_1PCT,generated,1,636,7567.0,694,752,752,4928,163
4,"Patch(Dictionary(BitPack))",BETWEEN_1PCT,generated,2,636,7568.2,694,752,752,4928,163
4,"Patch(Dictionary(BitPack))",BETWEEN_1PCT,generated,3,636,7587.0,694,752,752,4928,163
4,"Patch(Dictionary(BitPack))",BETWEEN_1PCT,generated,4,636,7575.8,694,752,752,4928,163
4,"Patch(Dictionary(BitPack))",BETWEEN_1PCT,generated,5,636,7563.2,694,752,752,4928,163
4,"Patch(Dictionary(BitPack))",BETWEEN_1PCT,generated,6,636,7568.7,694,752,752,4928,163
4,"Patch(Dictionary(BitPack))",BETWEEN_1PCT,handwritten_monomorphized,0,355,13787.5,694,752,752,4928,163
4,"Patch(Dictionary(BitPack))",BETWEEN_1PCT,handwritten_monomorphized,1,355,13782.8,694,752,752,4928,163
4,"Patch(Dictionary(BitPack))",BETWEEN_1PCT,handwritten_monomorphized,2,355,13758.4,694,752,752,4928,163
4,"Patch(Dictionary(BitPack))",BETWEEN_1PCT,handwritten_monomorphized,3,355,13807.7,694,752,752,4928,163
4,"Patch(Dictionary(BitPack))",BETWEEN_1PCT,handwritten_monomorphized,4,355,13792.5,694,752,752,4928,163
4,"Patch(Dictionary(BitPack))",BETWEEN_1PCT,handwritten_monomorphized,5,355,13848.3,694,752,752,4928,163
4,"Patch(Dictionary(BitPack))",BETWEEN_1PCT,handwritten_monomorphized,6,355,13814.6,694,752,752,4928,163
4,"Patch(Dictionary(BitPack))",BETWEEN_70PCT,full_decode,0,8,608940.2,4904,4912,4912,4928,16384
4,"Patch(Dictionary(BitPack))",BETWEEN_70PCT,full_decode,1,8,608914.0,4904,4912,4912,4928,16384
4,"Patch(Dictionary(BitPack))",BETWEEN_70PCT,full_decode,2,8,609780.2,4904,4912,4912,4928,16384
4,"Patch(Dictionary(BitPack))",BETWEEN_70PCT,full_decode,3,8,609174.4,4904,4912,4912,4928,16384
4,"Patch(Dictionary(BitPack))",BETWEEN_70PCT,full_decode,4,8,609045.4,4904,4912,4912,4928,16384
4,"Patch(Dictionary(BitPack))",BETWEEN_70PCT,full_decode,5,8,607638.2,4904,4912,4912,4928,16384
4,"Patch(Dictionary(BitPack))",BETWEEN_70PCT,full_decode,6,8,607160.1,4904,4912,4912,4928,16384
4,"Patch(Dictionary(BitPack))",BETWEEN_70PCT,fused_decode,0,8,598040.1,4904,4912,4912,4928,16384
4,"Patch(Dictionary(BitPack))",BETWEEN_70PCT,fused_decode,1,8,598594.8,4904,4912,4912,4928,16384
4,"Patch(Dictionary(BitPack))",BETWEEN_70PCT,fused_decode,2,8,597345.4,4904,4912,4912,4928,16384
4,"Patch(Dictionary(BitPack))",BETWEEN_70PCT,fused_decode,3,8,597309.1,4904,4912,4912,4928,16384
4,"Patch(Dictionary(BitPack))",BETWEEN_70PCT,fused_decode,4,8,598900.2,4904,4912,4912,4928,16384
4,"Patch(Dictionary(BitPack))",BETWEEN_70PCT,fused_decode,5,8,598616.0,4904,4912,4912,4928,16384
4,"Patch(Dictionary(BitPack))",BETWEEN_70PCT,fused_decode,6,8,597960.1,4904,4912,4912,4928,16384
4,"Patch(Dictionary(BitPack))",BETWEEN_70PCT,interpreted_plan,0,1,5211339.0,3698,3760,3760,4928,11703
4,"Patch(Dictionary(BitPack))",BETWEEN_70PCT,interpreted_plan,1,1,5212301.0,3698,3760,3760,4928,11703
4,"Patch(Dictionary(BitPack))",BETWEEN_70PCT,interpreted_plan,2,1,5211510.0,3698,3760,3760,4928,11703
4,"Patch(Dictionary(BitPack))",BETWEEN_70PCT,interpreted_plan,3,1,5204709.0,3698,3760,3760,4928,11703
4,"Patch(Dictionary(BitPack))",BETWEEN_70PCT,interpreted_plan,4,1,5220413.0,3698,3760,3760,4928,11703
4,"Patch(Dictionary(BitPack))",BETWEEN_70PCT,interpreted_plan,5,1,5204619.0,3698,3760,3760,4928,11703
4,"Patch(Dictionary(BitPack))",BETWEEN_70PCT,interpreted_plan,6,1,5204469.0,3698,3760,3760,4928,11703
4,"Patch(Dictionary(BitPack))",BETWEEN_70PCT,generated_full_page_access,0,11,416019.2,3698,4928,4928,4928,11703
4,"Patch(Dictionary(BitPack))",BETWEEN_70PCT,generated_full_page_access,1,11,416654.6,3698,4928,4928,4928,11703
4,"Patch(Dictionary(BitPack))",BETWEEN_70PCT,generated_full_page_access,2,11,416358.7,3698,4928,4928,4928,11703
4,"Patch(Dictionary(BitPack))",BETWEEN_70PCT,generated_full_page_access,3,11,416602.8,3698,4928,4928,4928,11703
4,"Patch(Dictionary(BitPack))",BETWEEN_70PCT,generated_full_page_access,4,11,416889.5,3698,4928,4928,4928,11703
4,"Patch(Dictionary(BitPack))",BETWEEN_70PCT,generated_full_page_access,5,11,416860.4,3698,4928,4928,4928,11703
4,"Patch(Dictionary(BitPack))",BETWEEN_70PCT,generated_full_page_access,6,11,416698.4,3698,4928,4928,4928,11703
4,"Patch(Dictionary(BitPack))",BETWEEN_70PCT,generated,0,11,431141.7,3698,3760,3760,4928,11703
4,"Patch(Dictionary(BitPack))",BETWEEN_70PCT,generated,1,11,430145.7,3698,3760,3760,4928,11703
4,"Patch(Dictionary(BitPack))",BETWEEN_70PCT,generated,2,11,431547.8,3698,3760,3760,4928,11703
4,"Patch(Dictionary(BitPack))",BETWEEN_70PCT,generated,3,11,429985.5,3698,3760,3760,4928,11703
4,"Patch(Dictionary(BitPack))",BETWEEN_70PCT,generated,4,11,430958.8,3698,3760,3760,4928,11703
4,"Patch(Dictionary(BitPack))",BETWEEN_70PCT,generated,5,11,430500.8,3698,3760,3760,4928,11703
4,"Patch(Dictionary(BitPack))",BETWEEN_70PCT,generated,6,11,429838.0,3698,3760,3760,4928,11703
4,"Patch(Dictionary(BitPack))",BETWEEN_70PCT,handwritten_monomorphized,0,5,882763.6,3698,3760,3760,4928,11703
4,"Patch(Dictionary(BitPack))",BETWEEN_70PCT,handwritten_monomorphized,1,5,880534.4,3698,3760,3760,4928,11703
4,"Patch(Dictionary(BitPack))",BETWEEN_70PCT,handwritten_monomorphized,2,5,880923.0,3698,3760,3760,4928,11703
4,"Patch(Dictionary(BitPack))",BETWEEN_70PCT,handwritten_monomorphized,3,5,883286.6,3698,3760,3760,4928,11703
4,"Patch(Dictionary(BitPack))",BETWEEN_70PCT,handwritten_monomorphized,4,5,881890.4,3698,3760,3760,4928,11703
4,"Patch(Dictionary(BitPack))",BETWEEN_70PCT,handwritten_monomorphized,5,5,883286.4,3698,3760,3760,4928,11703
4,"Patch(Dictionary(BitPack))",BETWEEN_70PCT,handwritten_monomorphized,6,5,880472.2,3698,3760,3760,4928,11703
4,"Patch(Dictionary(BitPack))",FILTER_POINT,full_decode,0,8,613046.4,4904,4912,4912,4928,16384
4,"Patch(Dictionary(BitPack))",FILTER_POINT,full_decode,1,8,613841.2,4904,4912,4912,4928,16384
4,"Patch(Dictionary(BitPack))",FILTER_POINT,full_decode,2,8,612788.5,4904,4912,4912,4928,16384
4,"Patch(Dictionary(BitPack))",FILTER_POINT,full_decode,3,8,612586.9,4904,4912,4912,4928,16384
4,"Patch(Dictionary(BitPack))",FILTER_POINT,full_decode,4,8,612993.8,4904,4912,4912,4928,16384
4,"Patch(Dictionary(BitPack))",FILTER_POINT,full_decode,5,8,612589.4,4904,4912,4912,4928,16384
4,"Patch(Dictionary(BitPack))",FILTER_POINT,full_decode,6,8,612190.1,4904,4912,4912,4928,16384
4,"Patch(Dictionary(BitPack))",FILTER_POINT,fused_decode,0,8,599627.6,4904,4912,4912,4928,16384
4,"Patch(Dictionary(BitPack))",FILTER_POINT,fused_decode,1,8,598606.0,4904,4912,4912,4928,16384
4,"Patch(Dictionary(BitPack))",FILTER_POINT,fused_decode,2,8,598444.6,4904,4912,4912,4928,16384
4,"Patch(Dictionary(BitPack))",FILTER_POINT,fused_decode,3,8,598409.5,4904,4912,4912,4928,16384
4,"Patch(Dictionary(BitPack))",FILTER_POINT,fused_decode,4,8,598245.5,4904,4912,4912,4928,16384
4,"Patch(Dictionary(BitPack))",FILTER_POINT,fused_decode,5,8,599507.4,4904,4912,4912,4928,16384
4,"Patch(Dictionary(BitPack))",FILTER_POINT,fused_decode,6,8,598369.5,4904,4912,4912,4928,16384
4,"Patch(Dictionary(BitPack))",FILTER_POINT,interpreted_plan,0,1,6984265.0,4904,4912,4912,4928,16384
4,"Patch(Dictionary(BitPack))",FILTER_POINT,interpreted_plan,1,1,7017595.0,4904,4912,4912,4928,16384
4,"Patch(Dictionary(BitPack))",FILTER_POINT,interpreted_plan,2,1,7024205.0,4904,4912,4912,4928,16384
4,"Patch(Dictionary(BitPack))",FILTER_POINT,interpreted_plan,3,1,7004236.0,4904,4912,4912,4928,16384
4,"Patch(Dictionary(BitPack))",FILTER_POINT,interpreted_plan,4,1,7041050.0,4904,4912,4912,4928,16384
4,"Patch(Dictionary(BitPack))",FILTER_POINT,interpreted_plan,5,1,7060750.0,4904,4912,4912,4928,16384
4,"Patch(Dictionary(BitPack))",FILTER_POINT,interpreted_plan,6,1,7027440.0,4904,4912,4912,4928,16384
4,"Patch(Dictionary(BitPack))",FILTER_POINT,generated_full_page_access,0,8,575452.8,4904,4928,4928,4928,16384
4,"Patch(Dictionary(BitPack))",FILTER_POINT,generated_full_page_access,1,8,574918.2,4904,4928,4928,4928,16384
4,"Patch(Dictionary(BitPack))",FILTER_POINT,generated_full_page_access,2,8,575852.1,4904,4928,4928,4928,16384
4,"Patch(Dictionary(BitPack))",FILTER_POINT,generated_full_page_access,3,8,576341.5,4904,4928,4928,4928,16384
4,"Patch(Dictionary(BitPack))",FILTER_POINT,generated_full_page_access,4,8,576824.9,4904,4928,4928,4928,16384
4,"Patch(Dictionary(BitPack))",FILTER_POINT,generated_full_page_access,5,8,575807.0,4904,4928,4928,4928,16384
4,"Patch(Dictionary(BitPack))",FILTER_POINT,generated_full_page_access,6,8,575409.0,4904,4928,4928,4928,16384
4,"Patch(Dictionary(BitPack))",FILTER_POINT,generated,0,8,598316.9,4904,4912,4912,4928,16384
4,"Patch(Dictionary(BitPack))",FILTER_POINT,generated,1,8,599442.4,4904,4912,4912,4928,16384
4,"Patch(Dictionary(BitPack))",FILTER_POINT,generated,2,8,599089.2,4904,4912,4912,4928,16384
4,"Patch(Dictionary(BitPack))",FILTER_POINT,generated,3,8,598857.8,4904,4912,4912,4928,16384
4,"Patch(Dictionary(BitPack))",FILTER_POINT,generated,4,8,598613.5,4904,4912,4912,4928,16384
4,"Patch(Dictionary(BitPack))",FILTER_POINT,generated,5,8,598558.5,4904,4912,4912,4928,16384
4,"Patch(Dictionary(BitPack))",FILTER_POINT,generated,6,8,599497.4,4904,4912,4912,4928,16384
4,"Patch(Dictionary(BitPack))",FILTER_POINT,handwritten_monomorphized,0,4,1232722.5,4904,4912,4912,4928,16384
4,"Patch(Dictionary(BitPack))",FILTER_POINT,handwritten_monomorphized,1,4,1231130.2,4904,4912,4912,4928,16384
4,"Patch(Dictionary(BitPack))",FILTER_POINT,handwritten_monomorphized,2,4,1230609.5,4904,4912,4912,4928,16384
4,"Patch(Dictionary(BitPack))",FILTER_POINT,handwritten_monomorphized,3,4,1231801.2,4904,4912,4912,4928,16384
4,"Patch(Dictionary(BitPack))",FILTER_POINT,handwritten_monomorphized,4,4,1236305.2,4904,4912,4912,4928,16384
4,"Patch(Dictionary(BitPack))",FILTER_POINT,handwritten_monomorphized,5,4,1234908.2,4904,4912,4912,4928,16384
4,"Patch(Dictionary(BitPack))",FILTER_POINT,handwritten_monomorphized,6,4,1235957.5,4904,4912,4912,4928,16384
4,"Patch(Dictionary(BitPack))",FILTER_50PCT,full_decode,0,8,622401.6,4904,4912,4912,4928,16384
4,"Patch(Dictionary(BitPack))",FILTER_50PCT,full_decode,1,8,624250.6,4904,4912,4912,4928,16384
4,"Patch(Dictionary(BitPack))",FILTER_50PCT,full_decode,2,8,624400.9,4904,4912,4912,4928,16384
4,"Patch(Dictionary(BitPack))",FILTER_50PCT,full_decode,3,8,624564.8,4904,4912,4912,4928,16384
4,"Patch(Dictionary(BitPack))",FILTER_50PCT,full_decode,4,8,622708.4,4904,4912,4912,4928,16384
4,"Patch(Dictionary(BitPack))",FILTER_50PCT,full_decode,5,8,622735.8,4904,4912,4912,4928,16384
4,"Patch(Dictionary(BitPack))",FILTER_50PCT,full_decode,6,8,622682.0,4904,4912,4912,4928,16384
4,"Patch(Dictionary(BitPack))",FILTER_50PCT,fused_decode,0,8,604603.8,4904,4912,4912,4928,16384
4,"Patch(Dictionary(BitPack))",FILTER_50PCT,fused_decode,1,8,604633.8,4904,4912,4912,4928,16384
4,"Patch(Dictionary(BitPack))",FILTER_50PCT,fused_decode,2,8,604986.9,4904,4912,4912,4928,16384
4,"Patch(Dictionary(BitPack))",FILTER_50PCT,fused_decode,3,8,604292.0,4904,4912,4912,4928,16384
4,"Patch(Dictionary(BitPack))",FILTER_50PCT,fused_decode,4,8,603895.1,4904,4912,4912,4928,16384
4,"Patch(Dictionary(BitPack))",FILTER_50PCT,fused_decode,5,8,604665.1,4904,4912,4912,4928,16384
4,"Patch(Dictionary(BitPack))",FILTER_50PCT,fused_decode,6,8,604509.9,4904,4912,4912,4928,16384
4,"Patch(Dictionary(BitPack))",FILTER_50PCT,interpreted_plan,0,1,6996704.0,4904,4912,4912,4928,16384
4,"Patch(Dictionary(BitPack))",FILTER_50PCT,interpreted_plan,1,1,6958608.0,4904,4912,4912,4928,16384
4,"Patch(Dictionary(BitPack))",FILTER_50PCT,interpreted_plan,2,1,6981571.0,4904,4912,4912,4928,16384
4,"Patch(Dictionary(BitPack))",FILTER_50PCT,interpreted_plan,3,1,7003154.0,4904,4912,4912,4928,16384
4,"Patch(Dictionary(BitPack))",FILTER_50PCT,interpreted_plan,4,1,6960360.0,4904,4912,4912,4928,16384
4,"Patch(Dictionary(BitPack))",FILTER_50PCT,interpreted_plan,5,1,6963034.0,4904,4912,4912,4928,16384
4,"Patch(Dictionary(BitPack))",FILTER_50PCT,interpreted_plan,6,1,6977416.0,4904,4912,4912,4928,16384
4,"Patch(Dictionary(BitPack))",FILTER_50PCT,generated_full_page_access,0,8,581481.8,4904,4928,4928,4928,16384
4,"Patch(Dictionary(BitPack))",FILTER_50PCT,generated_full_page_access,1,8,582093.9,4904,4928,4928,4928,16384
4,"Patch(Dictionary(BitPack))",FILTER_50PCT,generated_full_page_access,2,8,581764.8,4904,4928,4928,4928,16384
4,"Patch(Dictionary(BitPack))",FILTER_50PCT,generated_full_page_access,3,8,580964.8,4904,4928,4928,4928,16384
4,"Patch(Dictionary(BitPack))",FILTER_50PCT,generated_full_page_access,4,8,581175.0,4904,4928,4928,4928,16384
4,"Patch(Dictionary(BitPack))",FILTER_50PCT,generated_full_page_access,5,8,581329.0,4904,4928,4928,4928,16384
4,"Patch(Dictionary(BitPack))",FILTER_50PCT,generated_full_page_access,6,8,581441.6,4904,4928,4928,4928,16384
4,"Patch(Dictionary(BitPack))",FILTER_50PCT,generated,0,8,601719.4,4904,4912,4912,4928,16384
4,"Patch(Dictionary(BitPack))",FILTER_50PCT,generated,1,8,601303.9,4904,4912,4912,4928,16384
4,"Patch(Dictionary(BitPack))",FILTER_50PCT,generated,2,8,601185.0,4904,4912,4912,4928,16384
4,"Patch(Dictionary(BitPack))",FILTER_50PCT,generated,3,8,600655.4,4904,4912,4912,4928,16384
4,"Patch(Dictionary(BitPack))",FILTER_50PCT,generated,4,8,601257.5,4904,4912,4912,4928,16384
4,"Patch(Dictionary(BitPack))",FILTER_50PCT,generated,5,8,600644.1,4904,4912,4912,4928,16384
4,"Patch(Dictionary(BitPack))",FILTER_50PCT,generated,6,8,600411.2,4904,4912,4912,4928,16384
4,"Patch(Dictionary(BitPack))",FILTER_50PCT,handwritten_monomorphized,0,4,1235424.0,4904,4912,4912,4928,16384
4,"Patch(Dictionary(BitPack))",FILTER_50PCT,handwritten_monomorphized,1,4,1237109.0,4904,4912,4912,4928,16384
4,"Patch(Dictionary(BitPack))",FILTER_50PCT,handwritten_monomorphized,2,4,1237770.2,4904,4912,4912,4928,16384
4,"Patch(Dictionary(BitPack))",FILTER_50PCT,handwritten_monomorphized,3,4,1237792.5,4904,4912,4912,4928,16384
4,"Patch(Dictionary(BitPack))",FILTER_50PCT,handwritten_monomorphized,4,4,1238456.0,4904,4912,4912,4928,16384
4,"Patch(Dictionary(BitPack))",FILTER_50PCT,handwritten_monomorphized,5,4,1238619.0,4904,4912,4912,4928,16384
4,"Patch(Dictionary(BitPack))",FILTER_50PCT,handwritten_monomorphized,6,4,1235829.8,4904,4912,4912,4928,16384
5,"Nullable(Patch(FOR(Delta(BitPack))))",GET,full_decode,0,2,2008172.5,15133,15252,15252,15456,16384
5,"Nullable(Patch(FOR(Delta(BitPack))))",GET,full_decode,1,2,2003195.5,15133,15252,15252,15456,16384
5,"Nullable(Patch(FOR(Delta(BitPack))))",GET,full_decode,2,2,2004061.5,15133,15252,15252,15456,16384
5,"Nullable(Patch(FOR(Delta(BitPack))))",GET,full_decode,3,2,2006279.5,15133,15252,15252,15456,16384
5,"Nullable(Patch(FOR(Delta(BitPack))))",GET,full_decode,4,2,2005022.5,15133,15252,15252,15456,16384
5,"Nullable(Patch(FOR(Delta(BitPack))))",GET,full_decode,5,2,2002690.0,15133,15252,15252,15456,16384
5,"Nullable(Patch(FOR(Delta(BitPack))))",GET,full_decode,6,2,2004156.5,15133,15252,15252,15456,16384
5,"Nullable(Patch(FOR(Delta(BitPack))))",GET,fused_decode,0,2,1977226.5,15133,15252,15252,15456,16384
5,"Nullable(Patch(FOR(Delta(BitPack))))",GET,fused_decode,1,2,1971418.0,15133,15252,15252,15456,16384
5,"Nullable(Patch(FOR(Delta(BitPack))))",GET,fused_decode,2,2,1971608.0,15133,15252,15252,15456,16384
5,"Nullable(Patch(FOR(Delta(BitPack))))",GET,fused_decode,3,2,1979014.0,15133,15252,15252,15456,16384
5,"Nullable(Patch(FOR(Delta(BitPack))))",GET,fused_decode,4,2,1972389.5,15133,15252,15252,15456,16384
5,"Nullable(Patch(FOR(Delta(BitPack))))",GET,fused_decode,5,2,1976881.0,15133,15252,15252,15456,16384
5,"Nullable(Patch(FOR(Delta(BitPack))))",GET,fused_decode,6,2,1978168.0,15133,15252,15252,15456,16384
5,"Nullable(Patch(FOR(Delta(BitPack))))",GET,interpreted_plan,0,1035,4519.2,925,1172,1172,15456,1
5,"Nullable(Patch(FOR(Delta(BitPack))))",GET,interpreted_plan,1,1035,4522.3,925,1172,1172,15456,1
5,"Nullable(Patch(FOR(Delta(BitPack))))",GET,interpreted_plan,2,1035,4517.9,925,1172,1172,15456,1
5,"Nullable(Patch(FOR(Delta(BitPack))))",GET,interpreted_plan,3,1035,4518.7,925,1172,1172,15456,1
5,"Nullable(Patch(FOR(Delta(BitPack))))",GET,interpreted_plan,4,1035,4531.7,925,1172,1172,15456,1
5,"Nullable(Patch(FOR(Delta(BitPack))))",GET,interpreted_plan,5,1035,4525.6,925,1172,1172,15456,1
5,"Nullable(Patch(FOR(Delta(BitPack))))",GET,interpreted_plan,6,1035,4510.4,925,1172,1172,15456,1
5,"Nullable(Patch(FOR(Delta(BitPack))))",GET,generated_full_page_access,0,3061,1546.1,925,15456,15456,15456,1
5,"Nullable(Patch(FOR(Delta(BitPack))))",GET,generated_full_page_access,1,3061,1527.3,925,15456,15456,15456,1
5,"Nullable(Patch(FOR(Delta(BitPack))))",GET,generated_full_page_access,2,3061,1523.3,925,15456,15456,15456,1
5,"Nullable(Patch(FOR(Delta(BitPack))))",GET,generated_full_page_access,3,3061,1531.3,925,15456,15456,15456,1
5,"Nullable(Patch(FOR(Delta(BitPack))))",GET,generated_full_page_access,4,3061,1519.4,925,15456,15456,15456,1
5,"Nullable(Patch(FOR(Delta(BitPack))))",GET,generated_full_page_access,5,3061,1523.8,925,15456,15456,15456,1
5,"Nullable(Patch(FOR(Delta(BitPack))))",GET,generated_full_page_access,6,3061,1522.7,925,15456,15456,15456,1
5,"Nullable(Patch(FOR(Delta(BitPack))))",GET,generated,0,2080,2299.3,925,1172,1172,15456,1
5,"Nullable(Patch(FOR(Delta(BitPack))))",GET,generated,1,2080,2303.9,925,1172,1172,15456,1
5,"Nullable(Patch(FOR(Delta(BitPack))))",GET,generated,2,2080,2322.5,925,1172,1172,15456,1
5,"Nullable(Patch(FOR(Delta(BitPack))))",GET,generated,3,2080,2308.3,925,1172,1172,15456,1
5,"Nullable(Patch(FOR(Delta(BitPack))))",GET,generated,4,2080,2315.8,925,1172,1172,15456,1
5,"Nullable(Patch(FOR(Delta(BitPack))))",GET,generated,5,2080,2311.2,925,1172,1172,15456,1
5,"Nullable(Patch(FOR(Delta(BitPack))))",GET,generated,6,2080,2320.1,925,1172,1172,15456,1
5,"Nullable(Patch(FOR(Delta(BitPack))))",GET,handwritten_monomorphized,0,1099,4248.5,925,1172,1172,15456,1
5,"Nullable(Patch(FOR(Delta(BitPack))))",GET,handwritten_monomorphized,1,1099,4226.9,925,1172,1172,15456,1
5,"Nullable(Patch(FOR(Delta(BitPack))))",GET,handwritten_monomorphized,2,1099,4250.5,925,1172,1172,15456,1
5,"Nullable(Patch(FOR(Delta(BitPack))))",GET,handwritten_monomorphized,3,1099,4246.6,925,1172,1172,15456,1
5,"Nullable(Patch(FOR(Delta(BitPack))))",GET,handwritten_monomorphized,4,1099,4253.5,925,1172,1172,15456,1
5,"Nullable(Patch(FOR(Delta(BitPack))))",GET,handwritten_monomorphized,5,1099,4226.4,925,1172,1172,15456,1
5,"Nullable(Patch(FOR(Delta(BitPack))))",GET,handwritten_monomorphized,6,1099,4228.9,925,1172,1172,15456,1
5,"Nullable(Patch(FOR(Delta(BitPack))))",SUM_1PCT,full_decode,0,2,1998413.0,15133,15252,15252,15456,16384
5,"Nullable(Patch(FOR(Delta(BitPack))))",SUM_1PCT,full_decode,1,2,1998528.0,15133,15252,15252,15456,16384
5,"Nullable(Patch(FOR(Delta(BitPack))))",SUM_1PCT,full_decode,2,2,2001637.5,15133,15252,15252,15456,16384
5,"Nullable(Patch(FOR(Delta(BitPack))))",SUM_1PCT,full_decode,3,2,2004417.0,15133,15252,15252,15456,16384
5,"Nullable(Patch(FOR(Delta(BitPack))))",SUM_1PCT,full_decode,4,2,1995423.5,15133,15252,15252,15456,16384
5,"Nullable(Patch(FOR(Delta(BitPack))))",SUM_1PCT,full_decode,5,2,2000131.0,15133,15252,15252,15456,16384
5,"Nullable(Patch(FOR(Delta(BitPack))))",SUM_1PCT,full_decode,6,2,1995909.0,15133,15252,15252,15456,16384
5,"Nullable(Patch(FOR(Delta(BitPack))))",SUM_1PCT,fused_decode,0,2,1983856.5,15133,15252,15252,15456,16384
5,"Nullable(Patch(FOR(Delta(BitPack))))",SUM_1PCT,fused_decode,1,2,1988648.5,15133,15252,15252,15456,16384
5,"Nullable(Patch(FOR(Delta(BitPack))))",SUM_1PCT,fused_decode,2,2,1995098.5,15133,15252,15252,15456,16384
5,"Nullable(Patch(FOR(Delta(BitPack))))",SUM_1PCT,fused_decode,3,2,1982304.0,15133,15252,15252,15456,16384
5,"Nullable(Patch(FOR(Delta(BitPack))))",SUM_1PCT,fused_decode,4,2,1982429.0,15133,15252,15252,15456,16384
5,"Nullable(Patch(FOR(Delta(BitPack))))",SUM_1PCT,fused_decode,5,2,1983846.5,15133,15252,15252,15456,16384
5,"Nullable(Patch(FOR(Delta(BitPack))))",SUM_1PCT,fused_decode,6,2,1982134.0,15133,15252,15252,15456,16384
5,"Nullable(Patch(FOR(Delta(BitPack))))",SUM_1PCT,interpreted_plan,0,5,889680.0,1224,1460,1460,15456,163
5,"Nullable(Patch(FOR(Delta(BitPack))))",SUM_1PCT,interpreted_plan,1,5,890213.0,1224,1460,1460,15456,163
5,"Nullable(Patch(FOR(Delta(BitPack))))",SUM_1PCT,interpreted_plan,2,5,890529.2,1224,1460,1460,15456,163
5,"Nullable(Patch(FOR(Delta(BitPack))))",SUM_1PCT,interpreted_plan,3,5,890809.8,1224,1460,1460,15456,163
5,"Nullable(Patch(FOR(Delta(BitPack))))",SUM_1PCT,interpreted_plan,4,5,889726.2,1224,1460,1460,15456,163
5,"Nullable(Patch(FOR(Delta(BitPack))))",SUM_1PCT,interpreted_plan,5,5,890709.6,1224,1460,1460,15456,163
5,"Nullable(Patch(FOR(Delta(BitPack))))",SUM_1PCT,interpreted_plan,6,5,891200.4,1224,1460,1460,15456,163
5,"Nullable(Patch(FOR(Delta(BitPack))))",SUM_1PCT,generated_full_page_access,0,238,20792.6,1220,15456,15456,15456,163
5,"Nullable(Patch(FOR(Delta(BitPack))))",SUM_1PCT,generated_full_page_access,1,238,20753.2,1220,15456,15456,15456,163
5,"Nullable(Patch(FOR(Delta(BitPack))))",SUM_1PCT,generated_full_page_access,2,238,20785.9,1220,15456,15456,15456,163
5,"Nullable(Patch(FOR(Delta(BitPack))))",SUM_1PCT,generated_full_page_access,3,238,20761.5,1220,15456,15456,15456,163
5,"Nullable(Patch(FOR(Delta(BitPack))))",SUM_1PCT,generated_full_page_access,4,238,20772.2,1220,15456,15456,15456,163
5,"Nullable(Patch(FOR(Delta(BitPack))))",SUM_1PCT,generated_full_page_access,5,238,20797.9,1220,15456,15456,15456,163
5,"Nullable(Patch(FOR(Delta(BitPack))))",SUM_1PCT,generated_full_page_access,6,238,20778.8,1220,15456,15456,15456,163
5,"Nullable(Patch(FOR(Delta(BitPack))))",SUM_1PCT,generated,0,220,22545.4,1220,1396,1396,15456,163
5,"Nullable(Patch(FOR(Delta(BitPack))))",SUM_1PCT,generated,1,220,22540.6,1220,1396,1396,15456,163
5,"Nullable(Patch(FOR(Delta(BitPack))))",SUM_1PCT,generated,2,220,22546.5,1220,1396,1396,15456,163
5,"Nullable(Patch(FOR(Delta(BitPack))))",SUM_1PCT,generated,3,220,22540.4,1220,1396,1396,15456,163
5,"Nullable(Patch(FOR(Delta(BitPack))))",SUM_1PCT,generated,4,220,22452.9,1220,1396,1396,15456,163
5,"Nullable(Patch(FOR(Delta(BitPack))))",SUM_1PCT,generated,5,220,22477.6,1220,1396,1396,15456,163
5,"Nullable(Patch(FOR(Delta(BitPack))))",SUM_1PCT,generated,6,220,22534.4,1220,1396,1396,15456,163
5,"Nullable(Patch(FOR(Delta(BitPack))))",SUM_1PCT,handwritten_monomorphized,0,73,68248.0,1220,1396,1396,15456,163
5,"Nullable(Patch(FOR(Delta(BitPack))))",SUM_1PCT,handwritten_monomorphized,1,73,68509.1,1220,1396,1396,15456,163
5,"Nullable(Patch(FOR(Delta(BitPack))))",SUM_1PCT,handwritten_monomorphized,2,73,68289.2,1220,1396,1396,15456,163
5,"Nullable(Patch(FOR(Delta(BitPack))))",SUM_1PCT,handwritten_monomorphized,3,73,68314.3,1220,1396,1396,15456,163
5,"Nullable(Patch(FOR(Delta(BitPack))))",SUM_1PCT,handwritten_monomorphized,4,73,68238.8,1220,1396,1396,15456,163
5,"Nullable(Patch(FOR(Delta(BitPack))))",SUM_1PCT,handwritten_monomorphized,5,73,68407.2,1220,1396,1396,15456,163
5,"Nullable(Patch(FOR(Delta(BitPack))))",SUM_1PCT,handwritten_monomorphized,6,73,68285.5,1220,1396,1396,15456,163
5,"Nullable(Patch(FOR(Delta(BitPack))))",SUM_70PCT,full_decode,0,2,2003050.0,15133,15252,15252,15456,16384
5,"Nullable(Patch(FOR(Delta(BitPack))))",SUM_70PCT,full_decode,1,2,2009695.0,15133,15252,15252,15456,16384
5,"Nullable(Patch(FOR(Delta(BitPack))))",SUM_70PCT,full_decode,2,2,2004632.5,15133,15252,15252,15456,16384
5,"Nullable(Patch(FOR(Delta(BitPack))))",SUM_70PCT,full_decode,3,2,2010796.5,15133,15252,15252,15456,16384
5,"Nullable(Patch(FOR(Delta(BitPack))))",SUM_70PCT,full_decode,4,2,2028032.5,15133,15252,15252,15456,16384
5,"Nullable(Patch(FOR(Delta(BitPack))))",SUM_70PCT,full_decode,5,2,2005283.5,15133,15252,15252,15456,16384
5,"Nullable(Patch(FOR(Delta(BitPack))))",SUM_70PCT,full_decode,6,2,2005879.0,15133,15252,15252,15456,16384
5,"Nullable(Patch(FOR(Delta(BitPack))))",SUM_70PCT,fused_decode,0,2,2004542.5,15133,15252,15252,15456,16384
5,"Nullable(Patch(FOR(Delta(BitPack))))",SUM_70PCT,fused_decode,1,2,2010776.5,15133,15252,15252,15456,16384
5,"Nullable(Patch(FOR(Delta(BitPack))))",SUM_70PCT,fused_decode,2,2,2005243.5,15133,15252,15252,15456,16384
5,"Nullable(Patch(FOR(Delta(BitPack))))",SUM_70PCT,fused_decode,3,2,2005298.5,15133,15252,15252,15456,16384
5,"Nullable(Patch(FOR(Delta(BitPack))))",SUM_70PCT,fused_decode,4,2,2007727.0,15133,15252,15252,15456,16384
5,"Nullable(Patch(FOR(Delta(BitPack))))",SUM_70PCT,fused_decode,5,2,2003575.5,15133,15252,15252,15456,16384
5,"Nullable(Patch(FOR(Delta(BitPack))))",SUM_70PCT,fused_decode,6,2,2002569.5,15133,15252,15252,15456,16384
5,"Nullable(Patch(FOR(Delta(BitPack))))",SUM_70PCT,interpreted_plan,0,1,74543805.0,11372,11596,11596,15456,11703
5,"Nullable(Patch(FOR(Delta(BitPack))))",SUM_70PCT,interpreted_plan,1,1,73598132.0,11372,11596,11596,15456,11703
5,"Nullable(Patch(FOR(Delta(BitPack))))",SUM_70PCT,interpreted_plan,2,1,73461178.0,11372,11596,11596,15456,11703
5,"Nullable(Patch(FOR(Delta(BitPack))))",SUM_70PCT,interpreted_plan,3,1,73508500.0,11372,11596,11596,15456,11703
5,"Nullable(Patch(FOR(Delta(BitPack))))",SUM_70PCT,interpreted_plan,4,1,73611694.0,11372,11596,11596,15456,11703
5,"Nullable(Patch(FOR(Delta(BitPack))))",SUM_70PCT,interpreted_plan,5,1,73600888.0,11372,11596,11596,15456,11703
5,"Nullable(Patch(FOR(Delta(BitPack))))",SUM_70PCT,interpreted_plan,6,1,74629914.0,11372,11596,11596,15456,11703
5,"Nullable(Patch(FOR(Delta(BitPack))))",SUM_70PCT,generated_full_page_access,0,3,1390562.3,11192,15456,15456,15456,11703
5,"Nullable(Patch(FOR(Delta(BitPack))))",SUM_70PCT,generated_full_page_access,1,3,1387968.7,11192,15456,15456,15456,11703
5,"Nullable(Patch(FOR(Delta(BitPack))))",SUM_70PCT,generated_full_page_access,2,3,1387681.7,11192,15456,15456,15456,11703
5,"Nullable(Patch(FOR(Delta(BitPack))))",SUM_70PCT,generated_full_page_access,3,3,1383809.0,11192,15456,15456,15456,11703
5,"Nullable(Patch(FOR(Delta(BitPack))))",SUM_70PCT,generated_full_page_access,4,3,1385541.3,11192,15456,15456,15456,11703
5,"Nullable(Patch(FOR(Delta(BitPack))))",SUM_70PCT,generated_full_page_access,5,3,1381162.0,11192,15456,15456,15456,11703
5,"Nullable(Patch(FOR(Delta(BitPack))))",SUM_70PCT,generated_full_page_access,6,3,1384460.0,11192,15456,15456,15456,11703
5,"Nullable(Patch(FOR(Delta(BitPack))))",SUM_70PCT,generated,0,3,1447697.7,11192,11404,11404,15456,11703
5,"Nullable(Patch(FOR(Delta(BitPack))))",SUM_70PCT,generated,1,3,1451416.7,11192,11404,11404,15456,11703
5,"Nullable(Patch(FOR(Delta(BitPack))))",SUM_70PCT,generated,2,3,1447310.7,11192,11404,11404,15456,11703
5,"Nullable(Patch(FOR(Delta(BitPack))))",SUM_70PCT,generated,3,3,1447904.7,11192,11404,11404,15456,11703
5,"Nullable(Patch(FOR(Delta(BitPack))))",SUM_70PCT,generated,4,3,1448635.7,11192,11404,11404,15456,11703
5,"Nullable(Patch(FOR(Delta(BitPack))))",SUM_70PCT,generated,5,3,1445261.0,11192,11404,11404,15456,11703
5,"Nullable(Patch(FOR(Delta(BitPack))))",SUM_70PCT,generated,6,3,1447477.3,11192,11404,11404,15456,11703
5,"Nullable(Patch(FOR(Delta(BitPack))))",SUM_70PCT,handwritten_monomorphized,0,1,4806635.0,11192,11404,11404,15456,11703
5,"Nullable(Patch(FOR(Delta(BitPack))))",SUM_70PCT,handwritten_monomorphized,1,1,4797532.0,11192,11404,11404,15456,11703
5,"Nullable(Patch(FOR(Delta(BitPack))))",SUM_70PCT,handwritten_monomorphized,2,1,4805904.0,11192,11404,11404,15456,11703
5,"Nullable(Patch(FOR(Delta(BitPack))))",SUM_70PCT,handwritten_monomorphized,3,1,4808408.0,11192,11404,11404,15456,11703
5,"Nullable(Patch(FOR(Delta(BitPack))))",SUM_70PCT,handwritten_monomorphized,4,1,4787487.0,11192,11404,11404,15456,11703
5,"Nullable(Patch(FOR(Delta(BitPack))))",SUM_70PCT,handwritten_monomorphized,5,1,4814847.0,11192,11404,11404,15456,11703
5,"Nullable(Patch(FOR(Delta(BitPack))))",SUM_70PCT,handwritten_monomorphized,6,1,4806966.0,11192,11404,11404,15456,11703
5,"Nullable(Patch(FOR(Delta(BitPack))))",BETWEEN_1PCT,full_decode,0,2,2001988.5,15133,15252,15252,15456,16384
5,"Nullable(Patch(FOR(Delta(BitPack))))",BETWEEN_1PCT,full_decode,1,2,2002644.5,15133,15252,15252,15456,16384
5,"Nullable(Patch(FOR(Delta(BitPack))))",BETWEEN_1PCT,full_decode,2,2,1999164.5,15133,15252,15252,15456,16384
5,"Nullable(Patch(FOR(Delta(BitPack))))",BETWEEN_1PCT,full_decode,3,2,2000781.5,15133,15252,15252,15456,16384
5,"Nullable(Patch(FOR(Delta(BitPack))))",BETWEEN_1PCT,full_decode,4,2,1999249.5,15133,15252,15252,15456,16384
5,"Nullable(Patch(FOR(Delta(BitPack))))",BETWEEN_1PCT,full_decode,5,2,2002544.5,15133,15252,15252,15456,16384
5,"Nullable(Patch(FOR(Delta(BitPack))))",BETWEEN_1PCT,full_decode,6,2,2000711.5,15133,15252,15252,15456,16384
5,"Nullable(Patch(FOR(Delta(BitPack))))",BETWEEN_1PCT,fused_decode,0,2,1988818.5,15133,15252,15252,15456,16384
5,"Nullable(Patch(FOR(Delta(BitPack))))",BETWEEN_1PCT,fused_decode,1,2,1990156.0,15133,15252,15252,15456,16384
5,"Nullable(Patch(FOR(Delta(BitPack))))",BETWEEN_1PCT,fused_decode,2,2,1987462.0,15133,15252,15252,15456,16384
5,"Nullable(Patch(FOR(Delta(BitPack))))",BETWEEN_1PCT,fused_decode,3,2,1989049.0,15133,15252,15252,15456,16384
5,"Nullable(Patch(FOR(Delta(BitPack))))",BETWEEN_1PCT,fused_decode,4,2,1988108.0,15133,15252,15252,15456,16384
5,"Nullable(Patch(FOR(Delta(BitPack))))",BETWEEN_1PCT,fused_decode,5,2,1985954.5,15133,15252,15252,15456,16384
5,"Nullable(Patch(FOR(Delta(BitPack))))",BETWEEN_1PCT,fused_decode,6,2,1984918.0,15133,15252,15252,15456,16384
5,"Nullable(Patch(FOR(Delta(BitPack))))",BETWEEN_1PCT,interpreted_plan,0,5,890966.0,1224,1460,1460,15456,163
5,"Nullable(Patch(FOR(Delta(BitPack))))",BETWEEN_1PCT,interpreted_plan,1,5,890250.8,1224,1460,1460,15456,163
5,"Nullable(Patch(FOR(Delta(BitPack))))",BETWEEN_1PCT,interpreted_plan,2,5,889029.2,1224,1460,1460,15456,163
5,"Nullable(Patch(FOR(Delta(BitPack))))",BETWEEN_1PCT,interpreted_plan,3,5,890815.8,1224,1460,1460,15456,163
5,"Nullable(Patch(FOR(Delta(BitPack))))",BETWEEN_1PCT,interpreted_plan,4,5,891422.6,1224,1460,1460,15456,163
5,"Nullable(Patch(FOR(Delta(BitPack))))",BETWEEN_1PCT,interpreted_plan,5,5,888596.4,1224,1460,1460,15456,163
5,"Nullable(Patch(FOR(Delta(BitPack))))",BETWEEN_1PCT,interpreted_plan,6,5,890046.8,1224,1460,1460,15456,163
5,"Nullable(Patch(FOR(Delta(BitPack))))",BETWEEN_1PCT,generated_full_page_access,0,235,21144.1,1220,15456,15456,15456,163
5,"Nullable(Patch(FOR(Delta(BitPack))))",BETWEEN_1PCT,generated_full_page_access,1,235,21126.4,1220,15456,15456,15456,163
5,"Nullable(Patch(FOR(Delta(BitPack))))",BETWEEN_1PCT,generated_full_page_access,2,235,21131.4,1220,15456,15456,15456,163
5,"Nullable(Patch(FOR(Delta(BitPack))))",BETWEEN_1PCT,generated_full_page_access,3,235,21125.0,1220,15456,15456,15456,163
5,"Nullable(Patch(FOR(Delta(BitPack))))",BETWEEN_1PCT,generated_full_page_access,4,235,21145.6,1220,15456,15456,15456,163
5,"Nullable(Patch(FOR(Delta(BitPack))))",BETWEEN_1PCT,generated_full_page_access,5,235,21171.1,1220,15456,15456,15456,163
5,"Nullable(Patch(FOR(Delta(BitPack))))",BETWEEN_1PCT,generated_full_page_access,6,235,21130.7,1220,15456,15456,15456,163
5,"Nullable(Patch(FOR(Delta(BitPack))))",BETWEEN_1PCT,generated,0,213,22898.7,1220,1396,1396,15456,163
5,"Nullable(Patch(FOR(Delta(BitPack))))",BETWEEN_1PCT,generated,1,213,22894.2,1220,1396,1396,15456,163
5,"Nullable(Patch(FOR(Delta(BitPack))))",BETWEEN_1PCT,generated,2,213,22858.8,1220,1396,1396,15456,163
5,"Nullable(Patch(FOR(Delta(BitPack))))",BETWEEN_1PCT,generated,3,213,22952.5,1220,1396,1396,15456,163
5,"Nullable(Patch(FOR(Delta(BitPack))))",BETWEEN_1PCT,generated,4,213,22954.6,1220,1396,1396,15456,163
5,"Nullable(Patch(FOR(Delta(BitPack))))",BETWEEN_1PCT,generated,5,213,22953.8,1220,1396,1396,15456,163
5,"Nullable(Patch(FOR(Delta(BitPack))))",BETWEEN_1PCT,generated,6,213,22988.4,1220,1396,1396,15456,163
5,"Nullable(Patch(FOR(Delta(BitPack))))",BETWEEN_1PCT,handwritten_monomorphized,0,73,68234.3,1220,1396,1396,15456,163
5,"Nullable(Patch(FOR(Delta(BitPack))))",BETWEEN_1PCT,handwritten_monomorphized,1,73,68254.9,1220,1396,1396,15456,163
5,"Nullable(Patch(FOR(Delta(BitPack))))",BETWEEN_1PCT,handwritten_monomorphized,2,73,68241.5,1220,1396,1396,15456,163
5,"Nullable(Patch(FOR(Delta(BitPack))))",BETWEEN_1PCT,handwritten_monomorphized,3,73,68506.0,1220,1396,1396,15456,163
5,"Nullable(Patch(FOR(Delta(BitPack))))",BETWEEN_1PCT,handwritten_monomorphized,4,73,68333.8,1220,1396,1396,15456,163
5,"Nullable(Patch(FOR(Delta(BitPack))))",BETWEEN_1PCT,handwritten_monomorphized,5,73,68356.8,1220,1396,1396,15456,163
5,"Nullable(Patch(FOR(Delta(BitPack))))",BETWEEN_1PCT,handwritten_monomorphized,6,73,68421.0,1220,1396,1396,15456,163
5,"Nullable(Patch(FOR(Delta(BitPack))))",BETWEEN_70PCT,full_decode,0,2,2028197.5,15133,15252,15252,15456,16384
5,"Nullable(Patch(FOR(Delta(BitPack))))",BETWEEN_70PCT,full_decode,1,2,2031317.0,15133,15252,15252,15456,16384
5,"Nullable(Patch(FOR(Delta(BitPack))))",BETWEEN_70PCT,full_decode,2,2,2026430.0,15133,15252,15252,15456,16384
5,"Nullable(Patch(FOR(Delta(BitPack))))",BETWEEN_70PCT,full_decode,3,2,2029519.5,15133,15252,15252,15456,16384
5,"Nullable(Patch(FOR(Delta(BitPack))))",BETWEEN_70PCT,full_decode,4,2,2026900.5,15133,15252,15252,15456,16384
5,"Nullable(Patch(FOR(Delta(BitPack))))",BETWEEN_70PCT,full_decode,5,2,2026555.0,15133,15252,15252,15456,16384
5,"Nullable(Patch(FOR(Delta(BitPack))))",BETWEEN_70PCT,full_decode,6,2,2030276.0,15133,15252,15252,15456,16384
5,"Nullable(Patch(FOR(Delta(BitPack))))",BETWEEN_70PCT,fused_decode,0,2,2021753.0,15133,15252,15252,15456,16384
5,"Nullable(Patch(FOR(Delta(BitPack))))",BETWEEN_70PCT,fused_decode,1,2,2023490.5,15133,15252,15252,15456,16384
5,"Nullable(Patch(FOR(Delta(BitPack))))",BETWEEN_70PCT,fused_decode,2,2,2024322.0,15133,15252,15252,15456,16384
5,"Nullable(Patch(FOR(Delta(BitPack))))",BETWEEN_70PCT,fused_decode,3,2,2024662.0,15133,15252,15252,15456,16384
5,"Nullable(Patch(FOR(Delta(BitPack))))",BETWEEN_70PCT,fused_decode,4,2,2024396.5,15133,15252,15252,15456,16384
5,"Nullable(Patch(FOR(Delta(BitPack))))",BETWEEN_70PCT,fused_decode,5,2,2021727.5,15133,15252,15252,15456,16384
5,"Nullable(Patch(FOR(Delta(BitPack))))",BETWEEN_70PCT,fused_decode,6,2,2024672.5,15133,15252,15252,15456,16384
5,"Nullable(Patch(FOR(Delta(BitPack))))",BETWEEN_70PCT,interpreted_plan,0,1,73727437.0,11372,11596,11596,15456,11703
5,"Nullable(Patch(FOR(Delta(BitPack))))",BETWEEN_70PCT,interpreted_plan,1,1,74735282.0,11372,11596,11596,15456,11703
5,"Nullable(Patch(FOR(Delta(BitPack))))",BETWEEN_70PCT,interpreted_plan,2,1,73734968.0,11372,11596,11596,15456,11703
5,"Nullable(Patch(FOR(Delta(BitPack))))",BETWEEN_70PCT,interpreted_plan,3,1,73626987.0,11372,11596,11596,15456,11703
5,"Nullable(Patch(FOR(Delta(BitPack))))",BETWEEN_70PCT,interpreted_plan,4,1,73628850.0,11372,11596,11596,15456,11703
5,"Nullable(Patch(FOR(Delta(BitPack))))",BETWEEN_70PCT,interpreted_plan,5,1,73829980.0,11372,11596,11596,15456,11703
5,"Nullable(Patch(FOR(Delta(BitPack))))",BETWEEN_70PCT,interpreted_plan,6,1,73837111.0,11372,11596,11596,15456,11703
5,"Nullable(Patch(FOR(Delta(BitPack))))",BETWEEN_70PCT,generated_full_page_access,0,3,1404666.7,11192,15456,15456,15456,11703
5,"Nullable(Patch(FOR(Delta(BitPack))))",BETWEEN_70PCT,generated_full_page_access,1,3,1400514.0,11192,15456,15456,15456,11703
5,"Nullable(Patch(FOR(Delta(BitPack))))",BETWEEN_70PCT,generated_full_page_access,2,3,1406216.0,11192,15456,15456,15456,11703
5,"Nullable(Patch(FOR(Delta(BitPack))))",BETWEEN_70PCT,generated_full_page_access,3,3,1402149.7,11192,15456,15456,15456,11703
5,"Nullable(Patch(FOR(Delta(BitPack))))",BETWEEN_70PCT,generated_full_page_access,4,3,1401852.7,11192,15456,15456,15456,11703
5,"Nullable(Patch(FOR(Delta(BitPack))))",BETWEEN_70PCT,generated_full_page_access,5,3,1401826.0,11192,15456,15456,15456,11703
5,"Nullable(Patch(FOR(Delta(BitPack))))",BETWEEN_70PCT,generated_full_page_access,6,3,1399058.3,11192,15456,15456,15456,11703
5,"Nullable(Patch(FOR(Delta(BitPack))))",BETWEEN_70PCT,generated,0,3,1465481.0,11192,11404,11404,15456,11703
5,"Nullable(Patch(FOR(Delta(BitPack))))",BETWEEN_70PCT,generated,1,3,1472742.0,11192,11404,11404,15456,11703
5,"Nullable(Patch(FOR(Delta(BitPack))))",BETWEEN_70PCT,generated,2,3,1467734.3,11192,11404,11404,15456,11703
5,"Nullable(Patch(FOR(Delta(BitPack))))",BETWEEN_70PCT,generated,3,3,1472254.3,11192,11404,11404,15456,11703
5,"Nullable(Patch(FOR(Delta(BitPack))))",BETWEEN_70PCT,generated,4,3,1471780.3,11192,11404,11404,15456,11703
5,"Nullable(Patch(FOR(Delta(BitPack))))",BETWEEN_70PCT,generated,5,3,1469887.7,11192,11404,11404,15456,11703
5,"Nullable(Patch(FOR(Delta(BitPack))))",BETWEEN_70PCT,generated,6,3,1471256.0,11192,11404,11404,15456,11703
5,"Nullable(Patch(FOR(Delta(BitPack))))",BETWEEN_70PCT,handwritten_monomorphized,0,1,4891602.0,11192,11404,11404,15456,11703
5,"Nullable(Patch(FOR(Delta(BitPack))))",BETWEEN_70PCT,handwritten_monomorphized,1,1,4803751.0,11192,11404,11404,15456,11703
5,"Nullable(Patch(FOR(Delta(BitPack))))",BETWEEN_70PCT,handwritten_monomorphized,2,1,4802979.0,11192,11404,11404,15456,11703
5,"Nullable(Patch(FOR(Delta(BitPack))))",BETWEEN_70PCT,handwritten_monomorphized,3,1,4888107.0,11192,11404,11404,15456,11703
5,"Nullable(Patch(FOR(Delta(BitPack))))",BETWEEN_70PCT,handwritten_monomorphized,4,1,4799124.0,11192,11404,11404,15456,11703
5,"Nullable(Patch(FOR(Delta(BitPack))))",BETWEEN_70PCT,handwritten_monomorphized,5,1,4836169.0,11192,11404,11404,15456,11703
5,"Nullable(Patch(FOR(Delta(BitPack))))",BETWEEN_70PCT,handwritten_monomorphized,6,1,4890981.0,11192,11404,11404,15456,11703
5,"Nullable(Patch(FOR(Delta(BitPack))))",FILTER_POINT,full_decode,0,2,2016240.0,15133,15252,15252,15456,16384
5,"Nullable(Patch(FOR(Delta(BitPack))))",FILTER_POINT,full_decode,1,2,2013305.0,15133,15252,15252,15456,16384
5,"Nullable(Patch(FOR(Delta(BitPack))))",FILTER_POINT,full_decode,2,2,2016445.0,15133,15252,15252,15456,16384
5,"Nullable(Patch(FOR(Delta(BitPack))))",FILTER_POINT,full_decode,3,2,2013681.0,15133,15252,15252,15456,16384
5,"Nullable(Patch(FOR(Delta(BitPack))))",FILTER_POINT,full_decode,4,2,2014727.5,15133,15252,15252,15456,16384
5,"Nullable(Patch(FOR(Delta(BitPack))))",FILTER_POINT,full_decode,5,2,2013195.0,15133,15252,15252,15456,16384
5,"Nullable(Patch(FOR(Delta(BitPack))))",FILTER_POINT,full_decode,6,2,2008904.0,15133,15252,15252,15456,16384
5,"Nullable(Patch(FOR(Delta(BitPack))))",FILTER_POINT,fused_decode,0,2,2001773.5,15133,15252,15252,15456,16384
5,"Nullable(Patch(FOR(Delta(BitPack))))",FILTER_POINT,fused_decode,1,2,1996190.0,15133,15252,15252,15456,16384
5,"Nullable(Patch(FOR(Delta(BitPack))))",FILTER_POINT,fused_decode,2,2,1994732.5,15133,15252,15252,15456,16384
5,"Nullable(Patch(FOR(Delta(BitPack))))",FILTER_POINT,fused_decode,3,2,2001052.5,15133,15252,15252,15456,16384
5,"Nullable(Patch(FOR(Delta(BitPack))))",FILTER_POINT,fused_decode,4,2,1997657.0,15133,15252,15252,15456,16384
5,"Nullable(Patch(FOR(Delta(BitPack))))",FILTER_POINT,fused_decode,5,2,1995709.0,15133,15252,15252,15456,16384
5,"Nullable(Patch(FOR(Delta(BitPack))))",FILTER_POINT,fused_decode,6,2,1997862.5,15133,15252,15252,15456,16384
5,"Nullable(Patch(FOR(Delta(BitPack))))",FILTER_POINT,interpreted_plan,0,1,100875512.0,15385,15444,15444,15456,16384
5,"Nullable(Patch(FOR(Delta(BitPack))))",FILTER_POINT,interpreted_plan,1,1,100804888.0,15385,15444,15444,15456,16384
5,"Nullable(Patch(FOR(Delta(BitPack))))",FILTER_POINT,interpreted_plan,2,1,100750677.0,15385,15444,15444,15456,16384
5,"Nullable(Patch(FOR(Delta(BitPack))))",FILTER_POINT,interpreted_plan,3,1,100912018.0,15385,15444,15444,15456,16384
5,"Nullable(Patch(FOR(Delta(BitPack))))",FILTER_POINT,interpreted_plan,4,1,100979428.0,15385,15444,15444,15456,16384
5,"Nullable(Patch(FOR(Delta(BitPack))))",FILTER_POINT,interpreted_plan,5,1,100921482.0,15385,15444,15444,15456,16384
5,"Nullable(Patch(FOR(Delta(BitPack))))",FILTER_POINT,interpreted_plan,6,1,101015732.0,15385,15444,15444,15456,16384
5,"Nullable(Patch(FOR(Delta(BitPack))))",FILTER_POINT,generated_full_page_access,0,2,1922585.0,15133,15456,15456,15456,16384
5,"Nullable(Patch(FOR(Delta(BitPack))))",FILTER_POINT,generated_full_page_access,1,2,1921814.0,15133,15456,15456,15456,16384
5,"Nullable(Patch(FOR(Delta(BitPack))))",FILTER_POINT,generated_full_page_access,2,2,1916480.5,15133,15456,15456,15456,16384
5,"Nullable(Patch(FOR(Delta(BitPack))))",FILTER_POINT,generated_full_page_access,3,2,1916781.0,15133,15456,15456,15456,16384
5,"Nullable(Patch(FOR(Delta(BitPack))))",FILTER_POINT,generated_full_page_access,4,2,1917112.0,15133,15456,15456,15456,16384
5,"Nullable(Patch(FOR(Delta(BitPack))))",FILTER_POINT,generated_full_page_access,5,2,1919861.0,15133,15456,15456,15456,16384
5,"Nullable(Patch(FOR(Delta(BitPack))))",FILTER_POINT,generated_full_page_access,6,2,1922394.5,15133,15456,15456,15456,16384
5,"Nullable(Patch(FOR(Delta(BitPack))))",FILTER_POINT,generated,0,2,1987071.0,15133,15252,15252,15456,16384
5,"Nullable(Patch(FOR(Delta(BitPack))))",FILTER_POINT,generated,1,2,1982770.0,15133,15252,15252,15456,16384
5,"Nullable(Patch(FOR(Delta(BitPack))))",FILTER_POINT,generated,2,2,1985363.5,15133,15252,15252,15456,16384
5,"Nullable(Patch(FOR(Delta(BitPack))))",FILTER_POINT,generated,3,2,1985083.0,15133,15252,15252,15456,16384
5,"Nullable(Patch(FOR(Delta(BitPack))))",FILTER_POINT,generated,4,2,1989915.5,15133,15252,15252,15456,16384
5,"Nullable(Patch(FOR(Delta(BitPack))))",FILTER_POINT,generated,5,2,1985704.5,15133,15252,15252,15456,16384
5,"Nullable(Patch(FOR(Delta(BitPack))))",FILTER_POINT,generated,6,2,1984908.0,15133,15252,15252,15456,16384
5,"Nullable(Patch(FOR(Delta(BitPack))))",FILTER_POINT,handwritten_monomorphized,0,1,6549086.0,15133,15252,15252,15456,16384
5,"Nullable(Patch(FOR(Delta(BitPack))))",FILTER_POINT,handwritten_monomorphized,1,1,6535656.0,15133,15252,15252,15456,16384
5,"Nullable(Patch(FOR(Delta(BitPack))))",FILTER_POINT,handwritten_monomorphized,2,1,6546592.0,15133,15252,15252,15456,16384
5,"Nullable(Patch(FOR(Delta(BitPack))))",FILTER_POINT,handwritten_monomorphized,3,1,6554585.0,15133,15252,15252,15456,16384
5,"Nullable(Patch(FOR(Delta(BitPack))))",FILTER_POINT,handwritten_monomorphized,4,1,6537128.0,15133,15252,15252,15456,16384
5,"Nullable(Patch(FOR(Delta(BitPack))))",FILTER_POINT,handwritten_monomorphized,5,1,6535977.0,15133,15252,15252,15456,16384
5,"Nullable(Patch(FOR(Delta(BitPack))))",FILTER_POINT,handwritten_monomorphized,6,1,6514414.0,15133,15252,15252,15456,16384
5,"Nullable(Patch(FOR(Delta(BitPack))))",FILTER_50PCT,full_decode,0,2,2026840.5,15133,15252,15252,15456,16384
5,"Nullable(Patch(FOR(Delta(BitPack))))",FILTER_50PCT,full_decode,1,2,2031207.0,15133,15252,15252,15456,16384
5,"Nullable(Patch(FOR(Delta(BitPack))))",FILTER_50PCT,full_decode,2,2,2034392.0,15133,15252,15252,15456,16384
5,"Nullable(Patch(FOR(Delta(BitPack))))",FILTER_50PCT,full_decode,3,2,2039374.5,15133,15252,15252,15456,16384
5,"Nullable(Patch(FOR(Delta(BitPack))))",FILTER_50PCT,full_decode,4,2,2027807.0,15133,15252,15252,15456,16384
5,"Nullable(Patch(FOR(Delta(BitPack))))",FILTER_50PCT,full_decode,5,2,2030045.5,15133,15252,15252,15456,16384
5,"Nullable(Patch(FOR(Delta(BitPack))))",FILTER_50PCT,full_decode,6,2,2027897.0,15133,15252,15252,15456,16384
5,"Nullable(Patch(FOR(Delta(BitPack))))",FILTER_50PCT,fused_decode,0,2,2020736.5,15133,15252,15252,15456,16384
5,"Nullable(Patch(FOR(Delta(BitPack))))",FILTER_50PCT,fused_decode,1,2,2020326.0,15133,15252,15252,15456,16384
5,"Nullable(Patch(FOR(Delta(BitPack))))",FILTER_50PCT,fused_decode,2,2,2015248.0,15133,15252,15252,15456,16384
5,"Nullable(Patch(FOR(Delta(BitPack))))",FILTER_50PCT,fused_decode,3,2,2016154.5,15133,15252,15252,15456,16384
5,"Nullable(Patch(FOR(Delta(BitPack))))",FILTER_50PCT,fused_decode,4,2,2019704.5,15133,15252,15252,15456,16384
5,"Nullable(Patch(FOR(Delta(BitPack))))",FILTER_50PCT,fused_decode,5,2,2015909.0,15133,15252,15252,15456,16384
5,"Nullable(Patch(FOR(Delta(BitPack))))",FILTER_50PCT,fused_decode,6,2,2020251.0,15133,15252,15252,15456,16384
5,"Nullable(Patch(FOR(Delta(BitPack))))",FILTER_50PCT,interpreted_plan,0,1,100951348.0,15385,15444,15444,15456,16384
5,"Nullable(Patch(FOR(Delta(BitPack))))",FILTER_50PCT,interpreted_plan,1,1,100913151.0,15385,15444,15444,15456,16384
5,"Nullable(Patch(FOR(Delta(BitPack))))",FILTER_50PCT,interpreted_plan,2,1,100670448.0,15385,15444,15444,15456,16384
5,"Nullable(Patch(FOR(Delta(BitPack))))",FILTER_50PCT,interpreted_plan,3,1,101033019.0,15385,15444,15444,15456,16384
5,"Nullable(Patch(FOR(Delta(BitPack))))",FILTER_50PCT,interpreted_plan,4,1,101163805.0,15385,15444,15444,15456,16384
5,"Nullable(Patch(FOR(Delta(BitPack))))",FILTER_50PCT,interpreted_plan,5,1,101074852.0,15385,15444,15444,15456,16384
5,"Nullable(Patch(FOR(Delta(BitPack))))",FILTER_50PCT,interpreted_plan,6,1,101189513.0,15385,15444,15444,15456,16384
5,"Nullable(Patch(FOR(Delta(BitPack))))",FILTER_50PCT,generated_full_page_access,0,2,1939781.0,15133,15456,15456,15456,16384
5,"Nullable(Patch(FOR(Delta(BitPack))))",FILTER_50PCT,generated_full_page_access,1,2,1941548.0,15133,15456,15456,15456,16384
5,"Nullable(Patch(FOR(Delta(BitPack))))",FILTER_50PCT,generated_full_page_access,2,2,1940932.0,15133,15456,15456,15456,16384
5,"Nullable(Patch(FOR(Delta(BitPack))))",FILTER_50PCT,generated_full_page_access,3,2,1929069.5,15133,15456,15456,15456,16384
5,"Nullable(Patch(FOR(Delta(BitPack))))",FILTER_50PCT,generated_full_page_access,4,2,1936410.5,15133,15456,15456,15456,16384
5,"Nullable(Patch(FOR(Delta(BitPack))))",FILTER_50PCT,generated_full_page_access,5,2,1940702.0,15133,15456,15456,15456,16384
5,"Nullable(Patch(FOR(Delta(BitPack))))",FILTER_50PCT,generated_full_page_access,6,2,1941613.5,15133,15456,15456,15456,16384
5,"Nullable(Patch(FOR(Delta(BitPack))))",FILTER_50PCT,generated,0,2,2008313.0,15133,15252,15252,15456,16384
5,"Nullable(Patch(FOR(Delta(BitPack))))",FILTER_50PCT,generated,1,2,2012084.0,15133,15252,15252,15456,16384
5,"Nullable(Patch(FOR(Delta(BitPack))))",FILTER_50PCT,generated,2,2,1999339.5,15133,15252,15252,15456,16384
5,"Nullable(Patch(FOR(Delta(BitPack))))",FILTER_50PCT,generated,3,2,2004382.0,15133,15252,15252,15456,16384
5,"Nullable(Patch(FOR(Delta(BitPack))))",FILTER_50PCT,generated,4,2,2001578.0,15133,15252,15252,15456,16384
5,"Nullable(Patch(FOR(Delta(BitPack))))",FILTER_50PCT,generated,5,2,2005689.0,15133,15252,15252,15456,16384
5,"Nullable(Patch(FOR(Delta(BitPack))))",FILTER_50PCT,generated,6,2,1997687.5,15133,15252,15252,15456,16384
5,"Nullable(Patch(FOR(Delta(BitPack))))",FILTER_50PCT,handwritten_monomorphized,0,1,6533633.0,15133,15252,15252,15456,16384
5,"Nullable(Patch(FOR(Delta(BitPack))))",FILTER_50PCT,handwritten_monomorphized,1,1,6537840.0,15133,15252,15252,15456,16384
5,"Nullable(Patch(FOR(Delta(BitPack))))",FILTER_50PCT,handwritten_monomorphized,2,1,6530899.0,15133,15252,15252,15456,16384
5,"Nullable(Patch(FOR(Delta(BitPack))))",FILTER_50PCT,handwritten_monomorphized,3,1,6554565.0,15133,15252,15252,15456,16384
5,"Nullable(Patch(FOR(Delta(BitPack))))",FILTER_50PCT,handwritten_monomorphized,4,1,6561314.0,15133,15252,15252,15456,16384
5,"Nullable(Patch(FOR(Delta(BitPack))))",FILTER_50PCT,handwritten_monomorphized,5,1,6550548.0,15133,15252,15252,15456,16384
5,"Nullable(Patch(FOR(Delta(BitPack))))",FILTER_50PCT,handwritten_monomorphized,6,1,6558951.0,15133,15252,15252,15456,16384
6,"Frame(Nullable(FOR(BitPack)))",GET,full_decode,0,6,822758.3,35340,33731,33731,33731,16384
6,"Frame(Nullable(FOR(BitPack)))",GET,full_decode,1,6,822906.7,35340,33731,33731,33731,16384
6,"Frame(Nullable(FOR(BitPack)))",GET,full_decode,2,6,822855.0,35340,33731,33731,33731,16384
6,"Frame(Nullable(FOR(BitPack)))",GET,full_decode,3,6,821855.2,35340,33731,33731,33731,16384
6,"Frame(Nullable(FOR(BitPack)))",GET,full_decode,4,6,822626.3,35340,33731,33731,33731,16384
6,"Frame(Nullable(FOR(BitPack)))",GET,full_decode,5,6,822913.3,35340,33731,33731,33731,16384
6,"Frame(Nullable(FOR(BitPack)))",GET,full_decode,6,6,822299.3,35340,33731,33731,33731,16384
6,"Frame(Nullable(FOR(BitPack)))",GET,fused_decode,0,6,808687.2,35340,33731,33731,33731,16384
6,"Frame(Nullable(FOR(BitPack)))",GET,fused_decode,1,6,809889.0,35340,33731,33731,33731,16384
6,"Frame(Nullable(FOR(BitPack)))",GET,fused_decode,2,6,807468.7,35340,33731,33731,33731,16384
6,"Frame(Nullable(FOR(BitPack)))",GET,fused_decode,3,6,809954.2,35340,33731,33731,33731,16384
6,"Frame(Nullable(FOR(BitPack)))",GET,fused_decode,4,6,809388.3,35340,33731,33731,33731,16384
6,"Frame(Nullable(FOR(BitPack)))",GET,fused_decode,5,6,806807.7,35340,33731,33731,33731,16384
6,"Frame(Nullable(FOR(BitPack)))",GET,fused_decode,6,6,808345.0,35340,33731,33731,33731,16384
6,"Frame(Nullable(FOR(BitPack)))",GET,interpreted_plan,0,1580,2886.5,528,33731,33731,33731,1
6,"Frame(Nullable(FOR(BitPack)))",GET,interpreted_plan,1,1580,2892.3,528,33731,33731,33731,1
6,"Frame(Nullable(FOR(BitPack)))",GET,interpreted_plan,2,1580,2892.6,528,33731,33731,33731,1
6,"Frame(Nullable(FOR(BitPack)))",GET,interpreted_plan,3,1580,2887.9,528,33731,33731,33731,1
6,"Frame(Nullable(FOR(BitPack)))",GET,interpreted_plan,4,1580,2891.4,528,33731,33731,33731,1
6,"Frame(Nullable(FOR(BitPack)))",GET,interpreted_plan,5,1580,2886.6,528,33731,33731,33731,1
6,"Frame(Nullable(FOR(BitPack)))",GET,interpreted_plan,6,1580,2893.2,528,33731,33731,33731,1
6,"Frame(Nullable(FOR(BitPack)))",GET,generated_full_page_access,0,1715,2755.7,528,33731,33731,33731,1
6,"Frame(Nullable(FOR(BitPack)))",GET,generated_full_page_access,1,1715,2754.7,528,33731,33731,33731,1
6,"Frame(Nullable(FOR(BitPack)))",GET,generated_full_page_access,2,1715,2757.7,528,33731,33731,33731,1
6,"Frame(Nullable(FOR(BitPack)))",GET,generated_full_page_access,3,1715,2761.4,528,33731,33731,33731,1
6,"Frame(Nullable(FOR(BitPack)))",GET,generated_full_page_access,4,1715,2753.5,528,33731,33731,33731,1
6,"Frame(Nullable(FOR(BitPack)))",GET,generated_full_page_access,5,1715,2761.2,528,33731,33731,33731,1
6,"Frame(Nullable(FOR(BitPack)))",GET,generated_full_page_access,6,1715,2766.9,528,33731,33731,33731,1
6,"Frame(Nullable(FOR(BitPack)))",GET,generated,0,1704,2827.3,528,33731,33731,33731,1
6,"Frame(Nullable(FOR(BitPack)))",GET,generated,1,1704,2824.3,528,33731,33731,33731,1
6,"Frame(Nullable(FOR(BitPack)))",GET,generated,2,1704,2820.5,528,33731,33731,33731,1
6,"Frame(Nullable(FOR(BitPack)))",GET,generated,3,1704,2825.6,528,33731,33731,33731,1
6,"Frame(Nullable(FOR(BitPack)))",GET,generated,4,1704,2830.8,528,33731,33731,33731,1
6,"Frame(Nullable(FOR(BitPack)))",GET,generated,5,1704,2826.9,528,33731,33731,33731,1
6,"Frame(Nullable(FOR(BitPack)))",GET,generated,6,1704,2824.2,528,33731,33731,33731,1
6,"Frame(Nullable(FOR(BitPack)))",GET,handwritten_monomorphized,0,1531,2830.8,528,33731,33731,33731,1
6,"Frame(Nullable(FOR(BitPack)))",GET,handwritten_monomorphized,1,1531,2833.4,528,33731,33731,33731,1
6,"Frame(Nullable(FOR(BitPack)))",GET,handwritten_monomorphized,2,1531,2840.1,528,33731,33731,33731,1
6,"Frame(Nullable(FOR(BitPack)))",GET,handwritten_monomorphized,3,1531,2834.9,528,33731,33731,33731,1
6,"Frame(Nullable(FOR(BitPack)))",GET,handwritten_monomorphized,4,1531,2833.0,528,33731,33731,33731,1
6,"Frame(Nullable(FOR(BitPack)))",GET,handwritten_monomorphized,5,1531,2837.1,528,33731,33731,33731,1
6,"Frame(Nullable(FOR(BitPack)))",GET,handwritten_monomorphized,6,1531,2826.1,528,33731,33731,33731,1
6,"Frame(Nullable(FOR(BitPack)))",SUM_1PCT,full_decode,0,6,822027.2,35340,33731,33731,33731,16384
6,"Frame(Nullable(FOR(BitPack)))",SUM_1PCT,full_decode,1,6,821302.7,35340,33731,33731,33731,16384
6,"Frame(Nullable(FOR(BitPack)))",SUM_1PCT,full_decode,2,6,821618.2,35340,33731,33731,33731,16384
6,"Frame(Nullable(FOR(BitPack)))",SUM_1PCT,full_decode,3,6,820336.2,35340,33731,33731,33731,16384
6,"Frame(Nullable(FOR(BitPack)))",SUM_1PCT,full_decode,4,6,821873.5,35340,33731,33731,33731,16384
6,"Frame(Nullable(FOR(BitPack)))",SUM_1PCT,full_decode,5,6,821070.7,35340,33731,33731,33731,16384
6,"Frame(Nullable(FOR(BitPack)))",SUM_1PCT,full_decode,6,6,822169.0,35340,33731,33731,33731,16384
6,"Frame(Nullable(FOR(BitPack)))",SUM_1PCT,fused_decode,0,6,802027.3,35340,33731,33731,33731,16384
6,"Frame(Nullable(FOR(BitPack)))",SUM_1PCT,fused_decode,1,6,800735.3,35340,33731,33731,33731,16384
6,"Frame(Nullable(FOR(BitPack)))",SUM_1PCT,fused_decode,2,6,802926.8,35340,33731,33731,33731,16384
6,"Frame(Nullable(FOR(BitPack)))",SUM_1PCT,fused_decode,3,6,803003.8,35340,33731,33731,33731,16384
6,"Frame(Nullable(FOR(BitPack)))",SUM_1PCT,fused_decode,4,6,801140.8,35340,33731,33731,33731,16384
6,"Frame(Nullable(FOR(BitPack)))",SUM_1PCT,fused_decode,5,6,801391.3,35340,33731,33731,33731,16384
6,"Frame(Nullable(FOR(BitPack)))",SUM_1PCT,fused_decode,6,6,801264.5,35340,33731,33731,33731,16384
6,"Frame(Nullable(FOR(BitPack)))",SUM_1PCT,interpreted_plan,0,54,92539.3,899,33731,33731,33731,163
6,"Frame(Nullable(FOR(BitPack)))",SUM_1PCT,interpreted_plan,1,54,92913.1,899,33731,33731,33731,163
6,"Frame(Nullable(FOR(BitPack)))",SUM_1PCT,interpreted_plan,2,54,92511.8,899,33731,33731,33731,163
6,"Frame(Nullable(FOR(BitPack)))",SUM_1PCT,interpreted_plan,3,54,92568.0,899,33731,33731,33731,163
6,"Frame(Nullable(FOR(BitPack)))",SUM_1PCT,interpreted_plan,4,54,92582.1,899,33731,33731,33731,163
6,"Frame(Nullable(FOR(BitPack)))",SUM_1PCT,interpreted_plan,5,54,92469.9,899,33731,33731,33731,163
6,"Frame(Nullable(FOR(BitPack)))",SUM_1PCT,interpreted_plan,6,54,92703.9,899,33731,33731,33731,163
6,"Frame(Nullable(FOR(BitPack)))",SUM_1PCT,generated_full_page_access,0,407,12017.1,895,33731,33731,33731,163
6,"Frame(Nullable(FOR(BitPack)))",SUM_1PCT,generated_full_page_access,1,407,12033.4,895,33731,33731,33731,163
6,"Frame(Nullable(FOR(BitPack)))",SUM_1PCT,generated_full_page_access,2,407,11978.3,895,33731,33731,33731,163
6,"Frame(Nullable(FOR(BitPack)))",SUM_1PCT,generated_full_page_access,3,407,11987.7,895,33731,33731,33731,163
6,"Frame(Nullable(FOR(BitPack)))",SUM_1PCT,generated_full_page_access,4,407,11996.8,895,33731,33731,33731,163
6,"Frame(Nullable(FOR(BitPack)))",SUM_1PCT,generated_full_page_access,5,407,12005.2,895,33731,33731,33731,163
6,"Frame(Nullable(FOR(BitPack)))",SUM_1PCT,generated_full_page_access,6,407,12017.4,895,33731,33731,33731,163
6,"Frame(Nullable(FOR(BitPack)))",SUM_1PCT,generated,0,411,12117.3,895,33731,33731,33731,163
6,"Frame(Nullable(FOR(BitPack)))",SUM_1PCT,generated,1,411,12114.2,895,33731,33731,33731,163
6,"Frame(Nullable(FOR(BitPack)))",SUM_1PCT,generated,2,411,12089.3,895,33731,33731,33731,163
6,"Frame(Nullable(FOR(BitPack)))",SUM_1PCT,generated,3,411,12098.4,895,33731,33731,33731,163
6,"Frame(Nullable(FOR(BitPack)))",SUM_1PCT,generated,4,411,12109.4,895,33731,33731,33731,163
6,"Frame(Nullable(FOR(BitPack)))",SUM_1PCT,generated,5,411,12119.0,895,33731,33731,33731,163
6,"Frame(Nullable(FOR(BitPack)))",SUM_1PCT,generated,6,411,12128.7,895,33731,33731,33731,163
6,"Frame(Nullable(FOR(BitPack)))",SUM_1PCT,handwritten_monomorphized,0,250,19972.7,895,33731,33731,33731,163
6,"Frame(Nullable(FOR(BitPack)))",SUM_1PCT,handwritten_monomorphized,1,250,19991.2,895,33731,33731,33731,163
6,"Frame(Nullable(FOR(BitPack)))",SUM_1PCT,handwritten_monomorphized,2,250,20001.4,895,33731,33731,33731,163
6,"Frame(Nullable(FOR(BitPack)))",SUM_1PCT,handwritten_monomorphized,3,250,19936.4,895,33731,33731,33731,163
6,"Frame(Nullable(FOR(BitPack)))",SUM_1PCT,handwritten_monomorphized,4,250,19979.7,895,33731,33731,33731,163
6,"Frame(Nullable(FOR(BitPack)))",SUM_1PCT,handwritten_monomorphized,5,250,19938.0,895,33731,33731,33731,163
6,"Frame(Nullable(FOR(BitPack)))",SUM_1PCT,handwritten_monomorphized,6,250,19953.5,895,33731,33731,33731,163
6,"Frame(Nullable(FOR(BitPack)))",SUM_70PCT,full_decode,0,5,829686.6,35340,33731,33731,33731,16384
6,"Frame(Nullable(FOR(BitPack)))",SUM_70PCT,full_decode,1,5,831945.8,35340,33731,33731,33731,16384
6,"Frame(Nullable(FOR(BitPack)))",SUM_70PCT,full_decode,2,5,831136.8,35340,33731,33731,33731,16384
6,"Frame(Nullable(FOR(BitPack)))",SUM_70PCT,full_decode,3,5,830143.2,35340,33731,33731,33731,16384
6,"Frame(Nullable(FOR(BitPack)))",SUM_70PCT,full_decode,4,5,832518.8,35340,33731,33731,33731,16384
6,"Frame(Nullable(FOR(BitPack)))",SUM_70PCT,full_decode,5,5,831309.0,35340,33731,33731,33731,16384
6,"Frame(Nullable(FOR(BitPack)))",SUM_70PCT,full_decode,6,5,834099.2,35340,33731,33731,33731,16384
6,"Frame(Nullable(FOR(BitPack)))",SUM_70PCT,fused_decode,0,6,812756.5,35340,33731,33731,33731,16384
6,"Frame(Nullable(FOR(BitPack)))",SUM_70PCT,fused_decode,1,6,812492.8,35340,33731,33731,33731,16384
6,"Frame(Nullable(FOR(BitPack)))",SUM_70PCT,fused_decode,2,6,809833.8,35340,33731,33731,33731,16384
6,"Frame(Nullable(FOR(BitPack)))",SUM_70PCT,fused_decode,3,6,812694.8,35340,33731,33731,33731,16384
6,"Frame(Nullable(FOR(BitPack)))",SUM_70PCT,fused_decode,4,6,809605.3,35340,33731,33731,33731,16384
6,"Frame(Nullable(FOR(BitPack)))",SUM_70PCT,fused_decode,5,6,813005.3,35340,33731,33731,33731,16384
6,"Frame(Nullable(FOR(BitPack)))",SUM_70PCT,fused_decode,6,6,813257.3,35340,33731,33731,33731,16384
6,"Frame(Nullable(FOR(BitPack)))",SUM_70PCT,interpreted_plan,0,1,6353555.0,25577,33731,33731,33731,11703
6,"Frame(Nullable(FOR(BitPack)))",SUM_70PCT,interpreted_plan,1,1,6333704.0,25577,33731,33731,33731,11703
6,"Frame(Nullable(FOR(BitPack)))",SUM_70PCT,interpreted_plan,2,1,6370931.0,25577,33731,33731,33731,11703
6,"Frame(Nullable(FOR(BitPack)))",SUM_70PCT,interpreted_plan,3,1,6331832.0,25577,33731,33731,33731,11703
6,"Frame(Nullable(FOR(BitPack)))",SUM_70PCT,interpreted_plan,4,1,6338823.0,25577,33731,33731,33731,11703
6,"Frame(Nullable(FOR(BitPack)))",SUM_70PCT,interpreted_plan,5,1,6323669.0,25577,33731,33731,33731,11703
6,"Frame(Nullable(FOR(BitPack)))",SUM_70PCT,interpreted_plan,6,1,6359262.0,25577,33731,33731,33731,11703
6,"Frame(Nullable(FOR(BitPack)))",SUM_70PCT,generated_full_page_access,0,8,573904.2,25397,33731,33731,33731,11703
6,"Frame(Nullable(FOR(BitPack)))",SUM_70PCT,generated_full_page_access,1,8,573718.9,25397,33731,33731,33731,11703
6,"Frame(Nullable(FOR(BitPack)))",SUM_70PCT,generated_full_page_access,2,8,573215.6,25397,33731,33731,33731,11703
6,"Frame(Nullable(FOR(BitPack)))",SUM_70PCT,generated_full_page_access,3,8,574790.5,25397,33731,33731,33731,11703
6,"Frame(Nullable(FOR(BitPack)))",SUM_70PCT,generated_full_page_access,4,8,575620.6,25397,33731,33731,33731,11703
6,"Frame(Nullable(FOR(BitPack)))",SUM_70PCT,generated_full_page_access,5,8,573995.6,25397,33731,33731,33731,11703
6,"Frame(Nullable(FOR(BitPack)))",SUM_70PCT,generated_full_page_access,6,8,573239.4,25397,33731,33731,33731,11703
6,"Frame(Nullable(FOR(BitPack)))",SUM_70PCT,generated,0,8,574088.2,25397,33731,33731,33731,11703
6,"Frame(Nullable(FOR(BitPack)))",SUM_70PCT,generated,1,8,573570.0,25397,33731,33731,33731,11703
6,"Frame(Nullable(FOR(BitPack)))",SUM_70PCT,generated,2,8,573507.4,25397,33731,33731,33731,11703
6,"Frame(Nullable(FOR(BitPack)))",SUM_70PCT,generated,3,8,573315.8,25397,33731,33731,33731,11703
6,"Frame(Nullable(FOR(BitPack)))",SUM_70PCT,generated,4,8,573477.4,25397,33731,33731,33731,11703
6,"Frame(Nullable(FOR(BitPack)))",SUM_70PCT,generated,5,8,574790.5,25397,33731,33731,33731,11703
6,"Frame(Nullable(FOR(BitPack)))",SUM_70PCT,generated,6,8,573636.4,25397,33731,33731,33731,11703
6,"Frame(Nullable(FOR(BitPack)))",SUM_70PCT,handwritten_monomorphized,0,4,1127630.8,25397,33731,33731,33731,11703
6,"Frame(Nullable(FOR(BitPack)))",SUM_70PCT,handwritten_monomorphized,1,4,1130750.5,25397,33731,33731,33731,11703
6,"Frame(Nullable(FOR(BitPack)))",SUM_70PCT,handwritten_monomorphized,2,4,1127372.8,25397,33731,33731,33731,11703
6,"Frame(Nullable(FOR(BitPack)))",SUM_70PCT,handwritten_monomorphized,3,4,1127029.8,25397,33731,33731,33731,11703
6,"Frame(Nullable(FOR(BitPack)))",SUM_70PCT,handwritten_monomorphized,4,4,1128597.2,25397,33731,33731,33731,11703
6,"Frame(Nullable(FOR(BitPack)))",SUM_70PCT,handwritten_monomorphized,5,4,1126213.8,25397,33731,33731,33731,11703
6,"Frame(Nullable(FOR(BitPack)))",SUM_70PCT,handwritten_monomorphized,6,4,1128614.8,25397,33731,33731,33731,11703
6,"Frame(Nullable(FOR(BitPack)))",BETWEEN_1PCT,full_decode,0,6,824909.8,35340,33731,33731,33731,16384
6,"Frame(Nullable(FOR(BitPack)))",BETWEEN_1PCT,full_decode,1,6,828104.5,35340,33731,33731,33731,16384
6,"Frame(Nullable(FOR(BitPack)))",BETWEEN_1PCT,full_decode,2,6,825480.7,35340,33731,33731,33731,16384
6,"Frame(Nullable(FOR(BitPack)))",BETWEEN_1PCT,full_decode,3,6,823507.5,35340,33731,33731,33731,16384
6,"Frame(Nullable(FOR(BitPack)))",BETWEEN_1PCT,full_decode,4,6,824420.8,35340,33731,33731,33731,16384
6,"Frame(Nullable(FOR(BitPack)))",BETWEEN_1PCT,full_decode,5,6,824420.7,35340,33731,33731,33731,16384
6,"Frame(Nullable(FOR(BitPack)))",BETWEEN_1PCT,full_decode,6,6,822841.7,35340,33731,33731,33731,16384
6,"Frame(Nullable(FOR(BitPack)))",BETWEEN_1PCT,fused_decode,0,6,809850.5,35340,33731,33731,33731,16384
6,"Frame(Nullable(FOR(BitPack)))",BETWEEN_1PCT,fused_decode,1,6,807186.7,35340,33731,33731,33731,16384
6,"Frame(Nullable(FOR(BitPack)))",BETWEEN_1PCT,fused_decode,2,6,809249.7,35340,33731,33731,33731,16384
6,"Frame(Nullable(FOR(BitPack)))",BETWEEN_1PCT,fused_decode,3,6,809218.0,35340,33731,33731,33731,16384
6,"Frame(Nullable(FOR(BitPack)))",BETWEEN_1PCT,fused_decode,4,6,809002.7,35340,33731,33731,33731,16384
6,"Frame(Nullable(FOR(BitPack)))",BETWEEN_1PCT,fused_decode,5,6,809179.5,35340,33731,33731,33731,16384
6,"Frame(Nullable(FOR(BitPack)))",BETWEEN_1PCT,fused_decode,6,6,808885.8,35340,33731,33731,33731,16384
6,"Frame(Nullable(FOR(BitPack)))",BETWEEN_1PCT,interpreted_plan,0,53,93130.9,899,33731,33731,33731,163
6,"Frame(Nullable(FOR(BitPack)))",BETWEEN_1PCT,interpreted_plan,1,53,93140.0,899,33731,33731,33731,163
6,"Frame(Nullable(FOR(BitPack)))",BETWEEN_1PCT,interpreted_plan,2,53,92916.2,899,33731,33731,33731,163
6,"Frame(Nullable(FOR(BitPack)))",BETWEEN_1PCT,interpreted_plan,3,53,93121.3,899,33731,33731,33731,163
6,"Frame(Nullable(FOR(BitPack)))",BETWEEN_1PCT,interpreted_plan,4,53,92905.1,899,33731,33731,33731,163
6,"Frame(Nullable(FOR(BitPack)))",BETWEEN_1PCT,interpreted_plan,5,53,92897.9,899,33731,33731,33731,163
6,"Frame(Nullable(FOR(BitPack)))",BETWEEN_1PCT,interpreted_plan,6,53,92878.5,899,33731,33731,33731,163
6,"Frame(Nullable(FOR(BitPack)))",BETWEEN_1PCT,generated_full_page_access,0,390,12503.6,895,33731,33731,33731,163
6,"Frame(Nullable(FOR(BitPack)))",BETWEEN_1PCT,generated_full_page_access,1,390,12552.4,895,33731,33731,33731,163
6,"Frame(Nullable(FOR(BitPack)))",BETWEEN_1PCT,generated_full_page_access,2,390,12497.6,895,33731,33731,33731,163
6,"Frame(Nullable(FOR(BitPack)))",BETWEEN_1PCT,generated_full_page_access,3,390,12531.6,895,33731,33731,33731,163
6,"Frame(Nullable(FOR(BitPack)))",BETWEEN_1PCT,generated_full_page_access,4,390,12517.6,895,33731,33731,33731,163
6,"Frame(Nullable(FOR(BitPack)))",BETWEEN_1PCT,generated_full_page_access,5,390,12531.6,895,33731,33731,33731,163
6,"Frame(Nullable(FOR(BitPack)))",BETWEEN_1PCT,generated_full_page_access,6,390,12504.2,895,33731,33731,33731,163
6,"Frame(Nullable(FOR(BitPack)))",BETWEEN_1PCT,generated,0,390,12599.2,895,33731,33731,33731,163
6,"Frame(Nullable(FOR(BitPack)))",BETWEEN_1PCT,generated,1,390,12588.5,895,33731,33731,33731,163
6,"Frame(Nullable(FOR(BitPack)))",BETWEEN_1PCT,generated,2,390,12608.4,895,33731,33731,33731,163
6,"Frame(Nullable(FOR(BitPack)))",BETWEEN_1PCT,generated,3,390,12610.3,895,33731,33731,33731,163
6,"Frame(Nullable(FOR(BitPack)))",BETWEEN_1PCT,generated,4,390,12589.3,895,33731,33731,33731,163
6,"Frame(Nullable(FOR(BitPack)))",BETWEEN_1PCT,generated,5,390,12599.2,895,33731,33731,33731,163
6,"Frame(Nullable(FOR(BitPack)))",BETWEEN_1PCT,generated,6,390,12613.3,895,33731,33731,33731,163
6,"Frame(Nullable(FOR(BitPack)))",BETWEEN_1PCT,handwritten_monomorphized,0,244,20434.7,895,33731,33731,33731,163
6,"Frame(Nullable(FOR(BitPack)))",BETWEEN_1PCT,handwritten_monomorphized,1,244,20438.1,895,33731,33731,33731,163
6,"Frame(Nullable(FOR(BitPack)))",BETWEEN_1PCT,handwritten_monomorphized,2,244,20424.6,895,33731,33731,33731,163
6,"Frame(Nullable(FOR(BitPack)))",BETWEEN_1PCT,handwritten_monomorphized,3,244,20406.9,895,33731,33731,33731,163
6,"Frame(Nullable(FOR(BitPack)))",BETWEEN_1PCT,handwritten_monomorphized,4,244,20437.0,895,33731,33731,33731,163
6,"Frame(Nullable(FOR(BitPack)))",BETWEEN_1PCT,handwritten_monomorphized,5,244,20383.4,895,33731,33731,33731,163
6,"Frame(Nullable(FOR(BitPack)))",BETWEEN_1PCT,handwritten_monomorphized,6,244,20469.8,895,33731,33731,33731,163
6,"Frame(Nullable(FOR(BitPack)))",BETWEEN_70PCT,full_decode,0,5,850850.2,35340,33731,33731,33731,16384
6,"Frame(Nullable(FOR(BitPack)))",BETWEEN_70PCT,full_decode,1,5,851136.6,35340,33731,33731,33731,16384
6,"Frame(Nullable(FOR(BitPack)))",BETWEEN_70PCT,full_decode,2,5,852426.4,35340,33731,33731,33731,16384
6,"Frame(Nullable(FOR(BitPack)))",BETWEEN_70PCT,full_decode,3,5,851467.0,35340,33731,33731,33731,16384
6,"Frame(Nullable(FOR(BitPack)))",BETWEEN_70PCT,full_decode,4,5,849828.6,35340,33731,33731,33731,16384
6,"Frame(Nullable(FOR(BitPack)))",BETWEEN_70PCT,full_decode,5,5,850071.0,35340,33731,33731,33731,16384
6,"Frame(Nullable(FOR(BitPack)))",BETWEEN_70PCT,full_decode,6,5,846479.6,35340,33731,33731,33731,16384
6,"Frame(Nullable(FOR(BitPack)))",BETWEEN_70PCT,fused_decode,0,6,831863.5,35340,33731,33731,33731,16384
6,"Frame(Nullable(FOR(BitPack)))",BETWEEN_70PCT,fused_decode,1,6,828934.0,35340,33731,33731,33731,16384
6,"Frame(Nullable(FOR(BitPack)))",BETWEEN_70PCT,fused_decode,2,6,830152.7,35340,33731,33731,33731,16384
6,"Frame(Nullable(FOR(BitPack)))",BETWEEN_70PCT,fused_decode,3,6,828184.7,35340,33731,33731,33731,16384
6,"Frame(Nullable(FOR(BitPack)))",BETWEEN_70PCT,fused_decode,4,6,830150.8,35340,33731,33731,33731,16384
6,"Frame(Nullable(FOR(BitPack)))",BETWEEN_70PCT,fused_decode,5,6,829456.5,35340,33731,33731,33731,16384
6,"Frame(Nullable(FOR(BitPack)))",BETWEEN_70PCT,fused_decode,6,6,830180.8,35340,33731,33731,33731,16384
6,"Frame(Nullable(FOR(BitPack)))",BETWEEN_70PCT,interpreted_plan,0,1,6381306.0,25577,33731,33731,33731,11703
6,"Frame(Nullable(FOR(BitPack)))",BETWEEN_70PCT,interpreted_plan,1,1,6372824.0,25577,33731,33731,33731,11703
6,"Frame(Nullable(FOR(BitPack)))",BETWEEN_70PCT,interpreted_plan,2,1,6378091.0,25577,33731,33731,33731,11703
6,"Frame(Nullable(FOR(BitPack)))",BETWEEN_70PCT,interpreted_plan,3,1,6355748.0,25577,33731,33731,33731,11703
6,"Frame(Nullable(FOR(BitPack)))",BETWEEN_70PCT,interpreted_plan,4,1,6393895.0,25577,33731,33731,33731,11703
6,"Frame(Nullable(FOR(BitPack)))",BETWEEN_70PCT,interpreted_plan,5,1,6359483.0,25577,33731,33731,33731,11703
6,"Frame(Nullable(FOR(BitPack)))",BETWEEN_70PCT,interpreted_plan,6,1,6370390.0,25577,33731,33731,33731,11703
6,"Frame(Nullable(FOR(BitPack)))",BETWEEN_70PCT,generated_full_page_access,0,8,596780.9,25397,33731,33731,33731,11703
6,"Frame(Nullable(FOR(BitPack)))",BETWEEN_70PCT,generated_full_page_access,1,8,598318.1,25397,33731,33731,33731,11703
6,"Frame(Nullable(FOR(BitPack)))",BETWEEN_70PCT,generated_full_page_access,2,8,598075.4,25397,33731,33731,33731,11703
6,"Frame(Nullable(FOR(BitPack)))",BETWEEN_70PCT,generated_full_page_access,3,8,596933.6,25397,33731,33731,33731,11703
6,"Frame(Nullable(FOR(BitPack)))",BETWEEN_70PCT,generated_full_page_access,4,8,604944.4,25397,33731,33731,33731,11703
6,"Frame(Nullable(FOR(BitPack)))",BETWEEN_70PCT,generated_full_page_access,5,8,598795.1,25397,33731,33731,33731,11703
6,"Frame(Nullable(FOR(BitPack)))",BETWEEN_70PCT,generated_full_page_access,6,8,597836.1,25397,33731,33731,33731,11703
6,"Frame(Nullable(FOR(BitPack)))",BETWEEN_70PCT,generated,0,8,599374.8,25397,33731,33731,33731,11703
6,"Frame(Nullable(FOR(BitPack)))",BETWEEN_70PCT,generated,1,8,597503.2,25397,33731,33731,33731,11703
6,"Frame(Nullable(FOR(BitPack)))",BETWEEN_70PCT,generated,2,8,597673.5,25397,33731,33731,33731,11703
6,"Frame(Nullable(FOR(BitPack)))",BETWEEN_70PCT,generated,3,8,597738.5,25397,33731,33731,33731,11703
6,"Frame(Nullable(FOR(BitPack)))",BETWEEN_70PCT,generated,4,8,599467.4,25397,33731,33731,33731,11703
6,"Frame(Nullable(FOR(BitPack)))",BETWEEN_70PCT,generated,5,8,598044.0,25397,33731,33731,33731,11703
6,"Frame(Nullable(FOR(BitPack)))",BETWEEN_70PCT,generated,6,8,598795.1,25397,33731,33731,33731,11703
6,"Frame(Nullable(FOR(BitPack)))",BETWEEN_70PCT,handwritten_monomorphized,0,4,1151211.0,25397,33731,33731,33731,11703
6,"Frame(Nullable(FOR(BitPack)))",BETWEEN_70PCT,handwritten_monomorphized,1,4,1151446.2,25397,33731,33731,33731,11703
6,"Frame(Nullable(FOR(BitPack)))",BETWEEN_70PCT,handwritten_monomorphized,2,4,1148727.2,25397,33731,33731,33731,11703
6,"Frame(Nullable(FOR(BitPack)))",BETWEEN_70PCT,handwritten_monomorphized,3,4,1151574.2,25397,33731,33731,33731,11703
6,"Frame(Nullable(FOR(BitPack)))",BETWEEN_70PCT,handwritten_monomorphized,4,4,1153689.5,25397,33731,33731,33731,11703
6,"Frame(Nullable(FOR(BitPack)))",BETWEEN_70PCT,handwritten_monomorphized,5,4,1149566.2,25397,33731,33731,33731,11703
6,"Frame(Nullable(FOR(BitPack)))",BETWEEN_70PCT,handwritten_monomorphized,6,4,1153266.5,25397,33731,33731,33731,11703
6,"Frame(Nullable(FOR(BitPack)))",FILTER_POINT,full_decode,0,5,836130.2,35340,33731,33731,33731,16384
6,"Frame(Nullable(FOR(BitPack)))",FILTER_POINT,full_decode,1,5,837141.6,35340,33731,33731,33731,16384
6,"Frame(Nullable(FOR(BitPack)))",FILTER_POINT,full_decode,2,5,836633.0,35340,33731,33731,33731,16384
6,"Frame(Nullable(FOR(BitPack)))",FILTER_POINT,full_decode,3,5,835583.4,35340,33731,33731,33731,16384
6,"Frame(Nullable(FOR(BitPack)))",FILTER_POINT,full_decode,4,5,834768.2,35340,33731,33731,33731,16384
6,"Frame(Nullable(FOR(BitPack)))",FILTER_POINT,full_decode,5,5,836741.0,35340,33731,33731,33731,16384
6,"Frame(Nullable(FOR(BitPack)))",FILTER_POINT,full_decode,6,5,839274.8,35340,33731,33731,33731,16384
6,"Frame(Nullable(FOR(BitPack)))",FILTER_POINT,fused_decode,0,6,815150.2,35340,33731,33731,33731,16384
6,"Frame(Nullable(FOR(BitPack)))",FILTER_POINT,fused_decode,1,6,817587.2,35340,33731,33731,33731,16384
6,"Frame(Nullable(FOR(BitPack)))",FILTER_POINT,fused_decode,2,6,814821.3,35340,33731,33731,33731,16384
6,"Frame(Nullable(FOR(BitPack)))",FILTER_POINT,fused_decode,3,6,815560.8,35340,33731,33731,33731,16384
6,"Frame(Nullable(FOR(BitPack)))",FILTER_POINT,fused_decode,4,6,814863.0,35340,33731,33731,33731,16384
6,"Frame(Nullable(FOR(BitPack)))",FILTER_POINT,fused_decode,5,6,812706.5,35340,33731,33731,33731,16384
6,"Frame(Nullable(FOR(BitPack)))",FILTER_POINT,fused_decode,6,6,813105.3,35340,33731,33731,33731,16384
6,"Frame(Nullable(FOR(BitPack)))",FILTER_POINT,interpreted_plan,0,1,8913135.0,35592,33731,33731,33731,16384
6,"Frame(Nullable(FOR(BitPack)))",FILTER_POINT,interpreted_plan,1,1,8910682.0,35592,33731,33731,33731,16384
6,"Frame(Nullable(FOR(BitPack)))",FILTER_POINT,interpreted_plan,2,1,8859836.0,35592,33731,33731,33731,16384
6,"Frame(Nullable(FOR(BitPack)))",FILTER_POINT,interpreted_plan,3,1,8944332.0,35592,33731,33731,33731,16384
6,"Frame(Nullable(FOR(BitPack)))",FILTER_POINT,interpreted_plan,4,1,8875379.0,35592,33731,33731,33731,16384
6,"Frame(Nullable(FOR(BitPack)))",FILTER_POINT,interpreted_plan,5,1,8873126.0,35592,33731,33731,33731,16384
6,"Frame(Nullable(FOR(BitPack)))",FILTER_POINT,interpreted_plan,6,1,8893186.0,35592,33731,33731,33731,16384
6,"Frame(Nullable(FOR(BitPack)))",FILTER_POINT,generated_full_page_access,0,6,809944.0,35340,33731,33731,33731,16384
6,"Frame(Nullable(FOR(BitPack)))",FILTER_POINT,generated_full_page_access,1,6,810476.5,35340,33731,33731,33731,16384
6,"Frame(Nullable(FOR(BitPack)))",FILTER_POINT,generated_full_page_access,2,6,809204.7,35340,33731,33731,33731,16384
6,"Frame(Nullable(FOR(BitPack)))",FILTER_POINT,generated_full_page_access,3,6,808336.7,35340,33731,33731,33731,16384
6,"Frame(Nullable(FOR(BitPack)))",FILTER_POINT,generated_full_page_access,4,6,809922.5,35340,33731,33731,33731,16384
6,"Frame(Nullable(FOR(BitPack)))",FILTER_POINT,generated_full_page_access,5,6,808154.7,35340,33731,33731,33731,16384
6,"Frame(Nullable(FOR(BitPack)))",FILTER_POINT,generated_full_page_access,6,6,811790.2,35340,33731,33731,33731,16384
6,"Frame(Nullable(FOR(BitPack)))",FILTER_POINT,generated,0,6,808909.2,35340,33731,33731,33731,16384
6,"Frame(Nullable(FOR(BitPack)))",FILTER_POINT,generated,1,6,807927.7,35340,33731,33731,33731,16384
6,"Frame(Nullable(FOR(BitPack)))",FILTER_POINT,generated,2,6,809783.8,35340,33731,33731,33731,16384
6,"Frame(Nullable(FOR(BitPack)))",FILTER_POINT,generated,3,6,806242.0,35340,33731,33731,33731,16384
6,"Frame(Nullable(FOR(BitPack)))",FILTER_POINT,generated,4,6,806695.8,35340,33731,33731,33731,16384
6,"Frame(Nullable(FOR(BitPack)))",FILTER_POINT,generated,5,6,807233.3,35340,33731,33731,33731,16384
6,"Frame(Nullable(FOR(BitPack)))",FILTER_POINT,generated,6,6,807133.2,35340,33731,33731,33731,16384
6,"Frame(Nullable(FOR(BitPack)))",FILTER_POINT,handwritten_monomorphized,0,3,1583781.0,35340,33731,33731,33731,16384
6,"Frame(Nullable(FOR(BitPack)))",FILTER_POINT,handwritten_monomorphized,1,3,1593382.0,35340,33731,33731,33731,16384
6,"Frame(Nullable(FOR(BitPack)))",FILTER_POINT,handwritten_monomorphized,2,3,1589092.3,35340,33731,33731,33731,16384
6,"Frame(Nullable(FOR(BitPack)))",FILTER_POINT,handwritten_monomorphized,3,3,1586742.0,35340,33731,33731,33731,16384
6,"Frame(Nullable(FOR(BitPack)))",FILTER_POINT,handwritten_monomorphized,4,3,1587660.0,35340,33731,33731,33731,16384
6,"Frame(Nullable(FOR(BitPack)))",FILTER_POINT,handwritten_monomorphized,5,3,1586708.7,35340,33731,33731,33731,16384
6,"Frame(Nullable(FOR(BitPack)))",FILTER_POINT,handwritten_monomorphized,6,3,1587583.3,35340,33731,33731,33731,16384
6,"Frame(Nullable(FOR(BitPack)))",FILTER_50PCT,full_decode,0,5,852636.8,35340,33731,33731,33731,16384
6,"Frame(Nullable(FOR(BitPack)))",FILTER_50PCT,full_decode,1,5,854878.2,35340,33731,33731,33731,16384
6,"Frame(Nullable(FOR(BitPack)))",FILTER_50PCT,full_decode,2,5,852909.2,35340,33731,33731,33731,16384
6,"Frame(Nullable(FOR(BitPack)))",FILTER_50PCT,full_decode,3,5,855521.0,35340,33731,33731,33731,16384
6,"Frame(Nullable(FOR(BitPack)))",FILTER_50PCT,full_decode,4,5,851282.8,35340,33731,33731,33731,16384
6,"Frame(Nullable(FOR(BitPack)))",FILTER_50PCT,full_decode,5,5,852034.0,35340,33731,33731,33731,16384
6,"Frame(Nullable(FOR(BitPack)))",FILTER_50PCT,full_decode,6,5,851124.4,35340,33731,33731,33731,16384
6,"Frame(Nullable(FOR(BitPack)))",FILTER_50PCT,fused_decode,0,5,834437.8,35340,33731,33731,33731,16384
6,"Frame(Nullable(FOR(BitPack)))",FILTER_50PCT,fused_decode,1,5,833418.2,35340,33731,33731,33731,16384
6,"Frame(Nullable(FOR(BitPack)))",FILTER_50PCT,fused_decode,2,5,836705.0,35340,33731,33731,33731,16384
6,"Frame(Nullable(FOR(BitPack)))",FILTER_50PCT,fused_decode,3,5,835743.6,35340,33731,33731,33731,16384
6,"Frame(Nullable(FOR(BitPack)))",FILTER_50PCT,fused_decode,4,5,834686.0,35340,33731,33731,33731,16384
6,"Frame(Nullable(FOR(BitPack)))",FILTER_50PCT,fused_decode,5,5,835006.4,35340,33731,33731,33731,16384
6,"Frame(Nullable(FOR(BitPack)))",FILTER_50PCT,fused_decode,6,5,834606.0,35340,33731,33731,33731,16384
6,"Frame(Nullable(FOR(BitPack)))",FILTER_50PCT,interpreted_plan,0,1,8916069.0,35592,33731,33731,33731,16384
6,"Frame(Nullable(FOR(BitPack)))",FILTER_50PCT,interpreted_plan,1,1,8920126.0,35592,33731,33731,33731,16384
6,"Frame(Nullable(FOR(BitPack)))",FILTER_50PCT,interpreted_plan,2,1,8878794.0,35592,33731,33731,33731,16384
6,"Frame(Nullable(FOR(BitPack)))",FILTER_50PCT,interpreted_plan,3,1,8887177.0,35592,33731,33731,33731,16384
6,"Frame(Nullable(FOR(BitPack)))",FILTER_50PCT,interpreted_plan,4,1,8879586.0,35592,33731,33731,33731,16384
6,"Frame(Nullable(FOR(BitPack)))",FILTER_50PCT,interpreted_plan,5,1,8897482.0,35592,33731,33731,33731,16384
6,"Frame(Nullable(FOR(BitPack)))",FILTER_50PCT,interpreted_plan,6,1,8887177.0,35592,33731,33731,33731,16384
6,"Frame(Nullable(FOR(BitPack)))",FILTER_50PCT,generated_full_page_access,0,6,828590.2,35340,33731,33731,33731,16384
6,"Frame(Nullable(FOR(BitPack)))",FILTER_50PCT,generated_full_page_access,1,6,828548.5,35340,33731,33731,33731,16384
6,"Frame(Nullable(FOR(BitPack)))",FILTER_50PCT,generated_full_page_access,2,6,827947.5,35340,33731,33731,33731,16384
6,"Frame(Nullable(FOR(BitPack)))",FILTER_50PCT,generated_full_page_access,3,6,828418.2,35340,33731,33731,33731,16384
6,"Frame(Nullable(FOR(BitPack)))",FILTER_50PCT,generated_full_page_access,4,6,827725.7,35340,33731,33731,33731,16384
6,"Frame(Nullable(FOR(BitPack)))",FILTER_50PCT,generated_full_page_access,5,6,828488.5,35340,33731,33731,33731,16384
6,"Frame(Nullable(FOR(BitPack)))",FILTER_50PCT,generated_full_page_access,6,6,826887.7,35340,33731,33731,33731,16384
6,"Frame(Nullable(FOR(BitPack)))",FILTER_50PCT,generated,0,6,826957.8,35340,33731,33731,33731,16384
6,"Frame(Nullable(FOR(BitPack)))",FILTER_50PCT,generated,1,6,827371.7,35340,33731,33731,33731,16384
6,"Frame(Nullable(FOR(BitPack)))",FILTER_50PCT,generated,2,6,827378.3,35340,33731,33731,33731,16384
6,"Frame(Nullable(FOR(BitPack)))",FILTER_50PCT,generated,3,6,826508.8,35340,33731,33731,33731,16384
6,"Frame(Nullable(FOR(BitPack)))",FILTER_50PCT,generated,4,6,827238.2,35340,33731,33731,33731,16384
6,"Frame(Nullable(FOR(BitPack)))",FILTER_50PCT,generated,5,6,827188.2,35340,33731,33731,33731,16384
6,"Frame(Nullable(FOR(BitPack)))",FILTER_50PCT,generated,6,6,826842.7,35340,33731,33731,33731,16384
6,"Frame(Nullable(FOR(BitPack)))",FILTER_50PCT,handwritten_monomorphized,0,3,1606017.3,35340,33731,33731,33731,16384
6,"Frame(Nullable(FOR(BitPack)))",FILTER_50PCT,handwritten_monomorphized,1,3,1603123.0,35340,33731,33731,33731,16384
6,"Frame(Nullable(FOR(BitPack)))",FILTER_50PCT,handwritten_monomorphized,2,3,1606935.3,35340,33731,33731,33731,16384
6,"Frame(Nullable(FOR(BitPack)))",FILTER_50PCT,handwritten_monomorphized,3,3,1605149.3,35340,33731,33731,33731,16384
6,"Frame(Nullable(FOR(BitPack)))",FILTER_50PCT,handwritten_monomorphized,4,3,1605016.0,35340,33731,33731,33731,16384
6,"Frame(Nullable(FOR(BitPack)))",FILTER_50PCT,handwritten_monomorphized,5,3,1605213.0,35340,33731,33731,33731,16384
6,"Frame(Nullable(FOR(BitPack)))",FILTER_50PCT,handwritten_monomorphized,6,3,1604925.7,35340,33731,33731,33731,16384
7,"Nullable(FOR(Delta(BitPack)))",GET,full_decode,0,3,1591893.0,14689,14800,14800,15008,16384
7,"Nullable(FOR(Delta(BitPack)))",GET,full_decode,1,3,1588531.3,14689,14800,14800,15008,16384
7,"Nullable(FOR(Delta(BitPack)))",GET,full_decode,2,3,1590988.3,14689,14800,14800,15008,16384
7,"Nullable(FOR(Delta(BitPack)))",GET,full_decode,3,3,1591726.0,14689,14800,14800,15008,16384
7,"Nullable(FOR(Delta(BitPack)))",GET,full_decode,4,3,1591976.7,14689,14800,14800,15008,16384
7,"Nullable(FOR(Delta(BitPack)))",GET,full_decode,5,3,1592948.0,14689,14800,14800,15008,16384
7,"Nullable(FOR(Delta(BitPack)))",GET,full_decode,6,3,1592066.7,14689,14800,14800,15008,16384
7,"Nullable(FOR(Delta(BitPack)))",GET,fused_decode,0,3,1579200.7,14689,14800,14800,15008,16384
7,"Nullable(FOR(Delta(BitPack)))",GET,fused_decode,1,3,1582832.7,14689,14800,14800,15008,16384
7,"Nullable(FOR(Delta(BitPack)))",GET,fused_decode,2,3,1582392.3,14689,14800,14800,15008,16384
7,"Nullable(FOR(Delta(BitPack)))",GET,fused_decode,3,3,1581147.0,14689,14800,14800,15008,16384
7,"Nullable(FOR(Delta(BitPack)))",GET,fused_decode,4,3,1576453.3,14689,14800,14800,15008,16384
7,"Nullable(FOR(Delta(BitPack)))",GET,fused_decode,5,3,1582976.3,14689,14800,14800,15008,16384
7,"Nullable(FOR(Delta(BitPack)))",GET,fused_decode,6,3,1578543.3,14689,14800,14800,15008,16384
7,"Nullable(FOR(Delta(BitPack)))",GET,interpreted_plan,0,1459,3331.4,625,840,840,15008,1
7,"Nullable(FOR(Delta(BitPack)))",GET,interpreted_plan,1,1459,3325.3,625,840,840,15008,1
7,"Nullable(FOR(Delta(BitPack)))",GET,interpreted_plan,2,1459,3350.5,625,840,840,15008,1
7,"Nullable(FOR(Delta(BitPack)))",GET,interpreted_plan,3,1459,3370.2,625,840,840,15008,1
7,"Nullable(FOR(Delta(BitPack)))",GET,interpreted_plan,4,1459,3369.4,625,840,840,15008,1
7,"Nullable(FOR(Delta(BitPack)))",GET,interpreted_plan,5,1459,3363.8,625,840,840,15008,1
7,"Nullable(FOR(Delta(BitPack)))",GET,interpreted_plan,6,1459,3351.0,625,840,840,15008,1
7,"Nullable(FOR(Delta(BitPack)))",GET,generated_full_page_access,0,6016,714.2,625,15008,15008,15008,1
7,"Nullable(FOR(Delta(BitPack)))",GET,generated_full_page_access,1,6016,717.5,625,15008,15008,15008,1
7,"Nullable(FOR(Delta(BitPack)))",GET,generated_full_page_access,2,6016,717.0,625,15008,15008,15008,1
7,"Nullable(FOR(Delta(BitPack)))",GET,generated_full_page_access,3,6016,718.0,625,15008,15008,15008,1
7,"Nullable(FOR(Delta(BitPack)))",GET,generated_full_page_access,4,6016,720.3,625,15008,15008,15008,1
7,"Nullable(FOR(Delta(BitPack)))",GET,generated_full_page_access,5,6016,716.3,625,15008,15008,15008,1
7,"Nullable(FOR(Delta(BitPack)))",GET,generated_full_page_access,6,6016,716.7,625,15008,15008,15008,1
7,"Nullable(FOR(Delta(BitPack)))",GET,generated,0,4091,1183.3,625,840,840,15008,1
7,"Nullable(FOR(Delta(BitPack)))",GET,generated,1,4091,1177.2,625,840,840,15008,1
7,"Nullable(FOR(Delta(BitPack)))",GET,generated,2,4091,1178.2,625,840,840,15008,1
7,"Nullable(FOR(Delta(BitPack)))",GET,generated,3,4091,1178.7,625,840,840,15008,1
7,"Nullable(FOR(Delta(BitPack)))",GET,generated,4,4091,1177.2,625,840,840,15008,1
7,"Nullable(FOR(Delta(BitPack)))",GET,generated,5,4091,1178.0,625,840,840,15008,1
7,"Nullable(FOR(Delta(BitPack)))",GET,generated,6,4091,1178.9,625,840,840,15008,1
7,"Nullable(FOR(Delta(BitPack)))",GET,handwritten_monomorphized,0,1615,3063.1,625,840,840,15008,1
7,"Nullable(FOR(Delta(BitPack)))",GET,handwritten_monomorphized,1,1615,3053.5,625,840,840,15008,1
7,"Nullable(FOR(Delta(BitPack)))",GET,handwritten_monomorphized,2,1615,3062.2,625,840,840,15008,1
7,"Nullable(FOR(Delta(BitPack)))",GET,handwritten_monomorphized,3,1615,3062.1,625,840,840,15008,1
7,"Nullable(FOR(Delta(BitPack)))",GET,handwritten_monomorphized,4,1615,3061.7,625,840,840,15008,1
7,"Nullable(FOR(Delta(BitPack)))",GET,handwritten_monomorphized,5,1615,3056.7,625,840,840,15008,1
7,"Nullable(FOR(Delta(BitPack)))",GET,handwritten_monomorphized,6,1615,3055.2,625,840,840,15008,1
7,"Nullable(FOR(Delta(BitPack)))",SUM_1PCT,full_decode,0,3,1598289.3,14689,14800,14800,15008,16384
7,"Nullable(FOR(Delta(BitPack)))",SUM_1PCT,full_decode,1,3,1596289.7,14689,14800,14800,15008,16384
7,"Nullable(FOR(Delta(BitPack)))",SUM_1PCT,full_decode,2,3,1594817.3,14689,14800,14800,15008,16384
7,"Nullable(FOR(Delta(BitPack)))",SUM_1PCT,full_decode,3,3,1599684.7,14689,14800,14800,15008,16384
7,"Nullable(FOR(Delta(BitPack)))",SUM_1PCT,full_decode,4,3,1596480.0,14689,14800,14800,15008,16384
7,"Nullable(FOR(Delta(BitPack)))",SUM_1PCT,full_decode,5,3,1598112.0,14689,14800,14800,15008,16384
7,"Nullable(FOR(Delta(BitPack)))",SUM_1PCT,full_decode,6,3,1595121.0,14689,14800,14800,15008,16384
7,"Nullable(FOR(Delta(BitPack)))",SUM_1PCT,fused_decode,0,3,1579798.3,14689,14800,14800,15008,16384
7,"Nullable(FOR(Delta(BitPack)))",SUM_1PCT,fused_decode,1,3,1581627.7,14689,14800,14800,15008,16384
7,"Nullable(FOR(Delta(BitPack)))",SUM_1PCT,fused_decode,2,3,1585814.0,14689,14800,14800,15008,16384
7,"Nullable(FOR(Delta(BitPack)))",SUM_1PCT,fused_decode,3,3,1583527.0,14689,14800,14800,15008,16384
7,"Nullable(FOR(Delta(BitPack)))",SUM_1PCT,fused_decode,4,3,1581981.7,14689,14800,14800,15008,16384
7,"Nullable(FOR(Delta(BitPack)))",SUM_1PCT,fused_decode,5,3,1580015.3,14689,14800,14800,15008,16384
7,"Nullable(FOR(Delta(BitPack)))",SUM_1PCT,fused_decode,6,3,1575689.0,14689,14800,14800,15008,16384
7,"Nullable(FOR(Delta(BitPack)))",SUM_1PCT,interpreted_plan,0,6,799178.0,924,1128,1128,15008,163
7,"Nullable(FOR(Delta(BitPack)))",SUM_1PCT,interpreted_plan,1,6,799119.5,924,1128,1128,15008,163
7,"Nullable(FOR(Delta(BitPack)))",SUM_1PCT,interpreted_plan,2,6,801641.7,924,1128,1128,15008,163
7,"Nullable(FOR(Delta(BitPack)))",SUM_1PCT,interpreted_plan,3,6,803539.5,924,1128,1128,15008,163
7,"Nullable(FOR(Delta(BitPack)))",SUM_1PCT,interpreted_plan,4,6,804110.3,924,1128,1128,15008,163
7,"Nullable(FOR(Delta(BitPack)))",SUM_1PCT,interpreted_plan,5,6,804838.2,924,1128,1128,15008,163
7,"Nullable(FOR(Delta(BitPack)))",SUM_1PCT,interpreted_plan,6,6,804709.7,924,1128,1128,15008,163
7,"Nullable(FOR(Delta(BitPack)))",SUM_1PCT,generated_full_page_access,0,296,16207.4,920,15008,15008,15008,163
7,"Nullable(FOR(Delta(BitPack)))",SUM_1PCT,generated_full_page_access,1,296,16222.3,920,15008,15008,15008,163
7,"Nullable(FOR(Delta(BitPack)))",SUM_1PCT,generated_full_page_access,2,296,16211.1,920,15008,15008,15008,163
7,"Nullable(FOR(Delta(BitPack)))",SUM_1PCT,generated_full_page_access,3,296,16229.4,920,15008,15008,15008,163
7,"Nullable(FOR(Delta(BitPack)))",SUM_1PCT,generated_full_page_access,4,296,16255.0,920,15008,15008,15008,163
7,"Nullable(FOR(Delta(BitPack)))",SUM_1PCT,generated_full_page_access,5,296,16277.2,920,15008,15008,15008,163
7,"Nullable(FOR(Delta(BitPack)))",SUM_1PCT,generated_full_page_access,6,296,16269.8,920,15008,15008,15008,163
7,"Nullable(FOR(Delta(BitPack)))",SUM_1PCT,generated,0,277,17525.1,920,1064,1064,15008,163
7,"Nullable(FOR(Delta(BitPack)))",SUM_1PCT,generated,1,277,17424.9,920,1064,1064,15008,163
7,"Nullable(FOR(Delta(BitPack)))",SUM_1PCT,generated,2,277,17504.0,920,1064,1064,15008,163
7,"Nullable(FOR(Delta(BitPack)))",SUM_1PCT,generated,3,277,17482.6,920,1064,1064,15008,163
7,"Nullable(FOR(Delta(BitPack)))",SUM_1PCT,generated,4,277,17555.3,920,1064,1064,15008,163
7,"Nullable(FOR(Delta(BitPack)))",SUM_1PCT,generated,5,277,17517.3,920,1064,1064,15008,163
7,"Nullable(FOR(Delta(BitPack)))",SUM_1PCT,generated,6,277,17520.4,920,1064,1064,15008,163
7,"Nullable(FOR(Delta(BitPack)))",SUM_1PCT,handwritten_monomorphized,0,83,60201.9,920,1064,1064,15008,163
7,"Nullable(FOR(Delta(BitPack)))",SUM_1PCT,handwritten_monomorphized,1,83,60253.0,920,1064,1064,15008,163
7,"Nullable(FOR(Delta(BitPack)))",SUM_1PCT,handwritten_monomorphized,2,83,60159.2,920,1064,1064,15008,163
7,"Nullable(FOR(Delta(BitPack)))",SUM_1PCT,handwritten_monomorphized,3,83,60259.6,920,1064,1064,15008,163
7,"Nullable(FOR(Delta(BitPack)))",SUM_1PCT,handwritten_monomorphized,4,83,60201.6,920,1064,1064,15008,163
7,"Nullable(FOR(Delta(BitPack)))",SUM_1PCT,handwritten_monomorphized,5,83,60190.9,920,1064,1064,15008,163
7,"Nullable(FOR(Delta(BitPack)))",SUM_1PCT,handwritten_monomorphized,6,83,60306.3,920,1064,1064,15008,163
7,"Nullable(FOR(Delta(BitPack)))",SUM_70PCT,full_decode,0,3,1605460.0,14689,14800,14800,15008,16384
7,"Nullable(FOR(Delta(BitPack)))",SUM_70PCT,full_decode,1,3,1606328.0,14689,14800,14800,15008,16384
7,"Nullable(FOR(Delta(BitPack)))",SUM_70PCT,full_decode,2,3,1600970.0,14689,14800,14800,15008,16384
7,"Nullable(FOR(Delta(BitPack)))",SUM_70PCT,full_decode,3,3,1599407.7,14689,14800,14800,15008,16384
7,"Nullable(FOR(Delta(BitPack)))",SUM_70PCT,full_decode,4,3,1601477.3,14689,14800,14800,15008,16384
7,"Nullable(FOR(Delta(BitPack)))",SUM_70PCT,full_decode,5,3,1608898.3,14689,14800,14800,15008,16384
7,"Nullable(FOR(Delta(BitPack)))",SUM_70PCT,full_decode,6,3,1602121.7,14689,14800,14800,15008,16384
7,"Nullable(FOR(Delta(BitPack)))",SUM_70PCT,fused_decode,0,3,1595872.3,14689,14800,14800,15008,16384
7,"Nullable(FOR(Delta(BitPack)))",SUM_70PCT,fused_decode,1,3,1599070.3,14689,14800,14800,15008,16384
7,"Nullable(FOR(Delta(BitPack)))",SUM_70PCT,fused_decode,2,3,1594927.7,14689,14800,14800,15008,16384
7,"Nullable(FOR(Delta(BitPack)))",SUM_70PCT,fused_decode,3,3,1598382.7,14689,14800,14800,15008,16384
7,"Nullable(FOR(Delta(BitPack)))",SUM_70PCT,fused_decode,4,3,1596396.3,14689,14800,14800,15008,16384
7,"Nullable(FOR(Delta(BitPack)))",SUM_70PCT,fused_decode,5,3,1595114.3,14689,14800,14800,15008,16384
7,"Nullable(FOR(Delta(BitPack)))",SUM_70PCT,fused_decode,6,3,1594924.0,14689,14800,14800,15008,16384
7,"Nullable(FOR(Delta(BitPack)))",SUM_70PCT,interpreted_plan,0,1,66248425.0,10964,11144,11144,15008,11703
7,"Nullable(FOR(Delta(BitPack)))",SUM_70PCT,interpreted_plan,1,1,66302777.0,10964,11144,11144,15008,11703
7,"Nullable(FOR(Delta(BitPack)))",SUM_70PCT,interpreted_plan,2,1,66242817.0,10964,11144,11144,15008,11703
7,"Nullable(FOR(Delta(BitPack)))",SUM_70PCT,interpreted_plan,3,1,66331530.0,10964,11144,11144,15008,11703
7,"Nullable(FOR(Delta(BitPack)))",SUM_70PCT,interpreted_plan,4,1,66315215.0,10964,11144,11144,15008,11703
7,"Nullable(FOR(Delta(BitPack)))",SUM_70PCT,interpreted_plan,5,1,66366641.0,10964,11144,11144,15008,11703
7,"Nullable(FOR(Delta(BitPack)))",SUM_70PCT,interpreted_plan,6,1,66293533.0,10964,11144,11144,15008,11703
7,"Nullable(FOR(Delta(BitPack)))",SUM_70PCT,generated_full_page_access,0,4,1101046.0,10784,15008,15008,15008,11703
7,"Nullable(FOR(Delta(BitPack)))",SUM_70PCT,generated_full_page_access,1,4,1097618.5,10784,15008,15008,15008,11703
7,"Nullable(FOR(Delta(BitPack)))",SUM_70PCT,generated_full_page_access,2,4,1099115.8,10784,15008,15008,15008,11703
7,"Nullable(FOR(Delta(BitPack)))",SUM_70PCT,generated_full_page_access,3,4,1099028.0,10784,15008,15008,15008,11703
7,"Nullable(FOR(Delta(BitPack)))",SUM_70PCT,generated_full_page_access,4,4,1098512.2,10784,15008,15008,15008,11703
7,"Nullable(FOR(Delta(BitPack)))",SUM_70PCT,generated_full_page_access,5,4,1100405.2,10784,15008,15008,15008,11703
7,"Nullable(FOR(Delta(BitPack)))",SUM_70PCT,generated_full_page_access,6,4,1102258.0,10784,15008,15008,15008,11703
7,"Nullable(FOR(Delta(BitPack)))",SUM_70PCT,generated,0,4,1145109.5,10784,10952,10952,15008,11703
7,"Nullable(FOR(Delta(BitPack)))",SUM_70PCT,generated,1,4,1144005.2,10784,10952,10952,15008,11703
7,"Nullable(FOR(Delta(BitPack)))",SUM_70PCT,generated,2,4,1145910.8,10784,10952,10952,15008,11703
7,"Nullable(FOR(Delta(BitPack)))",SUM_70PCT,generated,3,4,1145785.5,10784,10952,10952,15008,11703
7,"Nullable(FOR(Delta(BitPack)))",SUM_70PCT,generated,4,4,1145302.0,10784,10952,10952,15008,11703
7,"Nullable(FOR(Delta(BitPack)))",SUM_70PCT,generated,5,4,1146774.2,10784,10952,10952,15008,11703
7,"Nullable(FOR(Delta(BitPack)))",SUM_70PCT,generated,6,4,1147037.2,10784,10952,10952,15008,11703
7,"Nullable(FOR(Delta(BitPack)))",SUM_70PCT,handwritten_monomorphized,0,1,4238767.0,10784,10952,10952,15008,11703
7,"Nullable(FOR(Delta(BitPack)))",SUM_70PCT,handwritten_monomorphized,1,1,4234001.0,10784,10952,10952,15008,11703
7,"Nullable(FOR(Delta(BitPack)))",SUM_70PCT,handwritten_monomorphized,2,1,4234291.0,10784,10952,10952,15008,11703
7,"Nullable(FOR(Delta(BitPack)))",SUM_70PCT,handwritten_monomorphized,3,1,4237185.0,10784,10952,10952,15008,11703
7,"Nullable(FOR(Delta(BitPack)))",SUM_70PCT,handwritten_monomorphized,4,1,4262303.0,10784,10952,10952,15008,11703
7,"Nullable(FOR(Delta(BitPack)))",SUM_70PCT,handwritten_monomorphized,5,1,4232088.0,10784,10952,10952,15008,11703
7,"Nullable(FOR(Delta(BitPack)))",SUM_70PCT,handwritten_monomorphized,6,1,4236644.0,10784,10952,10952,15008,11703
7,"Nullable(FOR(Delta(BitPack)))",BETWEEN_1PCT,full_decode,0,3,1600205.3,14689,14800,14800,15008,16384
7,"Nullable(FOR(Delta(BitPack)))",BETWEEN_1PCT,full_decode,1,3,1597855.3,14689,14800,14800,15008,16384
7,"Nullable(FOR(Delta(BitPack)))",BETWEEN_1PCT,full_decode,2,3,1597525.0,14689,14800,14800,15008,16384
7,"Nullable(FOR(Delta(BitPack)))",BETWEEN_1PCT,full_decode,3,3,1599971.7,14689,14800,14800,15008,16384
7,"Nullable(FOR(Delta(BitPack)))",BETWEEN_1PCT,full_decode,4,3,1607139.3,14689,14800,14800,15008,16384
7,"Nullable(FOR(Delta(BitPack)))",BETWEEN_1PCT,full_decode,5,3,1596226.0,14689,14800,14800,15008,16384
7,"Nullable(FOR(Delta(BitPack)))",BETWEEN_1PCT,full_decode,6,3,1597241.0,14689,14800,14800,15008,16384
7,"Nullable(FOR(Delta(BitPack)))",BETWEEN_1PCT,fused_decode,0,3,1573342.0,14689,14800,14800,15008,16384
7,"Nullable(FOR(Delta(BitPack)))",BETWEEN_1PCT,fused_decode,1,3,1571582.7,14689,14800,14800,15008,16384
7,"Nullable(FOR(Delta(BitPack)))",BETWEEN_1PCT,fused_decode,2,3,1576079.7,14689,14800,14800,15008,16384
7,"Nullable(FOR(Delta(BitPack)))",BETWEEN_1PCT,fused_decode,3,3,1578860.3,14689,14800,14800,15008,16384
7,"Nullable(FOR(Delta(BitPack)))",BETWEEN_1PCT,fused_decode,4,3,1581944.7,14689,14800,14800,15008,16384
7,"Nullable(FOR(Delta(BitPack)))",BETWEEN_1PCT,fused_decode,5,3,1576373.3,14689,14800,14800,15008,16384
7,"Nullable(FOR(Delta(BitPack)))",BETWEEN_1PCT,fused_decode,6,3,1572764.3,14689,14800,14800,15008,16384
7,"Nullable(FOR(Delta(BitPack)))",BETWEEN_1PCT,interpreted_plan,0,6,804275.7,924,1128,1128,15008,163
7,"Nullable(FOR(Delta(BitPack)))",BETWEEN_1PCT,interpreted_plan,1,6,805295.5,924,1128,1128,15008,163
7,"Nullable(FOR(Delta(BitPack)))",BETWEEN_1PCT,interpreted_plan,2,6,805574.2,924,1128,1128,15008,163
7,"Nullable(FOR(Delta(BitPack)))",BETWEEN_1PCT,interpreted_plan,3,6,805193.7,924,1128,1128,15008,163
7,"Nullable(FOR(Delta(BitPack)))",BETWEEN_1PCT,interpreted_plan,4,6,804339.2,924,1128,1128,15008,163
7,"Nullable(FOR(Delta(BitPack)))",BETWEEN_1PCT,interpreted_plan,5,6,804941.5,924,1128,1128,15008,163
7,"Nullable(FOR(Delta(BitPack)))",BETWEEN_1PCT,interpreted_plan,6,6,804190.5,924,1128,1128,15008,163
7,"Nullable(FOR(Delta(BitPack)))",BETWEEN_1PCT,generated_full_page_access,0,290,16742.7,920,15008,15008,15008,163
7,"Nullable(FOR(Delta(BitPack)))",BETWEEN_1PCT,generated_full_page_access,1,290,16753.4,920,15008,15008,15008,163
7,"Nullable(FOR(Delta(BitPack)))",BETWEEN_1PCT,generated_full_page_access,2,290,16744.5,920,15008,15008,15008,163
7,"Nullable(FOR(Delta(BitPack)))",BETWEEN_1PCT,generated_full_page_access,3,290,16739.0,920,15008,15008,15008,163
7,"Nullable(FOR(Delta(BitPack)))",BETWEEN_1PCT,generated_full_page_access,4,290,16755.8,920,15008,15008,15008,163
7,"Nullable(FOR(Delta(BitPack)))",BETWEEN_1PCT,generated_full_page_access,5,290,16765.8,920,15008,15008,15008,163
7,"Nullable(FOR(Delta(BitPack)))",BETWEEN_1PCT,generated_full_page_access,6,290,16737.3,920,15008,15008,15008,163
7,"Nullable(FOR(Delta(BitPack)))",BETWEEN_1PCT,generated,0,221,17926.0,920,1064,1064,15008,163
7,"Nullable(FOR(Delta(BitPack)))",BETWEEN_1PCT,generated,1,221,17933.5,920,1064,1064,15008,163
7,"Nullable(FOR(Delta(BitPack)))",BETWEEN_1PCT,generated,2,221,17939.7,920,1064,1064,15008,163
7,"Nullable(FOR(Delta(BitPack)))",BETWEEN_1PCT,generated,3,221,17979.8,920,1064,1064,15008,163
7,"Nullable(FOR(Delta(BitPack)))",BETWEEN_1PCT,generated,4,221,17991.4,920,1064,1064,15008,163
7,"Nullable(FOR(Delta(BitPack)))",BETWEEN_1PCT,generated,5,221,17984.4,920,1064,1064,15008,163
7,"Nullable(FOR(Delta(BitPack)))",BETWEEN_1PCT,generated,6,221,17869.4,920,1064,1064,15008,163
7,"Nullable(FOR(Delta(BitPack)))",BETWEEN_1PCT,handwritten_monomorphized,0,81,60947.4,920,1064,1064,15008,163
7,"Nullable(FOR(Delta(BitPack)))",BETWEEN_1PCT,handwritten_monomorphized,1,81,61098.5,920,1064,1064,15008,163
7,"Nullable(FOR(Delta(BitPack)))",BETWEEN_1PCT,handwritten_monomorphized,2,81,60893.5,920,1064,1064,15008,163
7,"Nullable(FOR(Delta(BitPack)))",BETWEEN_1PCT,handwritten_monomorphized,3,81,60891.9,920,1064,1064,15008,163
7,"Nullable(FOR(Delta(BitPack)))",BETWEEN_1PCT,handwritten_monomorphized,4,81,60906.5,920,1064,1064,15008,163
7,"Nullable(FOR(Delta(BitPack)))",BETWEEN_1PCT,handwritten_monomorphized,5,81,60823.6,920,1064,1064,15008,163
7,"Nullable(FOR(Delta(BitPack)))",BETWEEN_1PCT,handwritten_monomorphized,6,81,60960.3,920,1064,1064,15008,163
7,"Nullable(FOR(Delta(BitPack)))",BETWEEN_70PCT,full_decode,0,3,1622582.3,14689,14800,14800,15008,16384
7,"Nullable(FOR(Delta(BitPack)))",BETWEEN_70PCT,full_decode,1,3,1622378.3,14689,14800,14800,15008,16384
7,"Nullable(FOR(Delta(BitPack)))",BETWEEN_70PCT,full_decode,2,3,1619764.7,14689,14800,14800,15008,16384
7,"Nullable(FOR(Delta(BitPack)))",BETWEEN_70PCT,full_decode,3,3,1620332.3,14689,14800,14800,15008,16384
7,"Nullable(FOR(Delta(BitPack)))",BETWEEN_70PCT,full_decode,4,3,1618552.7,14689,14800,14800,15008,16384
7,"Nullable(FOR(Delta(BitPack)))",BETWEEN_70PCT,full_decode,5,3,1621847.7,14689,14800,14800,15008,16384
7,"Nullable(FOR(Delta(BitPack)))",BETWEEN_70PCT,full_decode,6,3,1618015.3,14689,14800,14800,15008,16384
7,"Nullable(FOR(Delta(BitPack)))",BETWEEN_70PCT,fused_decode,0,3,1601036.7,14689,14800,14800,15008,16384
7,"Nullable(FOR(Delta(BitPack)))",BETWEEN_70PCT,fused_decode,1,3,1598215.7,14689,14800,14800,15008,16384
7,"Nullable(FOR(Delta(BitPack)))",BETWEEN_70PCT,fused_decode,2,3,1602749.3,14689,14800,14800,15008,16384
7,"Nullable(FOR(Delta(BitPack)))",BETWEEN_70PCT,fused_decode,3,3,1606461.3,14689,14800,14800,15008,16384
7,"Nullable(FOR(Delta(BitPack)))",BETWEEN_70PCT,fused_decode,4,3,1603076.7,14689,14800,14800,15008,16384
7,"Nullable(FOR(Delta(BitPack)))",BETWEEN_70PCT,fused_decode,5,3,1603724.0,14689,14800,14800,15008,16384
7,"Nullable(FOR(Delta(BitPack)))",BETWEEN_70PCT,fused_decode,6,3,1601190.3,14689,14800,14800,15008,16384
7,"Nullable(FOR(Delta(BitPack)))",BETWEEN_70PCT,interpreted_plan,0,1,66228857.0,10964,11144,11144,15008,11703
7,"Nullable(FOR(Delta(BitPack)))",BETWEEN_70PCT,interpreted_plan,1,1,66294976.0,10964,11144,11144,15008,11703
7,"Nullable(FOR(Delta(BitPack)))",BETWEEN_70PCT,interpreted_plan,2,1,66234655.0,10964,11144,11144,15008,11703
7,"Nullable(FOR(Delta(BitPack)))",BETWEEN_70PCT,interpreted_plan,3,1,66171170.0,10964,11144,11144,15008,11703
7,"Nullable(FOR(Delta(BitPack)))",BETWEEN_70PCT,interpreted_plan,4,1,66179743.0,10964,11144,11144,15008,11703
7,"Nullable(FOR(Delta(BitPack)))",BETWEEN_70PCT,interpreted_plan,5,1,66144431.0,10964,11144,11144,15008,11703
7,"Nullable(FOR(Delta(BitPack)))",BETWEEN_70PCT,interpreted_plan,6,1,66176058.0,10964,11144,11144,15008,11703
7,"Nullable(FOR(Delta(BitPack)))",BETWEEN_70PCT,generated_full_page_access,0,4,1118134.2,10784,15008,15008,15008,11703
7,"Nullable(FOR(Delta(BitPack)))",BETWEEN_70PCT,generated_full_page_access,1,4,1117570.8,10784,15008,15008,15008,11703
7,"Nullable(FOR(Delta(BitPack)))",BETWEEN_70PCT,generated_full_page_access,2,4,1120437.5,10784,15008,15008,15008,11703
7,"Nullable(FOR(Delta(BitPack)))",BETWEEN_70PCT,generated_full_page_access,3,4,1121063.8,10784,15008,15008,15008,11703
7,"Nullable(FOR(Delta(BitPack)))",BETWEEN_70PCT,generated_full_page_access,4,4,1124336.0,10784,15008,15008,15008,11703
7,"Nullable(FOR(Delta(BitPack)))",BETWEEN_70PCT,generated_full_page_access,5,4,1119228.2,10784,15008,15008,15008,11703
7,"Nullable(FOR(Delta(BitPack)))",BETWEEN_70PCT,generated_full_page_access,6,4,1118672.5,10784,15008,15008,15008,11703
7,"Nullable(FOR(Delta(BitPack)))",BETWEEN_70PCT,generated,0,4,1167518.0,10784,10952,10952,15008,11703
7,"Nullable(FOR(Delta(BitPack)))",BETWEEN_70PCT,generated,1,4,1163476.8,10784,10952,10952,15008,11703
7,"Nullable(FOR(Delta(BitPack)))",BETWEEN_70PCT,generated,2,4,1164370.8,10784,10952,10952,15008,11703
7,"Nullable(FOR(Delta(BitPack)))",BETWEEN_70PCT,generated,3,4,1163759.8,10784,10952,10952,15008,11703
7,"Nullable(FOR(Delta(BitPack)))",BETWEEN_70PCT,generated,4,4,1169245.5,10784,10952,10952,15008,11703
7,"Nullable(FOR(Delta(BitPack)))",BETWEEN_70PCT,generated,5,4,1165655.2,10784,10952,10952,15008,11703
7,"Nullable(FOR(Delta(BitPack)))",BETWEEN_70PCT,generated,6,4,1165349.5,10784,10952,10952,15008,11703
7,"Nullable(FOR(Delta(BitPack)))",BETWEEN_70PCT,handwritten_monomorphized,0,1,4244055.0,10784,10952,10952,15008,11703
7,"Nullable(FOR(Delta(BitPack)))",BETWEEN_70PCT,handwritten_monomorphized,1,1,4232148.0,10784,10952,10952,15008,11703
7,"Nullable(FOR(Delta(BitPack)))",BETWEEN_70PCT,handwritten_monomorphized,2,1,4240210.0,10784,10952,10952,15008,11703
7,"Nullable(FOR(Delta(BitPack)))",BETWEEN_70PCT,handwritten_monomorphized,3,1,4240471.0,10784,10952,10952,15008,11703
7,"Nullable(FOR(Delta(BitPack)))",BETWEEN_70PCT,handwritten_monomorphized,4,1,4233489.0,10784,10952,10952,15008,11703
7,"Nullable(FOR(Delta(BitPack)))",BETWEEN_70PCT,handwritten_monomorphized,5,1,4247501.0,10784,10952,10952,15008,11703
7,"Nullable(FOR(Delta(BitPack)))",BETWEEN_70PCT,handwritten_monomorphized,6,1,4239459.0,10784,10952,10952,15008,11703
7,"Nullable(FOR(Delta(BitPack)))",FILTER_POINT,full_decode,0,3,1608497.7,14689,14800,14800,15008,16384
7,"Nullable(FOR(Delta(BitPack)))",FILTER_POINT,full_decode,1,3,1606161.0,14689,14800,14800,15008,16384
7,"Nullable(FOR(Delta(BitPack)))",FILTER_POINT,full_decode,2,3,1607700.0,14689,14800,14800,15008,16384
7,"Nullable(FOR(Delta(BitPack)))",FILTER_POINT,full_decode,3,3,1605630.3,14689,14800,14800,15008,16384
7,"Nullable(FOR(Delta(BitPack)))",FILTER_POINT,full_decode,4,3,1603510.3,14689,14800,14800,15008,16384
7,"Nullable(FOR(Delta(BitPack)))",FILTER_POINT,full_decode,5,3,1605226.3,14689,14800,14800,15008,16384
7,"Nullable(FOR(Delta(BitPack)))",FILTER_POINT,full_decode,6,3,1602876.0,14689,14800,14800,15008,16384
7,"Nullable(FOR(Delta(BitPack)))",FILTER_POINT,fused_decode,0,3,1580586.3,14689,14800,14800,15008,16384
7,"Nullable(FOR(Delta(BitPack)))",FILTER_POINT,fused_decode,1,3,1582429.0,14689,14800,14800,15008,16384
7,"Nullable(FOR(Delta(BitPack)))",FILTER_POINT,fused_decode,2,3,1582652.7,14689,14800,14800,15008,16384
7,"Nullable(FOR(Delta(BitPack)))",FILTER_POINT,fused_decode,3,3,1583450.3,14689,14800,14800,15008,16384
7,"Nullable(FOR(Delta(BitPack)))",FILTER_POINT,fused_decode,4,3,1584712.3,14689,14800,14800,15008,16384
7,"Nullable(FOR(Delta(BitPack)))",FILTER_POINT,fused_decode,5,3,1579848.3,14689,14800,14800,15008,16384
7,"Nullable(FOR(Delta(BitPack)))",FILTER_POINT,fused_decode,6,3,1579481.0,14689,14800,14800,15008,16384
7,"Nullable(FOR(Delta(BitPack)))",FILTER_POINT,interpreted_plan,0,1,90998283.0,14941,14992,14992,15008,16384
7,"Nullable(FOR(Delta(BitPack)))",FILTER_POINT,interpreted_plan,1,1,90965925.0,14941,14992,14992,15008,16384
7,"Nullable(FOR(Delta(BitPack)))",FILTER_POINT,interpreted_plan,2,1,91039876.0,14941,14992,14992,15008,16384
7,"Nullable(FOR(Delta(BitPack)))",FILTER_POINT,interpreted_plan,3,1,90928519.0,14941,14992,14992,15008,16384
7,"Nullable(FOR(Delta(BitPack)))",FILTER_POINT,interpreted_plan,4,1,91073415.0,14941,14992,14992,15008,16384
7,"Nullable(FOR(Delta(BitPack)))",FILTER_POINT,interpreted_plan,5,1,90963050.0,14941,14992,14992,15008,16384
7,"Nullable(FOR(Delta(BitPack)))",FILTER_POINT,interpreted_plan,6,1,91125905.0,14941,14992,14992,15008,16384
7,"Nullable(FOR(Delta(BitPack)))",FILTER_POINT,generated_full_page_access,0,3,1537752.3,14689,15008,15008,15008,16384
7,"Nullable(FOR(Delta(BitPack)))",FILTER_POINT,generated_full_page_access,1,3,1542299.0,14689,15008,15008,15008,16384
7,"Nullable(FOR(Delta(BitPack)))",FILTER_POINT,generated_full_page_access,2,3,1538597.0,14689,15008,15008,15008,16384
7,"Nullable(FOR(Delta(BitPack)))",FILTER_POINT,generated_full_page_access,3,3,1532881.7,14689,15008,15008,15008,16384
7,"Nullable(FOR(Delta(BitPack)))",FILTER_POINT,generated_full_page_access,4,3,1532848.3,14689,15008,15008,15008,16384
7,"Nullable(FOR(Delta(BitPack)))",FILTER_POINT,generated_full_page_access,5,3,1533719.3,14689,15008,15008,15008,16384
7,"Nullable(FOR(Delta(BitPack)))",FILTER_POINT,generated_full_page_access,6,3,1529923.7,14689,15008,15008,15008,16384
7,"Nullable(FOR(Delta(BitPack)))",FILTER_POINT,generated,0,3,1575201.7,14689,14800,14800,15008,16384
7,"Nullable(FOR(Delta(BitPack)))",FILTER_POINT,generated,1,3,1573682.3,14689,14800,14800,15008,16384
7,"Nullable(FOR(Delta(BitPack)))",FILTER_POINT,generated,2,3,1578917.3,14689,14800,14800,15008,16384
7,"Nullable(FOR(Delta(BitPack)))",FILTER_POINT,generated,3,3,1577641.7,14689,14800,14800,15008,16384
7,"Nullable(FOR(Delta(BitPack)))",FILTER_POINT,generated,4,3,1576009.3,14689,14800,14800,15008,16384
7,"Nullable(FOR(Delta(BitPack)))",FILTER_POINT,generated,5,3,1573729.3,14689,14800,14800,15008,16384
7,"Nullable(FOR(Delta(BitPack)))",FILTER_POINT,generated,6,3,1573205.3,14689,14800,14800,15008,16384
7,"Nullable(FOR(Delta(BitPack)))",FILTER_POINT,handwritten_monomorphized,0,1,5801701.0,14689,14800,14800,15008,16384
7,"Nullable(FOR(Delta(BitPack)))",FILTER_POINT,handwritten_monomorphized,1,1,5783313.0,14689,14800,14800,15008,16384
7,"Nullable(FOR(Delta(BitPack)))",FILTER_POINT,handwritten_monomorphized,2,1,5792637.0,14689,14800,14800,15008,16384
7,"Nullable(FOR(Delta(BitPack)))",FILTER_POINT,handwritten_monomorphized,3,1,5803935.0,14689,14800,14800,15008,16384
7,"Nullable(FOR(Delta(BitPack)))",FILTER_POINT,handwritten_monomorphized,4,1,5799527.0,14689,14800,14800,15008,16384
7,"Nullable(FOR(Delta(BitPack)))",FILTER_POINT,handwritten_monomorphized,5,1,5802713.0,14689,14800,14800,15008,16384
7,"Nullable(FOR(Delta(BitPack)))",FILTER_POINT,handwritten_monomorphized,6,1,5793108.0,14689,14800,14800,15008,16384
7,"Nullable(FOR(Delta(BitPack)))",FILTER_50PCT,full_decode,0,3,1622004.7,14689,14800,14800,15008,16384
7,"Nullable(FOR(Delta(BitPack)))",FILTER_50PCT,full_decode,1,3,1622565.7,14689,14800,14800,15008,16384
7,"Nullable(FOR(Delta(BitPack)))",FILTER_50PCT,full_decode,2,3,1623066.3,14689,14800,14800,15008,16384
7,"Nullable(FOR(Delta(BitPack)))",FILTER_50PCT,full_decode,3,3,1622992.7,14689,14800,14800,15008,16384
7,"Nullable(FOR(Delta(BitPack)))",FILTER_50PCT,full_decode,4,3,1628190.7,14689,14800,14800,15008,16384
7,"Nullable(FOR(Delta(BitPack)))",FILTER_50PCT,full_decode,5,3,1623854.3,14689,14800,14800,15008,16384
7,"Nullable(FOR(Delta(BitPack)))",FILTER_50PCT,full_decode,6,3,1627926.7,14689,14800,14800,15008,16384
7,"Nullable(FOR(Delta(BitPack)))",FILTER_50PCT,fused_decode,0,3,1604598.7,14689,14800,14800,15008,16384
7,"Nullable(FOR(Delta(BitPack)))",FILTER_50PCT,fused_decode,1,3,1617017.0,14689,14800,14800,15008,16384
7,"Nullable(FOR(Delta(BitPack)))",FILTER_50PCT,fused_decode,2,3,1603741.0,14689,14800,14800,15008,16384
7,"Nullable(FOR(Delta(BitPack)))",FILTER_50PCT,fused_decode,3,3,1605333.0,14689,14800,14800,15008,16384
7,"Nullable(FOR(Delta(BitPack)))",FILTER_50PCT,fused_decode,4,3,1607867.0,14689,14800,14800,15008,16384
7,"Nullable(FOR(Delta(BitPack)))",FILTER_50PCT,fused_decode,5,3,1603844.3,14689,14800,14800,15008,16384
7,"Nullable(FOR(Delta(BitPack)))",FILTER_50PCT,fused_decode,6,3,1601611.0,14689,14800,14800,15008,16384
7,"Nullable(FOR(Delta(BitPack)))",FILTER_50PCT,interpreted_plan,0,1,91227456.0,14941,14992,14992,15008,16384
7,"Nullable(FOR(Delta(BitPack)))",FILTER_50PCT,interpreted_plan,1,1,91220045.0,14941,14992,14992,15008,16384
7,"Nullable(FOR(Delta(BitPack)))",FILTER_50PCT,interpreted_plan,2,1,90974098.0,14941,14992,14992,15008,16384
7,"Nullable(FOR(Delta(BitPack)))",FILTER_50PCT,interpreted_plan,3,1,90917373.0,14941,14992,14992,15008,16384
7,"Nullable(FOR(Delta(BitPack)))",FILTER_50PCT,interpreted_plan,4,1,91020337.0,14941,14992,14992,15008,16384
7,"Nullable(FOR(Delta(BitPack)))",FILTER_50PCT,interpreted_plan,5,1,91005045.0,14941,14992,14992,15008,16384
7,"Nullable(FOR(Delta(BitPack)))",FILTER_50PCT,interpreted_plan,6,1,91061649.0,14941,14992,14992,15008,16384
7,"Nullable(FOR(Delta(BitPack)))",FILTER_50PCT,generated_full_page_access,0,3,1552554.3,14689,15008,15008,15008,16384
7,"Nullable(FOR(Delta(BitPack)))",FILTER_50PCT,generated_full_page_access,1,3,1554343.7,14689,15008,15008,15008,16384
7,"Nullable(FOR(Delta(BitPack)))",FILTER_50PCT,generated_full_page_access,2,3,1550394.7,14689,15008,15008,15008,16384
7,"Nullable(FOR(Delta(BitPack)))",FILTER_50PCT,generated_full_page_access,3,3,1552921.3,14689,15008,15008,15008,16384
7,"Nullable(FOR(Delta(BitPack)))",FILTER_50PCT,generated_full_page_access,4,3,1569232.3,14689,15008,15008,15008,16384
7,"Nullable(FOR(Delta(BitPack)))",FILTER_50PCT,generated_full_page_access,5,3,1550381.0,14689,15008,15008,15008,16384
7,"Nullable(FOR(Delta(BitPack)))",FILTER_50PCT,generated_full_page_access,6,3,1557839.0,14689,15008,15008,15008,16384
7,"Nullable(FOR(Delta(BitPack)))",FILTER_50PCT,generated,0,3,1598569.7,14689,14800,14800,15008,16384
7,"Nullable(FOR(Delta(BitPack)))",FILTER_50PCT,generated,1,3,1599371.0,14689,14800,14800,15008,16384
7,"Nullable(FOR(Delta(BitPack)))",FILTER_50PCT,generated,2,3,1597171.0,14689,14800,14800,15008,16384
7,"Nullable(FOR(Delta(BitPack)))",FILTER_50PCT,generated,3,3,1597247.7,14689,14800,14800,15008,16384
7,"Nullable(FOR(Delta(BitPack)))",FILTER_50PCT,generated,4,3,1595605.0,14689,14800,14800,15008,16384
7,"Nullable(FOR(Delta(BitPack)))",FILTER_50PCT,generated,5,3,1598045.3,14689,14800,14800,15008,16384
7,"Nullable(FOR(Delta(BitPack)))",FILTER_50PCT,generated,6,3,1597775.0,14689,14800,14800,15008,16384
7,"Nullable(FOR(Delta(BitPack)))",FILTER_50PCT,handwritten_monomorphized,0,1,5815751.0,14689,14800,14800,15008,16384
7,"Nullable(FOR(Delta(BitPack)))",FILTER_50PCT,handwritten_monomorphized,1,1,5816773.0,14689,14800,14800,15008,16384
7,"Nullable(FOR(Delta(BitPack)))",FILTER_50PCT,handwritten_monomorphized,2,1,5804966.0,14689,14800,14800,15008,16384
7,"Nullable(FOR(Delta(BitPack)))",FILTER_50PCT,handwritten_monomorphized,3,1,5802742.0,14689,14800,14800,15008,16384
7,"Nullable(FOR(Delta(BitPack)))",FILTER_50PCT,handwritten_monomorphized,4,1,5804586.0,14689,14800,14800,15008,16384
7,"Nullable(FOR(Delta(BitPack)))",FILTER_50PCT,handwritten_monomorphized,5,1,5810314.0,14689,14800,14800,15008,16384
7,"Nullable(FOR(Delta(BitPack)))",FILTER_50PCT,handwritten_monomorphized,6,1,5822502.0,14689,14800,14800,15008,16384
8,"Patch(FOR(Delta(BitPack)))",GET,full_decode,0,26,188213.3,13648,13656,13656,13696,16384
8,"Patch(FOR(Delta(BitPack)))",GET,full_decode,1,26,187895.5,13648,13656,13656,13696,16384
8,"Patch(FOR(Delta(BitPack)))",GET,full_decode,2,26,188268.0,13648,13656,13656,13696,16384
8,"Patch(FOR(Delta(BitPack)))",GET,full_decode,3,26,188081.5,13648,13656,13656,13696,16384
8,"Patch(FOR(Delta(BitPack)))",GET,full_decode,4,26,188350.0,13648,13656,13656,13696,16384
8,"Patch(FOR(Delta(BitPack)))",GET,full_decode,5,26,188678.6,13648,13656,13656,13696,16384
8,"Patch(FOR(Delta(BitPack)))",GET,full_decode,6,26,189328.0,13648,13656,13656,13696,16384
8,"Patch(FOR(Delta(BitPack)))",GET,fused_decode,0,29,169231.2,13648,13656,13656,13696,16384
8,"Patch(FOR(Delta(BitPack)))",GET,fused_decode,1,29,169711.0,13648,13656,13656,13696,16384
8,"Patch(FOR(Delta(BitPack)))",GET,fused_decode,2,29,169227.1,13648,13656,13656,13696,16384
8,"Patch(FOR(Delta(BitPack)))",GET,fused_decode,3,29,168849.3,13648,13656,13656,13696,16384
8,"Patch(FOR(Delta(BitPack)))",GET,fused_decode,4,29,169272.7,13648,13656,13656,13696,16384
8,"Patch(FOR(Delta(BitPack)))",GET,fused_decode,5,29,169250.2,13648,13656,13656,13696,16384
8,"Patch(FOR(Delta(BitPack)))",GET,fused_decode,6,29,169317.2,13648,13656,13656,13696,16384
8,"Patch(FOR(Delta(BitPack)))",GET,interpreted_plan,0,2459,1917.0,706,888,888,13696,1
8,"Patch(FOR(Delta(BitPack)))",GET,interpreted_plan,1,2459,1931.5,706,888,888,13696,1
8,"Patch(FOR(Delta(BitPack)))",GET,interpreted_plan,2,2459,1915.6,706,888,888,13696,1
8,"Patch(FOR(Delta(BitPack)))",GET,interpreted_plan,3,2459,1913.3,706,888,888,13696,1
8,"Patch(FOR(Delta(BitPack)))",GET,interpreted_plan,4,2459,1906.5,706,888,888,13696,1
8,"Patch(FOR(Delta(BitPack)))",GET,interpreted_plan,5,2459,1925.2,706,888,888,13696,1
8,"Patch(FOR(Delta(BitPack)))",GET,interpreted_plan,6,2459,1921.6,706,888,888,13696,1
8,"Patch(FOR(Delta(BitPack)))",GET,generated_full_page_access,0,3753,1147.4,706,13696,13696,13696,1
8,"Patch(FOR(Delta(BitPack)))",GET,generated_full_page_access,1,3753,1159.0,706,13696,13696,13696,1
8,"Patch(FOR(Delta(BitPack)))",GET,generated_full_page_access,2,3753,1167.0,706,13696,13696,13696,1
8,"Patch(FOR(Delta(BitPack)))",GET,generated_full_page_access,3,3753,1161.2,706,13696,13696,13696,1
8,"Patch(FOR(Delta(BitPack)))",GET,generated_full_page_access,4,3753,1154.2,706,13696,13696,13696,1
8,"Patch(FOR(Delta(BitPack)))",GET,generated_full_page_access,5,3753,1160.0,706,13696,13696,13696,1
8,"Patch(FOR(Delta(BitPack)))",GET,generated_full_page_access,6,3753,1161.5,706,13696,13696,13696,1
8,"Patch(FOR(Delta(BitPack)))",GET,generated,0,3178,1487.7,706,888,888,13696,1
8,"Patch(FOR(Delta(BitPack)))",GET,generated,1,3178,1497.4,706,888,888,13696,1
8,"Patch(FOR(Delta(BitPack)))",GET,generated,2,3178,1509.2,706,888,888,13696,1
8,"Patch(FOR(Delta(BitPack)))",GET,generated,3,3178,1507.2,706,888,888,13696,1
8,"Patch(FOR(Delta(BitPack)))",GET,generated,4,3178,1504.1,706,888,888,13696,1
8,"Patch(FOR(Delta(BitPack)))",GET,generated,5,3178,1506.7,706,888,888,13696,1
8,"Patch(FOR(Delta(BitPack)))",GET,generated,6,3178,1516.1,706,888,888,13696,1
8,"Patch(FOR(Delta(BitPack)))",GET,handwritten_monomorphized,0,2573,1830.7,706,888,888,13696,1
8,"Patch(FOR(Delta(BitPack)))",GET,handwritten_monomorphized,1,2573,1822.4,706,888,888,13696,1
8,"Patch(FOR(Delta(BitPack)))",GET,handwritten_monomorphized,2,2573,1822.1,706,888,888,13696,1
8,"Patch(FOR(Delta(BitPack)))",GET,handwritten_monomorphized,3,2573,1820.4,706,888,888,13696,1
8,"Patch(FOR(Delta(BitPack)))",GET,handwritten_monomorphized,4,2573,1836.1,706,888,888,13696,1
8,"Patch(FOR(Delta(BitPack)))",GET,handwritten_monomorphized,5,2573,1827.6,706,888,888,13696,1
8,"Patch(FOR(Delta(BitPack)))",GET,handwritten_monomorphized,6,2573,1833.0,706,888,888,13696,1
8,"Patch(FOR(Delta(BitPack)))",SUM_1PCT,full_decode,0,26,187807.3,13648,13656,13656,13696,16384
8,"Patch(FOR(Delta(BitPack)))",SUM_1PCT,full_decode,1,26,188025.7,13648,13656,13656,13696,16384
8,"Patch(FOR(Delta(BitPack)))",SUM_1PCT,full_decode,2,26,187774.9,13648,13656,13656,13696,16384
8,"Patch(FOR(Delta(BitPack)))",SUM_1PCT,full_decode,3,26,187692.5,13648,13656,13656,13696,16384
8,"Patch(FOR(Delta(BitPack)))",SUM_1PCT,full_decode,4,26,187690.2,13648,13656,13656,13696,16384
8,"Patch(FOR(Delta(BitPack)))",SUM_1PCT,full_decode,5,26,188550.7,13648,13656,13656,13696,16384
8,"Patch(FOR(Delta(BitPack)))",SUM_1PCT,full_decode,6,26,188779.5,13648,13656,13656,13696,16384
8,"Patch(FOR(Delta(BitPack)))",SUM_1PCT,fused_decode,0,28,175927.6,13648,13656,13656,13696,16384
8,"Patch(FOR(Delta(BitPack)))",SUM_1PCT,fused_decode,1,28,175796.7,13648,13656,13656,13696,16384
8,"Patch(FOR(Delta(BitPack)))",SUM_1PCT,fused_decode,2,28,175605.0,13648,13656,13656,13696,16384
8,"Patch(FOR(Delta(BitPack)))",SUM_1PCT,fused_decode,3,28,175841.8,13648,13656,13656,13696,16384
8,"Patch(FOR(Delta(BitPack)))",SUM_1PCT,fused_decode,4,28,175843.2,13648,13656,13656,13696,16384
8,"Patch(FOR(Delta(BitPack)))",SUM_1PCT,fused_decode,5,28,175968.4,13648,13656,13656,13696,16384
8,"Patch(FOR(Delta(BitPack)))",SUM_1PCT,fused_decode,6,28,175677.6,13648,13656,13656,13696,16384
8,"Patch(FOR(Delta(BitPack)))",SUM_1PCT,interpreted_plan,0,5,937671.8,962,1144,1144,13696,163
8,"Patch(FOR(Delta(BitPack)))",SUM_1PCT,interpreted_plan,1,5,937537.6,962,1144,1144,13696,163
8,"Patch(FOR(Delta(BitPack)))",SUM_1PCT,interpreted_plan,2,5,937685.8,962,1144,1144,13696,163
8,"Patch(FOR(Delta(BitPack)))",SUM_1PCT,interpreted_plan,3,5,938298.8,962,1144,1144,13696,163
8,"Patch(FOR(Delta(BitPack)))",SUM_1PCT,interpreted_plan,4,5,937593.6,962,1144,1144,13696,163
8,"Patch(FOR(Delta(BitPack)))",SUM_1PCT,interpreted_plan,5,5,936588.2,962,1144,1144,13696,163
8,"Patch(FOR(Delta(BitPack)))",SUM_1PCT,interpreted_plan,6,5,937351.4,962,1144,1144,13696,163
8,"Patch(FOR(Delta(BitPack)))",SUM_1PCT,generated_full_page_access,0,1238,4016.7,962,13696,13696,13696,163
8,"Patch(FOR(Delta(BitPack)))",SUM_1PCT,generated_full_page_access,1,1238,4025.4,962,13696,13696,13696,163
8,"Patch(FOR(Delta(BitPack)))",SUM_1PCT,generated_full_page_access,2,1238,4023.0,962,13696,13696,13696,163
8,"Patch(FOR(Delta(BitPack)))",SUM_1PCT,generated_full_page_access,3,1238,4023.3,962,13696,13696,13696,163
8,"Patch(FOR(Delta(BitPack)))",SUM_1PCT,generated_full_page_access,4,1238,4025.9,962,13696,13696,13696,163
8,"Patch(FOR(Delta(BitPack)))",SUM_1PCT,generated_full_page_access,5,1238,4026.4,962,13696,13696,13696,163
8,"Patch(FOR(Delta(BitPack)))",SUM_1PCT,generated_full_page_access,6,1238,4023.3,962,13696,13696,13696,163
8,"Patch(FOR(Delta(BitPack)))",SUM_1PCT,generated,0,1071,4659.9,962,1144,1144,13696,163
8,"Patch(FOR(Delta(BitPack)))",SUM_1PCT,generated,1,1071,4654.6,962,1144,1144,13696,163
8,"Patch(FOR(Delta(BitPack)))",SUM_1PCT,generated,2,1071,4672.8,962,1144,1144,13696,163
8,"Patch(FOR(Delta(BitPack)))",SUM_1PCT,generated,3,1071,4648.7,962,1144,1144,13696,163
8,"Patch(FOR(Delta(BitPack)))",SUM_1PCT,generated,4,1071,4657.4,962,1144,1144,13696,163
8,"Patch(FOR(Delta(BitPack)))",SUM_1PCT,generated,5,1071,4652.9,962,1144,1144,13696,163
8,"Patch(FOR(Delta(BitPack)))",SUM_1PCT,generated,6,1071,4660.7,962,1144,1144,13696,163
8,"Patch(FOR(Delta(BitPack)))",SUM_1PCT,handwritten_monomorphized,0,211,21799.1,962,1144,1144,13696,163
8,"Patch(FOR(Delta(BitPack)))",SUM_1PCT,handwritten_monomorphized,1,211,21850.8,962,1144,1144,13696,163
8,"Patch(FOR(Delta(BitPack)))",SUM_1PCT,handwritten_monomorphized,2,211,21806.6,962,1144,1144,13696,163
8,"Patch(FOR(Delta(BitPack)))",SUM_1PCT,handwritten_monomorphized,3,211,21851.1,962,1144,1144,13696,163
8,"Patch(FOR(Delta(BitPack)))",SUM_1PCT,handwritten_monomorphized,4,211,21862.0,962,1144,1144,13696,163
8,"Patch(FOR(Delta(BitPack)))",SUM_1PCT,handwritten_monomorphized,5,211,21834.4,962,1144,1144,13696,163
8,"Patch(FOR(Delta(BitPack)))",SUM_1PCT,handwritten_monomorphized,6,211,21857.3,962,1144,1144,13696,163
8,"Patch(FOR(Delta(BitPack)))",SUM_70PCT,full_decode,0,25,195767.4,13648,13656,13656,13696,16384
8,"Patch(FOR(Delta(BitPack)))",SUM_70PCT,full_decode,1,25,195795.1,13648,13656,13656,13696,16384
8,"Patch(FOR(Delta(BitPack)))",SUM_70PCT,full_decode,2,25,195892.0,13648,13656,13656,13696,16384
8,"Patch(FOR(Delta(BitPack)))",SUM_70PCT,full_decode,3,25,195885.6,13648,13656,13656,13696,16384
8,"Patch(FOR(Delta(BitPack)))",SUM_70PCT,full_decode,4,25,196379.2,13648,13656,13656,13696,16384
8,"Patch(FOR(Delta(BitPack)))",SUM_70PCT,full_decode,5,25,196228.5,13648,13656,13656,13696,16384
8,"Patch(FOR(Delta(BitPack)))",SUM_70PCT,full_decode,6,25,195805.9,13648,13656,13656,13696,16384
8,"Patch(FOR(Delta(BitPack)))",SUM_70PCT,fused_decode,0,26,188291.1,13648,13656,13656,13696,16384
8,"Patch(FOR(Delta(BitPack)))",SUM_70PCT,fused_decode,1,26,188553.0,13648,13656,13656,13696,16384
8,"Patch(FOR(Delta(BitPack)))",SUM_70PCT,fused_decode,2,26,188017.6,13648,13656,13656,13696,16384
8,"Patch(FOR(Delta(BitPack)))",SUM_70PCT,fused_decode,3,26,188421.7,13648,13656,13656,13696,16384
8,"Patch(FOR(Delta(BitPack)))",SUM_70PCT,fused_decode,4,26,188133.9,13648,13656,13656,13696,16384
8,"Patch(FOR(Delta(BitPack)))",SUM_70PCT,fused_decode,5,26,188378.5,13648,13656,13656,13696,16384
8,"Patch(FOR(Delta(BitPack)))",SUM_70PCT,fused_decode,6,26,188487.5,13648,13656,13656,13696,16384
8,"Patch(FOR(Delta(BitPack)))",SUM_70PCT,interpreted_plan,0,1,67804561.0,9985,10072,10072,13696,11703
8,"Patch(FOR(Delta(BitPack)))",SUM_70PCT,interpreted_plan,1,1,67763660.0,9985,10072,10072,13696,11703
8,"Patch(FOR(Delta(BitPack)))",SUM_70PCT,interpreted_plan,2,1,67786835.0,9985,10072,10072,13696,11703
8,"Patch(FOR(Delta(BitPack)))",SUM_70PCT,interpreted_plan,3,1,67840805.0,9985,10072,10072,13696,11703
8,"Patch(FOR(Delta(BitPack)))",SUM_70PCT,interpreted_plan,4,1,67710501.0,9985,10072,10072,13696,11703
8,"Patch(FOR(Delta(BitPack)))",SUM_70PCT,interpreted_plan,5,1,67783860.0,9985,10072,10072,13696,11703
8,"Patch(FOR(Delta(BitPack)))",SUM_70PCT,interpreted_plan,6,1,67748397.0,9985,10072,10072,13696,11703
8,"Patch(FOR(Delta(BitPack)))",SUM_70PCT,generated_full_page_access,0,37,132319.1,9985,13696,13696,13696,11703
8,"Patch(FOR(Delta(BitPack)))",SUM_70PCT,generated_full_page_access,1,37,132446.4,9985,13696,13696,13696,11703
8,"Patch(FOR(Delta(BitPack)))",SUM_70PCT,generated_full_page_access,2,37,132183.8,9985,13696,13696,13696,11703
8,"Patch(FOR(Delta(BitPack)))",SUM_70PCT,generated_full_page_access,3,37,132299.7,9985,13696,13696,13696,11703
8,"Patch(FOR(Delta(BitPack)))",SUM_70PCT,generated_full_page_access,4,37,132226.8,9985,13696,13696,13696,11703
8,"Patch(FOR(Delta(BitPack)))",SUM_70PCT,generated_full_page_access,5,37,132224.9,9985,13696,13696,13696,11703
8,"Patch(FOR(Delta(BitPack)))",SUM_70PCT,generated_full_page_access,6,37,132162.7,9985,13696,13696,13696,11703
8,"Patch(FOR(Delta(BitPack)))",SUM_70PCT,generated,0,36,137040.1,9985,10072,10072,13696,11703
8,"Patch(FOR(Delta(BitPack)))",SUM_70PCT,generated,1,36,137109.7,9985,10072,10072,13696,11703
8,"Patch(FOR(Delta(BitPack)))",SUM_70PCT,generated,2,36,136777.2,9985,10072,10072,13696,11703
8,"Patch(FOR(Delta(BitPack)))",SUM_70PCT,generated,3,36,137277.7,9985,10072,10072,13696,11703
8,"Patch(FOR(Delta(BitPack)))",SUM_70PCT,generated,4,36,137086.3,9985,10072,10072,13696,11703
8,"Patch(FOR(Delta(BitPack)))",SUM_70PCT,generated,5,36,136897.4,9985,10072,10072,13696,11703
8,"Patch(FOR(Delta(BitPack)))",SUM_70PCT,generated,6,36,136851.0,9985,10072,10072,13696,11703
8,"Patch(FOR(Delta(BitPack)))",SUM_70PCT,handwritten_monomorphized,0,6,723171.2,9985,10072,10072,13696,11703
8,"Patch(FOR(Delta(BitPack)))",SUM_70PCT,handwritten_monomorphized,1,6,722193.2,9985,10072,10072,13696,11703
8,"Patch(FOR(Delta(BitPack)))",SUM_70PCT,handwritten_monomorphized,2,6,722493.7,9985,10072,10072,13696,11703
8,"Patch(FOR(Delta(BitPack)))",SUM_70PCT,handwritten_monomorphized,3,6,723485.0,9985,10072,10072,13696,11703
8,"Patch(FOR(Delta(BitPack)))",SUM_70PCT,handwritten_monomorphized,4,6,721555.5,9985,10072,10072,13696,11703
8,"Patch(FOR(Delta(BitPack)))",SUM_70PCT,handwritten_monomorphized,5,6,722109.7,9985,10072,10072,13696,11703
8,"Patch(FOR(Delta(BitPack)))",SUM_70PCT,handwritten_monomorphized,6,6,722358.3,9985,10072,10072,13696,11703
8,"Patch(FOR(Delta(BitPack)))",BETWEEN_1PCT,full_decode,0,26,188754.5,13648,13656,13656,13696,16384
8,"Patch(FOR(Delta(BitPack)))",BETWEEN_1PCT,full_decode,1,26,189029.5,13648,13656,13656,13696,16384
8,"Patch(FOR(Delta(BitPack)))",BETWEEN_1PCT,full_decode,2,26,188994.8,13648,13656,13656,13696,16384
8,"Patch(FOR(Delta(BitPack)))",BETWEEN_1PCT,full_decode,3,26,189240.2,13648,13656,13656,13696,16384
8,"Patch(FOR(Delta(BitPack)))",BETWEEN_1PCT,full_decode,4,26,189221.0,13648,13656,13656,13696,16384
8,"Patch(FOR(Delta(BitPack)))",BETWEEN_1PCT,full_decode,5,26,189550.3,13648,13656,13656,13696,16384
8,"Patch(FOR(Delta(BitPack)))",BETWEEN_1PCT,full_decode,6,26,189103.5,13648,13656,13656,13696,16384
8,"Patch(FOR(Delta(BitPack)))",BETWEEN_1PCT,fused_decode,0,28,176271.0,13648,13656,13656,13696,16384
8,"Patch(FOR(Delta(BitPack)))",BETWEEN_1PCT,fused_decode,1,28,176357.9,13648,13656,13656,13696,16384
8,"Patch(FOR(Delta(BitPack)))",BETWEEN_1PCT,fused_decode,2,28,176227.7,13648,13656,13656,13696,16384
8,"Patch(FOR(Delta(BitPack)))",BETWEEN_1PCT,fused_decode,3,28,176297.1,13648,13656,13656,13696,16384
8,"Patch(FOR(Delta(BitPack)))",BETWEEN_1PCT,fused_decode,4,28,176609.4,13648,13656,13656,13696,16384
8,"Patch(FOR(Delta(BitPack)))",BETWEEN_1PCT,fused_decode,5,28,176873.3,13648,13656,13656,13696,16384
8,"Patch(FOR(Delta(BitPack)))",BETWEEN_1PCT,fused_decode,6,28,176777.5,13648,13656,13656,13696,16384
8,"Patch(FOR(Delta(BitPack)))",BETWEEN_1PCT,interpreted_plan,0,5,937914.0,962,1144,1144,13696,163
8,"Patch(FOR(Delta(BitPack)))",BETWEEN_1PCT,interpreted_plan,1,5,941519.6,962,1144,1144,13696,163
8,"Patch(FOR(Delta(BitPack)))",BETWEEN_1PCT,interpreted_plan,2,5,937974.2,962,1144,1144,13696,163
8,"Patch(FOR(Delta(BitPack)))",BETWEEN_1PCT,interpreted_plan,3,5,937571.6,962,1144,1144,13696,163
8,"Patch(FOR(Delta(BitPack)))",BETWEEN_1PCT,interpreted_plan,4,5,938402.8,962,1144,1144,13696,163
8,"Patch(FOR(Delta(BitPack)))",BETWEEN_1PCT,interpreted_plan,5,5,938887.6,962,1144,1144,13696,163
8,"Patch(FOR(Delta(BitPack)))",BETWEEN_1PCT,interpreted_plan,6,5,935895.0,962,1144,1144,13696,163
8,"Patch(FOR(Delta(BitPack)))",BETWEEN_1PCT,generated_full_page_access,0,1048,4307.0,962,13696,13696,13696,163
8,"Patch(FOR(Delta(BitPack)))",BETWEEN_1PCT,generated_full_page_access,1,1048,4318.6,962,13696,13696,13696,163
8,"Patch(FOR(Delta(BitPack)))",BETWEEN_1PCT,generated_full_page_access,2,1048,4315.4,962,13696,13696,13696,163
8,"Patch(FOR(Delta(BitPack)))",BETWEEN_1PCT,generated_full_page_access,3,1048,4309.9,962,13696,13696,13696,163
8,"Patch(FOR(Delta(BitPack)))",BETWEEN_1PCT,generated_full_page_access,4,1048,4307.6,962,13696,13696,13696,163
8,"Patch(FOR(Delta(BitPack)))",BETWEEN_1PCT,generated_full_page_access,5,1048,4307.5,962,13696,13696,13696,163
8,"Patch(FOR(Delta(BitPack)))",BETWEEN_1PCT,generated_full_page_access,6,1048,4295.8,962,13696,13696,13696,163
8,"Patch(FOR(Delta(BitPack)))",BETWEEN_1PCT,generated,0,1002,4966.7,962,1144,1144,13696,163
8,"Patch(FOR(Delta(BitPack)))",BETWEEN_1PCT,generated,1,1002,4967.2,962,1144,1144,13696,163
8,"Patch(FOR(Delta(BitPack)))",BETWEEN_1PCT,generated,2,1002,4963.8,962,1144,1144,13696,163
8,"Patch(FOR(Delta(BitPack)))",BETWEEN_1PCT,generated,3,1002,4976.8,962,1144,1144,13696,163
8,"Patch(FOR(Delta(BitPack)))",BETWEEN_1PCT,generated,4,1002,4967.1,962,1144,1144,13696,163
8,"Patch(FOR(Delta(BitPack)))",BETWEEN_1PCT,generated,5,1002,4977.6,962,1144,1144,13696,163
8,"Patch(FOR(Delta(BitPack)))",BETWEEN_1PCT,generated,6,1002,4972.4,962,1144,1144,13696,163
8,"Patch(FOR(Delta(BitPack)))",BETWEEN_1PCT,handwritten_monomorphized,0,224,22113.6,962,1144,1144,13696,163
8,"Patch(FOR(Delta(BitPack)))",BETWEEN_1PCT,handwritten_monomorphized,1,224,22081.4,962,1144,1144,13696,163
8,"Patch(FOR(Delta(BitPack)))",BETWEEN_1PCT,handwritten_monomorphized,2,224,22173.7,962,1144,1144,13696,163
8,"Patch(FOR(Delta(BitPack)))",BETWEEN_1PCT,handwritten_monomorphized,3,224,22081.8,962,1144,1144,13696,163
8,"Patch(FOR(Delta(BitPack)))",BETWEEN_1PCT,handwritten_monomorphized,4,224,22128.0,962,1144,1144,13696,163
8,"Patch(FOR(Delta(BitPack)))",BETWEEN_1PCT,handwritten_monomorphized,5,224,22112.9,962,1144,1144,13696,163
8,"Patch(FOR(Delta(BitPack)))",BETWEEN_1PCT,handwritten_monomorphized,6,224,22096.5,962,1144,1144,13696,163
8,"Patch(FOR(Delta(BitPack)))",BETWEEN_70PCT,full_decode,0,22,213190.5,13648,13656,13656,13696,16384
8,"Patch(FOR(Delta(BitPack)))",BETWEEN_70PCT,full_decode,1,22,213442.7,13648,13656,13656,13696,16384
8,"Patch(FOR(Delta(BitPack)))",BETWEEN_70PCT,full_decode,2,22,213801.0,13648,13656,13656,13696,16384
8,"Patch(FOR(Delta(BitPack)))",BETWEEN_70PCT,full_decode,3,22,213354.4,13648,13656,13656,13696,16384
8,"Patch(FOR(Delta(BitPack)))",BETWEEN_70PCT,full_decode,4,22,213747.3,13648,13656,13656,13696,16384
8,"Patch(FOR(Delta(BitPack)))",BETWEEN_70PCT,full_decode,5,22,213563.8,13648,13656,13656,13696,16384
8,"Patch(FOR(Delta(BitPack)))",BETWEEN_70PCT,full_decode,6,22,214160.6,13648,13656,13656,13696,16384
8,"Patch(FOR(Delta(BitPack)))",BETWEEN_70PCT,fused_decode,0,25,198224.3,13648,13656,13656,13696,16384
8,"Patch(FOR(Delta(BitPack)))",BETWEEN_70PCT,fused_decode,1,25,198394.6,13648,13656,13656,13696,16384
8,"Patch(FOR(Delta(BitPack)))",BETWEEN_70PCT,fused_decode,2,25,198077.3,13648,13656,13656,13696,16384
8,"Patch(FOR(Delta(BitPack)))",BETWEEN_70PCT,fused_decode,3,25,198778.0,13648,13656,13656,13696,16384
8,"Patch(FOR(Delta(BitPack)))",BETWEEN_70PCT,fused_decode,4,25,198368.5,13648,13656,13656,13696,16384
8,"Patch(FOR(Delta(BitPack)))",BETWEEN_70PCT,fused_decode,5,25,198855.7,13648,13656,13656,13696,16384
8,"Patch(FOR(Delta(BitPack)))",BETWEEN_70PCT,fused_decode,6,25,198471.5,13648,13656,13656,13696,16384
8,"Patch(FOR(Delta(BitPack)))",BETWEEN_70PCT,interpreted_plan,0,1,67835628.0,9985,10072,10072,13696,11703
8,"Patch(FOR(Delta(BitPack)))",BETWEEN_70PCT,interpreted_plan,1,1,67839513.0,9985,10072,10072,13696,11703
8,"Patch(FOR(Delta(BitPack)))",BETWEEN_70PCT,interpreted_plan,2,1,67858843.0,9985,10072,10072,13696,11703
8,"Patch(FOR(Delta(BitPack)))",BETWEEN_70PCT,interpreted_plan,3,1,67763661.0,9985,10072,10072,13696,11703
8,"Patch(FOR(Delta(BitPack)))",BETWEEN_70PCT,interpreted_plan,4,1,67810200.0,9985,10072,10072,13696,11703
8,"Patch(FOR(Delta(BitPack)))",BETWEEN_70PCT,interpreted_plan,5,1,67808147.0,9985,10072,10072,13696,11703
8,"Patch(FOR(Delta(BitPack)))",BETWEEN_70PCT,interpreted_plan,6,1,67858722.0,9985,10072,10072,13696,11703
8,"Patch(FOR(Delta(BitPack)))",BETWEEN_70PCT,generated_full_page_access,0,35,141312.7,9985,13696,13696,13696,11703
8,"Patch(FOR(Delta(BitPack)))",BETWEEN_70PCT,generated_full_page_access,1,35,141562.8,9985,13696,13696,13696,11703
8,"Patch(FOR(Delta(BitPack)))",BETWEEN_70PCT,generated_full_page_access,2,35,141276.3,9985,13696,13696,13696,11703
8,"Patch(FOR(Delta(BitPack)))",BETWEEN_70PCT,generated_full_page_access,3,35,141200.2,9985,13696,13696,13696,11703
8,"Patch(FOR(Delta(BitPack)))",BETWEEN_70PCT,generated_full_page_access,4,35,141333.3,9985,13696,13696,13696,11703
8,"Patch(FOR(Delta(BitPack)))",BETWEEN_70PCT,generated_full_page_access,5,35,141381.6,9985,13696,13696,13696,11703
8,"Patch(FOR(Delta(BitPack)))",BETWEEN_70PCT,generated_full_page_access,6,35,141486.6,9985,13696,13696,13696,11703
8,"Patch(FOR(Delta(BitPack)))",BETWEEN_70PCT,generated,0,34,145819.7,9985,10072,10072,13696,11703
8,"Patch(FOR(Delta(BitPack)))",BETWEEN_70PCT,generated,1,34,145782.0,9985,10072,10072,13696,11703
8,"Patch(FOR(Delta(BitPack)))",BETWEEN_70PCT,generated,2,34,145644.8,9985,10072,10072,13696,11703
8,"Patch(FOR(Delta(BitPack)))",BETWEEN_70PCT,generated,3,34,145562.6,9985,10072,10072,13696,11703
8,"Patch(FOR(Delta(BitPack)))",BETWEEN_70PCT,generated,4,34,145622.7,9985,10072,10072,13696,11703
8,"Patch(FOR(Delta(BitPack)))",BETWEEN_70PCT,generated,5,34,145551.7,9985,10072,10072,13696,11703
8,"Patch(FOR(Delta(BitPack)))",BETWEEN_70PCT,generated,6,34,145482.2,9985,10072,10072,13696,11703
8,"Patch(FOR(Delta(BitPack)))",BETWEEN_70PCT,handwritten_monomorphized,0,6,744423.0,9985,10072,10072,13696,11703
8,"Patch(FOR(Delta(BitPack)))",BETWEEN_70PCT,handwritten_monomorphized,1,6,742635.3,9985,10072,10072,13696,11703
8,"Patch(FOR(Delta(BitPack)))",BETWEEN_70PCT,handwritten_monomorphized,2,6,743401.5,9985,10072,10072,13696,11703
8,"Patch(FOR(Delta(BitPack)))",BETWEEN_70PCT,handwritten_monomorphized,3,6,741981.0,9985,10072,10072,13696,11703
8,"Patch(FOR(Delta(BitPack)))",BETWEEN_70PCT,handwritten_monomorphized,4,6,742675.3,9985,10072,10072,13696,11703
8,"Patch(FOR(Delta(BitPack)))",BETWEEN_70PCT,handwritten_monomorphized,5,6,743019.2,9985,10072,10072,13696,11703
8,"Patch(FOR(Delta(BitPack)))",BETWEEN_70PCT,handwritten_monomorphized,6,6,745070.5,9985,10072,10072,13696,11703
8,"Patch(FOR(Delta(BitPack)))",FILTER_POINT,full_decode,0,24,201553.4,13648,13656,13656,13696,16384
8,"Patch(FOR(Delta(BitPack)))",FILTER_POINT,full_decode,1,24,201080.2,13648,13656,13656,13696,16384
8,"Patch(FOR(Delta(BitPack)))",FILTER_POINT,full_decode,2,24,201558.8,13648,13656,13656,13696,16384
8,"Patch(FOR(Delta(BitPack)))",FILTER_POINT,full_decode,3,24,201567.5,13648,13656,13656,13696,16384
8,"Patch(FOR(Delta(BitPack)))",FILTER_POINT,full_decode,4,24,201579.7,13648,13656,13656,13696,16384
8,"Patch(FOR(Delta(BitPack)))",FILTER_POINT,full_decode,5,24,201211.6,13648,13656,13656,13696,16384
8,"Patch(FOR(Delta(BitPack)))",FILTER_POINT,full_decode,6,24,201544.2,13648,13656,13656,13696,16384
8,"Patch(FOR(Delta(BitPack)))",FILTER_POINT,fused_decode,0,27,183366.3,13648,13656,13656,13696,16384
8,"Patch(FOR(Delta(BitPack)))",FILTER_POINT,fused_decode,1,27,183367.1,13648,13656,13656,13696,16384
8,"Patch(FOR(Delta(BitPack)))",FILTER_POINT,fused_decode,2,27,183216.5,13648,13656,13656,13696,16384
8,"Patch(FOR(Delta(BitPack)))",FILTER_POINT,fused_decode,3,27,183437.6,13648,13656,13656,13696,16384
8,"Patch(FOR(Delta(BitPack)))",FILTER_POINT,fused_decode,4,27,183225.0,13648,13656,13656,13696,16384
8,"Patch(FOR(Delta(BitPack)))",FILTER_POINT,fused_decode,5,27,183053.3,13648,13656,13656,13696,16384
8,"Patch(FOR(Delta(BitPack)))",FILTER_POINT,fused_decode,6,27,183006.9,13648,13656,13656,13696,16384
8,"Patch(FOR(Delta(BitPack)))",FILTER_POINT,interpreted_plan,0,1,93836524.0,13648,13656,13656,13696,16384
8,"Patch(FOR(Delta(BitPack)))",FILTER_POINT,interpreted_plan,1,1,93852237.0,13648,13656,13656,13696,16384
8,"Patch(FOR(Delta(BitPack)))",FILTER_POINT,interpreted_plan,2,1,93990524.0,13648,13656,13656,13696,16384
8,"Patch(FOR(Delta(BitPack)))",FILTER_POINT,interpreted_plan,3,1,93916413.0,13648,13656,13656,13696,16384
8,"Patch(FOR(Delta(BitPack)))",FILTER_POINT,interpreted_plan,4,1,93943053.0,13648,13656,13656,13696,16384
8,"Patch(FOR(Delta(BitPack)))",FILTER_POINT,interpreted_plan,5,1,93971516.0,13648,13656,13656,13696,16384
8,"Patch(FOR(Delta(BitPack)))",FILTER_POINT,interpreted_plan,6,1,93882793.0,13648,13656,13656,13696,16384
8,"Patch(FOR(Delta(BitPack)))",FILTER_POINT,generated_full_page_access,0,28,173055.5,13648,13696,13696,13696,16384
8,"Patch(FOR(Delta(BitPack)))",FILTER_POINT,generated_full_page_access,1,28,172861.3,13648,13696,13696,13696,16384
8,"Patch(FOR(Delta(BitPack)))",FILTER_POINT,generated_full_page_access,2,28,173103.8,13648,13696,13696,13696,16384
8,"Patch(FOR(Delta(BitPack)))",FILTER_POINT,generated_full_page_access,3,28,173087.7,13648,13696,13696,13696,16384
8,"Patch(FOR(Delta(BitPack)))",FILTER_POINT,generated_full_page_access,4,28,173061.9,13648,13696,13696,13696,16384
8,"Patch(FOR(Delta(BitPack)))",FILTER_POINT,generated_full_page_access,5,28,172917.4,13648,13696,13696,13696,16384
8,"Patch(FOR(Delta(BitPack)))",FILTER_POINT,generated_full_page_access,6,28,172904.9,13648,13696,13696,13696,16384
8,"Patch(FOR(Delta(BitPack)))",FILTER_POINT,generated,0,28,178299.8,13648,13656,13656,13696,16384
8,"Patch(FOR(Delta(BitPack)))",FILTER_POINT,generated,1,28,178532.2,13648,13656,13656,13696,16384
8,"Patch(FOR(Delta(BitPack)))",FILTER_POINT,generated,2,28,178219.2,13648,13656,13656,13696,16384
8,"Patch(FOR(Delta(BitPack)))",FILTER_POINT,generated,3,28,178407.4,13648,13656,13656,13696,16384
8,"Patch(FOR(Delta(BitPack)))",FILTER_POINT,generated,4,28,178210.0,13648,13656,13656,13696,16384
8,"Patch(FOR(Delta(BitPack)))",FILTER_POINT,generated,5,28,178228.9,13648,13656,13656,13696,16384
8,"Patch(FOR(Delta(BitPack)))",FILTER_POINT,generated,6,28,178127.0,13648,13656,13656,13696,16384
8,"Patch(FOR(Delta(BitPack)))",FILTER_POINT,handwritten_monomorphized,0,4,1003625.8,13648,13656,13656,13696,16384
8,"Patch(FOR(Delta(BitPack)))",FILTER_POINT,handwritten_monomorphized,1,4,1002121.0,13648,13656,13656,13696,16384
8,"Patch(FOR(Delta(BitPack)))",FILTER_POINT,handwritten_monomorphized,2,4,1004357.0,13648,13656,13656,13696,16384
8,"Patch(FOR(Delta(BitPack)))",FILTER_POINT,handwritten_monomorphized,3,4,1004599.8,13648,13656,13656,13696,16384
8,"Patch(FOR(Delta(BitPack)))",FILTER_POINT,handwritten_monomorphized,4,4,1004742.5,13648,13656,13656,13696,16384
8,"Patch(FOR(Delta(BitPack)))",FILTER_POINT,handwritten_monomorphized,5,4,1005776.2,13648,13656,13656,13696,16384
8,"Patch(FOR(Delta(BitPack)))",FILTER_POINT,handwritten_monomorphized,6,4,1003993.8,13648,13656,13656,13696,16384
8,"Patch(FOR(Delta(BitPack)))",FILTER_50PCT,full_decode,0,23,218189.7,13648,13656,13656,13696,16384
8,"Patch(FOR(Delta(BitPack)))",FILTER_50PCT,full_decode,1,23,217593.5,13648,13656,13656,13696,16384
8,"Patch(FOR(Delta(BitPack)))",FILTER_50PCT,full_decode,2,23,217781.7,13648,13656,13656,13696,16384
8,"Patch(FOR(Delta(BitPack)))",FILTER_50PCT,full_decode,3,23,217672.8,13648,13656,13656,13696,16384
8,"Patch(FOR(Delta(BitPack)))",FILTER_50PCT,full_decode,4,23,217635.3,13648,13656,13656,13696,16384
8,"Patch(FOR(Delta(BitPack)))",FILTER_50PCT,full_decode,5,23,217547.8,13648,13656,13656,13696,16384
8,"Patch(FOR(Delta(BitPack)))",FILTER_50PCT,full_decode,6,23,217562.6,13648,13656,13656,13696,16384
8,"Patch(FOR(Delta(BitPack)))",FILTER_50PCT,fused_decode,0,24,199701.9,13648,13656,13656,13696,16384
8,"Patch(FOR(Delta(BitPack)))",FILTER_50PCT,fused_decode,1,24,199810.3,13648,13656,13656,13696,16384
8,"Patch(FOR(Delta(BitPack)))",FILTER_50PCT,fused_decode,2,24,200249.8,13648,13656,13656,13696,16384
8,"Patch(FOR(Delta(BitPack)))",FILTER_50PCT,fused_decode,3,24,200323.2,13648,13656,13656,13696,16384
8,"Patch(FOR(Delta(BitPack)))",FILTER_50PCT,fused_decode,4,24,200523.9,13648,13656,13656,13696,16384
8,"Patch(FOR(Delta(BitPack)))",FILTER_50PCT,fused_decode,5,24,199961.8,13648,13656,13656,13696,16384
8,"Patch(FOR(Delta(BitPack)))",FILTER_50PCT,fused_decode,6,24,200563.6,13648,13656,13656,13696,16384
8,"Patch(FOR(Delta(BitPack)))",FILTER_50PCT,interpreted_plan,0,1,93859309.0,13648,13656,13656,13696,16384
8,"Patch(FOR(Delta(BitPack)))",FILTER_50PCT,interpreted_plan,1,1,94205325.0,13648,13656,13656,13696,16384
8,"Patch(FOR(Delta(BitPack)))",FILTER_50PCT,interpreted_plan,2,1,94137724.0,13648,13656,13656,13696,16384
8,"Patch(FOR(Delta(BitPack)))",FILTER_50PCT,interpreted_plan,3,1,94216001.0,13648,13656,13656,13696,16384
8,"Patch(FOR(Delta(BitPack)))",FILTER_50PCT,interpreted_plan,4,1,94257123.0,13648,13656,13656,13696,16384
8,"Patch(FOR(Delta(BitPack)))",FILTER_50PCT,interpreted_plan,5,1,94122241.0,13648,13656,13656,13696,16384
8,"Patch(FOR(Delta(BitPack)))",FILTER_50PCT,interpreted_plan,6,1,94188570.0,13648,13656,13656,13696,16384
8,"Patch(FOR(Delta(BitPack)))",FILTER_50PCT,generated_full_page_access,0,26,190350.7,13648,13696,13696,13696,16384
8,"Patch(FOR(Delta(BitPack)))",FILTER_50PCT,generated_full_page_access,1,26,190026.0,13648,13696,13696,13696,16384
8,"Patch(FOR(Delta(BitPack)))",FILTER_50PCT,generated_full_page_access,2,26,190359.2,13648,13696,13696,13696,16384
8,"Patch(FOR(Delta(BitPack)))",FILTER_50PCT,generated_full_page_access,3,26,190227.0,13648,13696,13696,13696,16384
8,"Patch(FOR(Delta(BitPack)))",FILTER_50PCT,generated_full_page_access,4,26,190001.7,13648,13696,13696,13696,16384
8,"Patch(FOR(Delta(BitPack)))",FILTER_50PCT,generated_full_page_access,5,26,189858.8,13648,13696,13696,13696,16384
8,"Patch(FOR(Delta(BitPack)))",FILTER_50PCT,generated_full_page_access,6,26,189883.1,13648,13696,13696,13696,16384
8,"Patch(FOR(Delta(BitPack)))",FILTER_50PCT,generated,0,25,195169.4,13648,13656,13656,13696,16384
8,"Patch(FOR(Delta(BitPack)))",FILTER_50PCT,generated,1,25,195441.0,13648,13656,13656,13696,16384
8,"Patch(FOR(Delta(BitPack)))",FILTER_50PCT,generated,2,25,195509.9,13648,13656,13656,13696,16384
8,"Patch(FOR(Delta(BitPack)))",FILTER_50PCT,generated,3,25,195465.4,13648,13656,13656,13696,16384
8,"Patch(FOR(Delta(BitPack)))",FILTER_50PCT,generated,4,25,195450.2,13648,13656,13656,13696,16384
8,"Patch(FOR(Delta(BitPack)))",FILTER_50PCT,generated,5,25,195687.8,13648,13656,13656,13696,16384
8,"Patch(FOR(Delta(BitPack)))",FILTER_50PCT,generated,6,25,195784.3,13648,13656,13656,13696,16384
8,"Patch(FOR(Delta(BitPack)))",FILTER_50PCT,handwritten_monomorphized,0,4,1021434.8,13648,13656,13656,13696,16384
8,"Patch(FOR(Delta(BitPack)))",FILTER_50PCT,handwritten_monomorphized,1,4,1018680.8,13648,13656,13656,13696,16384
8,"Patch(FOR(Delta(BitPack)))",FILTER_50PCT,handwritten_monomorphized,2,4,1021878.0,13648,13656,13656,13696,16384
8,"Patch(FOR(Delta(BitPack)))",FILTER_50PCT,handwritten_monomorphized,3,4,1019627.2,13648,13656,13656,13696,16384
8,"Patch(FOR(Delta(BitPack)))",FILTER_50PCT,handwritten_monomorphized,4,4,1017589.2,13648,13656,13656,13696,16384
8,"Patch(FOR(Delta(BitPack)))",FILTER_50PCT,handwritten_monomorphized,5,4,1019351.8,13648,13656,13656,13696,16384
8,"Patch(FOR(Delta(BitPack)))",FILTER_50PCT,handwritten_monomorphized,6,4,1018445.2,13648,13656,13656,13696,16384
9,"Frame(Dictionary(RLE(BitPack)))",GET,full_decode,0,69,71862.5,2439,625,625,625,16384
9,"Frame(Dictionary(RLE(BitPack)))",GET,full_decode,1,69,71481.5,2439,625,625,625,16384
9,"Frame(Dictionary(RLE(BitPack)))",GET,full_decode,2,69,71528.5,2439,625,625,625,16384
9,"Frame(Dictionary(RLE(BitPack)))",GET,full_decode,3,69,71703.1,2439,625,625,625,16384
9,"Frame(Dictionary(RLE(BitPack)))",GET,full_decode,4,69,71989.4,2439,625,625,625,16384
9,"Frame(Dictionary(RLE(BitPack)))",GET,full_decode,5,69,71541.4,2439,625,625,625,16384
9,"Frame(Dictionary(RLE(BitPack)))",GET,full_decode,6,69,71469.7,2439,625,625,625,16384
9,"Frame(Dictionary(RLE(BitPack)))",GET,fused_decode,0,88,56748.2,2439,625,625,625,16384
9,"Frame(Dictionary(RLE(BitPack)))",GET,fused_decode,1,88,56876.6,2439,625,625,625,16384
9,"Frame(Dictionary(RLE(BitPack)))",GET,fused_decode,2,88,56652.2,2439,625,625,625,16384
9,"Frame(Dictionary(RLE(BitPack)))",GET,fused_decode,3,88,56655.5,2439,625,625,625,16384
9,"Frame(Dictionary(RLE(BitPack)))",GET,fused_decode,4,88,56483.8,2439,625,625,625,16384
9,"Frame(Dictionary(RLE(BitPack)))",GET,fused_decode,5,88,56378.8,2439,625,625,625,16384
9,"Frame(Dictionary(RLE(BitPack)))",GET,fused_decode,6,88,56411.1,2439,625,625,625,16384
9,"Frame(Dictionary(RLE(BitPack)))",GET,interpreted_plan,0,977,4986.9,661,625,625,625,1
9,"Frame(Dictionary(RLE(BitPack)))",GET,interpreted_plan,1,977,4984.8,661,625,625,625,1
9,"Frame(Dictionary(RLE(BitPack)))",GET,interpreted_plan,2,977,4973.1,661,625,625,625,1
9,"Frame(Dictionary(RLE(BitPack)))",GET,interpreted_plan,3,977,4978.7,661,625,625,625,1
9,"Frame(Dictionary(RLE(BitPack)))",GET,interpreted_plan,4,977,4971.0,661,625,625,625,1
9,"Frame(Dictionary(RLE(BitPack)))",GET,interpreted_plan,5,977,4980.1,661,625,625,625,1
9,"Frame(Dictionary(RLE(BitPack)))",GET,interpreted_plan,6,977,4979.8,661,625,625,625,1
9,"Frame(Dictionary(RLE(BitPack)))",GET,generated_full_page_access,0,998,4950.2,661,625,625,625,1
9,"Frame(Dictionary(RLE(BitPack)))",GET,generated_full_page_access,1,998,4957.2,661,625,625,625,1
9,"Frame(Dictionary(RLE(BitPack)))",GET,generated_full_page_access,2,998,4963.7,661,625,625,625,1
9,"Frame(Dictionary(RLE(BitPack)))",GET,generated_full_page_access,3,998,4965.0,661,625,625,625,1
9,"Frame(Dictionary(RLE(BitPack)))",GET,generated_full_page_access,4,998,4952.9,661,625,625,625,1
9,"Frame(Dictionary(RLE(BitPack)))",GET,generated_full_page_access,5,998,4953.4,661,625,625,625,1
9,"Frame(Dictionary(RLE(BitPack)))",GET,generated_full_page_access,6,998,4953.4,661,625,625,625,1
9,"Frame(Dictionary(RLE(BitPack)))",GET,generated,0,965,5029.3,661,625,625,625,1
9,"Frame(Dictionary(RLE(BitPack)))",GET,generated,1,965,5025.9,661,625,625,625,1
9,"Frame(Dictionary(RLE(BitPack)))",GET,generated,2,965,5018.3,661,625,625,625,1
9,"Frame(Dictionary(RLE(BitPack)))",GET,generated,3,965,5028.9,661,625,625,625,1
9,"Frame(Dictionary(RLE(BitPack)))",GET,generated,4,965,5019.9,661,625,625,625,1
9,"Frame(Dictionary(RLE(BitPack)))",GET,generated,5,965,5019.1,661,625,625,625,1
9,"Frame(Dictionary(RLE(BitPack)))",GET,generated,6,965,5024.3,661,625,625,625,1
9,"Frame(Dictionary(RLE(BitPack)))",GET,handwritten_monomorphized,0,984,5029.2,661,625,625,625,1
9,"Frame(Dictionary(RLE(BitPack)))",GET,handwritten_monomorphized,1,984,5034.3,661,625,625,625,1
9,"Frame(Dictionary(RLE(BitPack)))",GET,handwritten_monomorphized,2,984,5029.1,661,625,625,625,1
9,"Frame(Dictionary(RLE(BitPack)))",GET,handwritten_monomorphized,3,984,5023.0,661,625,625,625,1
9,"Frame(Dictionary(RLE(BitPack)))",GET,handwritten_monomorphized,4,984,5034.5,661,625,625,625,1
9,"Frame(Dictionary(RLE(BitPack)))",GET,handwritten_monomorphized,5,984,5036.7,661,625,625,625,1
9,"Frame(Dictionary(RLE(BitPack)))",GET,handwritten_monomorphized,6,984,5019.0,661,625,625,625,1
9,"Frame(Dictionary(RLE(BitPack)))",SUM_1PCT,full_decode,0,69,72211.3,2439,625,625,625,16384
9,"Frame(Dictionary(RLE(BitPack)))",SUM_1PCT,full_decode,1,69,71769.0,2439,625,625,625,16384
9,"Frame(Dictionary(RLE(BitPack)))",SUM_1PCT,full_decode,2,69,71775.4,2439,625,625,625,16384
9,"Frame(Dictionary(RLE(BitPack)))",SUM_1PCT,full_decode,3,69,71952.5,2439,625,625,625,16384
9,"Frame(Dictionary(RLE(BitPack)))",SUM_1PCT,full_decode,4,69,71919.4,2439,625,625,625,16384
9,"Frame(Dictionary(RLE(BitPack)))",SUM_1PCT,full_decode,5,69,72079.1,2439,625,625,625,16384
9,"Frame(Dictionary(RLE(BitPack)))",SUM_1PCT,full_decode,6,69,72000.5,2439,625,625,625,16384
9,"Frame(Dictionary(RLE(BitPack)))",SUM_1PCT,fused_decode,0,88,56427.4,2439,625,625,625,16384
9,"Frame(Dictionary(RLE(BitPack)))",SUM_1PCT,fused_decode,1,88,56317.6,2439,625,625,625,16384
9,"Frame(Dictionary(RLE(BitPack)))",SUM_1PCT,fused_decode,2,88,56330.3,2439,625,625,625,16384
9,"Frame(Dictionary(RLE(BitPack)))",SUM_1PCT,fused_decode,3,88,56202.1,2439,625,625,625,16384
9,"Frame(Dictionary(RLE(BitPack)))",SUM_1PCT,fused_decode,4,88,56395.4,2439,625,625,625,16384
9,"Frame(Dictionary(RLE(BitPack)))",SUM_1PCT,fused_decode,5,88,56282.2,2439,625,625,625,16384
9,"Frame(Dictionary(RLE(BitPack)))",SUM_1PCT,fused_decode,6,88,56474.5,2439,625,625,625,16384
9,"Frame(Dictionary(RLE(BitPack)))",SUM_1PCT,interpreted_plan,0,29,173114.3,686,625,625,625,163
9,"Frame(Dictionary(RLE(BitPack)))",SUM_1PCT,interpreted_plan,1,29,173374.7,686,625,625,625,163
9,"Frame(Dictionary(RLE(BitPack)))",SUM_1PCT,interpreted_plan,2,29,173189.2,686,625,625,625,163
9,"Frame(Dictionary(RLE(BitPack)))",SUM_1PCT,interpreted_plan,3,29,173401.3,686,625,625,625,163
9,"Frame(Dictionary(RLE(BitPack)))",SUM_1PCT,interpreted_plan,4,29,173268.3,686,625,625,625,163
9,"Frame(Dictionary(RLE(BitPack)))",SUM_1PCT,interpreted_plan,5,29,173112.9,686,625,625,625,163
9,"Frame(Dictionary(RLE(BitPack)))",SUM_1PCT,interpreted_plan,6,29,173384.7,686,625,625,625,163
9,"Frame(Dictionary(RLE(BitPack)))",SUM_1PCT,generated_full_page_access,0,846,5550.9,686,625,625,625,163
9,"Frame(Dictionary(RLE(BitPack)))",SUM_1PCT,generated_full_page_access,1,846,5540.0,686,625,625,625,163
9,"Frame(Dictionary(RLE(BitPack)))",SUM_1PCT,generated_full_page_access,2,846,5541.7,686,625,625,625,163
9,"Frame(Dictionary(RLE(BitPack)))",SUM_1PCT,generated_full_page_access,3,846,5536.8,686,625,625,625,163
9,"Frame(Dictionary(RLE(BitPack)))",SUM_1PCT,generated_full_page_access,4,846,5545.0,686,625,625,625,163
9,"Frame(Dictionary(RLE(BitPack)))",SUM_1PCT,generated_full_page_access,5,846,5523.4,686,625,625,625,163
9,"Frame(Dictionary(RLE(BitPack)))",SUM_1PCT,generated_full_page_access,6,846,5533.4,686,625,625,625,163
9,"Frame(Dictionary(RLE(BitPack)))",SUM_1PCT,generated,0,893,5580.5,686,625,625,625,163
9,"Frame(Dictionary(RLE(BitPack)))",SUM_1PCT,generated,1,893,5619.1,686,625,625,625,163
9,"Frame(Dictionary(RLE(BitPack)))",SUM_1PCT,generated,2,893,5587.2,686,625,625,625,163
9,"Frame(Dictionary(RLE(BitPack)))",SUM_1PCT,generated,3,893,5582.3,686,625,625,625,163
9,"Frame(Dictionary(RLE(BitPack)))",SUM_1PCT,generated,4,893,5583.7,686,625,625,625,163
9,"Frame(Dictionary(RLE(BitPack)))",SUM_1PCT,generated,5,893,5571.5,686,625,625,625,163
9,"Frame(Dictionary(RLE(BitPack)))",SUM_1PCT,generated,6,893,5585.8,686,625,625,625,163
9,"Frame(Dictionary(RLE(BitPack)))",SUM_1PCT,handwritten_monomorphized,0,897,5608.9,686,625,625,625,163
9,"Frame(Dictionary(RLE(BitPack)))",SUM_1PCT,handwritten_monomorphized,1,897,5606.0,686,625,625,625,163
9,"Frame(Dictionary(RLE(BitPack)))",SUM_1PCT,handwritten_monomorphized,2,897,5613.3,686,625,625,625,163
9,"Frame(Dictionary(RLE(BitPack)))",SUM_1PCT,handwritten_monomorphized,3,897,5624.0,686,625,625,625,163
9,"Frame(Dictionary(RLE(BitPack)))",SUM_1PCT,handwritten_monomorphized,4,897,5613.0,686,625,625,625,163
9,"Frame(Dictionary(RLE(BitPack)))",SUM_1PCT,handwritten_monomorphized,5,897,5605.0,686,625,625,625,163
9,"Frame(Dictionary(RLE(BitPack)))",SUM_1PCT,handwritten_monomorphized,6,897,5625.8,686,625,625,625,163
9,"Frame(Dictionary(RLE(BitPack)))",SUM_70PCT,full_decode,0,63,79838.4,2439,625,625,625,16384
9,"Frame(Dictionary(RLE(BitPack)))",SUM_70PCT,full_decode,1,63,79479.3,2439,625,625,625,16384
9,"Frame(Dictionary(RLE(BitPack)))",SUM_70PCT,full_decode,2,63,79678.5,2439,625,625,625,16384
9,"Frame(Dictionary(RLE(BitPack)))",SUM_70PCT,full_decode,3,63,79493.9,2439,625,625,625,16384
9,"Frame(Dictionary(RLE(BitPack)))",SUM_70PCT,full_decode,4,63,79604.7,2439,625,625,625,16384
9,"Frame(Dictionary(RLE(BitPack)))",SUM_70PCT,full_decode,5,63,79431.4,2439,625,625,625,16384
9,"Frame(Dictionary(RLE(BitPack)))",SUM_70PCT,full_decode,6,63,79738.6,2439,625,625,625,16384
9,"Frame(Dictionary(RLE(BitPack)))",SUM_70PCT,fused_decode,0,88,56557.1,2439,625,625,625,16384
9,"Frame(Dictionary(RLE(BitPack)))",SUM_70PCT,fused_decode,1,88,56752.7,2439,625,625,625,16384
9,"Frame(Dictionary(RLE(BitPack)))",SUM_70PCT,fused_decode,2,88,56612.9,2439,625,625,625,16384
9,"Frame(Dictionary(RLE(BitPack)))",SUM_70PCT,fused_decode,3,88,56602.9,2439,625,625,625,16384
9,"Frame(Dictionary(RLE(BitPack)))",SUM_70PCT,fused_decode,4,88,56711.8,2439,625,625,625,16384
9,"Frame(Dictionary(RLE(BitPack)))",SUM_70PCT,fused_decode,5,88,56629.1,2439,625,625,625,16384
9,"Frame(Dictionary(RLE(BitPack)))",SUM_70PCT,fused_decode,6,88,56606.8,2439,625,625,625,16384
9,"Frame(Dictionary(RLE(BitPack)))",SUM_70PCT,interpreted_plan,0,1,7928937.0,2104,625,625,625,11703
9,"Frame(Dictionary(RLE(BitPack)))",SUM_70PCT,interpreted_plan,1,1,7954375.0,2104,625,625,625,11703
9,"Frame(Dictionary(RLE(BitPack)))",SUM_70PCT,interpreted_plan,2,1,7971521.0,2104,625,625,625,11703
9,"Frame(Dictionary(RLE(BitPack)))",SUM_70PCT,interpreted_plan,3,1,7949818.0,2104,625,625,625,11703
9,"Frame(Dictionary(RLE(BitPack)))",SUM_70PCT,interpreted_plan,4,1,7976037.0,2104,625,625,625,11703
9,"Frame(Dictionary(RLE(BitPack)))",SUM_70PCT,interpreted_plan,5,1,7960124.0,2104,625,625,625,11703
9,"Frame(Dictionary(RLE(BitPack)))",SUM_70PCT,interpreted_plan,6,1,7940253.0,2104,625,625,625,11703
9,"Frame(Dictionary(RLE(BitPack)))",SUM_70PCT,generated_full_page_access,0,115,43289.8,2028,625,625,625,11703
9,"Frame(Dictionary(RLE(BitPack)))",SUM_70PCT,generated_full_page_access,1,115,43319.0,2028,625,625,625,11703
9,"Frame(Dictionary(RLE(BitPack)))",SUM_70PCT,generated_full_page_access,2,115,43285.0,2028,625,625,625,11703
9,"Frame(Dictionary(RLE(BitPack)))",SUM_70PCT,generated_full_page_access,3,115,43287.7,2028,625,625,625,11703
9,"Frame(Dictionary(RLE(BitPack)))",SUM_70PCT,generated_full_page_access,4,115,43323.9,2028,625,625,625,11703
9,"Frame(Dictionary(RLE(BitPack)))",SUM_70PCT,generated_full_page_access,5,115,43243.2,2028,625,625,625,11703
9,"Frame(Dictionary(RLE(BitPack)))",SUM_70PCT,generated_full_page_access,6,115,43257.7,2028,625,625,625,11703
9,"Frame(Dictionary(RLE(BitPack)))",SUM_70PCT,generated,0,115,43705.9,2028,625,625,625,11703
9,"Frame(Dictionary(RLE(BitPack)))",SUM_70PCT,generated,1,115,43366.2,2028,625,625,625,11703
9,"Frame(Dictionary(RLE(BitPack)))",SUM_70PCT,generated,2,115,43336.3,2028,625,625,625,11703
9,"Frame(Dictionary(RLE(BitPack)))",SUM_70PCT,generated,3,115,43253.6,2028,625,625,625,11703
9,"Frame(Dictionary(RLE(BitPack)))",SUM_70PCT,generated,4,115,43264.4,2028,625,625,625,11703
9,"Frame(Dictionary(RLE(BitPack)))",SUM_70PCT,generated,5,115,43244.6,2028,625,625,625,11703
9,"Frame(Dictionary(RLE(BitPack)))",SUM_70PCT,generated,6,115,43328.2,2028,625,625,625,11703
9,"Frame(Dictionary(RLE(BitPack)))",SUM_70PCT,handwritten_monomorphized,0,115,43149.7,2028,625,625,625,11703
9,"Frame(Dictionary(RLE(BitPack)))",SUM_70PCT,handwritten_monomorphized,1,115,43187.3,2028,625,625,625,11703
9,"Frame(Dictionary(RLE(BitPack)))",SUM_70PCT,handwritten_monomorphized,2,115,43268.0,2028,625,625,625,11703
9,"Frame(Dictionary(RLE(BitPack)))",SUM_70PCT,handwritten_monomorphized,3,115,43474.5,2028,625,625,625,11703
9,"Frame(Dictionary(RLE(BitPack)))",SUM_70PCT,handwritten_monomorphized,4,115,43365.3,2028,625,625,625,11703
9,"Frame(Dictionary(RLE(BitPack)))",SUM_70PCT,handwritten_monomorphized,5,115,43165.2,2028,625,625,625,11703
9,"Frame(Dictionary(RLE(BitPack)))",SUM_70PCT,handwritten_monomorphized,6,115,43285.0,2028,625,625,625,11703
9,"Frame(Dictionary(RLE(BitPack)))",BETWEEN_1PCT,full_decode,0,69,71816.9,2439,625,625,625,16384
9,"Frame(Dictionary(RLE(BitPack)))",BETWEEN_1PCT,full_decode,1,69,72092.7,2439,625,625,625,16384
9,"Frame(Dictionary(RLE(BitPack)))",BETWEEN_1PCT,full_decode,2,69,72231.8,2439,625,625,625,16384
9,"Frame(Dictionary(RLE(BitPack)))",BETWEEN_1PCT,full_decode,3,69,72485.3,2439,625,625,625,16384
9,"Frame(Dictionary(RLE(BitPack)))",BETWEEN_1PCT,full_decode,4,69,72423.5,2439,625,625,625,16384
9,"Frame(Dictionary(RLE(BitPack)))",BETWEEN_1PCT,full_decode,5,69,71939.6,2439,625,625,625,16384
9,"Frame(Dictionary(RLE(BitPack)))",BETWEEN_1PCT,full_decode,6,69,72273.3,2439,625,625,625,16384
9,"Frame(Dictionary(RLE(BitPack)))",BETWEEN_1PCT,fused_decode,0,85,58929.2,2439,625,625,625,16384
9,"Frame(Dictionary(RLE(BitPack)))",BETWEEN_1PCT,fused_decode,1,85,59070.5,2439,625,625,625,16384
9,"Frame(Dictionary(RLE(BitPack)))",BETWEEN_1PCT,fused_decode,2,85,60003.1,2439,625,625,625,16384
9,"Frame(Dictionary(RLE(BitPack)))",BETWEEN_1PCT,fused_decode,3,85,60210.7,2439,625,625,625,16384
9,"Frame(Dictionary(RLE(BitPack)))",BETWEEN_1PCT,fused_decode,4,85,58793.8,2439,625,625,625,16384
9,"Frame(Dictionary(RLE(BitPack)))",BETWEEN_1PCT,fused_decode,5,85,59139.9,2439,625,625,625,16384
9,"Frame(Dictionary(RLE(BitPack)))",BETWEEN_1PCT,fused_decode,6,85,59392.5,2439,625,625,625,16384
9,"Frame(Dictionary(RLE(BitPack)))",BETWEEN_1PCT,interpreted_plan,0,28,173681.4,686,625,625,625,163
9,"Frame(Dictionary(RLE(BitPack)))",BETWEEN_1PCT,interpreted_plan,1,28,174025.5,686,625,625,625,163
9,"Frame(Dictionary(RLE(BitPack)))",BETWEEN_1PCT,interpreted_plan,2,28,173860.6,686,625,625,625,163
9,"Frame(Dictionary(RLE(BitPack)))",BETWEEN_1PCT,interpreted_plan,3,28,173739.7,686,625,625,625,163
9,"Frame(Dictionary(RLE(BitPack)))",BETWEEN_1PCT,interpreted_plan,4,28,173288.0,686,625,625,625,163
9,"Frame(Dictionary(RLE(BitPack)))",BETWEEN_1PCT,interpreted_plan,5,28,173000.4,686,625,625,625,163
9,"Frame(Dictionary(RLE(BitPack)))",BETWEEN_1PCT,interpreted_plan,6,28,173326.6,686,625,625,625,163
9,"Frame(Dictionary(RLE(BitPack)))",BETWEEN_1PCT,generated_full_page_access,0,899,5539.1,686,625,625,625,163
9,"Frame(Dictionary(RLE(BitPack)))",BETWEEN_1PCT,generated_full_page_access,1,899,5529.9,686,625,625,625,163
9,"Frame(Dictionary(RLE(BitPack)))",BETWEEN_1PCT,generated_full_page_access,2,899,5537.4,686,625,625,625,163
9,"Frame(Dictionary(RLE(BitPack)))",BETWEEN_1PCT,generated_full_page_access,3,899,5574.9,686,625,625,625,163
9,"Frame(Dictionary(RLE(BitPack)))",BETWEEN_1PCT,generated_full_page_access,4,899,5544.6,686,625,625,625,163
9,"Frame(Dictionary(RLE(BitPack)))",BETWEEN_1PCT,generated_full_page_access,5,899,5519.1,686,625,625,625,163
9,"Frame(Dictionary(RLE(BitPack)))",BETWEEN_1PCT,generated_full_page_access,6,899,5524.9,686,625,625,625,163
9,"Frame(Dictionary(RLE(BitPack)))",BETWEEN_1PCT,generated,0,666,5585.6,686,625,625,625,163
9,"Frame(Dictionary(RLE(BitPack)))",BETWEEN_1PCT,generated,1,666,5567.3,686,625,625,625,163
9,"Frame(Dictionary(RLE(BitPack)))",BETWEEN_1PCT,generated,2,666,5556.1,686,625,625,625,163
9,"Frame(Dictionary(RLE(BitPack)))",BETWEEN_1PCT,generated,3,666,5615.8,686,625,625,625,163
9,"Frame(Dictionary(RLE(BitPack)))",BETWEEN_1PCT,generated,4,666,5558.3,686,625,625,625,163
9,"Frame(Dictionary(RLE(BitPack)))",BETWEEN_1PCT,generated,5,666,5578.2,686,625,625,625,163
9,"Frame(Dictionary(RLE(BitPack)))",BETWEEN_1PCT,generated,6,666,5575.3,686,625,625,625,163
9,"Frame(Dictionary(RLE(BitPack)))",BETWEEN_1PCT,handwritten_monomorphized,0,868,5608.9,686,625,625,625,163
9,"Frame(Dictionary(RLE(BitPack)))",BETWEEN_1PCT,handwritten_monomorphized,1,868,5629.3,686,625,625,625,163
9,"Frame(Dictionary(RLE(BitPack)))",BETWEEN_1PCT,handwritten_monomorphized,2,868,5620.5,686,625,625,625,163
9,"Frame(Dictionary(RLE(BitPack)))",BETWEEN_1PCT,handwritten_monomorphized,3,868,5633.9,686,625,625,625,163
9,"Frame(Dictionary(RLE(BitPack)))",BETWEEN_1PCT,handwritten_monomorphized,4,868,5607.1,686,625,625,625,163
9,"Frame(Dictionary(RLE(BitPack)))",BETWEEN_1PCT,handwritten_monomorphized,5,868,5618.1,686,625,625,625,163
9,"Frame(Dictionary(RLE(BitPack)))",BETWEEN_1PCT,handwritten_monomorphized,6,868,5611.1,686,625,625,625,163
9,"Frame(Dictionary(RLE(BitPack)))",BETWEEN_70PCT,full_decode,0,50,98815.3,2439,625,625,625,16384
9,"Frame(Dictionary(RLE(BitPack)))",BETWEEN_70PCT,full_decode,1,50,99000.0,2439,625,625,625,16384
9,"Frame(Dictionary(RLE(BitPack)))",BETWEEN_70PCT,full_decode,2,50,98962.7,2439,625,625,625,16384
9,"Frame(Dictionary(RLE(BitPack)))",BETWEEN_70PCT,full_decode,3,50,99061.9,2439,625,625,625,16384
9,"Frame(Dictionary(RLE(BitPack)))",BETWEEN_70PCT,full_decode,4,50,99162.4,2439,625,625,625,16384
9,"Frame(Dictionary(RLE(BitPack)))",BETWEEN_70PCT,full_decode,5,50,98892.0,2439,625,625,625,16384
9,"Frame(Dictionary(RLE(BitPack)))",BETWEEN_70PCT,full_decode,6,50,98885.2,2439,625,625,625,16384
9,"Frame(Dictionary(RLE(BitPack)))",BETWEEN_70PCT,fused_decode,0,74,61083.8,2439,625,625,625,16384
9,"Frame(Dictionary(RLE(BitPack)))",BETWEEN_70PCT,fused_decode,1,74,61351.2,2439,625,625,625,16384
9,"Frame(Dictionary(RLE(BitPack)))",BETWEEN_70PCT,fused_decode,2,74,61381.4,2439,625,625,625,16384
9,"Frame(Dictionary(RLE(BitPack)))",BETWEEN_70PCT,fused_decode,3,74,61298.1,2439,625,625,625,16384
9,"Frame(Dictionary(RLE(BitPack)))",BETWEEN_70PCT,fused_decode,4,74,60949.1,2439,625,625,625,16384
9,"Frame(Dictionary(RLE(BitPack)))",BETWEEN_70PCT,fused_decode,5,74,61283.9,2439,625,625,625,16384
9,"Frame(Dictionary(RLE(BitPack)))",BETWEEN_70PCT,fused_decode,6,74,61622.5,2439,625,625,625,16384
9,"Frame(Dictionary(RLE(BitPack)))",BETWEEN_70PCT,interpreted_plan,0,1,7924069.0,2104,625,625,625,11703
9,"Frame(Dictionary(RLE(BitPack)))",BETWEEN_70PCT,interpreted_plan,1,1,7927965.0,2104,625,625,625,11703
9,"Frame(Dictionary(RLE(BitPack)))",BETWEEN_70PCT,interpreted_plan,2,1,7926844.0,2104,625,625,625,11703
9,"Frame(Dictionary(RLE(BitPack)))",BETWEEN_70PCT,interpreted_plan,3,1,7935757.0,2104,625,625,625,11703
9,"Frame(Dictionary(RLE(BitPack)))",BETWEEN_70PCT,interpreted_plan,4,1,7910559.0,2104,625,625,625,11703
9,"Frame(Dictionary(RLE(BitPack)))",BETWEEN_70PCT,interpreted_plan,5,1,7908306.0,2104,625,625,625,11703
9,"Frame(Dictionary(RLE(BitPack)))",BETWEEN_70PCT,interpreted_plan,6,1,7916348.0,2104,625,625,625,11703
9,"Frame(Dictionary(RLE(BitPack)))",BETWEEN_70PCT,generated_full_page_access,0,113,44375.8,2028,625,625,625,11703
9,"Frame(Dictionary(RLE(BitPack)))",BETWEEN_70PCT,generated_full_page_access,1,113,44210.4,2028,625,625,625,11703
9,"Frame(Dictionary(RLE(BitPack)))",BETWEEN_70PCT,generated_full_page_access,2,113,44280.6,2028,625,625,625,11703
9,"Frame(Dictionary(RLE(BitPack)))",BETWEEN_70PCT,generated_full_page_access,3,113,44306.6,2028,625,625,625,11703
9,"Frame(Dictionary(RLE(BitPack)))",BETWEEN_70PCT,generated_full_page_access,4,113,44310.8,2028,625,625,625,11703
9,"Frame(Dictionary(RLE(BitPack)))",BETWEEN_70PCT,generated_full_page_access,5,113,44331.4,2028,625,625,625,11703
9,"Frame(Dictionary(RLE(BitPack)))",BETWEEN_70PCT,generated_full_page_access,6,113,44102.7,2028,625,625,625,11703
9,"Frame(Dictionary(RLE(BitPack)))",BETWEEN_70PCT,generated,0,113,44244.0,2028,625,625,625,11703
9,"Frame(Dictionary(RLE(BitPack)))",BETWEEN_70PCT,generated,1,113,44283.0,2028,625,625,625,11703
9,"Frame(Dictionary(RLE(BitPack)))",BETWEEN_70PCT,generated,2,113,44251.4,2028,625,625,625,11703
9,"Frame(Dictionary(RLE(BitPack)))",BETWEEN_70PCT,generated,3,113,44223.7,2028,625,625,625,11703
9,"Frame(Dictionary(RLE(BitPack)))",BETWEEN_70PCT,generated,4,113,44165.0,2028,625,625,625,11703
9,"Frame(Dictionary(RLE(BitPack)))",BETWEEN_70PCT,generated,5,113,44218.6,2028,625,625,625,11703
9,"Frame(Dictionary(RLE(BitPack)))",BETWEEN_70PCT,generated,6,113,44146.0,2028,625,625,625,11703
9,"Frame(Dictionary(RLE(BitPack)))",BETWEEN_70PCT,handwritten_monomorphized,0,113,44076.2,2028,625,625,625,11703
9,"Frame(Dictionary(RLE(BitPack)))",BETWEEN_70PCT,handwritten_monomorphized,1,113,44240.7,2028,625,625,625,11703
9,"Frame(Dictionary(RLE(BitPack)))",BETWEEN_70PCT,handwritten_monomorphized,2,113,44158.8,2028,625,625,625,11703
9,"Frame(Dictionary(RLE(BitPack)))",BETWEEN_70PCT,handwritten_monomorphized,3,113,44243.8,2028,625,625,625,11703
9,"Frame(Dictionary(RLE(BitPack)))",BETWEEN_70PCT,handwritten_monomorphized,4,113,44190.6,2028,625,625,625,11703
9,"Frame(Dictionary(RLE(BitPack)))",BETWEEN_70PCT,handwritten_monomorphized,5,113,44288.0,2028,625,625,625,11703
9,"Frame(Dictionary(RLE(BitPack)))",BETWEEN_70PCT,handwritten_monomorphized,6,113,44292.6,2028,625,625,625,11703
9,"Frame(Dictionary(RLE(BitPack)))",FILTER_POINT,full_decode,0,48,102375.5,2439,625,625,625,16384
9,"Frame(Dictionary(RLE(BitPack)))",FILTER_POINT,full_decode,1,48,101718.7,2439,625,625,625,16384
9,"Frame(Dictionary(RLE(BitPack)))",FILTER_POINT,full_decode,2,48,102070.7,2439,625,625,625,16384
9,"Frame(Dictionary(RLE(BitPack)))",FILTER_POINT,full_decode,3,48,102322.8,2439,625,625,625,16384
9,"Frame(Dictionary(RLE(BitPack)))",FILTER_POINT,full_decode,4,48,101779.4,2439,625,625,625,16384
9,"Frame(Dictionary(RLE(BitPack)))",FILTER_POINT,full_decode,5,48,102074.9,2439,625,625,625,16384
9,"Frame(Dictionary(RLE(BitPack)))",FILTER_POINT,full_decode,6,48,101735.8,2439,625,625,625,16384
9,"Frame(Dictionary(RLE(BitPack)))",FILTER_POINT,fused_decode,0,83,60875.8,2439,625,625,625,16384
9,"Frame(Dictionary(RLE(BitPack)))",FILTER_POINT,fused_decode,1,83,60988.8,2439,625,625,625,16384
9,"Frame(Dictionary(RLE(BitPack)))",FILTER_POINT,fused_decode,2,83,61218.1,2439,625,625,625,16384
9,"Frame(Dictionary(RLE(BitPack)))",FILTER_POINT,fused_decode,3,83,61401.7,2439,625,625,625,16384
9,"Frame(Dictionary(RLE(BitPack)))",FILTER_POINT,fused_decode,4,83,61009.3,2439,625,625,625,16384
9,"Frame(Dictionary(RLE(BitPack)))",FILTER_POINT,fused_decode,5,83,61067.5,2439,625,625,625,16384
9,"Frame(Dictionary(RLE(BitPack)))",FILTER_POINT,fused_decode,6,83,60780.1,2439,625,625,625,16384
9,"Frame(Dictionary(RLE(BitPack)))",FILTER_POINT,interpreted_plan,0,1,11042835.0,2535,625,625,625,16384
9,"Frame(Dictionary(RLE(BitPack)))",FILTER_POINT,interpreted_plan,1,1,11048864.0,2535,625,625,625,16384
9,"Frame(Dictionary(RLE(BitPack)))",FILTER_POINT,interpreted_plan,2,1,11032841.0,2535,625,625,625,16384
9,"Frame(Dictionary(RLE(BitPack)))",FILTER_POINT,interpreted_plan,3,1,11066080.0,2535,625,625,625,16384
9,"Frame(Dictionary(RLE(BitPack)))",FILTER_POINT,interpreted_plan,4,1,11049395.0,2535,625,625,625,16384
9,"Frame(Dictionary(RLE(BitPack)))",FILTER_POINT,interpreted_plan,5,1,11107903.0,2535,625,625,625,16384
9,"Frame(Dictionary(RLE(BitPack)))",FILTER_POINT,interpreted_plan,6,1,11098218.0,2535,625,625,625,16384
9,"Frame(Dictionary(RLE(BitPack)))",FILTER_POINT,generated_full_page_access,0,109,45775.0,2431,625,625,625,16384
9,"Frame(Dictionary(RLE(BitPack)))",FILTER_POINT,generated_full_page_access,1,109,45690.4,2431,625,625,625,16384
9,"Frame(Dictionary(RLE(BitPack)))",FILTER_POINT,generated_full_page_access,2,109,45575.8,2431,625,625,625,16384
9,"Frame(Dictionary(RLE(BitPack)))",FILTER_POINT,generated_full_page_access,3,109,46046.2,2431,625,625,625,16384
9,"Frame(Dictionary(RLE(BitPack)))",FILTER_POINT,generated_full_page_access,4,109,45988.2,2431,625,625,625,16384
9,"Frame(Dictionary(RLE(BitPack)))",FILTER_POINT,generated_full_page_access,5,109,46044.0,2431,625,625,625,16384
9,"Frame(Dictionary(RLE(BitPack)))",FILTER_POINT,generated_full_page_access,6,109,45806.4,2431,625,625,625,16384
9,"Frame(Dictionary(RLE(BitPack)))",FILTER_POINT,generated,0,108,46254.3,2431,625,625,625,16384
9,"Frame(Dictionary(RLE(BitPack)))",FILTER_POINT,generated,1,108,46054.3,2431,625,625,625,16384
9,"Frame(Dictionary(RLE(BitPack)))",FILTER_POINT,generated,2,108,46090.0,2431,625,625,625,16384
9,"Frame(Dictionary(RLE(BitPack)))",FILTER_POINT,generated,3,108,46080.5,2431,625,625,625,16384
9,"Frame(Dictionary(RLE(BitPack)))",FILTER_POINT,generated,4,108,46217.0,2431,625,625,625,16384
9,"Frame(Dictionary(RLE(BitPack)))",FILTER_POINT,generated,5,108,46047.1,2431,625,625,625,16384
9,"Frame(Dictionary(RLE(BitPack)))",FILTER_POINT,generated,6,108,46047.4,2431,625,625,625,16384
9,"Frame(Dictionary(RLE(BitPack)))",FILTER_POINT,handwritten_monomorphized,0,108,46212.5,2431,625,625,625,16384
9,"Frame(Dictionary(RLE(BitPack)))",FILTER_POINT,handwritten_monomorphized,1,108,46129.6,2431,625,625,625,16384
9,"Frame(Dictionary(RLE(BitPack)))",FILTER_POINT,handwritten_monomorphized,2,108,46072.6,2431,625,625,625,16384
9,"Frame(Dictionary(RLE(BitPack)))",FILTER_POINT,handwritten_monomorphized,3,108,46181.7,2431,625,625,625,16384
9,"Frame(Dictionary(RLE(BitPack)))",FILTER_POINT,handwritten_monomorphized,4,108,46097.1,2431,625,625,625,16384
9,"Frame(Dictionary(RLE(BitPack)))",FILTER_POINT,handwritten_monomorphized,5,108,46072.8,2431,625,625,625,16384
9,"Frame(Dictionary(RLE(BitPack)))",FILTER_POINT,handwritten_monomorphized,6,108,46233.5,2431,625,625,625,16384
9,"Frame(Dictionary(RLE(BitPack)))",FILTER_50PCT,full_decode,0,45,110519.2,2439,625,625,625,16384
9,"Frame(Dictionary(RLE(BitPack)))",FILTER_50PCT,full_decode,1,45,110426.9,2439,625,625,625,16384
9,"Frame(Dictionary(RLE(BitPack)))",FILTER_50PCT,full_decode,2,45,110358.3,2439,625,625,625,16384
9,"Frame(Dictionary(RLE(BitPack)))",FILTER_50PCT,full_decode,3,45,110436.0,2439,625,625,625,16384
9,"Frame(Dictionary(RLE(BitPack)))",FILTER_50PCT,full_decode,4,45,110794.8,2439,625,625,625,16384
9,"Frame(Dictionary(RLE(BitPack)))",FILTER_50PCT,full_decode,5,45,111045.3,2439,625,625,625,16384
9,"Frame(Dictionary(RLE(BitPack)))",FILTER_50PCT,full_decode,6,45,110517.0,2439,625,625,625,16384
9,"Frame(Dictionary(RLE(BitPack)))",FILTER_50PCT,fused_decode,0,83,60766.1,2439,625,625,625,16384
9,"Frame(Dictionary(RLE(BitPack)))",FILTER_50PCT,fused_decode,1,83,60755.2,2439,625,625,625,16384
9,"Frame(Dictionary(RLE(BitPack)))",FILTER_50PCT,fused_decode,2,83,60229.7,2439,625,625,625,16384
9,"Frame(Dictionary(RLE(BitPack)))",FILTER_50PCT,fused_decode,3,83,60871.0,2439,625,625,625,16384
9,"Frame(Dictionary(RLE(BitPack)))",FILTER_50PCT,fused_decode,4,83,60615.9,2439,625,625,625,16384
9,"Frame(Dictionary(RLE(BitPack)))",FILTER_50PCT,fused_decode,5,83,60696.8,2439,625,625,625,16384
9,"Frame(Dictionary(RLE(BitPack)))",FILTER_50PCT,fused_decode,6,83,60482.8,2439,625,625,625,16384
9,"Frame(Dictionary(RLE(BitPack)))",FILTER_50PCT,interpreted_plan,0,1,11064458.0,2535,625,625,625,16384
9,"Frame(Dictionary(RLE(BitPack)))",FILTER_50PCT,interpreted_plan,1,1,11046951.0,2535,625,625,625,16384
9,"Frame(Dictionary(RLE(BitPack)))",FILTER_50PCT,interpreted_plan,2,1,11100592.0,2535,625,625,625,16384
9,"Frame(Dictionary(RLE(BitPack)))",FILTER_50PCT,interpreted_plan,3,1,11037197.0,2535,625,625,625,16384
9,"Frame(Dictionary(RLE(BitPack)))",FILTER_50PCT,interpreted_plan,4,1,11038960.0,2535,625,625,625,16384
9,"Frame(Dictionary(RLE(BitPack)))",FILTER_50PCT,interpreted_plan,5,1,11028584.0,2535,625,625,625,16384
9,"Frame(Dictionary(RLE(BitPack)))",FILTER_50PCT,interpreted_plan,6,1,11123376.0,2535,625,625,625,16384
9,"Frame(Dictionary(RLE(BitPack)))",FILTER_50PCT,generated_full_page_access,0,107,46045.6,2439,625,625,625,16384
9,"Frame(Dictionary(RLE(BitPack)))",FILTER_50PCT,generated_full_page_access,1,107,46155.4,2439,625,625,625,16384
9,"Frame(Dictionary(RLE(BitPack)))",FILTER_50PCT,generated_full_page_access,2,107,46153.2,2439,625,625,625,16384
9,"Frame(Dictionary(RLE(BitPack)))",FILTER_50PCT,generated_full_page_access,3,107,46053.2,2439,625,625,625,16384
9,"Frame(Dictionary(RLE(BitPack)))",FILTER_50PCT,generated_full_page_access,4,107,45986.9,2439,625,625,625,16384
9,"Frame(Dictionary(RLE(BitPack)))",FILTER_50PCT,generated_full_page_access,5,107,46014.5,2439,625,625,625,16384
9,"Frame(Dictionary(RLE(BitPack)))",FILTER_50PCT,generated_full_page_access,6,107,46034.4,2439,625,625,625,16384
9,"Frame(Dictionary(RLE(BitPack)))",FILTER_50PCT,generated,0,109,46037.8,2439,625,625,625,16384
9,"Frame(Dictionary(RLE(BitPack)))",FILTER_50PCT,generated,1,109,46024.2,2439,625,625,625,16384
9,"Frame(Dictionary(RLE(BitPack)))",FILTER_50PCT,generated,2,109,46231.8,2439,625,625,625,16384
9,"Frame(Dictionary(RLE(BitPack)))",FILTER_50PCT,generated,3,109,46181.1,2439,625,625,625,16384
9,"Frame(Dictionary(RLE(BitPack)))",FILTER_50PCT,generated,4,109,46075.5,2439,625,625,625,16384
9,"Frame(Dictionary(RLE(BitPack)))",FILTER_50PCT,generated,5,109,46113.0,2439,625,625,625,16384
9,"Frame(Dictionary(RLE(BitPack)))",FILTER_50PCT,generated,6,109,46111.7,2439,625,625,625,16384
9,"Frame(Dictionary(RLE(BitPack)))",FILTER_50PCT,handwritten_monomorphized,0,108,46062.4,2439,625,625,625,16384
9,"Frame(Dictionary(RLE(BitPack)))",FILTER_50PCT,handwritten_monomorphized,1,108,45973.1,2439,625,625,625,16384
9,"Frame(Dictionary(RLE(BitPack)))",FILTER_50PCT,handwritten_monomorphized,2,108,46043.1,2439,625,625,625,16384
9,"Frame(Dictionary(RLE(BitPack)))",FILTER_50PCT,handwritten_monomorphized,3,108,46073.9,2439,625,625,625,16384
9,"Frame(Dictionary(RLE(BitPack)))",FILTER_50PCT,handwritten_monomorphized,4,108,46128.8,2439,625,625,625,16384
9,"Frame(Dictionary(RLE(BitPack)))",FILTER_50PCT,handwritten_monomorphized,5,108,46138.9,2439,625,625,625,16384
9,"Frame(Dictionary(RLE(BitPack)))",FILTER_50PCT,handwritten_monomorphized,6,108,46217.2,2439,625,625,625,16384
10,"Nullable(Patch(Dictionary(RLE(BitPack))))",GET,full_decode,0,2,1941458.0,5223,5312,5312,5568,16384
10,"Nullable(Patch(Dictionary(RLE(BitPack))))",GET,full_decode,1,2,1943316.0,5223,5312,5312,5568,16384
10,"Nullable(Patch(Dictionary(RLE(BitPack))))",GET,full_decode,2,2,1946741.5,5223,5312,5312,5568,16384
10,"Nullable(Patch(Dictionary(RLE(BitPack))))",GET,full_decode,3,2,1950211.5,5223,5312,5312,5568,16384
10,"Nullable(Patch(Dictionary(RLE(BitPack))))",GET,full_decode,4,2,1948784.0,5223,5312,5312,5568,16384
10,"Nullable(Patch(Dictionary(RLE(BitPack))))",GET,full_decode,5,2,1943947.5,5223,5312,5312,5568,16384
10,"Nullable(Patch(Dictionary(RLE(BitPack))))",GET,full_decode,6,2,1940587.0,5223,5312,5312,5568,16384
10,"Nullable(Patch(Dictionary(RLE(BitPack))))",GET,fused_decode,0,2,1922079.0,5223,5312,5312,5568,16384
10,"Nullable(Patch(Dictionary(RLE(BitPack))))",GET,fused_decode,1,2,1922825.5,5223,5312,5312,5568,16384
10,"Nullable(Patch(Dictionary(RLE(BitPack))))",GET,fused_decode,2,2,1926991.5,5223,5312,5312,5568,16384
10,"Nullable(Patch(Dictionary(RLE(BitPack))))",GET,fused_decode,3,2,1925309.5,5223,5312,5312,5568,16384
10,"Nullable(Patch(Dictionary(RLE(BitPack))))",GET,fused_decode,4,2,1923251.0,5223,5312,5312,5568,16384
10,"Nullable(Patch(Dictionary(RLE(BitPack))))",GET,fused_decode,5,2,1921919.5,5223,5312,5312,5568,16384
10,"Nullable(Patch(Dictionary(RLE(BitPack))))",GET,fused_decode,6,2,1924949.0,5223,5312,5312,5568,16384
10,"Nullable(Patch(Dictionary(RLE(BitPack))))",GET,interpreted_plan,0,1014,4711.2,1158,1380,1380,5568,1
10,"Nullable(Patch(Dictionary(RLE(BitPack))))",GET,interpreted_plan,1,1014,4714.1,1158,1380,1380,5568,1
10,"Nullable(Patch(Dictionary(RLE(BitPack))))",GET,interpreted_plan,2,1014,4921.2,1158,1380,1380,5568,1
10,"Nullable(Patch(Dictionary(RLE(BitPack))))",GET,interpreted_plan,3,1014,4693.3,1158,1380,1380,5568,1
10,"Nullable(Patch(Dictionary(RLE(BitPack))))",GET,interpreted_plan,4,1014,4705.6,1158,1380,1380,5568,1
10,"Nullable(Patch(Dictionary(RLE(BitPack))))",GET,interpreted_plan,5,1014,4709.3,1158,1380,1380,5568,1
10,"Nullable(Patch(Dictionary(RLE(BitPack))))",GET,interpreted_plan,6,1014,4710.9,1158,1380,1380,5568,1
10,"Nullable(Patch(Dictionary(RLE(BitPack))))",GET,generated_full_page_access,0,1341,3581.6,1158,5568,5568,5568,1
10,"Nullable(Patch(Dictionary(RLE(BitPack))))",GET,generated_full_page_access,1,1341,3591.8,1158,5568,5568,5568,1
10,"Nullable(Patch(Dictionary(RLE(BitPack))))",GET,generated_full_page_access,2,1341,3576.3,1158,5568,5568,5568,1
10,"Nullable(Patch(Dictionary(RLE(BitPack))))",GET,generated_full_page_access,3,1341,3579.8,1158,5568,5568,5568,1
10,"Nullable(Patch(Dictionary(RLE(BitPack))))",GET,generated_full_page_access,4,1341,3587.3,1158,5568,5568,5568,1
10,"Nullable(Patch(Dictionary(RLE(BitPack))))",GET,generated_full_page_access,5,1341,3596.7,1158,5568,5568,5568,1
10,"Nullable(Patch(Dictionary(RLE(BitPack))))",GET,generated_full_page_access,6,1341,3604.5,1158,5568,5568,5568,1
10,"Nullable(Patch(Dictionary(RLE(BitPack))))",GET,generated,0,1099,4679.5,1158,1380,1380,5568,1
10,"Nullable(Patch(Dictionary(RLE(BitPack))))",GET,generated,1,1099,4670.4,1158,1380,1380,5568,1
10,"Nullable(Patch(Dictionary(RLE(BitPack))))",GET,generated,2,1099,4661.7,1158,1380,1380,5568,1
10,"Nullable(Patch(Dictionary(RLE(BitPack))))",GET,generated,3,1099,4670.0,1158,1380,1380,5568,1
10,"Nullable(Patch(Dictionary(RLE(BitPack))))",GET,generated,4,1099,4679.7,1158,1380,1380,5568,1
10,"Nullable(Patch(Dictionary(RLE(BitPack))))",GET,generated,5,1099,4696.4,1158,1380,1380,5568,1
10,"Nullable(Patch(Dictionary(RLE(BitPack))))",GET,generated,6,1099,4689.3,1158,1380,1380,5568,1
10,"Nullable(Patch(Dictionary(RLE(BitPack))))",GET,handwritten_monomorphized,0,992,4666.0,1158,1380,1380,5568,1
10,"Nullable(Patch(Dictionary(RLE(BitPack))))",GET,handwritten_monomorphized,1,992,4671.0,1158,1380,1380,5568,1
10,"Nullable(Patch(Dictionary(RLE(BitPack))))",GET,handwritten_monomorphized,2,992,4695.9,1158,1380,1380,5568,1
10,"Nullable(Patch(Dictionary(RLE(BitPack))))",GET,handwritten_monomorphized,3,992,4667.6,1158,1380,1380,5568,1
10,"Nullable(Patch(Dictionary(RLE(BitPack))))",GET,handwritten_monomorphized,4,992,4698.0,1158,1380,1380,5568,1
10,"Nullable(Patch(Dictionary(RLE(BitPack))))",GET,handwritten_monomorphized,5,992,4675.0,1158,1380,1380,5568,1
10,"Nullable(Patch(Dictionary(RLE(BitPack))))",GET,handwritten_monomorphized,6,992,4665.2,1158,1380,1380,5568,1
10,"Nullable(Patch(Dictionary(RLE(BitPack))))",SUM_1PCT,full_decode,0,2,1950992.5,5223,5312,5312,5568,16384
10,"Nullable(Patch(Dictionary(RLE(BitPack))))",SUM_1PCT,full_decode,1,2,1949215.0,5223,5312,5312,5568,16384
10,"Nullable(Patch(Dictionary(RLE(BitPack))))",SUM_1PCT,full_decode,2,2,1953446.5,5223,5312,5312,5568,16384
10,"Nullable(Patch(Dictionary(RLE(BitPack))))",SUM_1PCT,full_decode,3,2,1946946.5,5223,5312,5312,5568,16384
10,"Nullable(Patch(Dictionary(RLE(BitPack))))",SUM_1PCT,full_decode,4,2,1942710.5,5223,5312,5312,5568,16384
10,"Nullable(Patch(Dictionary(RLE(BitPack))))",SUM_1PCT,full_decode,5,2,1942204.5,5223,5312,5312,5568,16384
10,"Nullable(Patch(Dictionary(RLE(BitPack))))",SUM_1PCT,full_decode,6,2,1956530.5,5223,5312,5312,5568,16384
10,"Nullable(Patch(Dictionary(RLE(BitPack))))",SUM_1PCT,fused_decode,0,2,1952560.0,5223,5312,5312,5568,16384
10,"Nullable(Patch(Dictionary(RLE(BitPack))))",SUM_1PCT,fused_decode,1,2,1954498.0,5223,5312,5312,5568,16384
10,"Nullable(Patch(Dictionary(RLE(BitPack))))",SUM_1PCT,fused_decode,2,2,1959530.5,5223,5312,5312,5568,16384
10,"Nullable(Patch(Dictionary(RLE(BitPack))))",SUM_1PCT,fused_decode,3,2,1946571.0,5223,5312,5312,5568,16384
10,"Nullable(Patch(Dictionary(RLE(BitPack))))",SUM_1PCT,fused_decode,4,2,1946646.0,5223,5312,5312,5568,16384
10,"Nullable(Patch(Dictionary(RLE(BitPack))))",SUM_1PCT,fused_decode,5,2,1950101.5,5223,5312,5312,5568,16384
10,"Nullable(Patch(Dictionary(RLE(BitPack))))",SUM_1PCT,fused_decode,6,2,1946891.5,5223,5312,5312,5568,16384
10,"Nullable(Patch(Dictionary(RLE(BitPack))))",SUM_1PCT,interpreted_plan,0,14,343229.6,1229,1476,1476,5568,163
10,"Nullable(Patch(Dictionary(RLE(BitPack))))",SUM_1PCT,interpreted_plan,1,14,344459.9,1229,1476,1476,5568,163
10,"Nullable(Patch(Dictionary(RLE(BitPack))))",SUM_1PCT,interpreted_plan,2,14,344203.1,1229,1476,1476,5568,163
10,"Nullable(Patch(Dictionary(RLE(BitPack))))",SUM_1PCT,interpreted_plan,3,14,343720.3,1229,1476,1476,5568,163
10,"Nullable(Patch(Dictionary(RLE(BitPack))))",SUM_1PCT,interpreted_plan,4,14,342890.4,1229,1476,1476,5568,163
10,"Nullable(Patch(Dictionary(RLE(BitPack))))",SUM_1PCT,interpreted_plan,5,14,343068.6,1229,1476,1476,5568,163
10,"Nullable(Patch(Dictionary(RLE(BitPack))))",SUM_1PCT,interpreted_plan,6,14,342457.6,1229,1476,1476,5568,163
10,"Nullable(Patch(Dictionary(RLE(BitPack))))",SUM_1PCT,generated_full_page_access,0,189,25907.5,1225,5568,5568,5568,163
10,"Nullable(Patch(Dictionary(RLE(BitPack))))",SUM_1PCT,generated_full_page_access,1,189,25853.9,1225,5568,5568,5568,163
10,"Nullable(Patch(Dictionary(RLE(BitPack))))",SUM_1PCT,generated_full_page_access,2,189,25893.5,1225,5568,5568,5568,163
10,"Nullable(Patch(Dictionary(RLE(BitPack))))",SUM_1PCT,generated_full_page_access,3,189,25916.8,1225,5568,5568,5568,163
10,"Nullable(Patch(Dictionary(RLE(BitPack))))",SUM_1PCT,generated_full_page_access,4,189,25904.1,1225,5568,5568,5568,163
10,"Nullable(Patch(Dictionary(RLE(BitPack))))",SUM_1PCT,generated_full_page_access,5,189,25878.5,1225,5568,5568,5568,163
10,"Nullable(Patch(Dictionary(RLE(BitPack))))",SUM_1PCT,generated_full_page_access,6,189,25942.5,1225,5568,5568,5568,163
10,"Nullable(Patch(Dictionary(RLE(BitPack))))",SUM_1PCT,generated,0,171,29084.3,1225,1412,1412,5568,163
10,"Nullable(Patch(Dictionary(RLE(BitPack))))",SUM_1PCT,generated,1,171,29067.6,1225,1412,1412,5568,163
10,"Nullable(Patch(Dictionary(RLE(BitPack))))",SUM_1PCT,generated,2,171,29045.5,1225,1412,1412,5568,163
10,"Nullable(Patch(Dictionary(RLE(BitPack))))",SUM_1PCT,generated,3,171,29081.4,1225,1412,1412,5568,163
10,"Nullable(Patch(Dictionary(RLE(BitPack))))",SUM_1PCT,generated,4,171,29003.1,1225,1412,1412,5568,163
10,"Nullable(Patch(Dictionary(RLE(BitPack))))",SUM_1PCT,generated,5,171,29019.1,1225,1412,1412,5568,163
10,"Nullable(Patch(Dictionary(RLE(BitPack))))",SUM_1PCT,generated,6,171,29045.9,1225,1412,1412,5568,163
10,"Nullable(Patch(Dictionary(RLE(BitPack))))",SUM_1PCT,handwritten_monomorphized,0,169,29330.8,1225,1412,1412,5568,163
10,"Nullable(Patch(Dictionary(RLE(BitPack))))",SUM_1PCT,handwritten_monomorphized,1,169,29284.2,1225,1412,1412,5568,163
10,"Nullable(Patch(Dictionary(RLE(BitPack))))",SUM_1PCT,handwritten_monomorphized,2,169,29256.5,1225,1412,1412,5568,163
10,"Nullable(Patch(Dictionary(RLE(BitPack))))",SUM_1PCT,handwritten_monomorphized,3,169,29302.3,1225,1412,1412,5568,163
10,"Nullable(Patch(Dictionary(RLE(BitPack))))",SUM_1PCT,handwritten_monomorphized,4,169,29302.0,1225,1412,1412,5568,163
10,"Nullable(Patch(Dictionary(RLE(BitPack))))",SUM_1PCT,handwritten_monomorphized,5,169,29246.3,1225,1412,1412,5568,163
10,"Nullable(Patch(Dictionary(RLE(BitPack))))",SUM_1PCT,handwritten_monomorphized,6,169,29231.9,1225,1412,1412,5568,163
10,"Nullable(Patch(Dictionary(RLE(BitPack))))",SUM_70PCT,full_decode,0,2,1955844.5,5223,5312,5312,5568,16384
10,"Nullable(Patch(Dictionary(RLE(BitPack))))",SUM_70PCT,full_decode,1,2,1958398.5,5223,5312,5312,5568,16384
10,"Nullable(Patch(Dictionary(RLE(BitPack))))",SUM_70PCT,full_decode,2,2,1965785.0,5223,5312,5312,5568,16384
10,"Nullable(Patch(Dictionary(RLE(BitPack))))",SUM_70PCT,full_decode,3,2,1957452.0,5223,5312,5312,5568,16384
10,"Nullable(Patch(Dictionary(RLE(BitPack))))",SUM_70PCT,full_decode,4,2,1965104.0,5223,5312,5312,5568,16384
10,"Nullable(Patch(Dictionary(RLE(BitPack))))",SUM_70PCT,full_decode,5,2,1961087.5,5223,5312,5312,5568,16384
10,"Nullable(Patch(Dictionary(RLE(BitPack))))",SUM_70PCT,full_decode,6,2,1958373.5,5223,5312,5312,5568,16384
10,"Nullable(Patch(Dictionary(RLE(BitPack))))",SUM_70PCT,fused_decode,0,2,1944378.0,5223,5312,5312,5568,16384
10,"Nullable(Patch(Dictionary(RLE(BitPack))))",SUM_70PCT,fused_decode,1,2,1945334.0,5223,5312,5312,5568,16384
10,"Nullable(Patch(Dictionary(RLE(BitPack))))",SUM_70PCT,fused_decode,2,2,1938153.5,5223,5312,5312,5568,16384
10,"Nullable(Patch(Dictionary(RLE(BitPack))))",SUM_70PCT,fused_decode,3,2,1938323.5,5223,5312,5312,5568,16384
10,"Nullable(Patch(Dictionary(RLE(BitPack))))",SUM_70PCT,fused_decode,4,2,1932985.5,5223,5312,5312,5568,16384
10,"Nullable(Patch(Dictionary(RLE(BitPack))))",SUM_70PCT,fused_decode,5,2,1940351.5,5223,5312,5312,5568,16384
10,"Nullable(Patch(Dictionary(RLE(BitPack))))",SUM_70PCT,fused_decode,6,2,1940071.0,5223,5312,5312,5568,16384
10,"Nullable(Patch(Dictionary(RLE(BitPack))))",SUM_70PCT,interpreted_plan,0,1,19414163.0,4356,4532,4532,5568,11703
10,"Nullable(Patch(Dictionary(RLE(BitPack))))",SUM_70PCT,interpreted_plan,1,1,19460532.0,4356,4532,4532,5568,11703
10,"Nullable(Patch(Dictionary(RLE(BitPack))))",SUM_70PCT,interpreted_plan,2,1,19437888.0,4356,4532,4532,5568,11703
10,"Nullable(Patch(Dictionary(RLE(BitPack))))",SUM_70PCT,interpreted_plan,3,1,19437097.0,4356,4532,4532,5568,11703
10,"Nullable(Patch(Dictionary(RLE(BitPack))))",SUM_70PCT,interpreted_plan,4,1,19433302.0,4356,4532,4532,5568,11703
10,"Nullable(Patch(Dictionary(RLE(BitPack))))",SUM_70PCT,interpreted_plan,5,1,19322396.0,4356,4532,4532,5568,11703
10,"Nullable(Patch(Dictionary(RLE(BitPack))))",SUM_70PCT,interpreted_plan,6,1,19356057.0,4356,4532,4532,5568,11703
10,"Nullable(Patch(Dictionary(RLE(BitPack))))",SUM_70PCT,generated_full_page_access,0,3,1299373.3,4176,5568,5568,5568,11703
10,"Nullable(Patch(Dictionary(RLE(BitPack))))",SUM_70PCT,generated_full_page_access,1,3,1298188.0,4176,5568,5568,5568,11703
10,"Nullable(Patch(Dictionary(RLE(BitPack))))",SUM_70PCT,generated_full_page_access,2,3,1302247.3,4176,5568,5568,5568,11703
10,"Nullable(Patch(Dictionary(RLE(BitPack))))",SUM_70PCT,generated_full_page_access,3,3,1305288.7,4176,5568,5568,5568,11703
10,"Nullable(Patch(Dictionary(RLE(BitPack))))",SUM_70PCT,generated_full_page_access,4,3,1306597.3,4176,5568,5568,5568,11703
10,"Nullable(Patch(Dictionary(RLE(BitPack))))",SUM_70PCT,generated_full_page_access,5,3,1300454.7,4176,5568,5568,5568,11703
10,"Nullable(Patch(Dictionary(RLE(BitPack))))",SUM_70PCT,generated_full_page_access,6,3,1308717.0,4176,5568,5568,5568,11703
10,"Nullable(Patch(Dictionary(RLE(BitPack))))",SUM_70PCT,generated,0,3,1406042.3,4176,4340,4340,5568,11703
10,"Nullable(Patch(Dictionary(RLE(BitPack))))",SUM_70PCT,generated,1,3,1412258.3,4176,4340,4340,5568,11703
10,"Nullable(Patch(Dictionary(RLE(BitPack))))",SUM_70PCT,generated,2,3,1407988.7,4176,4340,4340,5568,11703
10,"Nullable(Patch(Dictionary(RLE(BitPack))))",SUM_70PCT,generated,3,3,1410148.7,4176,4340,4340,5568,11703
10,"Nullable(Patch(Dictionary(RLE(BitPack))))",SUM_70PCT,generated,4,3,1408362.7,4176,4340,4340,5568,11703
10,"Nullable(Patch(Dictionary(RLE(BitPack))))",SUM_70PCT,generated,5,3,1411206.7,4176,4340,4340,5568,11703
10,"Nullable(Patch(Dictionary(RLE(BitPack))))",SUM_70PCT,generated,6,3,1413266.3,4176,4340,4340,5568,11703
10,"Nullable(Patch(Dictionary(RLE(BitPack))))",SUM_70PCT,handwritten_monomorphized,0,3,1428465.7,4176,4340,4340,5568,11703
10,"Nullable(Patch(Dictionary(RLE(BitPack))))",SUM_70PCT,handwritten_monomorphized,1,3,1427474.3,4176,4340,4340,5568,11703
10,"Nullable(Patch(Dictionary(RLE(BitPack))))",SUM_70PCT,handwritten_monomorphized,2,3,1432592.0,4176,4340,4340,5568,11703
10,"Nullable(Patch(Dictionary(RLE(BitPack))))",SUM_70PCT,handwritten_monomorphized,3,3,1428475.7,4176,4340,4340,5568,11703
10,"Nullable(Patch(Dictionary(RLE(BitPack))))",SUM_70PCT,handwritten_monomorphized,4,3,1428352.3,4176,4340,4340,5568,11703
10,"Nullable(Patch(Dictionary(RLE(BitPack))))",SUM_70PCT,handwritten_monomorphized,5,3,1430539.0,4176,4340,4340,5568,11703
10,"Nullable(Patch(Dictionary(RLE(BitPack))))",SUM_70PCT,handwritten_monomorphized,6,3,1430108.3,4176,4340,4340,5568,11703
10,"Nullable(Patch(Dictionary(RLE(BitPack))))",BETWEEN_1PCT,full_decode,0,2,1951278.0,5223,5312,5312,5568,16384
10,"Nullable(Patch(Dictionary(RLE(BitPack))))",BETWEEN_1PCT,full_decode,1,2,1948649.0,5223,5312,5312,5568,16384
10,"Nullable(Patch(Dictionary(RLE(BitPack))))",BETWEEN_1PCT,full_decode,2,2,1951578.5,5223,5312,5312,5568,16384
10,"Nullable(Patch(Dictionary(RLE(BitPack))))",BETWEEN_1PCT,full_decode,3,2,1950542.0,5223,5312,5312,5568,16384
10,"Nullable(Patch(Dictionary(RLE(BitPack))))",BETWEEN_1PCT,full_decode,4,2,1952024.0,5223,5312,5312,5568,16384
10,"Nullable(Patch(Dictionary(RLE(BitPack))))",BETWEEN_1PCT,full_decode,5,2,1947046.5,5223,5312,5312,5568,16384
10,"Nullable(Patch(Dictionary(RLE(BitPack))))",BETWEEN_1PCT,full_decode,6,2,1948143.0,5223,5312,5312,5568,16384
10,"Nullable(Patch(Dictionary(RLE(BitPack))))",BETWEEN_1PCT,fused_decode,0,2,1928018.5,5223,5312,5312,5568,16384
10,"Nullable(Patch(Dictionary(RLE(BitPack))))",BETWEEN_1PCT,fused_decode,1,2,1933041.0,5223,5312,5312,5568,16384
10,"Nullable(Patch(Dictionary(RLE(BitPack))))",BETWEEN_1PCT,fused_decode,2,2,1946255.5,5223,5312,5312,5568,16384
10,"Nullable(Patch(Dictionary(RLE(BitPack))))",BETWEEN_1PCT,fused_decode,3,2,1942910.5,5223,5312,5312,5568,16384
10,"Nullable(Patch(Dictionary(RLE(BitPack))))",BETWEEN_1PCT,fused_decode,4,2,1933321.5,5223,5312,5312,5568,16384
10,"Nullable(Patch(Dictionary(RLE(BitPack))))",BETWEEN_1PCT,fused_decode,5,2,1927252.0,5223,5312,5312,5568,16384
10,"Nullable(Patch(Dictionary(RLE(BitPack))))",BETWEEN_1PCT,fused_decode,6,2,1926230.5,5223,5312,5312,5568,16384
10,"Nullable(Patch(Dictionary(RLE(BitPack))))",BETWEEN_1PCT,interpreted_plan,0,14,342235.9,1229,1476,1476,5568,163
10,"Nullable(Patch(Dictionary(RLE(BitPack))))",BETWEEN_1PCT,interpreted_plan,1,14,342123.6,1229,1476,1476,5568,163
10,"Nullable(Patch(Dictionary(RLE(BitPack))))",BETWEEN_1PCT,interpreted_plan,2,14,342361.9,1229,1476,1476,5568,163
10,"Nullable(Patch(Dictionary(RLE(BitPack))))",BETWEEN_1PCT,interpreted_plan,3,14,342078.6,1229,1476,1476,5568,163
10,"Nullable(Patch(Dictionary(RLE(BitPack))))",BETWEEN_1PCT,interpreted_plan,4,14,345411.4,1229,1476,1476,5568,163
10,"Nullable(Patch(Dictionary(RLE(BitPack))))",BETWEEN_1PCT,interpreted_plan,5,14,342155.8,1229,1476,1476,5568,163
10,"Nullable(Patch(Dictionary(RLE(BitPack))))",BETWEEN_1PCT,interpreted_plan,6,14,341889.0,1229,1476,1476,5568,163
10,"Nullable(Patch(Dictionary(RLE(BitPack))))",BETWEEN_1PCT,generated_full_page_access,0,186,25987.9,1225,5568,5568,5568,163
10,"Nullable(Patch(Dictionary(RLE(BitPack))))",BETWEEN_1PCT,generated_full_page_access,1,186,25956.7,1225,5568,5568,5568,163
10,"Nullable(Patch(Dictionary(RLE(BitPack))))",BETWEEN_1PCT,generated_full_page_access,2,186,25939.3,1225,5568,5568,5568,163
10,"Nullable(Patch(Dictionary(RLE(BitPack))))",BETWEEN_1PCT,generated_full_page_access,3,186,25980.9,1225,5568,5568,5568,163
10,"Nullable(Patch(Dictionary(RLE(BitPack))))",BETWEEN_1PCT,generated_full_page_access,4,186,25968.6,1225,5568,5568,5568,163
10,"Nullable(Patch(Dictionary(RLE(BitPack))))",BETWEEN_1PCT,generated_full_page_access,5,186,26043.4,1225,5568,5568,5568,163
10,"Nullable(Patch(Dictionary(RLE(BitPack))))",BETWEEN_1PCT,generated_full_page_access,6,186,26030.2,1225,5568,5568,5568,163
10,"Nullable(Patch(Dictionary(RLE(BitPack))))",BETWEEN_1PCT,generated,0,170,29221.3,1225,1412,1412,5568,163
10,"Nullable(Patch(Dictionary(RLE(BitPack))))",BETWEEN_1PCT,generated,1,170,29242.7,1225,1412,1412,5568,163
10,"Nullable(Patch(Dictionary(RLE(BitPack))))",BETWEEN_1PCT,generated,2,170,29228.2,1225,1412,1412,5568,163
10,"Nullable(Patch(Dictionary(RLE(BitPack))))",BETWEEN_1PCT,generated,3,170,29275.6,1225,1412,1412,5568,163
10,"Nullable(Patch(Dictionary(RLE(BitPack))))",BETWEEN_1PCT,generated,4,170,29265.6,1225,1412,1412,5568,163
10,"Nullable(Patch(Dictionary(RLE(BitPack))))",BETWEEN_1PCT,generated,5,170,29233.5,1225,1412,1412,5568,163
10,"Nullable(Patch(Dictionary(RLE(BitPack))))",BETWEEN_1PCT,generated,6,170,29189.0,1225,1412,1412,5568,163
10,"Nullable(Patch(Dictionary(RLE(BitPack))))",BETWEEN_1PCT,handwritten_monomorphized,0,168,29247.7,1225,1412,1412,5568,163
10,"Nullable(Patch(Dictionary(RLE(BitPack))))",BETWEEN_1PCT,handwritten_monomorphized,1,168,29258.4,1225,1412,1412,5568,163
10,"Nullable(Patch(Dictionary(RLE(BitPack))))",BETWEEN_1PCT,handwritten_monomorphized,2,168,29281.0,1225,1412,1412,5568,163
10,"Nullable(Patch(Dictionary(RLE(BitPack))))",BETWEEN_1PCT,handwritten_monomorphized,3,168,29239.6,1225,1412,1412,5568,163
10,"Nullable(Patch(Dictionary(RLE(BitPack))))",BETWEEN_1PCT,handwritten_monomorphized,4,168,29265.3,1225,1412,1412,5568,163
10,"Nullable(Patch(Dictionary(RLE(BitPack))))",BETWEEN_1PCT,handwritten_monomorphized,5,168,29251.7,1225,1412,1412,5568,163
10,"Nullable(Patch(Dictionary(RLE(BitPack))))",BETWEEN_1PCT,handwritten_monomorphized,6,168,29226.4,1225,1412,1412,5568,163
10,"Nullable(Patch(Dictionary(RLE(BitPack))))",BETWEEN_70PCT,full_decode,0,2,1977382.0,5223,5312,5312,5568,16384
10,"Nullable(Patch(Dictionary(RLE(BitPack))))",BETWEEN_70PCT,full_decode,1,2,1976305.5,5223,5312,5312,5568,16384
10,"Nullable(Patch(Dictionary(RLE(BitPack))))",BETWEEN_70PCT,full_decode,2,2,1984502.5,5223,5312,5312,5568,16384
10,"Nullable(Patch(Dictionary(RLE(BitPack))))",BETWEEN_70PCT,full_decode,3,2,1989380.0,5223,5312,5312,5568,16384
10,"Nullable(Patch(Dictionary(RLE(BitPack))))",BETWEEN_70PCT,full_decode,4,2,1984543.0,5223,5312,5312,5568,16384
10,"Nullable(Patch(Dictionary(RLE(BitPack))))",BETWEEN_70PCT,full_decode,5,2,1985083.5,5223,5312,5312,5568,16384
10,"Nullable(Patch(Dictionary(RLE(BitPack))))",BETWEEN_70PCT,full_decode,6,2,1978183.0,5223,5312,5312,5568,16384
10,"Nullable(Patch(Dictionary(RLE(BitPack))))",BETWEEN_70PCT,fused_decode,0,2,1934222.5,5223,5312,5312,5568,16384
10,"Nullable(Patch(Dictionary(RLE(BitPack))))",BETWEEN_70PCT,fused_decode,1,2,1947001.5,5223,5312,5312,5568,16384
10,"Nullable(Patch(Dictionary(RLE(BitPack))))",BETWEEN_70PCT,fused_decode,2,2,1951649.0,5223,5312,5312,5568,16384
10,"Nullable(Patch(Dictionary(RLE(BitPack))))",BETWEEN_70PCT,fused_decode,3,2,1944097.0,5223,5312,5312,5568,16384
10,"Nullable(Patch(Dictionary(RLE(BitPack))))",BETWEEN_70PCT,fused_decode,4,2,1944984.0,5223,5312,5312,5568,16384
10,"Nullable(Patch(Dictionary(RLE(BitPack))))",BETWEEN_70PCT,fused_decode,5,2,1944648.0,5223,5312,5312,5568,16384
10,"Nullable(Patch(Dictionary(RLE(BitPack))))",BETWEEN_70PCT,fused_decode,6,2,1936120.5,5223,5312,5312,5568,16384
10,"Nullable(Patch(Dictionary(RLE(BitPack))))",BETWEEN_70PCT,interpreted_plan,0,1,19397227.0,4356,4532,4532,5568,11703
10,"Nullable(Patch(Dictionary(RLE(BitPack))))",BETWEEN_70PCT,interpreted_plan,1,1,19394814.0,4356,4532,4532,5568,11703
10,"Nullable(Patch(Dictionary(RLE(BitPack))))",BETWEEN_70PCT,interpreted_plan,2,1,19411459.0,4356,4532,4532,5568,11703
10,"Nullable(Patch(Dictionary(RLE(BitPack))))",BETWEEN_70PCT,interpreted_plan,3,1,19414373.0,4356,4532,4532,5568,11703
10,"Nullable(Patch(Dictionary(RLE(BitPack))))",BETWEEN_70PCT,interpreted_plan,4,1,19405319.0,4356,4532,4532,5568,11703
10,"Nullable(Patch(Dictionary(RLE(BitPack))))",BETWEEN_70PCT,interpreted_plan,5,1,19402756.0,4356,4532,4532,5568,11703
10,"Nullable(Patch(Dictionary(RLE(BitPack))))",BETWEEN_70PCT,interpreted_plan,6,1,19462144.0,4356,4532,4532,5568,11703
10,"Nullable(Patch(Dictionary(RLE(BitPack))))",BETWEEN_70PCT,generated_full_page_access,0,3,1318608.7,4176,5568,5568,5568,11703
10,"Nullable(Patch(Dictionary(RLE(BitPack))))",BETWEEN_70PCT,generated_full_page_access,1,3,1325165.0,4176,5568,5568,5568,11703
10,"Nullable(Patch(Dictionary(RLE(BitPack))))",BETWEEN_70PCT,generated_full_page_access,2,3,1319773.7,4176,5568,5568,5568,11703
10,"Nullable(Patch(Dictionary(RLE(BitPack))))",BETWEEN_70PCT,generated_full_page_access,3,3,1323145.3,4176,5568,5568,5568,11703
10,"Nullable(Patch(Dictionary(RLE(BitPack))))",BETWEEN_70PCT,generated_full_page_access,4,3,1321663.0,4176,5568,5568,5568,11703
10,"Nullable(Patch(Dictionary(RLE(BitPack))))",BETWEEN_70PCT,generated_full_page_access,5,3,1321129.0,4176,5568,5568,5568,11703
10,"Nullable(Patch(Dictionary(RLE(BitPack))))",BETWEEN_70PCT,generated_full_page_access,6,3,1320898.7,4176,5568,5568,5568,11703
10,"Nullable(Patch(Dictionary(RLE(BitPack))))",BETWEEN_70PCT,generated,0,3,1424289.7,4176,4340,4340,5568,11703
10,"Nullable(Patch(Dictionary(RLE(BitPack))))",BETWEEN_70PCT,generated,1,3,1426172.7,4176,4340,4340,5568,11703
10,"Nullable(Patch(Dictionary(RLE(BitPack))))",BETWEEN_70PCT,generated,2,3,1421288.3,4176,4340,4340,5568,11703
10,"Nullable(Patch(Dictionary(RLE(BitPack))))",BETWEEN_70PCT,generated,3,3,1421862.7,4176,4340,4340,5568,11703
10,"Nullable(Patch(Dictionary(RLE(BitPack))))",BETWEEN_70PCT,generated,4,3,1429784.7,4176,4340,4340,5568,11703
10,"Nullable(Patch(Dictionary(RLE(BitPack))))",BETWEEN_70PCT,generated,5,3,1432538.7,4176,4340,4340,5568,11703
10,"Nullable(Patch(Dictionary(RLE(BitPack))))",BETWEEN_70PCT,generated,6,3,1433066.0,4176,4340,4340,5568,11703
10,"Nullable(Patch(Dictionary(RLE(BitPack))))",BETWEEN_70PCT,handwritten_monomorphized,0,3,1427768.3,4176,4340,4340,5568,11703
10,"Nullable(Patch(Dictionary(RLE(BitPack))))",BETWEEN_70PCT,handwritten_monomorphized,1,3,1425892.0,4176,4340,4340,5568,11703
10,"Nullable(Patch(Dictionary(RLE(BitPack))))",BETWEEN_70PCT,handwritten_monomorphized,2,3,1421335.3,4176,4340,4340,5568,11703
10,"Nullable(Patch(Dictionary(RLE(BitPack))))",BETWEEN_70PCT,handwritten_monomorphized,3,3,1429357.0,4176,4340,4340,5568,11703
10,"Nullable(Patch(Dictionary(RLE(BitPack))))",BETWEEN_70PCT,handwritten_monomorphized,4,3,1425608.3,4176,4340,4340,5568,11703
10,"Nullable(Patch(Dictionary(RLE(BitPack))))",BETWEEN_70PCT,handwritten_monomorphized,5,3,1426820.0,4176,4340,4340,5568,11703
10,"Nullable(Patch(Dictionary(RLE(BitPack))))",BETWEEN_70PCT,handwritten_monomorphized,6,3,1422620.7,4176,4340,4340,5568,11703
10,"Nullable(Patch(Dictionary(RLE(BitPack))))",FILTER_POINT,full_decode,0,2,1980356.5,5223,5312,5312,5568,16384
10,"Nullable(Patch(Dictionary(RLE(BitPack))))",FILTER_POINT,full_decode,1,2,1979720.5,5223,5312,5312,5568,16384
10,"Nullable(Patch(Dictionary(RLE(BitPack))))",FILTER_POINT,full_decode,2,2,1979240.0,5223,5312,5312,5568,16384
10,"Nullable(Patch(Dictionary(RLE(BitPack))))",FILTER_POINT,full_decode,3,2,1985193.5,5223,5312,5312,5568,16384
10,"Nullable(Patch(Dictionary(RLE(BitPack))))",FILTER_POINT,full_decode,4,2,1980206.5,5223,5312,5312,5568,16384
10,"Nullable(Patch(Dictionary(RLE(BitPack))))",FILTER_POINT,full_decode,5,2,1975739.5,5223,5312,5312,5568,16384
10,"Nullable(Patch(Dictionary(RLE(BitPack))))",FILTER_POINT,full_decode,6,2,1980236.0,5223,5312,5312,5568,16384
10,"Nullable(Patch(Dictionary(RLE(BitPack))))",FILTER_POINT,fused_decode,0,2,1951318.0,5223,5312,5312,5568,16384
10,"Nullable(Patch(Dictionary(RLE(BitPack))))",FILTER_POINT,fused_decode,1,2,1943501.5,5223,5312,5312,5568,16384
10,"Nullable(Patch(Dictionary(RLE(BitPack))))",FILTER_POINT,fused_decode,2,2,1944002.0,5223,5312,5312,5568,16384
10,"Nullable(Patch(Dictionary(RLE(BitPack))))",FILTER_POINT,fused_decode,3,2,1947062.0,5223,5312,5312,5568,16384
10,"Nullable(Patch(Dictionary(RLE(BitPack))))",FILTER_POINT,fused_decode,4,2,1937212.0,5223,5312,5312,5568,16384
10,"Nullable(Patch(Dictionary(RLE(BitPack))))",FILTER_POINT,fused_decode,5,2,1948394.0,5223,5312,5312,5568,16384
10,"Nullable(Patch(Dictionary(RLE(BitPack))))",FILTER_POINT,fused_decode,6,2,1946460.5,5223,5312,5312,5568,16384
10,"Nullable(Patch(Dictionary(RLE(BitPack))))",FILTER_POINT,interpreted_plan,0,1,26436307.0,5475,5504,5504,5568,16384
10,"Nullable(Patch(Dictionary(RLE(BitPack))))",FILTER_POINT,interpreted_plan,1,1,26473492.0,5475,5504,5504,5568,16384
10,"Nullable(Patch(Dictionary(RLE(BitPack))))",FILTER_POINT,interpreted_plan,2,1,26462916.0,5475,5504,5504,5568,16384
10,"Nullable(Patch(Dictionary(RLE(BitPack))))",FILTER_POINT,interpreted_plan,3,1,26406663.0,5475,5504,5504,5568,16384
10,"Nullable(Patch(Dictionary(RLE(BitPack))))",FILTER_POINT,interpreted_plan,4,1,26406883.0,5475,5504,5504,5568,16384
10,"Nullable(Patch(Dictionary(RLE(BitPack))))",FILTER_POINT,interpreted_plan,5,1,26474183.0,5475,5504,5504,5568,16384
10,"Nullable(Patch(Dictionary(RLE(BitPack))))",FILTER_POINT,interpreted_plan,6,1,26453112.0,5475,5504,5504,5568,16384
10,"Nullable(Patch(Dictionary(RLE(BitPack))))",FILTER_POINT,generated_full_page_access,0,2,1834168.5,5223,5568,5568,5568,16384
10,"Nullable(Patch(Dictionary(RLE(BitPack))))",FILTER_POINT,generated_full_page_access,1,2,1838599.5,5223,5568,5568,5568,16384
10,"Nullable(Patch(Dictionary(RLE(BitPack))))",FILTER_POINT,generated_full_page_access,2,2,1836231.5,5223,5568,5568,5568,16384
10,"Nullable(Patch(Dictionary(RLE(BitPack))))",FILTER_POINT,generated_full_page_access,3,2,1851809.5,5223,5568,5568,5568,16384
10,"Nullable(Patch(Dictionary(RLE(BitPack))))",FILTER_POINT,generated_full_page_access,4,2,1839706.5,5223,5568,5568,5568,16384
10,"Nullable(Patch(Dictionary(RLE(BitPack))))",FILTER_POINT,generated_full_page_access,5,2,1834759.0,5223,5568,5568,5568,16384
10,"Nullable(Patch(Dictionary(RLE(BitPack))))",FILTER_POINT,generated_full_page_access,6,2,1839456.0,5223,5568,5568,5568,16384
10,"Nullable(Patch(Dictionary(RLE(BitPack))))",FILTER_POINT,generated,0,2,1935359.5,5223,5312,5312,5568,16384
10,"Nullable(Patch(Dictionary(RLE(BitPack))))",FILTER_POINT,generated,1,2,1936736.0,5223,5312,5312,5568,16384
10,"Nullable(Patch(Dictionary(RLE(BitPack))))",FILTER_POINT,generated,2,2,1939741.0,5223,5312,5312,5568,16384
10,"Nullable(Patch(Dictionary(RLE(BitPack))))",FILTER_POINT,generated,3,2,1934548.0,5223,5312,5312,5568,16384
10,"Nullable(Patch(Dictionary(RLE(BitPack))))",FILTER_POINT,generated,4,2,1944372.5,5223,5312,5312,5568,16384
10,"Nullable(Patch(Dictionary(RLE(BitPack))))",FILTER_POINT,generated,5,2,1944508.0,5223,5312,5312,5568,16384
10,"Nullable(Patch(Dictionary(RLE(BitPack))))",FILTER_POINT,generated,6,2,1943626.5,5223,5312,5312,5568,16384
10,"Nullable(Patch(Dictionary(RLE(BitPack))))",FILTER_POINT,handwritten_monomorphized,0,2,1929620.5,5223,5312,5312,5568,16384
10,"Nullable(Patch(Dictionary(RLE(BitPack))))",FILTER_POINT,handwritten_monomorphized,1,2,1937132.0,5223,5312,5312,5568,16384
10,"Nullable(Patch(Dictionary(RLE(BitPack))))",FILTER_POINT,handwritten_monomorphized,2,2,1931093.0,5223,5312,5312,5568,16384
10,"Nullable(Patch(Dictionary(RLE(BitPack))))",FILTER_POINT,handwritten_monomorphized,3,2,1929495.5,5223,5312,5312,5568,16384
10,"Nullable(Patch(Dictionary(RLE(BitPack))))",FILTER_POINT,handwritten_monomorphized,4,2,1934873.5,5223,5312,5312,5568,16384
10,"Nullable(Patch(Dictionary(RLE(BitPack))))",FILTER_POINT,handwritten_monomorphized,5,2,1933802.0,5223,5312,5312,5568,16384
10,"Nullable(Patch(Dictionary(RLE(BitPack))))",FILTER_POINT,handwritten_monomorphized,6,2,1939435.5,5223,5312,5312,5568,16384
10,"Nullable(Patch(Dictionary(RLE(BitPack))))",FILTER_50PCT,full_decode,0,2,1998293.5,5223,5312,5312,5568,16384
10,"Nullable(Patch(Dictionary(RLE(BitPack))))",FILTER_50PCT,full_decode,1,2,1988313.0,5223,5312,5312,5568,16384
10,"Nullable(Patch(Dictionary(RLE(BitPack))))",FILTER_50PCT,full_decode,2,2,1988283.5,5223,5312,5312,5568,16384
10,"Nullable(Patch(Dictionary(RLE(BitPack))))",FILTER_50PCT,full_decode,3,2,1985809.5,5223,5312,5312,5568,16384
10,"Nullable(Patch(Dictionary(RLE(BitPack))))",FILTER_50PCT,full_decode,4,2,1982429.5,5223,5312,5312,5568,16384
10,"Nullable(Patch(Dictionary(RLE(BitPack))))",FILTER_50PCT,full_decode,5,2,1989670.0,5223,5312,5312,5568,16384
10,"Nullable(Patch(Dictionary(RLE(BitPack))))",FILTER_50PCT,full_decode,6,2,1998894.0,5223,5312,5312,5568,16384
10,"Nullable(Patch(Dictionary(RLE(BitPack))))",FILTER_50PCT,fused_decode,0,2,1951673.5,5223,5312,5312,5568,16384
10,"Nullable(Patch(Dictionary(RLE(BitPack))))",FILTER_50PCT,fused_decode,1,2,1946646.5,5223,5312,5312,5568,16384
10,"Nullable(Patch(Dictionary(RLE(BitPack))))",FILTER_50PCT,fused_decode,2,2,1941703.5,5223,5312,5312,5568,16384
10,"Nullable(Patch(Dictionary(RLE(BitPack))))",FILTER_50PCT,fused_decode,3,2,1940261.5,5223,5312,5312,5568,16384
10,"Nullable(Patch(Dictionary(RLE(BitPack))))",FILTER_50PCT,fused_decode,4,2,1954332.5,5223,5312,5312,5568,16384
10,"Nullable(Patch(Dictionary(RLE(BitPack))))",FILTER_50PCT,fused_decode,5,2,1954297.5,5223,5312,5312,5568,16384
10,"Nullable(Patch(Dictionary(RLE(BitPack))))",FILTER_50PCT,fused_decode,6,2,1948949.5,5223,5312,5312,5568,16384
10,"Nullable(Patch(Dictionary(RLE(BitPack))))",FILTER_50PCT,interpreted_plan,0,1,26493642.0,5475,5504,5504,5568,16384
10,"Nullable(Patch(Dictionary(RLE(BitPack))))",FILTER_50PCT,interpreted_plan,1,1,26417969.0,5475,5504,5504,5568,16384
10,"Nullable(Patch(Dictionary(RLE(BitPack))))",FILTER_50PCT,interpreted_plan,2,1,26459592.0,5475,5504,5504,5568,16384
10,"Nullable(Patch(Dictionary(RLE(BitPack))))",FILTER_50PCT,interpreted_plan,3,1,26409626.0,5475,5504,5504,5568,16384
10,"Nullable(Patch(Dictionary(RLE(BitPack))))",FILTER_50PCT,interpreted_plan,4,1,26438069.0,5475,5504,5504,5568,16384
10,"Nullable(Patch(Dictionary(RLE(BitPack))))",FILTER_50PCT,interpreted_plan,5,1,26781542.0,5475,5504,5504,5568,16384
10,"Nullable(Patch(Dictionary(RLE(BitPack))))",FILTER_50PCT,interpreted_plan,6,1,26470117.0,5475,5504,5504,5568,16384
10,"Nullable(Patch(Dictionary(RLE(BitPack))))",FILTER_50PCT,generated_full_page_access,0,2,1831143.5,5223,5568,5568,5568,16384
10,"Nullable(Patch(Dictionary(RLE(BitPack))))",FILTER_50PCT,generated_full_page_access,1,2,1836812.0,5223,5568,5568,5568,16384
10,"Nullable(Patch(Dictionary(RLE(BitPack))))",FILTER_50PCT,generated_full_page_access,2,2,1837869.0,5223,5568,5568,5568,16384
10,"Nullable(Patch(Dictionary(RLE(BitPack))))",FILTER_50PCT,generated_full_page_access,3,2,1837127.5,5223,5568,5568,5568,16384
10,"Nullable(Patch(Dictionary(RLE(BitPack))))",FILTER_50PCT,generated_full_page_access,4,2,1842070.0,5223,5568,5568,5568,16384
10,"Nullable(Patch(Dictionary(RLE(BitPack))))",FILTER_50PCT,generated_full_page_access,5,2,1835039.5,5223,5568,5568,5568,16384
10,"Nullable(Patch(Dictionary(RLE(BitPack))))",FILTER_50PCT,generated_full_page_access,6,2,1837007.5,5223,5568,5568,5568,16384
10,"Nullable(Patch(Dictionary(RLE(BitPack))))",FILTER_50PCT,generated,0,2,1932170.0,5223,5312,5312,5568,16384
10,"Nullable(Patch(Dictionary(RLE(BitPack))))",FILTER_50PCT,generated,1,2,1938193.5,5223,5312,5312,5568,16384
10,"Nullable(Patch(Dictionary(RLE(BitPack))))",FILTER_50PCT,generated,2,2,1931458.5,5223,5312,5312,5568,16384
10,"Nullable(Patch(Dictionary(RLE(BitPack))))",FILTER_50PCT,generated,3,2,1933005.5,5223,5312,5312,5568,16384
10,"Nullable(Patch(Dictionary(RLE(BitPack))))",FILTER_50PCT,generated,4,2,1929901.0,5223,5312,5312,5568,16384
10,"Nullable(Patch(Dictionary(RLE(BitPack))))",FILTER_50PCT,generated,5,2,1929075.0,5223,5312,5312,5568,16384
10,"Nullable(Patch(Dictionary(RLE(BitPack))))",FILTER_50PCT,generated,6,2,1936180.5,5223,5312,5312,5568,16384
10,"Nullable(Patch(Dictionary(RLE(BitPack))))",FILTER_50PCT,handwritten_monomorphized,0,2,1941624.0,5223,5312,5312,5568,16384
10,"Nullable(Patch(Dictionary(RLE(BitPack))))",FILTER_50PCT,handwritten_monomorphized,1,2,1938403.5,5223,5312,5312,5568,16384
10,"Nullable(Patch(Dictionary(RLE(BitPack))))",FILTER_50PCT,handwritten_monomorphized,2,2,1939445.5,5223,5312,5312,5568,16384
10,"Nullable(Patch(Dictionary(RLE(BitPack))))",FILTER_50PCT,handwritten_monomorphized,3,2,1928819.5,5223,5312,5312,5568,16384
10,"Nullable(Patch(Dictionary(RLE(BitPack))))",FILTER_50PCT,handwritten_monomorphized,4,2,1927512.5,5223,5312,5312,5568,16384
10,"Nullable(Patch(Dictionary(RLE(BitPack))))",FILTER_50PCT,handwritten_monomorphized,5,2,1927081.5,5223,5312,5312,5568,16384
10,"Nullable(Patch(Dictionary(RLE(BitPack))))",FILTER_50PCT,handwritten_monomorphized,6,2,1930632.5,5223,5312,5312,5568,16384
11,"Frame(Patch(FOR(BitPack)))",GET,full_decode,0,31,158662.0,35600,35658,35658,35658,16384
11,"Frame(Patch(FOR(BitPack)))",GET,full_decode,1,31,158932.4,35600,35658,35658,35658,16384
11,"Frame(Patch(FOR(BitPack)))",GET,full_decode,2,31,159106.6,35600,35658,35658,35658,16384
11,"Frame(Patch(FOR(BitPack)))",GET,full_decode,3,31,158662.7,35600,35658,35658,35658,16384
11,"Frame(Patch(FOR(BitPack)))",GET,full_decode,4,31,158964.4,35600,35658,35658,35658,16384
11,"Frame(Patch(FOR(BitPack)))",GET,full_decode,5,31,158816.1,35600,35658,35658,35658,16384
11,"Frame(Patch(FOR(BitPack)))",GET,full_decode,6,31,158758.6,35600,35658,35658,35658,16384
11,"Frame(Patch(FOR(BitPack)))",GET,fused_decode,0,35,142599.5,35600,35658,35658,35658,16384
11,"Frame(Patch(FOR(BitPack)))",GET,fused_decode,1,35,142666.4,35600,35658,35658,35658,16384
11,"Frame(Patch(FOR(BitPack)))",GET,fused_decode,2,35,142848.7,35600,35658,35658,35658,16384
11,"Frame(Patch(FOR(BitPack)))",GET,fused_decode,3,35,142808.6,35600,35658,35658,35658,16384
11,"Frame(Patch(FOR(BitPack)))",GET,fused_decode,4,35,142807.2,35600,35658,35658,35658,16384
11,"Frame(Patch(FOR(BitPack)))",GET,fused_decode,5,35,142605.8,35600,35658,35658,35658,16384
11,"Frame(Patch(FOR(BitPack)))",GET,fused_decode,6,35,142542.5,35600,35658,35658,35658,16384
11,"Frame(Patch(FOR(BitPack)))",GET,interpreted_plan,0,2258,2085.8,631,35658,35658,35658,1
11,"Frame(Patch(FOR(BitPack)))",GET,interpreted_plan,1,2258,2084.4,631,35658,35658,35658,1
11,"Frame(Patch(FOR(BitPack)))",GET,interpreted_plan,2,2258,2087.2,631,35658,35658,35658,1
11,"Frame(Patch(FOR(BitPack)))",GET,interpreted_plan,3,2258,2082.3,631,35658,35658,35658,1
11,"Frame(Patch(FOR(BitPack)))",GET,interpreted_plan,4,2258,2084.1,631,35658,35658,35658,1
11,"Frame(Patch(FOR(BitPack)))",GET,interpreted_plan,5,2258,2087.1,631,35658,35658,35658,1
11,"Frame(Patch(FOR(BitPack)))",GET,interpreted_plan,6,2258,2089.8,631,35658,35658,35658,1
11,"Frame(Patch(FOR(BitPack)))",GET,generated_full_page_access,0,2411,1997.1,631,35658,35658,35658,1
11,"Frame(Patch(FOR(BitPack)))",GET,generated_full_page_access,1,2411,2006.3,631,35658,35658,35658,1
11,"Frame(Patch(FOR(BitPack)))",GET,generated_full_page_access,2,2411,1998.4,631,35658,35658,35658,1
11,"Frame(Patch(FOR(BitPack)))",GET,generated_full_page_access,3,2411,1987.6,631,35658,35658,35658,1
11,"Frame(Patch(FOR(BitPack)))",GET,generated_full_page_access,4,2411,1996.8,631,35658,35658,35658,1
11,"Frame(Patch(FOR(BitPack)))",GET,generated_full_page_access,5,2411,1993.6,631,35658,35658,35658,1
11,"Frame(Patch(FOR(BitPack)))",GET,generated_full_page_access,6,2411,1995.9,631,35658,35658,35658,1
11,"Frame(Patch(FOR(BitPack)))",GET,generated,0,2088,2057.2,631,35658,35658,35658,1
11,"Frame(Patch(FOR(BitPack)))",GET,generated,1,2088,2055.5,631,35658,35658,35658,1
11,"Frame(Patch(FOR(BitPack)))",GET,generated,2,2088,2059.1,631,35658,35658,35658,1
11,"Frame(Patch(FOR(BitPack)))",GET,generated,3,2088,2050.0,631,35658,35658,35658,1
11,"Frame(Patch(FOR(BitPack)))",GET,generated,4,2088,2053.4,631,35658,35658,35658,1
11,"Frame(Patch(FOR(BitPack)))",GET,generated,5,2088,2053.2,631,35658,35658,35658,1
11,"Frame(Patch(FOR(BitPack)))",GET,generated,6,2088,2054.9,631,35658,35658,35658,1
11,"Frame(Patch(FOR(BitPack)))",GET,handwritten_monomorphized,0,2299,2059.1,631,35658,35658,35658,1
11,"Frame(Patch(FOR(BitPack)))",GET,handwritten_monomorphized,1,2299,2054.9,631,35658,35658,35658,1
11,"Frame(Patch(FOR(BitPack)))",GET,handwritten_monomorphized,2,2299,2054.0,631,35658,35658,35658,1
11,"Frame(Patch(FOR(BitPack)))",GET,handwritten_monomorphized,3,2299,2056.0,631,35658,35658,35658,1
11,"Frame(Patch(FOR(BitPack)))",GET,handwritten_monomorphized,4,2299,2057.1,631,35658,35658,35658,1
11,"Frame(Patch(FOR(BitPack)))",GET,handwritten_monomorphized,5,2299,2062.6,631,35658,35658,35658,1
11,"Frame(Patch(FOR(BitPack)))",GET,handwritten_monomorphized,6,2299,2059.7,631,35658,35658,35658,1
11,"Frame(Patch(FOR(BitPack)))",SUM_1PCT,full_decode,0,31,158841.0,35600,35658,35658,35658,16384
11,"Frame(Patch(FOR(BitPack)))",SUM_1PCT,full_decode,1,31,159134.4,35600,35658,35658,35658,16384
11,"Frame(Patch(FOR(BitPack)))",SUM_1PCT,full_decode,2,31,158886.3,35600,35658,35658,35658,16384
11,"Frame(Patch(FOR(BitPack)))",SUM_1PCT,full_decode,3,31,159197.6,35600,35658,35658,35658,16384
11,"Frame(Patch(FOR(BitPack)))",SUM_1PCT,full_decode,4,31,158831.6,35600,35658,35658,35658,16384
11,"Frame(Patch(FOR(BitPack)))",SUM_1PCT,full_decode,5,31,158943.1,35600,35658,35658,35658,16384
11,"Frame(Patch(FOR(BitPack)))",SUM_1PCT,full_decode,6,31,159210.0,35600,35658,35658,35658,16384
11,"Frame(Patch(FOR(BitPack)))",SUM_1PCT,fused_decode,0,35,140469.4,35600,35658,35658,35658,16384
11,"Frame(Patch(FOR(BitPack)))",SUM_1PCT,fused_decode,1,35,140151.5,35600,35658,35658,35658,16384
11,"Frame(Patch(FOR(BitPack)))",SUM_1PCT,fused_decode,2,35,140147.8,35600,35658,35658,35658,16384
11,"Frame(Patch(FOR(BitPack)))",SUM_1PCT,fused_decode,3,35,140135.2,35600,35658,35658,35658,16384
11,"Frame(Patch(FOR(BitPack)))",SUM_1PCT,fused_decode,4,35,140130.9,35600,35658,35658,35658,16384
11,"Frame(Patch(FOR(BitPack)))",SUM_1PCT,fused_decode,5,35,140241.4,35600,35658,35658,35658,16384
11,"Frame(Patch(FOR(BitPack)))",SUM_1PCT,fused_decode,6,35,140139.5,35600,35658,35658,35658,16384
11,"Frame(Patch(FOR(BitPack)))",SUM_1PCT,interpreted_plan,0,75,66846.7,976,35658,35658,35658,163
11,"Frame(Patch(FOR(BitPack)))",SUM_1PCT,interpreted_plan,1,75,66740.2,976,35658,35658,35658,163
11,"Frame(Patch(FOR(BitPack)))",SUM_1PCT,interpreted_plan,2,75,66790.8,976,35658,35658,35658,163
11,"Frame(Patch(FOR(BitPack)))",SUM_1PCT,interpreted_plan,3,75,66917.6,976,35658,35658,35658,163
11,"Frame(Patch(FOR(BitPack)))",SUM_1PCT,interpreted_plan,4,75,66724.8,976,35658,35658,35658,163
11,"Frame(Patch(FOR(BitPack)))",SUM_1PCT,interpreted_plan,5,75,66682.7,976,35658,35658,35658,163
11,"Frame(Patch(FOR(BitPack)))",SUM_1PCT,interpreted_plan,6,75,66680.1,976,35658,35658,35658,163
11,"Frame(Patch(FOR(BitPack)))",SUM_1PCT,generated_full_page_access,0,1342,3551.1,976,35658,35658,35658,163
11,"Frame(Patch(FOR(BitPack)))",SUM_1PCT,generated_full_page_access,1,1342,3532.4,976,35658,35658,35658,163
11,"Frame(Patch(FOR(BitPack)))",SUM_1PCT,generated_full_page_access,2,1342,3535.9,976,35658,35658,35658,163
11,"Frame(Patch(FOR(BitPack)))",SUM_1PCT,generated_full_page_access,3,1342,3539.4,976,35658,35658,35658,163
11,"Frame(Patch(FOR(BitPack)))",SUM_1PCT,generated_full_page_access,4,1342,3538.5,976,35658,35658,35658,163
11,"Frame(Patch(FOR(BitPack)))",SUM_1PCT,generated_full_page_access,5,1342,3531.2,976,35658,35658,35658,163
11,"Frame(Patch(FOR(BitPack)))",SUM_1PCT,generated_full_page_access,6,1342,3539.6,976,35658,35658,35658,163
11,"Frame(Patch(FOR(BitPack)))",SUM_1PCT,generated,0,1379,3610.5,976,35658,35658,35658,163
11,"Frame(Patch(FOR(BitPack)))",SUM_1PCT,generated,1,1379,3615.9,976,35658,35658,35658,163
11,"Frame(Patch(FOR(BitPack)))",SUM_1PCT,generated,2,1379,3607.7,976,35658,35658,35658,163
11,"Frame(Patch(FOR(BitPack)))",SUM_1PCT,generated,3,1379,3621.2,976,35658,35658,35658,163
11,"Frame(Patch(FOR(BitPack)))",SUM_1PCT,generated,4,1379,3612.0,976,35658,35658,35658,163
11,"Frame(Patch(FOR(BitPack)))",SUM_1PCT,generated,5,1379,3618.6,976,35658,35658,35658,163
11,"Frame(Patch(FOR(BitPack)))",SUM_1PCT,generated,6,1379,3627.7,976,35658,35658,35658,163
11,"Frame(Patch(FOR(BitPack)))",SUM_1PCT,handwritten_monomorphized,0,377,12816.7,976,35658,35658,35658,163
11,"Frame(Patch(FOR(BitPack)))",SUM_1PCT,handwritten_monomorphized,1,377,12773.5,976,35658,35658,35658,163
11,"Frame(Patch(FOR(BitPack)))",SUM_1PCT,handwritten_monomorphized,2,377,12782.4,976,35658,35658,35658,163
11,"Frame(Patch(FOR(BitPack)))",SUM_1PCT,handwritten_monomorphized,3,377,12745.4,976,35658,35658,35658,163
11,"Frame(Patch(FOR(BitPack)))",SUM_1PCT,handwritten_monomorphized,4,377,12798.3,976,35658,35658,35658,163
11,"Frame(Patch(FOR(BitPack)))",SUM_1PCT,handwritten_monomorphized,5,377,12770.9,976,35658,35658,35658,163
11,"Frame(Patch(FOR(BitPack)))",SUM_1PCT,handwritten_monomorphized,6,377,12825.4,976,35658,35658,35658,163
11,"Frame(Patch(FOR(BitPack)))",SUM_70PCT,full_decode,0,29,166456.4,35600,35658,35658,35658,16384
11,"Frame(Patch(FOR(BitPack)))",SUM_70PCT,full_decode,1,29,166377.7,35600,35658,35658,35658,16384
11,"Frame(Patch(FOR(BitPack)))",SUM_70PCT,full_decode,2,29,166664.3,35600,35658,35658,35658,16384
11,"Frame(Patch(FOR(BitPack)))",SUM_70PCT,full_decode,3,29,166412.6,35600,35658,35658,35658,16384
11,"Frame(Patch(FOR(BitPack)))",SUM_70PCT,full_decode,4,29,166646.7,35600,35658,35658,35658,16384
11,"Frame(Patch(FOR(BitPack)))",SUM_70PCT,full_decode,5,29,166637.8,35600,35658,35658,35658,16384
11,"Frame(Patch(FOR(BitPack)))",SUM_70PCT,full_decode,6,29,166417.4,35600,35658,35658,35658,16384
11,"Frame(Patch(FOR(BitPack)))",SUM_70PCT,fused_decode,0,34,146614.8,35600,35658,35658,35658,16384
11,"Frame(Patch(FOR(BitPack)))",SUM_70PCT,fused_decode,1,34,146694.6,35600,35658,35658,35658,16384
11,"Frame(Patch(FOR(BitPack)))",SUM_70PCT,fused_decode,2,34,146509.6,35600,35658,35658,35658,16384
11,"Frame(Patch(FOR(BitPack)))",SUM_70PCT,fused_decode,3,34,147073.7,35600,35658,35658,35658,16384
11,"Frame(Patch(FOR(BitPack)))",SUM_70PCT,fused_decode,4,34,146593.9,35600,35658,35658,35658,16384
11,"Frame(Patch(FOR(BitPack)))",SUM_70PCT,fused_decode,5,34,147332.9,35600,35658,35658,35658,16384
11,"Frame(Patch(FOR(BitPack)))",SUM_70PCT,fused_decode,6,34,146740.2,35600,35658,35658,35658,16384
11,"Frame(Patch(FOR(BitPack)))",SUM_70PCT,interpreted_plan,0,1,5019404.0,25603,35658,35658,35658,11703
11,"Frame(Patch(FOR(BitPack)))",SUM_70PCT,interpreted_plan,1,1,4973435.0,25603,35658,35658,35658,11703
11,"Frame(Patch(FOR(BitPack)))",SUM_70PCT,interpreted_plan,2,1,5019604.0,25603,35658,35658,35658,11703
11,"Frame(Patch(FOR(BitPack)))",SUM_70PCT,interpreted_plan,3,1,4996680.0,25603,35658,35658,35658,11703
11,"Frame(Patch(FOR(BitPack)))",SUM_70PCT,interpreted_plan,4,1,5005973.0,25603,35658,35658,35658,11703
11,"Frame(Patch(FOR(BitPack)))",SUM_70PCT,interpreted_plan,5,1,5008127.0,25603,35658,35658,35658,11703
11,"Frame(Patch(FOR(BitPack)))",SUM_70PCT,interpreted_plan,6,1,5021396.0,25603,35658,35658,35658,11703
11,"Frame(Patch(FOR(BitPack)))",SUM_70PCT,generated_full_page_access,0,44,111804.9,25618,35658,35658,35658,11703
11,"Frame(Patch(FOR(BitPack)))",SUM_70PCT,generated_full_page_access,1,44,112022.7,25618,35658,35658,35658,11703
11,"Frame(Patch(FOR(BitPack)))",SUM_70PCT,generated_full_page_access,2,44,111776.6,25618,35658,35658,35658,11703
11,"Frame(Patch(FOR(BitPack)))",SUM_70PCT,generated_full_page_access,3,44,111893.2,25618,35658,35658,35658,11703
11,"Frame(Patch(FOR(BitPack)))",SUM_70PCT,generated_full_page_access,4,44,111763.5,25618,35658,35658,35658,11703
11,"Frame(Patch(FOR(BitPack)))",SUM_70PCT,generated_full_page_access,5,44,111856.3,25618,35658,35658,35658,11703
11,"Frame(Patch(FOR(BitPack)))",SUM_70PCT,generated_full_page_access,6,44,111769.8,25618,35658,35658,35658,11703
11,"Frame(Patch(FOR(BitPack)))",SUM_70PCT,generated,0,44,112033.9,25618,35658,35658,35658,11703
11,"Frame(Patch(FOR(BitPack)))",SUM_70PCT,generated,1,44,111760.5,25618,35658,35658,35658,11703
11,"Frame(Patch(FOR(BitPack)))",SUM_70PCT,generated,2,44,111867.9,25618,35658,35658,35658,11703
11,"Frame(Patch(FOR(BitPack)))",SUM_70PCT,generated,3,44,111730.5,25618,35658,35658,35658,11703
11,"Frame(Patch(FOR(BitPack)))",SUM_70PCT,generated,4,44,134497.6,25618,35658,35658,35658,11703
11,"Frame(Patch(FOR(BitPack)))",SUM_70PCT,generated,5,44,112374.6,25618,35658,35658,35658,11703
11,"Frame(Patch(FOR(BitPack)))",SUM_70PCT,generated,6,44,111920.3,25618,35658,35658,35658,11703
11,"Frame(Patch(FOR(BitPack)))",SUM_70PCT,handwritten_monomorphized,0,6,774998.7,25618,35658,35658,35658,11703
11,"Frame(Patch(FOR(BitPack)))",SUM_70PCT,handwritten_monomorphized,1,6,775088.8,25618,35658,35658,35658,11703
11,"Frame(Patch(FOR(BitPack)))",SUM_70PCT,handwritten_monomorphized,2,6,774029.0,25618,35658,35658,35658,11703
11,"Frame(Patch(FOR(BitPack)))",SUM_70PCT,handwritten_monomorphized,3,6,772937.2,25618,35658,35658,35658,11703
11,"Frame(Patch(FOR(BitPack)))",SUM_70PCT,handwritten_monomorphized,4,6,774023.8,25618,35658,35658,35658,11703
11,"Frame(Patch(FOR(BitPack)))",SUM_70PCT,handwritten_monomorphized,5,6,775834.8,25618,35658,35658,35658,11703
11,"Frame(Patch(FOR(BitPack)))",SUM_70PCT,handwritten_monomorphized,6,6,773187.7,25618,35658,35658,35658,11703
11,"Frame(Patch(FOR(BitPack)))",BETWEEN_1PCT,full_decode,0,31,159405.7,35600,35658,35658,35658,16384
11,"Frame(Patch(FOR(BitPack)))",BETWEEN_1PCT,full_decode,1,31,159646.1,35600,35658,35658,35658,16384
11,"Frame(Patch(FOR(BitPack)))",BETWEEN_1PCT,full_decode,2,31,159408.3,35600,35658,35658,35658,16384
11,"Frame(Patch(FOR(BitPack)))",BETWEEN_1PCT,full_decode,3,31,159776.6,35600,35658,35658,35658,16384
11,"Frame(Patch(FOR(BitPack)))",BETWEEN_1PCT,full_decode,4,31,159321.1,35600,35658,35658,35658,16384
11,"Frame(Patch(FOR(BitPack)))",BETWEEN_1PCT,full_decode,5,31,159292.3,35600,35658,35658,35658,16384
11,"Frame(Patch(FOR(BitPack)))",BETWEEN_1PCT,full_decode,6,31,159262.3,35600,35658,35658,35658,16384
11,"Frame(Patch(FOR(BitPack)))",BETWEEN_1PCT,fused_decode,0,32,157528.6,35600,35658,35658,35658,16384
11,"Frame(Patch(FOR(BitPack)))",BETWEEN_1PCT,fused_decode,1,32,155919.9,35600,35658,35658,35658,16384
11,"Frame(Patch(FOR(BitPack)))",BETWEEN_1PCT,fused_decode,2,32,155835.4,35600,35658,35658,35658,16384
11,"Frame(Patch(FOR(BitPack)))",BETWEEN_1PCT,fused_decode,3,32,156749.7,35600,35658,35658,35658,16384
11,"Frame(Patch(FOR(BitPack)))",BETWEEN_1PCT,fused_decode,4,32,156132.2,35600,35658,35658,35658,16384
11,"Frame(Patch(FOR(BitPack)))",BETWEEN_1PCT,fused_decode,5,32,155913.1,35600,35658,35658,35658,16384
11,"Frame(Patch(FOR(BitPack)))",BETWEEN_1PCT,fused_decode,6,32,155998.8,35600,35658,35658,35658,16384
11,"Frame(Patch(FOR(BitPack)))",BETWEEN_1PCT,interpreted_plan,0,74,66958.9,976,35658,35658,35658,163
11,"Frame(Patch(FOR(BitPack)))",BETWEEN_1PCT,interpreted_plan,1,74,66753.0,976,35658,35658,35658,163
11,"Frame(Patch(FOR(BitPack)))",BETWEEN_1PCT,interpreted_plan,2,74,66938.7,976,35658,35658,35658,163
11,"Frame(Patch(FOR(BitPack)))",BETWEEN_1PCT,interpreted_plan,3,74,66790.5,976,35658,35658,35658,163
11,"Frame(Patch(FOR(BitPack)))",BETWEEN_1PCT,interpreted_plan,4,74,66836.3,976,35658,35658,35658,163
11,"Frame(Patch(FOR(BitPack)))",BETWEEN_1PCT,interpreted_plan,5,74,66829.4,976,35658,35658,35658,163
11,"Frame(Patch(FOR(BitPack)))",BETWEEN_1PCT,interpreted_plan,6,74,66767.6,976,35658,35658,35658,163
11,"Frame(Patch(FOR(BitPack)))",BETWEEN_1PCT,generated_full_page_access,0,1220,3832.3,976,35658,35658,35658,163
11,"Frame(Patch(FOR(BitPack)))",BETWEEN_1PCT,generated_full_page_access,1,1220,3836.1,976,35658,35658,35658,163
11,"Frame(Patch(FOR(BitPack)))",BETWEEN_1PCT,generated_full_page_access,2,1220,3834.6,976,35658,35658,35658,163
11,"Frame(Patch(FOR(BitPack)))",BETWEEN_1PCT,generated_full_page_access,3,1220,3831.3,976,35658,35658,35658,163
11,"Frame(Patch(FOR(BitPack)))",BETWEEN_1PCT,generated_full_page_access,4,1220,3833.9,976,35658,35658,35658,163
11,"Frame(Patch(FOR(BitPack)))",BETWEEN_1PCT,generated_full_page_access,5,1220,3839.9,976,35658,35658,35658,163
11,"Frame(Patch(FOR(BitPack)))",BETWEEN_1PCT,generated_full_page_access,6,1220,3834.0,976,35658,35658,35658,163
11,"Frame(Patch(FOR(BitPack)))",BETWEEN_1PCT,generated,0,1263,3921.6,976,35658,35658,35658,163
11,"Frame(Patch(FOR(BitPack)))",BETWEEN_1PCT,generated,1,1263,3910.2,976,35658,35658,35658,163
11,"Frame(Patch(FOR(BitPack)))",BETWEEN_1PCT,generated,2,1263,3907.0,976,35658,35658,35658,163
11,"Frame(Patch(FOR(BitPack)))",BETWEEN_1PCT,generated,3,1263,3932.7,976,35658,35658,35658,163
11,"Frame(Patch(FOR(BitPack)))",BETWEEN_1PCT,generated,4,1263,3912.6,976,35658,35658,35658,163
11,"Frame(Patch(FOR(BitPack)))",BETWEEN_1PCT,generated,5,1263,3903.7,976,35658,35658,35658,163
11,"Frame(Patch(FOR(BitPack)))",BETWEEN_1PCT,generated,6,1263,3902.3,976,35658,35658,35658,163
11,"Frame(Patch(FOR(BitPack)))",BETWEEN_1PCT,handwritten_monomorphized,0,376,12787.7,976,35658,35658,35658,163
11,"Frame(Patch(FOR(BitPack)))",BETWEEN_1PCT,handwritten_monomorphized,1,376,12795.9,976,35658,35658,35658,163
11,"Frame(Patch(FOR(BitPack)))",BETWEEN_1PCT,handwritten_monomorphized,2,376,12788.2,976,35658,35658,35658,163
11,"Frame(Patch(FOR(BitPack)))",BETWEEN_1PCT,handwritten_monomorphized,3,376,12767.1,976,35658,35658,35658,163
11,"Frame(Patch(FOR(BitPack)))",BETWEEN_1PCT,handwritten_monomorphized,4,376,12937.3,976,35658,35658,35658,163
11,"Frame(Patch(FOR(BitPack)))",BETWEEN_1PCT,handwritten_monomorphized,5,376,12835.0,976,35658,35658,35658,163
11,"Frame(Patch(FOR(BitPack)))",BETWEEN_1PCT,handwritten_monomorphized,6,376,12791.0,976,35658,35658,35658,163
11,"Frame(Patch(FOR(BitPack)))",BETWEEN_70PCT,full_decode,0,27,183787.7,35600,35658,35658,35658,16384
11,"Frame(Patch(FOR(BitPack)))",BETWEEN_70PCT,full_decode,1,27,184841.1,35600,35658,35658,35658,16384
11,"Frame(Patch(FOR(BitPack)))",BETWEEN_70PCT,full_decode,2,27,183922.7,35600,35658,35658,35658,16384
11,"Frame(Patch(FOR(BitPack)))",BETWEEN_70PCT,full_decode,3,27,184015.8,35600,35658,35658,35658,16384
11,"Frame(Patch(FOR(BitPack)))",BETWEEN_70PCT,full_decode,4,27,193391.0,35600,35658,35658,35658,16384
11,"Frame(Patch(FOR(BitPack)))",BETWEEN_70PCT,full_decode,5,27,183759.5,35600,35658,35658,35658,16384
11,"Frame(Patch(FOR(BitPack)))",BETWEEN_70PCT,full_decode,6,27,183916.0,35600,35658,35658,35658,16384
11,"Frame(Patch(FOR(BitPack)))",BETWEEN_70PCT,fused_decode,0,28,176760.0,35600,35658,35658,35658,16384
11,"Frame(Patch(FOR(BitPack)))",BETWEEN_70PCT,fused_decode,1,28,175827.9,35600,35658,35658,35658,16384
11,"Frame(Patch(FOR(BitPack)))",BETWEEN_70PCT,fused_decode,2,28,175512.8,35600,35658,35658,35658,16384
11,"Frame(Patch(FOR(BitPack)))",BETWEEN_70PCT,fused_decode,3,28,175388.6,35600,35658,35658,35658,16384
11,"Frame(Patch(FOR(BitPack)))",BETWEEN_70PCT,fused_decode,4,28,175155.8,35600,35658,35658,35658,16384
11,"Frame(Patch(FOR(BitPack)))",BETWEEN_70PCT,fused_decode,5,28,176483.5,35600,35658,35658,35658,16384
11,"Frame(Patch(FOR(BitPack)))",BETWEEN_70PCT,fused_decode,6,28,175482.0,35600,35658,35658,35658,16384
11,"Frame(Patch(FOR(BitPack)))",BETWEEN_70PCT,interpreted_plan,0,1,5021277.0,25603,35658,35658,35658,11703
11,"Frame(Patch(FOR(BitPack)))",BETWEEN_70PCT,interpreted_plan,1,1,4987776.0,25603,35658,35658,35658,11703
11,"Frame(Patch(FOR(BitPack)))",BETWEEN_70PCT,interpreted_plan,2,1,5004772.0,25603,35658,35658,35658,11703
11,"Frame(Patch(FOR(BitPack)))",BETWEEN_70PCT,interpreted_plan,3,1,4998862.0,25603,35658,35658,35658,11703
11,"Frame(Patch(FOR(BitPack)))",BETWEEN_70PCT,interpreted_plan,4,1,5010561.0,25603,35658,35658,35658,11703
11,"Frame(Patch(FOR(BitPack)))",BETWEEN_70PCT,interpreted_plan,5,1,5014306.0,25603,35658,35658,35658,11703
11,"Frame(Patch(FOR(BitPack)))",BETWEEN_70PCT,interpreted_plan,6,1,5017500.0,25603,35658,35658,35658,11703
11,"Frame(Patch(FOR(BitPack)))",BETWEEN_70PCT,generated_full_page_access,0,39,127489.6,25618,35658,35658,35658,11703
11,"Frame(Patch(FOR(BitPack)))",BETWEEN_70PCT,generated_full_page_access,1,39,127510.6,25618,35658,35658,35658,11703
11,"Frame(Patch(FOR(BitPack)))",BETWEEN_70PCT,generated_full_page_access,2,39,127524.2,25618,35658,35658,35658,11703
11,"Frame(Patch(FOR(BitPack)))",BETWEEN_70PCT,generated_full_page_access,3,39,128240.4,25618,35658,35658,35658,11703
11,"Frame(Patch(FOR(BitPack)))",BETWEEN_70PCT,generated_full_page_access,4,39,128027.8,25618,35658,35658,35658,11703
11,"Frame(Patch(FOR(BitPack)))",BETWEEN_70PCT,generated_full_page_access,5,39,127773.6,25618,35658,35658,35658,11703
11,"Frame(Patch(FOR(BitPack)))",BETWEEN_70PCT,generated_full_page_access,6,39,164545.9,25618,35658,35658,35658,11703
11,"Frame(Patch(FOR(BitPack)))",BETWEEN_70PCT,generated,0,39,127583.0,25618,35658,35658,35658,11703
11,"Frame(Patch(FOR(BitPack)))",BETWEEN_70PCT,generated,1,39,127797.2,25618,35658,35658,35658,11703
11,"Frame(Patch(FOR(BitPack)))",BETWEEN_70PCT,generated,2,39,127527.6,25618,35658,35658,35658,11703
11,"Frame(Patch(FOR(BitPack)))",BETWEEN_70PCT,generated,3,39,127535.3,25618,35658,35658,35658,11703
11,"Frame(Patch(FOR(BitPack)))",BETWEEN_70PCT,generated,4,39,127471.1,25618,35658,35658,35658,11703
11,"Frame(Patch(FOR(BitPack)))",BETWEEN_70PCT,generated,5,39,127706.8,25618,35658,35658,35658,11703
11,"Frame(Patch(FOR(BitPack)))",BETWEEN_70PCT,generated,6,39,127556.1,25618,35658,35658,35658,11703
11,"Frame(Patch(FOR(BitPack)))",BETWEEN_70PCT,handwritten_monomorphized,0,6,772204.5,25618,35658,35658,35658,11703
11,"Frame(Patch(FOR(BitPack)))",BETWEEN_70PCT,handwritten_monomorphized,1,6,774678.2,25618,35658,35658,35658,11703
11,"Frame(Patch(FOR(BitPack)))",BETWEEN_70PCT,handwritten_monomorphized,2,6,781533.3,25618,35658,35658,35658,11703
11,"Frame(Patch(FOR(BitPack)))",BETWEEN_70PCT,handwritten_monomorphized,3,6,773553.2,25618,35658,35658,35658,11703
11,"Frame(Patch(FOR(BitPack)))",BETWEEN_70PCT,handwritten_monomorphized,4,6,776948.3,25618,35658,35658,35658,11703
11,"Frame(Patch(FOR(BitPack)))",BETWEEN_70PCT,handwritten_monomorphized,5,6,777522.3,25618,35658,35658,35658,11703
11,"Frame(Patch(FOR(BitPack)))",BETWEEN_70PCT,handwritten_monomorphized,6,6,774000.5,25618,35658,35658,35658,11703
11,"Frame(Patch(FOR(BitPack)))",FILTER_POINT,full_decode,0,29,171476.0,35600,35658,35658,35658,16384
11,"Frame(Patch(FOR(BitPack)))",FILTER_POINT,full_decode,1,29,171264.3,35600,35658,35658,35658,16384
11,"Frame(Patch(FOR(BitPack)))",FILTER_POINT,full_decode,2,29,173771.9,35600,35658,35658,35658,16384
11,"Frame(Patch(FOR(BitPack)))",FILTER_POINT,full_decode,3,29,171277.4,35600,35658,35658,35658,16384
11,"Frame(Patch(FOR(BitPack)))",FILTER_POINT,full_decode,4,29,171182.1,35600,35658,35658,35658,16384
11,"Frame(Patch(FOR(BitPack)))",FILTER_POINT,full_decode,5,29,171460.4,35600,35658,35658,35658,16384
11,"Frame(Patch(FOR(BitPack)))",FILTER_POINT,full_decode,6,29,171278.1,35600,35658,35658,35658,16384
11,"Frame(Patch(FOR(BitPack)))",FILTER_POINT,fused_decode,0,30,162565.7,35600,35658,35658,35658,16384
11,"Frame(Patch(FOR(BitPack)))",FILTER_POINT,fused_decode,1,30,162418.1,35600,35658,35658,35658,16384
11,"Frame(Patch(FOR(BitPack)))",FILTER_POINT,fused_decode,2,30,162178.5,35600,35658,35658,35658,16384
11,"Frame(Patch(FOR(BitPack)))",FILTER_POINT,fused_decode,3,30,162159.4,35600,35658,35658,35658,16384
11,"Frame(Patch(FOR(BitPack)))",FILTER_POINT,fused_decode,4,30,162245.9,35600,35658,35658,35658,16384
11,"Frame(Patch(FOR(BitPack)))",FILTER_POINT,fused_decode,5,30,162299.6,35600,35658,35658,35658,16384
11,"Frame(Patch(FOR(BitPack)))",FILTER_POINT,fused_decode,6,30,162158.8,35600,35658,35658,35658,16384
11,"Frame(Patch(FOR(BitPack)))",FILTER_POINT,interpreted_plan,0,1,7060471.0,35580,35658,35658,35658,16384
11,"Frame(Patch(FOR(BitPack)))",FILTER_POINT,interpreted_plan,1,1,7089454.0,35580,35658,35658,35658,16384
11,"Frame(Patch(FOR(BitPack)))",FILTER_POINT,interpreted_plan,2,1,7034992.0,35580,35658,35658,35658,16384
11,"Frame(Patch(FOR(BitPack)))",FILTER_POINT,interpreted_plan,3,1,7167631.0,35580,35658,35658,35658,16384
11,"Frame(Patch(FOR(BitPack)))",FILTER_POINT,interpreted_plan,4,1,7035483.0,35580,35658,35658,35658,16384
11,"Frame(Patch(FOR(BitPack)))",FILTER_POINT,interpreted_plan,5,1,7029445.0,35580,35658,35658,35658,16384
11,"Frame(Patch(FOR(BitPack)))",FILTER_POINT,interpreted_plan,6,1,7005258.0,35580,35658,35658,35658,16384
11,"Frame(Patch(FOR(BitPack)))",FILTER_POINT,generated_full_page_access,0,30,155528.2,35600,35658,35658,35658,16384
11,"Frame(Patch(FOR(BitPack)))",FILTER_POINT,generated_full_page_access,1,30,156377.1,35600,35658,35658,35658,16384
11,"Frame(Patch(FOR(BitPack)))",FILTER_POINT,generated_full_page_access,2,30,155537.2,35600,35658,35658,35658,16384
11,"Frame(Patch(FOR(BitPack)))",FILTER_POINT,generated_full_page_access,3,30,155368.3,35600,35658,35658,35658,16384
11,"Frame(Patch(FOR(BitPack)))",FILTER_POINT,generated_full_page_access,4,30,155783.9,35600,35658,35658,35658,16384
11,"Frame(Patch(FOR(BitPack)))",FILTER_POINT,generated_full_page_access,5,30,155631.7,35600,35658,35658,35658,16384
11,"Frame(Patch(FOR(BitPack)))",FILTER_POINT,generated_full_page_access,6,30,155313.9,35600,35658,35658,35658,16384
11,"Frame(Patch(FOR(BitPack)))",FILTER_POINT,generated,0,32,155831.4,35600,35658,35658,35658,16384
11,"Frame(Patch(FOR(BitPack)))",FILTER_POINT,generated,1,32,155854.2,35600,35658,35658,35658,16384
11,"Frame(Patch(FOR(BitPack)))",FILTER_POINT,generated,2,32,157279.5,35600,35658,35658,35658,16384
11,"Frame(Patch(FOR(BitPack)))",FILTER_POINT,generated,3,32,155930.9,35600,35658,35658,35658,16384
11,"Frame(Patch(FOR(BitPack)))",FILTER_POINT,generated,4,32,155754.7,35600,35658,35658,35658,16384
11,"Frame(Patch(FOR(BitPack)))",FILTER_POINT,generated,5,32,155958.1,35600,35658,35658,35658,16384
11,"Frame(Patch(FOR(BitPack)))",FILTER_POINT,generated,6,32,155786.3,35600,35658,35658,35658,16384
11,"Frame(Patch(FOR(BitPack)))",FILTER_POINT,handwritten_monomorphized,0,4,1062676.5,35600,35658,35658,35658,16384
11,"Frame(Patch(FOR(BitPack)))",FILTER_POINT,handwritten_monomorphized,1,4,1062576.2,35600,35658,35658,35658,16384
11,"Frame(Patch(FOR(BitPack)))",FILTER_POINT,handwritten_monomorphized,2,4,1059774.8,35600,35658,35658,35658,16384
11,"Frame(Patch(FOR(BitPack)))",FILTER_POINT,handwritten_monomorphized,3,4,1060145.2,35600,35658,35658,35658,16384
11,"Frame(Patch(FOR(BitPack)))",FILTER_POINT,handwritten_monomorphized,4,4,1064874.8,35600,35658,35658,35658,16384
11,"Frame(Patch(FOR(BitPack)))",FILTER_POINT,handwritten_monomorphized,5,4,1062351.0,35600,35658,35658,35658,16384
11,"Frame(Patch(FOR(BitPack)))",FILTER_POINT,handwritten_monomorphized,6,4,1083920.8,35600,35658,35658,35658,16384
11,"Frame(Patch(FOR(BitPack)))",FILTER_50PCT,full_decode,0,26,187894.7,35600,35658,35658,35658,16384
11,"Frame(Patch(FOR(BitPack)))",FILTER_50PCT,full_decode,1,26,188068.5,35600,35658,35658,35658,16384
11,"Frame(Patch(FOR(BitPack)))",FILTER_50PCT,full_decode,2,26,188041.5,35600,35658,35658,35658,16384
11,"Frame(Patch(FOR(BitPack)))",FILTER_50PCT,full_decode,3,26,187901.3,35600,35658,35658,35658,16384
11,"Frame(Patch(FOR(BitPack)))",FILTER_50PCT,full_decode,4,26,187877.4,35600,35658,35658,35658,16384
11,"Frame(Patch(FOR(BitPack)))",FILTER_50PCT,full_decode,5,26,188257.6,35600,35658,35658,35658,16384
11,"Frame(Patch(FOR(BitPack)))",FILTER_50PCT,full_decode,6,26,188347.7,35600,35658,35658,35658,16384
11,"Frame(Patch(FOR(BitPack)))",FILTER_50PCT,fused_decode,0,28,179145.3,35600,35658,35658,35658,16384
11,"Frame(Patch(FOR(BitPack)))",FILTER_50PCT,fused_decode,1,28,177681.7,35600,35658,35658,35658,16384
11,"Frame(Patch(FOR(BitPack)))",FILTER_50PCT,fused_decode,2,28,177554.4,35600,35658,35658,35658,16384
11,"Frame(Patch(FOR(BitPack)))",FILTER_50PCT,fused_decode,3,28,177917.8,35600,35658,35658,35658,16384
11,"Frame(Patch(FOR(BitPack)))",FILTER_50PCT,fused_decode,4,28,177617.0,35600,35658,35658,35658,16384
11,"Frame(Patch(FOR(BitPack)))",FILTER_50PCT,fused_decode,5,28,177434.2,35600,35658,35658,35658,16384
11,"Frame(Patch(FOR(BitPack)))",FILTER_50PCT,fused_decode,6,28,177430.6,35600,35658,35658,35658,16384
11,"Frame(Patch(FOR(BitPack)))",FILTER_50PCT,interpreted_plan,0,1,7049954.0,35580,35658,35658,35658,16384
11,"Frame(Patch(FOR(BitPack)))",FILTER_50PCT,interpreted_plan,1,1,7058217.0,35580,35658,35658,35658,16384
11,"Frame(Patch(FOR(BitPack)))",FILTER_50PCT,interpreted_plan,2,1,7048973.0,35580,35658,35658,35658,16384
11,"Frame(Patch(FOR(BitPack)))",FILTER_50PCT,interpreted_plan,3,1,7044707.0,35580,35658,35658,35658,16384
11,"Frame(Patch(FOR(BitPack)))",FILTER_50PCT,interpreted_plan,4,1,7042894.0,35580,35658,35658,35658,16384
11,"Frame(Patch(FOR(BitPack)))",FILTER_50PCT,interpreted_plan,5,1,7069604.0,35580,35658,35658,35658,16384
11,"Frame(Patch(FOR(BitPack)))",FILTER_50PCT,interpreted_plan,6,1,7032969.0,35580,35658,35658,35658,16384
11,"Frame(Patch(FOR(BitPack)))",FILTER_50PCT,generated_full_page_access,0,29,171297.8,35600,35658,35658,35658,16384
11,"Frame(Patch(FOR(BitPack)))",FILTER_50PCT,generated_full_page_access,1,29,171589.3,35600,35658,35658,35658,16384
11,"Frame(Patch(FOR(BitPack)))",FILTER_50PCT,generated_full_page_access,2,29,171373.4,35600,35658,35658,35658,16384
11,"Frame(Patch(FOR(BitPack)))",FILTER_50PCT,generated_full_page_access,3,29,172836.0,35600,35658,35658,35658,16384
11,"Frame(Patch(FOR(BitPack)))",FILTER_50PCT,generated_full_page_access,4,29,171481.5,35600,35658,35658,35658,16384
11,"Frame(Patch(FOR(BitPack)))",FILTER_50PCT,generated_full_page_access,5,29,171246.3,35600,35658,35658,35658,16384
11,"Frame(Patch(FOR(BitPack)))",FILTER_50PCT,generated_full_page_access,6,29,171305.1,35600,35658,35658,35658,16384
11,"Frame(Patch(FOR(BitPack)))",FILTER_50PCT,generated,0,28,171506.4,35600,35658,35658,35658,16384
11,"Frame(Patch(FOR(BitPack)))",FILTER_50PCT,generated,1,28,171453.8,35600,35658,35658,35658,16384
11,"Frame(Patch(FOR(BitPack)))",FILTER_50PCT,generated,2,28,171424.5,35600,35658,35658,35658,16384
11,"Frame(Patch(FOR(BitPack)))",FILTER_50PCT,generated,3,28,171253.5,35600,35658,35658,35658,16384
11,"Frame(Patch(FOR(BitPack)))",FILTER_50PCT,generated,4,28,171240.3,35600,35658,35658,35658,16384
11,"Frame(Patch(FOR(BitPack)))",FILTER_50PCT,generated,5,28,171133.7,35600,35658,35658,35658,16384
11,"Frame(Patch(FOR(BitPack)))",FILTER_50PCT,generated,6,28,171313.2,35600,35658,35658,35658,16384
11,"Frame(Patch(FOR(BitPack)))",FILTER_50PCT,handwritten_monomorphized,0,4,1078026.8,35600,35658,35658,35658,16384
11,"Frame(Patch(FOR(BitPack)))",FILTER_50PCT,handwritten_monomorphized,1,4,1074687.0,35600,35658,35658,35658,16384
11,"Frame(Patch(FOR(BitPack)))",FILTER_50PCT,handwritten_monomorphized,2,4,1073312.2,35600,35658,35658,35658,16384
11,"Frame(Patch(FOR(BitPack)))",FILTER_50PCT,handwritten_monomorphized,3,4,1076930.2,35600,35658,35658,35658,16384
11,"Frame(Patch(FOR(BitPack)))",FILTER_50PCT,handwritten_monomorphized,4,4,1073748.0,35600,35658,35658,35658,16384
11,"Frame(Patch(FOR(BitPack)))",FILTER_50PCT,handwritten_monomorphized,5,4,1073290.0,35600,35658,35658,35658,16384
11,"Frame(Patch(FOR(BitPack)))",FILTER_50PCT,handwritten_monomorphized,6,4,1075513.0,35600,35658,35658,35658,16384
12,"Patch(Dictionary(RLE(BitPack)))",GET,full_decode,0,61,80824.8,2895,2964,2964,3072,16384
12,"Patch(Dictionary(RLE(BitPack)))",GET,full_decode,1,61,80657.6,2895,2964,2964,3072,16384
12,"Patch(Dictionary(RLE(BitPack)))",GET,full_decode,2,61,80840.4,2895,2964,2964,3072,16384
12,"Patch(Dictionary(RLE(BitPack)))",GET,full_decode,3,61,80591.5,2895,2964,2964,3072,16384
12,"Patch(Dictionary(RLE(BitPack)))",GET,full_decode,4,61,80539.8,2895,2964,2964,3072,16384
12,"Patch(Dictionary(RLE(BitPack)))",GET,full_decode,5,61,80453.2,2895,2964,2964,3072,16384
12,"Patch(Dictionary(RLE(BitPack)))",GET,full_decode,6,61,80676.8,2895,2964,2964,3072,16384
12,"Patch(Dictionary(RLE(BitPack)))",GET,fused_decode,0,77,64766.6,2895,2964,2964,3072,16384
12,"Patch(Dictionary(RLE(BitPack)))",GET,fused_decode,1,77,64799.5,2895,2964,2964,3072,16384
12,"Patch(Dictionary(RLE(BitPack)))",GET,fused_decode,2,77,64277.9,2895,2964,2964,3072,16384
12,"Patch(Dictionary(RLE(BitPack)))",GET,fused_decode,3,77,64264.1,2895,2964,2964,3072,16384
12,"Patch(Dictionary(RLE(BitPack)))",GET,fused_decode,4,77,64427.5,2895,2964,2964,3072,16384
12,"Patch(Dictionary(RLE(BitPack)))",GET,fused_decode,5,77,64692.2,2895,2964,2964,3072,16384
12,"Patch(Dictionary(RLE(BitPack)))",GET,fused_decode,6,77,64704.5,2895,2964,2964,3072,16384
12,"Patch(Dictionary(RLE(BitPack)))",GET,interpreted_plan,0,1197,3967.1,961,1096,1096,3072,1
12,"Patch(Dictionary(RLE(BitPack)))",GET,interpreted_plan,1,1197,3963.9,961,1096,1096,3072,1
12,"Patch(Dictionary(RLE(BitPack)))",GET,interpreted_plan,2,1197,3969.5,961,1096,1096,3072,1
12,"Patch(Dictionary(RLE(BitPack)))",GET,interpreted_plan,3,1197,3973.9,961,1096,1096,3072,1
12,"Patch(Dictionary(RLE(BitPack)))",GET,interpreted_plan,4,1197,3955.7,961,1096,1096,3072,1
12,"Patch(Dictionary(RLE(BitPack)))",GET,interpreted_plan,5,1197,3952.4,961,1096,1096,3072,1
12,"Patch(Dictionary(RLE(BitPack)))",GET,interpreted_plan,6,1197,3955.4,961,1096,1096,3072,1
12,"Patch(Dictionary(RLE(BitPack)))",GET,generated_full_page_access,0,1410,3383.8,961,3072,3072,3072,1
12,"Patch(Dictionary(RLE(BitPack)))",GET,generated_full_page_access,1,1410,3401.4,961,3072,3072,3072,1
12,"Patch(Dictionary(RLE(BitPack)))",GET,generated_full_page_access,2,1410,3371.8,961,3072,3072,3072,1
12,"Patch(Dictionary(RLE(BitPack)))",GET,generated_full_page_access,3,1410,3353.1,961,3072,3072,3072,1
12,"Patch(Dictionary(RLE(BitPack)))",GET,generated_full_page_access,4,1410,3387.9,961,3072,3072,3072,1
12,"Patch(Dictionary(RLE(BitPack)))",GET,generated_full_page_access,5,1410,3370.4,961,3072,3072,3072,1
12,"Patch(Dictionary(RLE(BitPack)))",GET,generated_full_page_access,6,1410,3373.1,961,3072,3072,3072,1
12,"Patch(Dictionary(RLE(BitPack)))",GET,generated,0,1174,4004.3,961,1096,1096,3072,1
12,"Patch(Dictionary(RLE(BitPack)))",GET,generated,1,1174,4014.1,961,1096,1096,3072,1
12,"Patch(Dictionary(RLE(BitPack)))",GET,generated,2,1174,4012.0,961,1096,1096,3072,1
12,"Patch(Dictionary(RLE(BitPack)))",GET,generated,3,1174,4008.3,961,1096,1096,3072,1
12,"Patch(Dictionary(RLE(BitPack)))",GET,generated,4,1174,4001.0,961,1096,1096,3072,1
12,"Patch(Dictionary(RLE(BitPack)))",GET,generated,5,1174,4004.6,961,1096,1096,3072,1
12,"Patch(Dictionary(RLE(BitPack)))",GET,generated,6,1174,3997.2,961,1096,1096,3072,1
12,"Patch(Dictionary(RLE(BitPack)))",GET,handwritten_monomorphized,0,1220,3999.8,961,1096,1096,3072,1
12,"Patch(Dictionary(RLE(BitPack)))",GET,handwritten_monomorphized,1,1220,4005.7,961,1096,1096,3072,1
12,"Patch(Dictionary(RLE(BitPack)))",GET,handwritten_monomorphized,2,1220,4026.8,961,1096,1096,3072,1
12,"Patch(Dictionary(RLE(BitPack)))",GET,handwritten_monomorphized,3,1220,4016.4,961,1096,1096,3072,1
12,"Patch(Dictionary(RLE(BitPack)))",GET,handwritten_monomorphized,4,1220,4005.2,961,1096,1096,3072,1
12,"Patch(Dictionary(RLE(BitPack)))",GET,handwritten_monomorphized,5,1220,3981.8,961,1096,1096,3072,1
12,"Patch(Dictionary(RLE(BitPack)))",GET,handwritten_monomorphized,6,1220,4025.1,961,1096,1096,3072,1
12,"Patch(Dictionary(RLE(BitPack)))",SUM_1PCT,full_decode,0,58,80750.6,2895,2964,2964,3072,16384
12,"Patch(Dictionary(RLE(BitPack)))",SUM_1PCT,full_decode,1,58,80720.3,2895,2964,2964,3072,16384
12,"Patch(Dictionary(RLE(BitPack)))",SUM_1PCT,full_decode,2,58,80674.1,2895,2964,2964,3072,16384
12,"Patch(Dictionary(RLE(BitPack)))",SUM_1PCT,full_decode,3,58,80737.9,2895,2964,2964,3072,16384
12,"Patch(Dictionary(RLE(BitPack)))",SUM_1PCT,full_decode,4,58,80818.9,2895,2964,2964,3072,16384
12,"Patch(Dictionary(RLE(BitPack)))",SUM_1PCT,full_decode,5,58,81075.7,2895,2964,2964,3072,16384
12,"Patch(Dictionary(RLE(BitPack)))",SUM_1PCT,full_decode,6,58,80704.3,2895,2964,2964,3072,16384
12,"Patch(Dictionary(RLE(BitPack)))",SUM_1PCT,fused_decode,0,71,64614.6,2895,2964,2964,3072,16384
12,"Patch(Dictionary(RLE(BitPack)))",SUM_1PCT,fused_decode,1,71,64599.8,2895,2964,2964,3072,16384
12,"Patch(Dictionary(RLE(BitPack)))",SUM_1PCT,fused_decode,2,71,64448.7,2895,2964,2964,3072,16384
12,"Patch(Dictionary(RLE(BitPack)))",SUM_1PCT,fused_decode,3,71,64524.2,2895,2964,2964,3072,16384
12,"Patch(Dictionary(RLE(BitPack)))",SUM_1PCT,fused_decode,4,71,64420.7,2895,2964,2964,3072,16384
12,"Patch(Dictionary(RLE(BitPack)))",SUM_1PCT,fused_decode,5,71,64673.3,2895,2964,2964,3072,16384
12,"Patch(Dictionary(RLE(BitPack)))",SUM_1PCT,fused_decode,6,71,64648.3,2895,2964,2964,3072,16384
12,"Patch(Dictionary(RLE(BitPack)))",SUM_1PCT,interpreted_plan,0,20,247011.8,986,1096,1096,3072,163
12,"Patch(Dictionary(RLE(BitPack)))",SUM_1PCT,interpreted_plan,1,20,247247.6,986,1096,1096,3072,163
12,"Patch(Dictionary(RLE(BitPack)))",SUM_1PCT,interpreted_plan,2,20,247018.2,986,1096,1096,3072,163
12,"Patch(Dictionary(RLE(BitPack)))",SUM_1PCT,interpreted_plan,3,20,247050.8,986,1096,1096,3072,163
12,"Patch(Dictionary(RLE(BitPack)))",SUM_1PCT,interpreted_plan,4,20,248016.8,986,1096,1096,3072,163
12,"Patch(Dictionary(RLE(BitPack)))",SUM_1PCT,interpreted_plan,5,20,247438.4,986,1096,1096,3072,163
12,"Patch(Dictionary(RLE(BitPack)))",SUM_1PCT,interpreted_plan,6,20,247905.1,986,1096,1096,3072,163
12,"Patch(Dictionary(RLE(BitPack)))",SUM_1PCT,generated_full_page_access,0,1163,4043.2,986,3072,3072,3072,163
12,"Patch(Dictionary(RLE(BitPack)))",SUM_1PCT,generated_full_page_access,1,1163,3992.7,986,3072,3072,3072,163
12,"Patch(Dictionary(RLE(BitPack)))",SUM_1PCT,generated_full_page_access,2,1163,4004.6,986,3072,3072,3072,163
12,"Patch(Dictionary(RLE(BitPack)))",SUM_1PCT,generated_full_page_access,3,1163,4008.3,986,3072,3072,3072,163
12,"Patch(Dictionary(RLE(BitPack)))",SUM_1PCT,generated_full_page_access,4,1163,4004.4,986,3072,3072,3072,163
12,"Patch(Dictionary(RLE(BitPack)))",SUM_1PCT,generated_full_page_access,5,1163,4000.6,986,3072,3072,3072,163
12,"Patch(Dictionary(RLE(BitPack)))",SUM_1PCT,generated_full_page_access,6,1163,4012.1,986,3072,3072,3072,163
12,"Patch(Dictionary(RLE(BitPack)))",SUM_1PCT,generated,0,1042,4672.9,986,1096,1096,3072,163
12,"Patch(Dictionary(RLE(BitPack)))",SUM_1PCT,generated,1,1042,4674.2,986,1096,1096,3072,163
12,"Patch(Dictionary(RLE(BitPack)))",SUM_1PCT,generated,2,1042,4718.3,986,1096,1096,3072,163
12,"Patch(Dictionary(RLE(BitPack)))",SUM_1PCT,generated,3,1042,4732.9,986,1096,1096,3072,163
12,"Patch(Dictionary(RLE(BitPack)))",SUM_1PCT,generated,4,1042,4673.2,986,1096,1096,3072,163
12,"Patch(Dictionary(RLE(BitPack)))",SUM_1PCT,generated,5,1042,4696.9,986,1096,1096,3072,163
12,"Patch(Dictionary(RLE(BitPack)))",SUM_1PCT,generated,6,1042,4674.6,986,1096,1096,3072,163
12,"Patch(Dictionary(RLE(BitPack)))",SUM_1PCT,handwritten_monomorphized,0,1014,4707.5,986,1096,1096,3072,163
12,"Patch(Dictionary(RLE(BitPack)))",SUM_1PCT,handwritten_monomorphized,1,1014,4668.5,986,1096,1096,3072,163
12,"Patch(Dictionary(RLE(BitPack)))",SUM_1PCT,handwritten_monomorphized,2,1014,4698.9,986,1096,1096,3072,163
12,"Patch(Dictionary(RLE(BitPack)))",SUM_1PCT,handwritten_monomorphized,3,1014,4728.0,986,1096,1096,3072,163
12,"Patch(Dictionary(RLE(BitPack)))",SUM_1PCT,handwritten_monomorphized,4,1014,4716.4,986,1096,1096,3072,163
12,"Patch(Dictionary(RLE(BitPack)))",SUM_1PCT,handwritten_monomorphized,5,1014,4733.1,986,1096,1096,3072,163
12,"Patch(Dictionary(RLE(BitPack)))",SUM_1PCT,handwritten_monomorphized,6,1014,4715.8,986,1096,1096,3072,163
12,"Patch(Dictionary(RLE(BitPack)))",SUM_70PCT,full_decode,0,56,88634.1,2895,2964,2964,3072,16384
12,"Patch(Dictionary(RLE(BitPack)))",SUM_70PCT,full_decode,1,56,88328.1,2895,2964,2964,3072,16384
12,"Patch(Dictionary(RLE(BitPack)))",SUM_70PCT,full_decode,2,56,88340.4,2895,2964,2964,3072,16384
12,"Patch(Dictionary(RLE(BitPack)))",SUM_70PCT,full_decode,3,56,88200.4,2895,2964,2964,3072,16384
12,"Patch(Dictionary(RLE(BitPack)))",SUM_70PCT,full_decode,4,56,88290.4,2895,2964,2964,3072,16384
12,"Patch(Dictionary(RLE(BitPack)))",SUM_70PCT,full_decode,5,56,88375.9,2895,2964,2964,3072,16384
12,"Patch(Dictionary(RLE(BitPack)))",SUM_70PCT,full_decode,6,56,88324.0,2895,2964,2964,3072,16384
12,"Patch(Dictionary(RLE(BitPack)))",SUM_70PCT,fused_decode,0,75,65958.6,2895,2964,2964,3072,16384
12,"Patch(Dictionary(RLE(BitPack)))",SUM_70PCT,fused_decode,1,75,65837.9,2895,2964,2964,3072,16384
12,"Patch(Dictionary(RLE(BitPack)))",SUM_70PCT,fused_decode,2,75,65741.7,2895,2964,2964,3072,16384
12,"Patch(Dictionary(RLE(BitPack)))",SUM_70PCT,fused_decode,3,75,65854.4,2895,2964,2964,3072,16384
12,"Patch(Dictionary(RLE(BitPack)))",SUM_70PCT,fused_decode,4,75,65589.1,2895,2964,2964,3072,16384
12,"Patch(Dictionary(RLE(BitPack)))",SUM_70PCT,fused_decode,5,75,65859.4,2895,2964,2964,3072,16384
12,"Patch(Dictionary(RLE(BitPack)))",SUM_70PCT,fused_decode,6,75,65967.5,2895,2964,2964,3072,16384
12,"Patch(Dictionary(RLE(BitPack)))",SUM_70PCT,interpreted_plan,0,1,13118284.0,2524,2624,2624,3072,11703
12,"Patch(Dictionary(RLE(BitPack)))",SUM_70PCT,interpreted_plan,1,1,13105015.0,2524,2624,2624,3072,11703
12,"Patch(Dictionary(RLE(BitPack)))",SUM_70PCT,interpreted_plan,2,1,13080618.0,2524,2624,2624,3072,11703
12,"Patch(Dictionary(RLE(BitPack)))",SUM_70PCT,interpreted_plan,3,1,13075181.0,2524,2624,2624,3072,11703
12,"Patch(Dictionary(RLE(BitPack)))",SUM_70PCT,interpreted_plan,4,1,13092395.0,2524,2624,2624,3072,11703
12,"Patch(Dictionary(RLE(BitPack)))",SUM_70PCT,interpreted_plan,5,1,13064815.0,2524,2624,2624,3072,11703
12,"Patch(Dictionary(RLE(BitPack)))",SUM_70PCT,interpreted_plan,6,1,13128500.0,2524,2624,2624,3072,11703
12,"Patch(Dictionary(RLE(BitPack)))",SUM_70PCT,generated_full_page_access,0,107,45788.4,2448,3072,3072,3072,11703
12,"Patch(Dictionary(RLE(BitPack)))",SUM_70PCT,generated_full_page_access,1,107,46168.9,2448,3072,3072,3072,11703
12,"Patch(Dictionary(RLE(BitPack)))",SUM_70PCT,generated_full_page_access,2,107,45874.7,2448,3072,3072,3072,11703
12,"Patch(Dictionary(RLE(BitPack)))",SUM_70PCT,generated_full_page_access,3,107,45858.1,2448,3072,3072,3072,11703
12,"Patch(Dictionary(RLE(BitPack)))",SUM_70PCT,generated_full_page_access,4,107,45855.4,2448,3072,3072,3072,11703
12,"Patch(Dictionary(RLE(BitPack)))",SUM_70PCT,generated_full_page_access,5,107,45923.2,2448,3072,3072,3072,11703
12,"Patch(Dictionary(RLE(BitPack)))",SUM_70PCT,generated_full_page_access,6,107,45880.5,2448,3072,3072,3072,11703
12,"Patch(Dictionary(RLE(BitPack)))",SUM_70PCT,generated,0,99,50605.2,2448,2568,2568,3072,11703
12,"Patch(Dictionary(RLE(BitPack)))",SUM_70PCT,generated,1,99,50588.3,2448,2568,2568,3072,11703
12,"Patch(Dictionary(RLE(BitPack)))",SUM_70PCT,generated,2,99,50596.4,2448,2568,2568,3072,11703
12,"Patch(Dictionary(RLE(BitPack)))",SUM_70PCT,generated,3,99,50785.4,2448,2568,2568,3072,11703
12,"Patch(Dictionary(RLE(BitPack)))",SUM_70PCT,generated,4,99,50632.1,2448,2568,2568,3072,11703
12,"Patch(Dictionary(RLE(BitPack)))",SUM_70PCT,generated,5,99,50667.7,2448,2568,2568,3072,11703
12,"Patch(Dictionary(RLE(BitPack)))",SUM_70PCT,generated,6,99,50659.5,2448,2568,2568,3072,11703
12,"Patch(Dictionary(RLE(BitPack)))",SUM_70PCT,handwritten_monomorphized,0,87,51028.3,2448,2568,2568,3072,11703
12,"Patch(Dictionary(RLE(BitPack)))",SUM_70PCT,handwritten_monomorphized,1,87,50621.2,2448,2568,2568,3072,11703
12,"Patch(Dictionary(RLE(BitPack)))",SUM_70PCT,handwritten_monomorphized,2,87,50690.5,2448,2568,2568,3072,11703
12,"Patch(Dictionary(RLE(BitPack)))",SUM_70PCT,handwritten_monomorphized,3,87,50519.1,2448,2568,2568,3072,11703
12,"Patch(Dictionary(RLE(BitPack)))",SUM_70PCT,handwritten_monomorphized,4,87,50621.8,2448,2568,2568,3072,11703
12,"Patch(Dictionary(RLE(BitPack)))",SUM_70PCT,handwritten_monomorphized,5,87,50564.0,2448,2568,2568,3072,11703
12,"Patch(Dictionary(RLE(BitPack)))",SUM_70PCT,handwritten_monomorphized,6,87,51002.5,2448,2568,2568,3072,11703
12,"Patch(Dictionary(RLE(BitPack)))",BETWEEN_1PCT,full_decode,0,61,81505.3,2895,2964,2964,3072,16384
12,"Patch(Dictionary(RLE(BitPack)))",BETWEEN_1PCT,full_decode,1,61,81446.7,2895,2964,2964,3072,16384
12,"Patch(Dictionary(RLE(BitPack)))",BETWEEN_1PCT,full_decode,2,61,81407.0,2895,2964,2964,3072,16384
12,"Patch(Dictionary(RLE(BitPack)))",BETWEEN_1PCT,full_decode,3,61,81305.5,2895,2964,2964,3072,16384
12,"Patch(Dictionary(RLE(BitPack)))",BETWEEN_1PCT,full_decode,4,61,81694.1,2895,2964,2964,3072,16384
12,"Patch(Dictionary(RLE(BitPack)))",BETWEEN_1PCT,full_decode,5,61,81175.8,2895,2964,2964,3072,16384
12,"Patch(Dictionary(RLE(BitPack)))",BETWEEN_1PCT,full_decode,6,61,81554.5,2895,2964,2964,3072,16384
12,"Patch(Dictionary(RLE(BitPack)))",BETWEEN_1PCT,fused_decode,0,77,65245.3,2895,2964,2964,3072,16384
12,"Patch(Dictionary(RLE(BitPack)))",BETWEEN_1PCT,fused_decode,1,77,65411.0,2895,2964,2964,3072,16384
12,"Patch(Dictionary(RLE(BitPack)))",BETWEEN_1PCT,fused_decode,2,77,65266.1,2895,2964,2964,3072,16384
12,"Patch(Dictionary(RLE(BitPack)))",BETWEEN_1PCT,fused_decode,3,77,65267.1,2895,2964,2964,3072,16384
12,"Patch(Dictionary(RLE(BitPack)))",BETWEEN_1PCT,fused_decode,4,77,65164.0,2895,2964,2964,3072,16384
12,"Patch(Dictionary(RLE(BitPack)))",BETWEEN_1PCT,fused_decode,5,77,65364.1,2895,2964,2964,3072,16384
12,"Patch(Dictionary(RLE(BitPack)))",BETWEEN_1PCT,fused_decode,6,77,65249.6,2895,2964,2964,3072,16384
12,"Patch(Dictionary(RLE(BitPack)))",BETWEEN_1PCT,interpreted_plan,0,19,253056.2,986,1096,1096,3072,163
12,"Patch(Dictionary(RLE(BitPack)))",BETWEEN_1PCT,interpreted_plan,1,19,252964.5,986,1096,1096,3072,163
12,"Patch(Dictionary(RLE(BitPack)))",BETWEEN_1PCT,interpreted_plan,2,19,254370.3,986,1096,1096,3072,163
12,"Patch(Dictionary(RLE(BitPack)))",BETWEEN_1PCT,interpreted_plan,3,19,253955.5,986,1096,1096,3072,163
12,"Patch(Dictionary(RLE(BitPack)))",BETWEEN_1PCT,interpreted_plan,4,19,253940.2,986,1096,1096,3072,163
12,"Patch(Dictionary(RLE(BitPack)))",BETWEEN_1PCT,interpreted_plan,5,19,253236.5,986,1096,1096,3072,163
12,"Patch(Dictionary(RLE(BitPack)))",BETWEEN_1PCT,interpreted_plan,6,19,253463.2,986,1096,1096,3072,163
12,"Patch(Dictionary(RLE(BitPack)))",BETWEEN_1PCT,generated_full_page_access,0,1160,4030.6,986,3072,3072,3072,163
12,"Patch(Dictionary(RLE(BitPack)))",BETWEEN_1PCT,generated_full_page_access,1,1160,4327.7,986,3072,3072,3072,163
12,"Patch(Dictionary(RLE(BitPack)))",BETWEEN_1PCT,generated_full_page_access,2,1160,4035.6,986,3072,3072,3072,163
12,"Patch(Dictionary(RLE(BitPack)))",BETWEEN_1PCT,generated_full_page_access,3,1160,4015.8,986,3072,3072,3072,163
12,"Patch(Dictionary(RLE(BitPack)))",BETWEEN_1PCT,generated_full_page_access,4,1160,4017.5,986,3072,3072,3072,163
12,"Patch(Dictionary(RLE(BitPack)))",BETWEEN_1PCT,generated_full_page_access,5,1160,4010.5,986,3072,3072,3072,163
12,"Patch(Dictionary(RLE(BitPack)))",BETWEEN_1PCT,generated_full_page_access,6,1160,3999.4,986,3072,3072,3072,163
12,"Patch(Dictionary(RLE(BitPack)))",BETWEEN_1PCT,generated,0,1025,4672.1,986,1096,1096,3072,163
12,"Patch(Dictionary(RLE(BitPack)))",BETWEEN_1PCT,generated,1,1025,4664.4,986,1096,1096,3072,163
12,"Patch(Dictionary(RLE(BitPack)))",BETWEEN_1PCT,generated,2,1025,4696.9,986,1096,1096,3072,163
12,"Patch(Dictionary(RLE(BitPack)))",BETWEEN_1PCT,generated,3,1025,4732.9,986,1096,1096,3072,163
12,"Patch(Dictionary(RLE(BitPack)))",BETWEEN_1PCT,generated,4,1025,4704.9,986,1096,1096,3072,163
12,"Patch(Dictionary(RLE(BitPack)))",BETWEEN_1PCT,generated,5,1025,4703.5,986,1096,1096,3072,163
12,"Patch(Dictionary(RLE(BitPack)))",BETWEEN_1PCT,generated,6,1025,4700.8,986,1096,1096,3072,163
12,"Patch(Dictionary(RLE(BitPack)))",BETWEEN_1PCT,handwritten_monomorphized,0,940,4750.7,986,1096,1096,3072,163
12,"Patch(Dictionary(RLE(BitPack)))",BETWEEN_1PCT,handwritten_monomorphized,1,940,4754.6,986,1096,1096,3072,163
12,"Patch(Dictionary(RLE(BitPack)))",BETWEEN_1PCT,handwritten_monomorphized,2,940,4751.9,986,1096,1096,3072,163
12,"Patch(Dictionary(RLE(BitPack)))",BETWEEN_1PCT,handwritten_monomorphized,3,940,4764.7,986,1096,1096,3072,163
12,"Patch(Dictionary(RLE(BitPack)))",BETWEEN_1PCT,handwritten_monomorphized,4,940,4743.9,986,1096,1096,3072,163
12,"Patch(Dictionary(RLE(BitPack)))",BETWEEN_1PCT,handwritten_monomorphized,5,940,4800.0,986,1096,1096,3072,163
12,"Patch(Dictionary(RLE(BitPack)))",BETWEEN_1PCT,handwritten_monomorphized,6,940,4770.3,986,1096,1096,3072,163
12,"Patch(Dictionary(RLE(BitPack)))",BETWEEN_70PCT,full_decode,0,46,107904.3,2895,2964,2964,3072,16384
12,"Patch(Dictionary(RLE(BitPack)))",BETWEEN_70PCT,full_decode,1,46,107706.0,2895,2964,2964,3072,16384
12,"Patch(Dictionary(RLE(BitPack)))",BETWEEN_70PCT,full_decode,2,46,107733.5,2895,2964,2964,3072,16384
12,"Patch(Dictionary(RLE(BitPack)))",BETWEEN_70PCT,full_decode,3,46,107917.4,2895,2964,2964,3072,16384
12,"Patch(Dictionary(RLE(BitPack)))",BETWEEN_70PCT,full_decode,4,46,107890.2,2895,2964,2964,3072,16384
12,"Patch(Dictionary(RLE(BitPack)))",BETWEEN_70PCT,full_decode,5,46,107669.9,2895,2964,2964,3072,16384
12,"Patch(Dictionary(RLE(BitPack)))",BETWEEN_70PCT,full_decode,6,46,107865.4,2895,2964,2964,3072,16384
12,"Patch(Dictionary(RLE(BitPack)))",BETWEEN_70PCT,fused_decode,0,74,66637.7,2895,2964,2964,3072,16384
12,"Patch(Dictionary(RLE(BitPack)))",BETWEEN_70PCT,fused_decode,1,74,67038.3,2895,2964,2964,3072,16384
12,"Patch(Dictionary(RLE(BitPack)))",BETWEEN_70PCT,fused_decode,2,74,66639.2,2895,2964,2964,3072,16384
12,"Patch(Dictionary(RLE(BitPack)))",BETWEEN_70PCT,fused_decode,3,74,66528.2,2895,2964,2964,3072,16384
12,"Patch(Dictionary(RLE(BitPack)))",BETWEEN_70PCT,fused_decode,4,74,66713.4,2895,2964,2964,3072,16384
12,"Patch(Dictionary(RLE(BitPack)))",BETWEEN_70PCT,fused_decode,5,74,66568.0,2895,2964,2964,3072,16384
12,"Patch(Dictionary(RLE(BitPack)))",BETWEEN_70PCT,fused_decode,6,74,66601.6,2895,2964,2964,3072,16384
12,"Patch(Dictionary(RLE(BitPack)))",BETWEEN_70PCT,interpreted_plan,0,1,13418553.0,2524,2624,2624,3072,11703
12,"Patch(Dictionary(RLE(BitPack)))",BETWEEN_70PCT,interpreted_plan,1,1,13409159.0,2524,2624,2624,3072,11703
12,"Patch(Dictionary(RLE(BitPack)))",BETWEEN_70PCT,interpreted_plan,2,1,13375318.0,2524,2624,2624,3072,11703
12,"Patch(Dictionary(RLE(BitPack)))",BETWEEN_70PCT,interpreted_plan,3,1,13351062.0,2524,2624,2624,3072,11703
12,"Patch(Dictionary(RLE(BitPack)))",BETWEEN_70PCT,interpreted_plan,4,1,13346966.0,2524,2624,2624,3072,11703
12,"Patch(Dictionary(RLE(BitPack)))",BETWEEN_70PCT,interpreted_plan,5,1,13349650.0,2524,2624,2624,3072,11703
12,"Patch(Dictionary(RLE(BitPack)))",BETWEEN_70PCT,interpreted_plan,6,1,13374016.0,2524,2624,2624,3072,11703
12,"Patch(Dictionary(RLE(BitPack)))",BETWEEN_70PCT,generated_full_page_access,0,105,47174.0,2448,3072,3072,3072,11703
12,"Patch(Dictionary(RLE(BitPack)))",BETWEEN_70PCT,generated_full_page_access,1,105,47274.0,2448,3072,3072,3072,11703
12,"Patch(Dictionary(RLE(BitPack)))",BETWEEN_70PCT,generated_full_page_access,2,105,47156.1,2448,3072,3072,3072,11703
12,"Patch(Dictionary(RLE(BitPack)))",BETWEEN_70PCT,generated_full_page_access,3,105,47233.0,2448,3072,3072,3072,11703
12,"Patch(Dictionary(RLE(BitPack)))",BETWEEN_70PCT,generated_full_page_access,4,105,47163.6,2448,3072,3072,3072,11703
12,"Patch(Dictionary(RLE(BitPack)))",BETWEEN_70PCT,generated_full_page_access,5,105,47210.6,2448,3072,3072,3072,11703
12,"Patch(Dictionary(RLE(BitPack)))",BETWEEN_70PCT,generated_full_page_access,6,105,47159.0,2448,3072,3072,3072,11703
12,"Patch(Dictionary(RLE(BitPack)))",BETWEEN_70PCT,generated,0,98,51204.1,2448,2568,2568,3072,11703
12,"Patch(Dictionary(RLE(BitPack)))",BETWEEN_70PCT,generated,1,98,51239.2,2448,2568,2568,3072,11703
12,"Patch(Dictionary(RLE(BitPack)))",BETWEEN_70PCT,generated,2,98,51293.7,2448,2568,2568,3072,11703
12,"Patch(Dictionary(RLE(BitPack)))",BETWEEN_70PCT,generated,3,98,51375.8,2448,2568,2568,3072,11703
12,"Patch(Dictionary(RLE(BitPack)))",BETWEEN_70PCT,generated,4,98,51140.7,2448,2568,2568,3072,11703
12,"Patch(Dictionary(RLE(BitPack)))",BETWEEN_70PCT,generated,5,98,51151.1,2448,2568,2568,3072,11703
12,"Patch(Dictionary(RLE(BitPack)))",BETWEEN_70PCT,generated,6,98,51318.2,2448,2568,2568,3072,11703
12,"Patch(Dictionary(RLE(BitPack)))",BETWEEN_70PCT,handwritten_monomorphized,0,97,51474.8,2448,2568,2568,3072,11703
12,"Patch(Dictionary(RLE(BitPack)))",BETWEEN_70PCT,handwritten_monomorphized,1,97,51345.4,2448,2568,2568,3072,11703
12,"Patch(Dictionary(RLE(BitPack)))",BETWEEN_70PCT,handwritten_monomorphized,2,97,51536.9,2448,2568,2568,3072,11703
12,"Patch(Dictionary(RLE(BitPack)))",BETWEEN_70PCT,handwritten_monomorphized,3,97,51349.4,2448,2568,2568,3072,11703
12,"Patch(Dictionary(RLE(BitPack)))",BETWEEN_70PCT,handwritten_monomorphized,4,97,51325.3,2448,2568,2568,3072,11703
12,"Patch(Dictionary(RLE(BitPack)))",BETWEEN_70PCT,handwritten_monomorphized,5,97,51319.0,2448,2568,2568,3072,11703
12,"Patch(Dictionary(RLE(BitPack)))",BETWEEN_70PCT,handwritten_monomorphized,6,97,51553.5,2448,2568,2568,3072,11703
12,"Patch(Dictionary(RLE(BitPack)))",FILTER_POINT,full_decode,0,45,111068.3,2895,2964,2964,3072,16384
12,"Patch(Dictionary(RLE(BitPack)))",FILTER_POINT,full_decode,1,45,111164.2,2895,2964,2964,3072,16384
12,"Patch(Dictionary(RLE(BitPack)))",FILTER_POINT,full_decode,2,45,110961.0,2895,2964,2964,3072,16384
12,"Patch(Dictionary(RLE(BitPack)))",FILTER_POINT,full_decode,3,45,111197.1,2895,2964,2964,3072,16384
12,"Patch(Dictionary(RLE(BitPack)))",FILTER_POINT,full_decode,4,45,110892.7,2895,2964,2964,3072,16384
12,"Patch(Dictionary(RLE(BitPack)))",FILTER_POINT,full_decode,5,45,111006.8,2895,2964,2964,3072,16384
12,"Patch(Dictionary(RLE(BitPack)))",FILTER_POINT,full_decode,6,45,110877.5,2895,2964,2964,3072,16384
12,"Patch(Dictionary(RLE(BitPack)))",FILTER_POINT,fused_decode,0,75,66803.7,2895,2964,2964,3072,16384
12,"Patch(Dictionary(RLE(BitPack)))",FILTER_POINT,fused_decode,1,75,67037.0,2895,2964,2964,3072,16384
12,"Patch(Dictionary(RLE(BitPack)))",FILTER_POINT,fused_decode,2,75,66990.0,2895,2964,2964,3072,16384
12,"Patch(Dictionary(RLE(BitPack)))",FILTER_POINT,fused_decode,3,75,66969.2,2895,2964,2964,3072,16384
12,"Patch(Dictionary(RLE(BitPack)))",FILTER_POINT,fused_decode,4,75,66971.6,2895,2964,2964,3072,16384
12,"Patch(Dictionary(RLE(BitPack)))",FILTER_POINT,fused_decode,5,75,66536.9,2895,2964,2964,3072,16384
12,"Patch(Dictionary(RLE(BitPack)))",FILTER_POINT,fused_decode,6,75,67239.3,2895,2964,2964,3072,16384
12,"Patch(Dictionary(RLE(BitPack)))",FILTER_POINT,interpreted_plan,0,1,18181833.0,2991,3020,3020,3072,16384
12,"Patch(Dictionary(RLE(BitPack)))",FILTER_POINT,interpreted_plan,1,1,18196356.0,2991,3020,3020,3072,16384
12,"Patch(Dictionary(RLE(BitPack)))",FILTER_POINT,interpreted_plan,2,1,18216015.0,2991,3020,3020,3072,16384
12,"Patch(Dictionary(RLE(BitPack)))",FILTER_POINT,interpreted_plan,3,1,18243626.0,2991,3020,3020,3072,16384
12,"Patch(Dictionary(RLE(BitPack)))",FILTER_POINT,interpreted_plan,4,1,18189545.0,2991,3020,3020,3072,16384
12,"Patch(Dictionary(RLE(BitPack)))",FILTER_POINT,interpreted_plan,5,1,18184298.0,2991,3020,3020,3072,16384
12,"Patch(Dictionary(RLE(BitPack)))",FILTER_POINT,interpreted_plan,6,1,18181804.0,2991,3020,3020,3072,16384
12,"Patch(Dictionary(RLE(BitPack)))",FILTER_POINT,generated_full_page_access,0,78,63083.4,2895,3072,3072,3072,16384
12,"Patch(Dictionary(RLE(BitPack)))",FILTER_POINT,generated_full_page_access,1,78,63128.2,2895,3072,3072,3072,16384
12,"Patch(Dictionary(RLE(BitPack)))",FILTER_POINT,generated_full_page_access,2,78,62852.6,2895,3072,3072,3072,16384
12,"Patch(Dictionary(RLE(BitPack)))",FILTER_POINT,generated_full_page_access,3,78,62933.7,2895,3072,3072,3072,16384
12,"Patch(Dictionary(RLE(BitPack)))",FILTER_POINT,generated_full_page_access,4,78,62696.9,2895,3072,3072,3072,16384
12,"Patch(Dictionary(RLE(BitPack)))",FILTER_POINT,generated_full_page_access,5,78,63444.8,2895,3072,3072,3072,16384
12,"Patch(Dictionary(RLE(BitPack)))",FILTER_POINT,generated_full_page_access,6,78,62892.0,2895,3072,3072,3072,16384
12,"Patch(Dictionary(RLE(BitPack)))",FILTER_POINT,generated,0,76,67101.9,2895,2964,2964,3072,16384
12,"Patch(Dictionary(RLE(BitPack)))",FILTER_POINT,generated,1,76,67160.9,2895,2964,2964,3072,16384
12,"Patch(Dictionary(RLE(BitPack)))",FILTER_POINT,generated,2,76,67275.2,2895,2964,2964,3072,16384
12,"Patch(Dictionary(RLE(BitPack)))",FILTER_POINT,generated,3,76,67139.0,2895,2964,2964,3072,16384
12,"Patch(Dictionary(RLE(BitPack)))",FILTER_POINT,generated,4,76,67243.0,2895,2964,2964,3072,16384
12,"Patch(Dictionary(RLE(BitPack)))",FILTER_POINT,generated,5,76,67009.5,2895,2964,2964,3072,16384
12,"Patch(Dictionary(RLE(BitPack)))",FILTER_POINT,generated,6,76,67401.9,2895,2964,2964,3072,16384
12,"Patch(Dictionary(RLE(BitPack)))",FILTER_POINT,handwritten_monomorphized,0,73,67855.1,2895,2964,2964,3072,16384
12,"Patch(Dictionary(RLE(BitPack)))",FILTER_POINT,handwritten_monomorphized,1,73,67510.0,2895,2964,2964,3072,16384
12,"Patch(Dictionary(RLE(BitPack)))",FILTER_POINT,handwritten_monomorphized,2,73,67448.1,2895,2964,2964,3072,16384
12,"Patch(Dictionary(RLE(BitPack)))",FILTER_POINT,handwritten_monomorphized,3,73,67457.4,2895,2964,2964,3072,16384
12,"Patch(Dictionary(RLE(BitPack)))",FILTER_POINT,handwritten_monomorphized,4,73,68239.1,2895,2964,2964,3072,16384
12,"Patch(Dictionary(RLE(BitPack)))",FILTER_POINT,handwritten_monomorphized,5,73,67509.8,2895,2964,2964,3072,16384
12,"Patch(Dictionary(RLE(BitPack)))",FILTER_POINT,handwritten_monomorphized,6,73,67788.2,2895,2964,2964,3072,16384
12,"Patch(Dictionary(RLE(BitPack)))",FILTER_50PCT,full_decode,0,42,118521.0,2895,2964,2964,3072,16384
12,"Patch(Dictionary(RLE(BitPack)))",FILTER_50PCT,full_decode,1,42,118889.9,2895,2964,2964,3072,16384
12,"Patch(Dictionary(RLE(BitPack)))",FILTER_50PCT,full_decode,2,42,118351.5,2895,2964,2964,3072,16384
12,"Patch(Dictionary(RLE(BitPack)))",FILTER_50PCT,full_decode,3,42,118363.6,2895,2964,2964,3072,16384
12,"Patch(Dictionary(RLE(BitPack)))",FILTER_50PCT,full_decode,4,42,118713.9,2895,2964,2964,3072,16384
12,"Patch(Dictionary(RLE(BitPack)))",FILTER_50PCT,full_decode,5,42,118477.6,2895,2964,2964,3072,16384
12,"Patch(Dictionary(RLE(BitPack)))",FILTER_50PCT,full_decode,6,42,118550.1,2895,2964,2964,3072,16384
12,"Patch(Dictionary(RLE(BitPack)))",FILTER_50PCT,fused_decode,0,74,66359.9,2895,2964,2964,3072,16384
12,"Patch(Dictionary(RLE(BitPack)))",FILTER_50PCT,fused_decode,1,74,66652.6,2895,2964,2964,3072,16384
12,"Patch(Dictionary(RLE(BitPack)))",FILTER_50PCT,fused_decode,2,74,67032.9,2895,2964,2964,3072,16384
12,"Patch(Dictionary(RLE(BitPack)))",FILTER_50PCT,fused_decode,3,74,66656.9,2895,2964,2964,3072,16384
12,"Patch(Dictionary(RLE(BitPack)))",FILTER_50PCT,fused_decode,4,74,66531.2,2895,2964,2964,3072,16384
12,"Patch(Dictionary(RLE(BitPack)))",FILTER_50PCT,fused_decode,5,74,66089.2,2895,2964,2964,3072,16384
12,"Patch(Dictionary(RLE(BitPack)))",FILTER_50PCT,fused_decode,6,74,66056.6,2895,2964,2964,3072,16384
12,"Patch(Dictionary(RLE(BitPack)))",FILTER_50PCT,interpreted_plan,0,1,18236887.0,2991,3020,3020,3072,16384
12,"Patch(Dictionary(RLE(BitPack)))",FILTER_50PCT,interpreted_plan,1,1,18248864.0,2991,3020,3020,3072,16384
12,"Patch(Dictionary(RLE(BitPack)))",FILTER_50PCT,interpreted_plan,2,1,18427952.0,2991,3020,3020,3072,16384
12,"Patch(Dictionary(RLE(BitPack)))",FILTER_50PCT,interpreted_plan,3,1,18153882.0,2991,3020,3020,3072,16384
12,"Patch(Dictionary(RLE(BitPack)))",FILTER_50PCT,interpreted_plan,4,1,18196006.0,2991,3020,3020,3072,16384
12,"Patch(Dictionary(RLE(BitPack)))",FILTER_50PCT,interpreted_plan,5,1,18467691.0,2991,3020,3020,3072,16384
12,"Patch(Dictionary(RLE(BitPack)))",FILTER_50PCT,interpreted_plan,6,1,18124498.0,2991,3020,3020,3072,16384
12,"Patch(Dictionary(RLE(BitPack)))",FILTER_50PCT,generated_full_page_access,0,80,62277.1,2895,3072,3072,3072,16384
12,"Patch(Dictionary(RLE(BitPack)))",FILTER_50PCT,generated_full_page_access,1,80,62184.6,2895,3072,3072,3072,16384
12,"Patch(Dictionary(RLE(BitPack)))",FILTER_50PCT,generated_full_page_access,2,80,62177.7,2895,3072,3072,3072,16384
12,"Patch(Dictionary(RLE(BitPack)))",FILTER_50PCT,generated_full_page_access,3,80,62490.4,2895,3072,3072,3072,16384
12,"Patch(Dictionary(RLE(BitPack)))",FILTER_50PCT,generated_full_page_access,4,80,61743.1,2895,3072,3072,3072,16384
12,"Patch(Dictionary(RLE(BitPack)))",FILTER_50PCT,generated_full_page_access,5,80,61988.8,2895,3072,3072,3072,16384
12,"Patch(Dictionary(RLE(BitPack)))",FILTER_50PCT,generated_full_page_access,6,80,61947.3,2895,3072,3072,3072,16384
12,"Patch(Dictionary(RLE(BitPack)))",FILTER_50PCT,generated,0,75,66190.4,2895,2964,2964,3072,16384
12,"Patch(Dictionary(RLE(BitPack)))",FILTER_50PCT,generated,1,75,66160.5,2895,2964,2964,3072,16384
12,"Patch(Dictionary(RLE(BitPack)))",FILTER_50PCT,generated,2,75,66350.3,2895,2964,2964,3072,16384
12,"Patch(Dictionary(RLE(BitPack)))",FILTER_50PCT,generated,3,75,66016.6,2895,2964,2964,3072,16384
12,"Patch(Dictionary(RLE(BitPack)))",FILTER_50PCT,generated,4,75,66230.9,2895,2964,2964,3072,16384
12,"Patch(Dictionary(RLE(BitPack)))",FILTER_50PCT,generated,5,75,66129.5,2895,2964,2964,3072,16384
12,"Patch(Dictionary(RLE(BitPack)))",FILTER_50PCT,generated,6,75,66062.6,2895,2964,2964,3072,16384
12,"Patch(Dictionary(RLE(BitPack)))",FILTER_50PCT,handwritten_monomorphized,0,68,66588.7,2895,2964,2964,3072,16384
12,"Patch(Dictionary(RLE(BitPack)))",FILTER_50PCT,handwritten_monomorphized,1,68,66902.8,2895,2964,2964,3072,16384
12,"Patch(Dictionary(RLE(BitPack)))",FILTER_50PCT,handwritten_monomorphized,2,68,66752.0,2895,2964,2964,3072,16384
12,"Patch(Dictionary(RLE(BitPack)))",FILTER_50PCT,handwritten_monomorphized,3,68,67015.6,2895,2964,2964,3072,16384
12,"Patch(Dictionary(RLE(BitPack)))",FILTER_50PCT,handwritten_monomorphized,4,68,66841.5,2895,2964,2964,3072,16384
12,"Patch(Dictionary(RLE(BitPack)))",FILTER_50PCT,handwritten_monomorphized,5,68,67010.0,2895,2964,2964,3072,16384
12,"Patch(Dictionary(RLE(BitPack)))",FILTER_50PCT,handwritten_monomorphized,6,68,67004.9,2895,2964,2964,3072,16384
13,"Nullable(Dictionary(BitPack))",GET,full_decode,0,3,1267545.7,6387,6464,6464,6688,16384
13,"Nullable(Dictionary(BitPack))",GET,full_decode,1,3,1269315.0,6387,6464,6464,6688,16384
13,"Nullable(Dictionary(BitPack))",GET,full_decode,2,3,1269228.3,6387,6464,6464,6688,16384
13,"Nullable(Dictionary(BitPack))",GET,full_decode,3,3,1267482.3,6387,6464,6464,6688,16384
13,"Nullable(Dictionary(BitPack))",GET,full_decode,4,3,1270703.7,6387,6464,6464,6688,16384
13,"Nullable(Dictionary(BitPack))",GET,full_decode,5,3,1268083.0,6387,6464,6464,6688,16384
13,"Nullable(Dictionary(BitPack))",GET,full_decode,6,3,1267075.0,6387,6464,6464,6688,16384
13,"Nullable(Dictionary(BitPack))",GET,fused_decode,0,3,1267041.3,6387,6464,6464,6688,16384
13,"Nullable(Dictionary(BitPack))",GET,fused_decode,1,3,1269718.7,6387,6464,6464,6688,16384
13,"Nullable(Dictionary(BitPack))",GET,fused_decode,2,3,1266003.7,6387,6464,6464,6688,16384
13,"Nullable(Dictionary(BitPack))",GET,fused_decode,3,3,1269077.7,6387,6464,6464,6688,16384
13,"Nullable(Dictionary(BitPack))",GET,fused_decode,4,3,1263750.0,6387,6464,6464,6688,16384
13,"Nullable(Dictionary(BitPack))",GET,fused_decode,5,3,1264855.0,6387,6464,6464,6688,16384
13,"Nullable(Dictionary(BitPack))",GET,fused_decode,6,3,1265836.3,6387,6464,6464,6688,16384
13,"Nullable(Dictionary(BitPack))",GET,interpreted_plan,0,5945,809.6,462,608,608,6688,1
13,"Nullable(Dictionary(BitPack))",GET,interpreted_plan,1,5945,814.0,462,608,608,6688,1
13,"Nullable(Dictionary(BitPack))",GET,interpreted_plan,2,5945,811.2,462,608,608,6688,1
13,"Nullable(Dictionary(BitPack))",GET,interpreted_plan,3,5945,811.9,462,608,608,6688,1
13,"Nullable(Dictionary(BitPack))",GET,interpreted_plan,4,5945,810.9,462,608,608,6688,1
13,"Nullable(Dictionary(BitPack))",GET,interpreted_plan,5,5945,805.7,462,608,608,6688,1
13,"Nullable(Dictionary(BitPack))",GET,interpreted_plan,6,5945,807.3,462,608,608,6688,1
13,"Nullable(Dictionary(BitPack))",GET,generated_full_page_access,0,6839,440.1,462,6688,6688,6688,1
13,"Nullable(Dictionary(BitPack))",GET,generated_full_page_access,1,6839,441.3,462,6688,6688,6688,1
13,"Nullable(Dictionary(BitPack))",GET,generated_full_page_access,2,6839,441.8,462,6688,6688,6688,1
13,"Nullable(Dictionary(BitPack))",GET,generated_full_page_access,3,6839,441.1,462,6688,6688,6688,1
13,"Nullable(Dictionary(BitPack))",GET,generated_full_page_access,4,6839,442.3,462,6688,6688,6688,1
13,"Nullable(Dictionary(BitPack))",GET,generated_full_page_access,5,6839,442.3,462,6688,6688,6688,1
13,"Nullable(Dictionary(BitPack))",GET,generated_full_page_access,6,6839,440.7,462,6688,6688,6688,1
13,"Nullable(Dictionary(BitPack))",GET,generated,0,6090,790.6,462,608,608,6688,1
13,"Nullable(Dictionary(BitPack))",GET,generated,1,6090,784.8,462,608,608,6688,1
13,"Nullable(Dictionary(BitPack))",GET,generated,2,6090,791.5,462,608,608,6688,1
13,"Nullable(Dictionary(BitPack))",GET,generated,3,6090,791.3,462,608,608,6688,1
13,"Nullable(Dictionary(BitPack))",GET,generated,4,6090,787.0,462,608,608,6688,1
13,"Nullable(Dictionary(BitPack))",GET,generated,5,6090,790.2,462,608,608,6688,1
13,"Nullable(Dictionary(BitPack))",GET,generated,6,6090,788.2,462,608,608,6688,1
13,"Nullable(Dictionary(BitPack))",GET,handwritten_monomorphized,0,5875,798.3,462,608,608,6688,1
13,"Nullable(Dictionary(BitPack))",GET,handwritten_monomorphized,1,5875,797.7,462,608,608,6688,1
13,"Nullable(Dictionary(BitPack))",GET,handwritten_monomorphized,2,5875,802.6,462,608,608,6688,1
13,"Nullable(Dictionary(BitPack))",GET,handwritten_monomorphized,3,5875,801.5,462,608,608,6688,1
13,"Nullable(Dictionary(BitPack))",GET,handwritten_monomorphized,4,5875,801.7,462,608,608,6688,1
13,"Nullable(Dictionary(BitPack))",GET,handwritten_monomorphized,5,5875,802.0,462,608,608,6688,1
13,"Nullable(Dictionary(BitPack))",GET,handwritten_monomorphized,6,5875,804.0,462,608,608,6688,1
13,"Nullable(Dictionary(BitPack))",SUM_1PCT,full_decode,0,3,1266397.3,6387,6464,6464,6688,16384
13,"Nullable(Dictionary(BitPack))",SUM_1PCT,full_decode,1,3,1270613.7,6387,6464,6464,6688,16384
13,"Nullable(Dictionary(BitPack))",SUM_1PCT,full_decode,2,3,1266524.3,6387,6464,6464,6688,16384
13,"Nullable(Dictionary(BitPack))",SUM_1PCT,full_decode,3,3,1268290.0,6387,6464,6464,6688,16384
13,"Nullable(Dictionary(BitPack))",SUM_1PCT,full_decode,4,3,1269879.3,6387,6464,6464,6688,16384
13,"Nullable(Dictionary(BitPack))",SUM_1PCT,full_decode,5,3,1269044.7,6387,6464,6464,6688,16384
13,"Nullable(Dictionary(BitPack))",SUM_1PCT,full_decode,6,3,1271882.0,6387,6464,6464,6688,16384
13,"Nullable(Dictionary(BitPack))",SUM_1PCT,fused_decode,0,3,1260825.7,6387,6464,6464,6688,16384
13,"Nullable(Dictionary(BitPack))",SUM_1PCT,fused_decode,1,3,1260144.7,6387,6464,6464,6688,16384
13,"Nullable(Dictionary(BitPack))",SUM_1PCT,fused_decode,2,3,1262621.7,6387,6464,6464,6688,16384
13,"Nullable(Dictionary(BitPack))",SUM_1PCT,fused_decode,3,3,1262641.7,6387,6464,6464,6688,16384
13,"Nullable(Dictionary(BitPack))",SUM_1PCT,fused_decode,4,3,1263009.0,6387,6464,6464,6688,16384
13,"Nullable(Dictionary(BitPack))",SUM_1PCT,fused_decode,5,3,1261016.0,6387,6464,6464,6688,16384
13,"Nullable(Dictionary(BitPack))",SUM_1PCT,fused_decode,6,3,1263185.7,6387,6464,6464,6688,16384
13,"Nullable(Dictionary(BitPack))",SUM_1PCT,interpreted_plan,0,51,96065.2,570,736,736,6688,163
13,"Nullable(Dictionary(BitPack))",SUM_1PCT,interpreted_plan,1,51,95957.0,570,736,736,6688,163
13,"Nullable(Dictionary(BitPack))",SUM_1PCT,interpreted_plan,2,51,95913.8,570,736,736,6688,163
13,"Nullable(Dictionary(BitPack))",SUM_1PCT,interpreted_plan,3,51,95893.9,570,736,736,6688,163
13,"Nullable(Dictionary(BitPack))",SUM_1PCT,interpreted_plan,4,51,95953.6,570,736,736,6688,163
13,"Nullable(Dictionary(BitPack))",SUM_1PCT,interpreted_plan,5,51,95834.1,570,736,736,6688,163
13,"Nullable(Dictionary(BitPack))",SUM_1PCT,interpreted_plan,6,51,95954.2,570,736,736,6688,163
13,"Nullable(Dictionary(BitPack))",SUM_1PCT,generated_full_page_access,0,365,13702.1,566,6688,6688,6688,163
13,"Nullable(Dictionary(BitPack))",SUM_1PCT,generated_full_page_access,1,365,13688.1,566,6688,6688,6688,163
13,"Nullable(Dictionary(BitPack))",SUM_1PCT,generated_full_page_access,2,365,13688.6,566,6688,6688,6688,163
13,"Nullable(Dictionary(BitPack))",SUM_1PCT,generated_full_page_access,3,365,13661.9,566,6688,6688,6688,163
13,"Nullable(Dictionary(BitPack))",SUM_1PCT,generated_full_page_access,4,365,13685.5,566,6688,6688,6688,163
13,"Nullable(Dictionary(BitPack))",SUM_1PCT,generated_full_page_access,5,365,13647.0,566,6688,6688,6688,163
13,"Nullable(Dictionary(BitPack))",SUM_1PCT,generated_full_page_access,6,365,13676.9,566,6688,6688,6688,163
13,"Nullable(Dictionary(BitPack))",SUM_1PCT,generated,0,334,15012.2,566,672,672,6688,163
13,"Nullable(Dictionary(BitPack))",SUM_1PCT,generated,1,334,15036.4,566,672,672,6688,163
13,"Nullable(Dictionary(BitPack))",SUM_1PCT,generated,2,334,14968.6,566,672,672,6688,163
13,"Nullable(Dictionary(BitPack))",SUM_1PCT,generated,3,334,15038.4,566,672,672,6688,163
13,"Nullable(Dictionary(BitPack))",SUM_1PCT,generated,4,334,15078.4,566,672,672,6688,163
13,"Nullable(Dictionary(BitPack))",SUM_1PCT,generated,5,334,15061.9,566,672,672,6688,163
13,"Nullable(Dictionary(BitPack))",SUM_1PCT,generated,6,334,15034.4,566,672,672,6688,163
13,"Nullable(Dictionary(BitPack))",SUM_1PCT,handwritten_monomorphized,0,245,20187.2,566,672,672,6688,163
13,"Nullable(Dictionary(BitPack))",SUM_1PCT,handwritten_monomorphized,1,245,20157.9,566,672,672,6688,163
13,"Nullable(Dictionary(BitPack))",SUM_1PCT,handwritten_monomorphized,2,245,20187.4,566,672,672,6688,163
13,"Nullable(Dictionary(BitPack))",SUM_1PCT,handwritten_monomorphized,3,245,20176.7,566,672,672,6688,163
13,"Nullable(Dictionary(BitPack))",SUM_1PCT,handwritten_monomorphized,4,245,20119.0,566,672,672,6688,163
13,"Nullable(Dictionary(BitPack))",SUM_1PCT,handwritten_monomorphized,5,245,20089.7,566,672,672,6688,163
13,"Nullable(Dictionary(BitPack))",SUM_1PCT,handwritten_monomorphized,6,245,20093.6,566,672,672,6688,163
13,"Nullable(Dictionary(BitPack))",SUM_70PCT,full_decode,0,3,1276435.7,6387,6464,6464,6688,16384
13,"Nullable(Dictionary(BitPack))",SUM_70PCT,full_decode,1,3,1278084.7,6387,6464,6464,6688,16384
13,"Nullable(Dictionary(BitPack))",SUM_70PCT,full_decode,2,3,1277343.7,6387,6464,6464,6688,16384
13,"Nullable(Dictionary(BitPack))",SUM_70PCT,full_decode,3,3,1276669.3,6387,6464,6464,6688,16384
13,"Nullable(Dictionary(BitPack))",SUM_70PCT,full_decode,4,3,1277854.3,6387,6464,6464,6688,16384
13,"Nullable(Dictionary(BitPack))",SUM_70PCT,full_decode,5,3,1274926.7,6387,6464,6464,6688,16384
13,"Nullable(Dictionary(BitPack))",SUM_70PCT,full_decode,6,3,1275254.0,6387,6464,6464,6688,16384
13,"Nullable(Dictionary(BitPack))",SUM_70PCT,fused_decode,0,3,1267626.0,6387,6464,6464,6688,16384
13,"Nullable(Dictionary(BitPack))",SUM_70PCT,fused_decode,1,3,1268587.3,6387,6464,6464,6688,16384
13,"Nullable(Dictionary(BitPack))",SUM_70PCT,fused_decode,2,3,1266106.7,6387,6464,6464,6688,16384
13,"Nullable(Dictionary(BitPack))",SUM_70PCT,fused_decode,3,3,1265112.0,6387,6464,6464,6688,16384
13,"Nullable(Dictionary(BitPack))",SUM_70PCT,fused_decode,4,3,1268030.0,6387,6464,6464,6688,16384
13,"Nullable(Dictionary(BitPack))",SUM_70PCT,fused_decode,5,3,1266570.7,6387,6464,6464,6688,16384
13,"Nullable(Dictionary(BitPack))",SUM_70PCT,fused_decode,6,3,1266043.7,6387,6464,6464,6688,16384
13,"Nullable(Dictionary(BitPack))",SUM_70PCT,interpreted_plan,0,1,6658991.0,4886,4992,4992,6688,11703
13,"Nullable(Dictionary(BitPack))",SUM_70PCT,interpreted_plan,1,1,6732532.0,4886,4992,4992,6688,11703
13,"Nullable(Dictionary(BitPack))",SUM_70PCT,interpreted_plan,2,1,6649547.0,4886,4992,4992,6688,11703
13,"Nullable(Dictionary(BitPack))",SUM_70PCT,interpreted_plan,3,1,6730388.0,4886,4992,4992,6688,11703
13,"Nullable(Dictionary(BitPack))",SUM_70PCT,interpreted_plan,4,1,6654915.0,4886,4992,4992,6688,11703
13,"Nullable(Dictionary(BitPack))",SUM_70PCT,interpreted_plan,5,1,6738270.0,4886,4992,4992,6688,11703
13,"Nullable(Dictionary(BitPack))",SUM_70PCT,interpreted_plan,6,1,6653343.0,4886,4992,4992,6688,11703
13,"Nullable(Dictionary(BitPack))",SUM_70PCT,generated_full_page_access,0,5,852843.4,4706,6688,6688,6688,11703
13,"Nullable(Dictionary(BitPack))",SUM_70PCT,generated_full_page_access,1,5,848847.2,4706,6688,6688,6688,11703
13,"Nullable(Dictionary(BitPack))",SUM_70PCT,generated_full_page_access,2,5,849189.8,4706,6688,6688,6688,11703
13,"Nullable(Dictionary(BitPack))",SUM_70PCT,generated_full_page_access,3,5,846367.6,4706,6688,6688,6688,11703
13,"Nullable(Dictionary(BitPack))",SUM_70PCT,generated_full_page_access,4,5,847725.6,4706,6688,6688,6688,11703
13,"Nullable(Dictionary(BitPack))",SUM_70PCT,generated_full_page_access,5,5,846067.0,4706,6688,6688,6688,11703
13,"Nullable(Dictionary(BitPack))",SUM_70PCT,generated_full_page_access,6,5,849890.8,4706,6688,6688,6688,11703
13,"Nullable(Dictionary(BitPack))",SUM_70PCT,generated,0,5,906058.6,4706,4800,4800,6688,11703
13,"Nullable(Dictionary(BitPack))",SUM_70PCT,generated,1,5,907428.8,4706,4800,4800,6688,11703
13,"Nullable(Dictionary(BitPack))",SUM_70PCT,generated,2,5,904822.8,4706,4800,4800,6688,11703
13,"Nullable(Dictionary(BitPack))",SUM_70PCT,generated,3,5,906699.8,4706,4800,4800,6688,11703
13,"Nullable(Dictionary(BitPack))",SUM_70PCT,generated,4,5,906835.8,4706,4800,4800,6688,11703
13,"Nullable(Dictionary(BitPack))",SUM_70PCT,generated,5,5,906701.6,4706,4800,4800,6688,11703
13,"Nullable(Dictionary(BitPack))",SUM_70PCT,generated,6,5,906908.0,4706,4800,4800,6688,11703
13,"Nullable(Dictionary(BitPack))",SUM_70PCT,handwritten_monomorphized,0,3,1276502.3,4706,4800,4800,6688,11703
13,"Nullable(Dictionary(BitPack))",SUM_70PCT,handwritten_monomorphized,1,3,1279961.0,4706,4800,4800,6688,11703
13,"Nullable(Dictionary(BitPack))",SUM_70PCT,handwritten_monomorphized,2,3,1278221.7,4706,4800,4800,6688,11703
13,"Nullable(Dictionary(BitPack))",SUM_70PCT,handwritten_monomorphized,3,3,1275193.7,4706,4800,4800,6688,11703
13,"Nullable(Dictionary(BitPack))",SUM_70PCT,handwritten_monomorphized,4,3,1277130.0,4706,4800,4800,6688,11703
13,"Nullable(Dictionary(BitPack))",SUM_70PCT,handwritten_monomorphized,5,3,1277871.0,4706,4800,4800,6688,11703
13,"Nullable(Dictionary(BitPack))",SUM_70PCT,handwritten_monomorphized,6,3,1276108.7,4706,4800,4800,6688,11703
13,"Nullable(Dictionary(BitPack))",BETWEEN_1PCT,full_decode,0,3,1266210.3,6387,6464,6464,6688,16384
13,"Nullable(Dictionary(BitPack))",BETWEEN_1PCT,full_decode,1,3,1265195.7,6387,6464,6464,6688,16384
13,"Nullable(Dictionary(BitPack))",BETWEEN_1PCT,full_decode,2,3,1270009.3,6387,6464,6464,6688,16384
13,"Nullable(Dictionary(BitPack))",BETWEEN_1PCT,full_decode,3,3,1268697.3,6387,6464,6464,6688,16384
13,"Nullable(Dictionary(BitPack))",BETWEEN_1PCT,full_decode,4,3,1270213.0,6387,6464,6464,6688,16384
13,"Nullable(Dictionary(BitPack))",BETWEEN_1PCT,full_decode,5,3,1270423.0,6387,6464,6464,6688,16384
13,"Nullable(Dictionary(BitPack))",BETWEEN_1PCT,full_decode,6,3,1267435.7,6387,6464,6464,6688,16384
13,"Nullable(Dictionary(BitPack))",BETWEEN_1PCT,fused_decode,0,3,1269572.0,6387,6464,6464,6688,16384
13,"Nullable(Dictionary(BitPack))",BETWEEN_1PCT,fused_decode,1,3,1270753.7,6387,6464,6464,6688,16384
13,"Nullable(Dictionary(BitPack))",BETWEEN_1PCT,fused_decode,2,3,1273511.3,6387,6464,6464,6688,16384
13,"Nullable(Dictionary(BitPack))",BETWEEN_1PCT,fused_decode,3,3,1267963.0,6387,6464,6464,6688,16384
13,"Nullable(Dictionary(BitPack))",BETWEEN_1PCT,fused_decode,4,3,1269832.7,6387,6464,6464,6688,16384
13,"Nullable(Dictionary(BitPack))",BETWEEN_1PCT,fused_decode,5,3,1271508.0,6387,6464,6464,6688,16384
13,"Nullable(Dictionary(BitPack))",BETWEEN_1PCT,fused_decode,6,3,1273174.3,6387,6464,6464,6688,16384
13,"Nullable(Dictionary(BitPack))",BETWEEN_1PCT,interpreted_plan,0,51,98875.3,570,736,736,6688,163
13,"Nullable(Dictionary(BitPack))",BETWEEN_1PCT,interpreted_plan,1,51,100199.0,570,736,736,6688,163
13,"Nullable(Dictionary(BitPack))",BETWEEN_1PCT,interpreted_plan,2,51,98740.2,570,736,736,6688,163
13,"Nullable(Dictionary(BitPack))",BETWEEN_1PCT,interpreted_plan,3,51,98938.1,570,736,736,6688,163
13,"Nullable(Dictionary(BitPack))",BETWEEN_1PCT,interpreted_plan,4,51,99060.8,570,736,736,6688,163
13,"Nullable(Dictionary(BitPack))",BETWEEN_1PCT,interpreted_plan,5,51,98896.7,570,736,736,6688,163
13,"Nullable(Dictionary(BitPack))",BETWEEN_1PCT,interpreted_plan,6,51,98695.2,570,736,736,6688,163
13,"Nullable(Dictionary(BitPack))",BETWEEN_1PCT,generated_full_page_access,0,344,14148.2,566,6688,6688,6688,163
13,"Nullable(Dictionary(BitPack))",BETWEEN_1PCT,generated_full_page_access,1,344,14152.5,566,6688,6688,6688,163
13,"Nullable(Dictionary(BitPack))",BETWEEN_1PCT,generated_full_page_access,2,344,14105.7,566,6688,6688,6688,163
13,"Nullable(Dictionary(BitPack))",BETWEEN_1PCT,generated_full_page_access,3,344,14085.7,566,6688,6688,6688,163
13,"Nullable(Dictionary(BitPack))",BETWEEN_1PCT,generated_full_page_access,4,344,14117.4,566,6688,6688,6688,163
13,"Nullable(Dictionary(BitPack))",BETWEEN_1PCT,generated_full_page_access,5,344,14105.0,566,6688,6688,6688,163
13,"Nullable(Dictionary(BitPack))",BETWEEN_1PCT,generated_full_page_access,6,344,14129.6,566,6688,6688,6688,163
13,"Nullable(Dictionary(BitPack))",BETWEEN_1PCT,generated,0,319,15416.4,566,672,672,6688,163
13,"Nullable(Dictionary(BitPack))",BETWEEN_1PCT,generated,1,319,15426.1,566,672,672,6688,163
13,"Nullable(Dictionary(BitPack))",BETWEEN_1PCT,generated,2,319,15396.2,566,672,672,6688,163
13,"Nullable(Dictionary(BitPack))",BETWEEN_1PCT,generated,3,319,15484.9,566,672,672,6688,163
13,"Nullable(Dictionary(BitPack))",BETWEEN_1PCT,generated,4,319,15416.7,566,672,672,6688,163
13,"Nullable(Dictionary(BitPack))",BETWEEN_1PCT,generated,5,319,15466.6,566,672,672,6688,163
13,"Nullable(Dictionary(BitPack))",BETWEEN_1PCT,generated,6,319,15459.3,566,672,672,6688,163
13,"Nullable(Dictionary(BitPack))",BETWEEN_1PCT,handwritten_monomorphized,0,238,20704.9,566,672,672,6688,163
13,"Nullable(Dictionary(BitPack))",BETWEEN_1PCT,handwritten_monomorphized,1,238,20654.6,566,672,672,6688,163
13,"Nullable(Dictionary(BitPack))",BETWEEN_1PCT,handwritten_monomorphized,2,238,20699.8,566,672,672,6688,163
13,"Nullable(Dictionary(BitPack))",BETWEEN_1PCT,handwritten_monomorphized,3,238,20688.5,566,672,672,6688,163
13,"Nullable(Dictionary(BitPack))",BETWEEN_1PCT,handwritten_monomorphized,4,238,20697.7,566,672,672,6688,163
13,"Nullable(Dictionary(BitPack))",BETWEEN_1PCT,handwritten_monomorphized,5,238,20707.0,566,672,672,6688,163
13,"Nullable(Dictionary(BitPack))",BETWEEN_1PCT,handwritten_monomorphized,6,238,20705.2,566,672,672,6688,163
13,"Nullable(Dictionary(BitPack))",BETWEEN_70PCT,full_decode,0,3,1300027.3,6387,6464,6464,6688,16384
13,"Nullable(Dictionary(BitPack))",BETWEEN_70PCT,full_decode,1,3,1299353.3,6387,6464,6464,6688,16384
13,"Nullable(Dictionary(BitPack))",BETWEEN_70PCT,full_decode,2,3,1300358.0,6387,6464,6464,6688,16384
13,"Nullable(Dictionary(BitPack))",BETWEEN_70PCT,full_decode,3,3,1299026.0,6387,6464,6464,6688,16384
13,"Nullable(Dictionary(BitPack))",BETWEEN_70PCT,full_decode,4,3,1302518.0,6387,6464,6464,6688,16384
13,"Nullable(Dictionary(BitPack))",BETWEEN_70PCT,full_decode,5,3,1298124.7,6387,6464,6464,6688,16384
13,"Nullable(Dictionary(BitPack))",BETWEEN_70PCT,full_decode,6,3,1296215.0,6387,6464,6464,6688,16384
13,"Nullable(Dictionary(BitPack))",BETWEEN_70PCT,fused_decode,0,3,1289385.0,6387,6464,6464,6688,16384
13,"Nullable(Dictionary(BitPack))",BETWEEN_70PCT,fused_decode,1,3,1290283.0,6387,6464,6464,6688,16384
13,"Nullable(Dictionary(BitPack))",BETWEEN_70PCT,fused_decode,2,3,1289802.3,6387,6464,6464,6688,16384
13,"Nullable(Dictionary(BitPack))",BETWEEN_70PCT,fused_decode,3,3,1288617.0,6387,6464,6464,6688,16384
13,"Nullable(Dictionary(BitPack))",BETWEEN_70PCT,fused_decode,4,3,1290106.0,6387,6464,6464,6688,16384
13,"Nullable(Dictionary(BitPack))",BETWEEN_70PCT,fused_decode,5,3,1292055.7,6387,6464,6464,6688,16384
13,"Nullable(Dictionary(BitPack))",BETWEEN_70PCT,fused_decode,6,3,1289108.0,6387,6464,6464,6688,16384
13,"Nullable(Dictionary(BitPack))",BETWEEN_70PCT,interpreted_plan,0,1,6873061.0,4886,4992,4992,6688,11703
13,"Nullable(Dictionary(BitPack))",BETWEEN_70PCT,interpreted_plan,1,1,6908244.0,4886,4992,4992,6688,11703
13,"Nullable(Dictionary(BitPack))",BETWEEN_70PCT,interpreted_plan,2,1,6869325.0,4886,4992,4992,6688,11703
13,"Nullable(Dictionary(BitPack))",BETWEEN_70PCT,interpreted_plan,3,1,6916817.0,4886,4992,4992,6688,11703
13,"Nullable(Dictionary(BitPack))",BETWEEN_70PCT,interpreted_plan,4,1,6875284.0,4886,4992,4992,6688,11703
13,"Nullable(Dictionary(BitPack))",BETWEEN_70PCT,interpreted_plan,5,1,6885049.0,4886,4992,4992,6688,11703
13,"Nullable(Dictionary(BitPack))",BETWEEN_70PCT,interpreted_plan,6,1,6895314.0,4886,4992,4992,6688,11703
13,"Nullable(Dictionary(BitPack))",BETWEEN_70PCT,generated_full_page_access,0,5,887108.4,4706,6688,6688,6688,11703
13,"Nullable(Dictionary(BitPack))",BETWEEN_70PCT,generated_full_page_access,1,5,889654.2,4706,6688,6688,6688,11703
13,"Nullable(Dictionary(BitPack))",BETWEEN_70PCT,generated_full_page_access,2,5,889057.2,4706,6688,6688,6688,11703
13,"Nullable(Dictionary(BitPack))",BETWEEN_70PCT,generated_full_page_access,3,5,886845.8,4706,6688,6688,6688,11703
13,"Nullable(Dictionary(BitPack))",BETWEEN_70PCT,generated_full_page_access,4,5,885986.6,4706,6688,6688,6688,11703
13,"Nullable(Dictionary(BitPack))",BETWEEN_70PCT,generated_full_page_access,5,5,884650.8,4706,6688,6688,6688,11703
13,"Nullable(Dictionary(BitPack))",BETWEEN_70PCT,generated_full_page_access,6,5,887769.4,4706,6688,6688,6688,11703
13,"Nullable(Dictionary(BitPack))",BETWEEN_70PCT,generated,0,5,938988.0,4706,4800,4800,6688,11703
13,"Nullable(Dictionary(BitPack))",BETWEEN_70PCT,generated,1,5,939310.2,4706,4800,4800,6688,11703
13,"Nullable(Dictionary(BitPack))",BETWEEN_70PCT,generated,2,5,940506.2,4706,4800,4800,6688,11703
13,"Nullable(Dictionary(BitPack))",BETWEEN_70PCT,generated,3,5,938779.6,4706,4800,4800,6688,11703
13,"Nullable(Dictionary(BitPack))",BETWEEN_70PCT,generated,4,5,939063.8,4706,4800,4800,6688,11703
13,"Nullable(Dictionary(BitPack))",BETWEEN_70PCT,generated,5,5,939754.8,4706,4800,4800,6688,11703
13,"Nullable(Dictionary(BitPack))",BETWEEN_70PCT,generated,6,5,936802.4,4706,4800,4800,6688,11703
13,"Nullable(Dictionary(BitPack))",BETWEEN_70PCT,handwritten_monomorphized,0,3,1311681.3,4706,4800,4800,6688,11703
13,"Nullable(Dictionary(BitPack))",BETWEEN_70PCT,handwritten_monomorphized,1,3,1308433.7,4706,4800,4800,6688,11703
13,"Nullable(Dictionary(BitPack))",BETWEEN_70PCT,handwritten_monomorphized,2,3,1309735.3,4706,4800,4800,6688,11703
13,"Nullable(Dictionary(BitPack))",BETWEEN_70PCT,handwritten_monomorphized,3,3,1306069.7,4706,4800,4800,6688,11703
13,"Nullable(Dictionary(BitPack))",BETWEEN_70PCT,handwritten_monomorphized,4,3,1309912.3,4706,4800,4800,6688,11703
13,"Nullable(Dictionary(BitPack))",BETWEEN_70PCT,handwritten_monomorphized,5,3,1312152.3,4706,4800,4800,6688,11703
13,"Nullable(Dictionary(BitPack))",BETWEEN_70PCT,handwritten_monomorphized,6,3,1305639.3,4706,4800,4800,6688,11703
13,"Nullable(Dictionary(BitPack))",FILTER_POINT,full_decode,0,3,1296555.7,6387,6464,6464,6688,16384
13,"Nullable(Dictionary(BitPack))",FILTER_POINT,full_decode,1,3,1304527.7,6387,6464,6464,6688,16384
13,"Nullable(Dictionary(BitPack))",FILTER_POINT,full_decode,2,3,1297497.0,6387,6464,6464,6688,16384
13,"Nullable(Dictionary(BitPack))",FILTER_POINT,full_decode,3,3,1301359.3,6387,6464,6464,6688,16384
13,"Nullable(Dictionary(BitPack))",FILTER_POINT,full_decode,4,3,1297367.0,6387,6464,6464,6688,16384
13,"Nullable(Dictionary(BitPack))",FILTER_POINT,full_decode,5,3,1295771.3,6387,6464,6464,6688,16384
13,"Nullable(Dictionary(BitPack))",FILTER_POINT,full_decode,6,3,1296749.3,6387,6464,6464,6688,16384
13,"Nullable(Dictionary(BitPack))",FILTER_POINT,fused_decode,0,3,1292503.0,6387,6464,6464,6688,16384
13,"Nullable(Dictionary(BitPack))",FILTER_POINT,fused_decode,1,3,1288861.0,6387,6464,6464,6688,16384
13,"Nullable(Dictionary(BitPack))",FILTER_POINT,fused_decode,2,3,1291518.0,6387,6464,6464,6688,16384
13,"Nullable(Dictionary(BitPack))",FILTER_POINT,fused_decode,3,3,1294723.0,6387,6464,6464,6688,16384
13,"Nullable(Dictionary(BitPack))",FILTER_POINT,fused_decode,4,3,1292973.7,6387,6464,6464,6688,16384
13,"Nullable(Dictionary(BitPack))",FILTER_POINT,fused_decode,5,3,1291278.0,6387,6464,6464,6688,16384
13,"Nullable(Dictionary(BitPack))",FILTER_POINT,fused_decode,6,3,1289965.7,6387,6464,6464,6688,16384
13,"Nullable(Dictionary(BitPack))",FILTER_POINT,interpreted_plan,0,1,9498290.0,6639,6656,6656,6688,16384
13,"Nullable(Dictionary(BitPack))",FILTER_POINT,interpreted_plan,1,1,9358111.0,6639,6656,6656,6688,16384
13,"Nullable(Dictionary(BitPack))",FILTER_POINT,interpreted_plan,2,1,9468326.0,6639,6656,6656,6688,16384
13,"Nullable(Dictionary(BitPack))",FILTER_POINT,interpreted_plan,3,1,9351240.0,6639,6656,6656,6688,16384
13,"Nullable(Dictionary(BitPack))",FILTER_POINT,interpreted_plan,4,1,9475637.0,6639,6656,6656,6688,16384
13,"Nullable(Dictionary(BitPack))",FILTER_POINT,interpreted_plan,5,1,9354566.0,6639,6656,6656,6688,16384
13,"Nullable(Dictionary(BitPack))",FILTER_POINT,interpreted_plan,6,1,9478801.0,6639,6656,6656,6688,16384
13,"Nullable(Dictionary(BitPack))",FILTER_POINT,generated_full_page_access,0,4,1227610.2,6387,6688,6688,6688,16384
13,"Nullable(Dictionary(BitPack))",FILTER_POINT,generated_full_page_access,1,4,1228584.2,6387,6688,6688,6688,16384
13,"Nullable(Dictionary(BitPack))",FILTER_POINT,generated_full_page_access,2,4,1227435.0,6387,6688,6688,6688,16384
13,"Nullable(Dictionary(BitPack))",FILTER_POINT,generated_full_page_access,3,4,1230224.2,6387,6688,6688,6688,16384
13,"Nullable(Dictionary(BitPack))",FILTER_POINT,generated_full_page_access,4,4,1227735.5,6387,6688,6688,6688,16384
13,"Nullable(Dictionary(BitPack))",FILTER_POINT,generated_full_page_access,5,4,1229365.2,6387,6688,6688,6688,16384
13,"Nullable(Dictionary(BitPack))",FILTER_POINT,generated_full_page_access,6,4,1229140.0,6387,6688,6688,6688,16384
13,"Nullable(Dictionary(BitPack))",FILTER_POINT,generated,0,3,1288991.0,6387,6464,6464,6688,16384
13,"Nullable(Dictionary(BitPack))",FILTER_POINT,generated,1,3,1286333.7,6387,6464,6464,6688,16384
13,"Nullable(Dictionary(BitPack))",FILTER_POINT,generated,2,3,1285779.7,6387,6464,6464,6688,16384
13,"Nullable(Dictionary(BitPack))",FILTER_POINT,generated,3,3,1292079.0,6387,6464,6464,6688,16384
13,"Nullable(Dictionary(BitPack))",FILTER_POINT,generated,4,3,1291101.0,6387,6464,6464,6688,16384
13,"Nullable(Dictionary(BitPack))",FILTER_POINT,generated,5,3,1287792.3,6387,6464,6464,6688,16384
13,"Nullable(Dictionary(BitPack))",FILTER_POINT,generated,6,3,1292302.7,6387,6464,6464,6688,16384
13,"Nullable(Dictionary(BitPack))",FILTER_POINT,handwritten_monomorphized,0,2,1798725.5,6387,6464,6464,6688,16384
13,"Nullable(Dictionary(BitPack))",FILTER_POINT,handwritten_monomorphized,1,2,1798149.5,6387,6464,6464,6688,16384
13,"Nullable(Dictionary(BitPack))",FILTER_POINT,handwritten_monomorphized,2,2,1802396.0,6387,6464,6464,6688,16384
13,"Nullable(Dictionary(BitPack))",FILTER_POINT,handwritten_monomorphized,3,2,1798084.5,6387,6464,6464,6688,16384
13,"Nullable(Dictionary(BitPack))",FILTER_POINT,handwritten_monomorphized,4,2,1803162.0,6387,6464,6464,6688,16384
13,"Nullable(Dictionary(BitPack))",FILTER_POINT,handwritten_monomorphized,5,2,1799476.5,6387,6464,6464,6688,16384
13,"Nullable(Dictionary(BitPack))",FILTER_POINT,handwritten_monomorphized,6,2,1796011.5,6387,6464,6464,6688,16384
13,"Nullable(Dictionary(BitPack))",FILTER_50PCT,full_decode,0,3,1301379.7,6387,6464,6464,6688,16384
13,"Nullable(Dictionary(BitPack))",FILTER_50PCT,full_decode,1,3,1304303.7,6387,6464,6464,6688,16384
13,"Nullable(Dictionary(BitPack))",FILTER_50PCT,full_decode,2,3,1302103.7,6387,6464,6464,6688,16384
13,"Nullable(Dictionary(BitPack))",FILTER_50PCT,full_decode,3,3,1307148.3,6387,6464,6464,6688,16384
13,"Nullable(Dictionary(BitPack))",FILTER_50PCT,full_decode,4,3,1301436.3,6387,6464,6464,6688,16384
13,"Nullable(Dictionary(BitPack))",FILTER_50PCT,full_decode,5,3,1303946.7,6387,6464,6464,6688,16384
13,"Nullable(Dictionary(BitPack))",FILTER_50PCT,full_decode,6,3,1303095.3,6387,6464,6464,6688,16384
13,"Nullable(Dictionary(BitPack))",FILTER_50PCT,fused_decode,0,3,1294295.3,6387,6464,6464,6688,16384
13,"Nullable(Dictionary(BitPack))",FILTER_50PCT,fused_decode,1,3,1294709.7,6387,6464,6464,6688,16384
13,"Nullable(Dictionary(BitPack))",FILTER_50PCT,fused_decode,2,3,1290336.3,6387,6464,6464,6688,16384
13,"Nullable(Dictionary(BitPack))",FILTER_50PCT,fused_decode,3,3,1297630.7,6387,6464,6464,6688,16384
13,"Nullable(Dictionary(BitPack))",FILTER_50PCT,fused_decode,4,3,1295116.7,6387,6464,6464,6688,16384
13,"Nullable(Dictionary(BitPack))",FILTER_50PCT,fused_decode,5,3,1300718.7,6387,6464,6464,6688,16384
13,"Nullable(Dictionary(BitPack))",FILTER_50PCT,fused_decode,6,3,1296105.0,6387,6464,6464,6688,16384
13,"Nullable(Dictionary(BitPack))",FILTER_50PCT,interpreted_plan,0,1,9376128.0,6639,6656,6656,6688,16384
13,"Nullable(Dictionary(BitPack))",FILTER_50PCT,interpreted_plan,1,1,9334906.0,6639,6656,6656,6688,16384
13,"Nullable(Dictionary(BitPack))",FILTER_50PCT,interpreted_plan,2,1,9322918.0,6639,6656,6656,6688,16384
13,"Nullable(Dictionary(BitPack))",FILTER_50PCT,interpreted_plan,3,1,9331772.0,6639,6656,6656,6688,16384
13,"Nullable(Dictionary(BitPack))",FILTER_50PCT,interpreted_plan,4,1,9339723.0,6639,6656,6656,6688,16384
13,"Nullable(Dictionary(BitPack))",FILTER_50PCT,interpreted_plan,5,1,9334026.0,6639,6656,6656,6688,16384
13,"Nullable(Dictionary(BitPack))",FILTER_50PCT,interpreted_plan,6,1,9327695.0,6639,6656,6656,6688,16384
13,"Nullable(Dictionary(BitPack))",FILTER_50PCT,generated_full_page_access,0,4,1233306.2,6387,6688,6688,6688,16384
13,"Nullable(Dictionary(BitPack))",FILTER_50PCT,generated_full_page_access,1,4,1233664.2,6387,6688,6688,6688,16384
13,"Nullable(Dictionary(BitPack))",FILTER_50PCT,generated_full_page_access,2,4,1232137.0,6387,6688,6688,6688,16384
13,"Nullable(Dictionary(BitPack))",FILTER_50PCT,generated_full_page_access,3,4,1230442.0,6387,6688,6688,6688,16384
13,"Nullable(Dictionary(BitPack))",FILTER_50PCT,generated_full_page_access,4,4,1236561.0,6387,6688,6688,6688,16384
13,"Nullable(Dictionary(BitPack))",FILTER_50PCT,generated_full_page_access,5,4,1232928.2,6387,6688,6688,6688,16384
13,"Nullable(Dictionary(BitPack))",FILTER_50PCT,generated_full_page_access,6,4,1233857.0,6387,6688,6688,6688,16384
13,"Nullable(Dictionary(BitPack))",FILTER_50PCT,generated,0,3,1291758.7,6387,6464,6464,6688,16384
13,"Nullable(Dictionary(BitPack))",FILTER_50PCT,generated,1,3,1291698.3,6387,6464,6464,6688,16384
13,"Nullable(Dictionary(BitPack))",FILTER_50PCT,generated,2,3,1296509.0,6387,6464,6464,6688,16384
13,"Nullable(Dictionary(BitPack))",FILTER_50PCT,generated,3,3,1293968.3,6387,6464,6464,6688,16384
13,"Nullable(Dictionary(BitPack))",FILTER_50PCT,generated,4,3,1292386.0,6387,6464,6464,6688,16384
13,"Nullable(Dictionary(BitPack))",FILTER_50PCT,generated,5,3,1298755.7,6387,6464,6464,6688,16384
13,"Nullable(Dictionary(BitPack))",FILTER_50PCT,generated,6,3,1292312.7,6387,6464,6464,6688,16384
13,"Nullable(Dictionary(BitPack))",FILTER_50PCT,handwritten_monomorphized,0,2,1835395.0,6387,6464,6464,6688,16384
13,"Nullable(Dictionary(BitPack))",FILTER_50PCT,handwritten_monomorphized,1,2,1838009.0,6387,6464,6464,6688,16384
13,"Nullable(Dictionary(BitPack))",FILTER_50PCT,handwritten_monomorphized,2,2,1825595.5,6387,6464,6464,6688,16384
13,"Nullable(Dictionary(BitPack))",FILTER_50PCT,handwritten_monomorphized,3,2,1834995.0,6387,6464,6464,6688,16384
13,"Nullable(Dictionary(BitPack))",FILTER_50PCT,handwritten_monomorphized,4,2,1835279.5,6387,6464,6464,6688,16384
13,"Nullable(Dictionary(BitPack))",FILTER_50PCT,handwritten_monomorphized,5,2,1832115.0,6387,6464,6464,6688,16384
13,"Nullable(Dictionary(BitPack))",FILTER_50PCT,handwritten_monomorphized,6,2,1834088.0,6387,6464,6464,6688,16384
14,"Frame(Nullable(Patch(FOR(Delta(BitPack)))))",GET,full_decode,0,2,1879726.5,15197,1777,1777,1777,16384
14,"Frame(Nullable(Patch(FOR(Delta(BitPack)))))",GET,full_decode,1,2,1877277.5,15197,1777,1777,1777,16384
14,"Frame(Nullable(Patch(FOR(Delta(BitPack)))))",GET,full_decode,2,2,1891218.5,15197,1777,1777,1777,16384
14,"Frame(Nullable(Patch(FOR(Delta(BitPack)))))",GET,full_decode,3,2,1894538.5,15197,1777,1777,1777,16384
14,"Frame(Nullable(Patch(FOR(Delta(BitPack)))))",GET,full_decode,4,2,1889576.0,15197,1777,1777,1777,16384
14,"Frame(Nullable(Patch(FOR(Delta(BitPack)))))",GET,full_decode,5,2,1890062.0,15197,1777,1777,1777,16384
14,"Frame(Nullable(Patch(FOR(Delta(BitPack)))))",GET,full_decode,6,2,1892871.0,15197,1777,1777,1777,16384
14,"Frame(Nullable(Patch(FOR(Delta(BitPack)))))",GET,fused_decode,0,2,1859661.5,15197,1777,1777,1777,16384
14,"Frame(Nullable(Patch(FOR(Delta(BitPack)))))",GET,fused_decode,1,2,1854804.0,15197,1777,1777,1777,16384
14,"Frame(Nullable(Patch(FOR(Delta(BitPack)))))",GET,fused_decode,2,2,1855580.5,15197,1777,1777,1777,16384
14,"Frame(Nullable(Patch(FOR(Delta(BitPack)))))",GET,fused_decode,3,2,1851694.5,15197,1777,1777,1777,16384
14,"Frame(Nullable(Patch(FOR(Delta(BitPack)))))",GET,fused_decode,4,2,1853592.5,15197,1777,1777,1777,16384
14,"Frame(Nullable(Patch(FOR(Delta(BitPack)))))",GET,fused_decode,5,2,1850197.0,15197,1777,1777,1777,16384
14,"Frame(Nullable(Patch(FOR(Delta(BitPack)))))",GET,fused_decode,6,2,1855310.0,15197,1777,1777,1777,16384
14,"Frame(Nullable(Patch(FOR(Delta(BitPack)))))",GET,interpreted_plan,0,493,9576.7,989,1777,1777,1777,1
14,"Frame(Nullable(Patch(FOR(Delta(BitPack)))))",GET,interpreted_plan,1,493,9544.7,989,1777,1777,1777,1
14,"Frame(Nullable(Patch(FOR(Delta(BitPack)))))",GET,interpreted_plan,2,493,9559.0,989,1777,1777,1777,1
14,"Frame(Nullable(Patch(FOR(Delta(BitPack)))))",GET,interpreted_plan,3,493,9558.9,989,1777,1777,1777,1
14,"Frame(Nullable(Patch(FOR(Delta(BitPack)))))",GET,interpreted_plan,4,493,9572.1,989,1777,1777,1777,1
14,"Frame(Nullable(Patch(FOR(Delta(BitPack)))))",GET,interpreted_plan,5,493,9599.6,989,1777,1777,1777,1
14,"Frame(Nullable(Patch(FOR(Delta(BitPack)))))",GET,interpreted_plan,6,493,9564.1,989,1777,1777,1777,1
14,"Frame(Nullable(Patch(FOR(Delta(BitPack)))))",GET,generated_full_page_access,0,665,7481.8,989,1777,1777,1777,1
14,"Frame(Nullable(Patch(FOR(Delta(BitPack)))))",GET,generated_full_page_access,1,665,7503.1,989,1777,1777,1777,1
14,"Frame(Nullable(Patch(FOR(Delta(BitPack)))))",GET,generated_full_page_access,2,665,7453.7,989,1777,1777,1777,1
14,"Frame(Nullable(Patch(FOR(Delta(BitPack)))))",GET,generated_full_page_access,3,665,7474.7,989,1777,1777,1777,1
14,"Frame(Nullable(Patch(FOR(Delta(BitPack)))))",GET,generated_full_page_access,4,665,7461.9,989,1777,1777,1777,1
14,"Frame(Nullable(Patch(FOR(Delta(BitPack)))))",GET,generated_full_page_access,5,665,7443.7,989,1777,1777,1777,1
14,"Frame(Nullable(Patch(FOR(Delta(BitPack)))))",GET,generated_full_page_access,6,665,7448.8,989,1777,1777,1777,1
14,"Frame(Nullable(Patch(FOR(Delta(BitPack)))))",GET,generated,0,648,7515.5,989,1777,1777,1777,1
14,"Frame(Nullable(Patch(FOR(Delta(BitPack)))))",GET,generated,1,648,7518.8,989,1777,1777,1777,1
14,"Frame(Nullable(Patch(FOR(Delta(BitPack)))))",GET,generated,2,648,7529.1,989,1777,1777,1777,1
14,"Frame(Nullable(Patch(FOR(Delta(BitPack)))))",GET,generated,3,648,7533.4,989,1777,1777,1777,1
14,"Frame(Nullable(Patch(FOR(Delta(BitPack)))))",GET,generated,4,648,7528.3,989,1777,1777,1777,1
14,"Frame(Nullable(Patch(FOR(Delta(BitPack)))))",GET,generated,5,648,7521.6,989,1777,1777,1777,1
14,"Frame(Nullable(Patch(FOR(Delta(BitPack)))))",GET,generated,6,648,7519.0,989,1777,1777,1777,1
14,"Frame(Nullable(Patch(FOR(Delta(BitPack)))))",GET,handwritten_monomorphized,0,529,9313.8,989,1777,1777,1777,1
14,"Frame(Nullable(Patch(FOR(Delta(BitPack)))))",GET,handwritten_monomorphized,1,529,9291.0,989,1777,1777,1777,1
14,"Frame(Nullable(Patch(FOR(Delta(BitPack)))))",GET,handwritten_monomorphized,2,529,9293.1,989,1777,1777,1777,1
14,"Frame(Nullable(Patch(FOR(Delta(BitPack)))))",GET,handwritten_monomorphized,3,529,9296.3,989,1777,1777,1777,1
14,"Frame(Nullable(Patch(FOR(Delta(BitPack)))))",GET,handwritten_monomorphized,4,529,9287.4,989,1777,1777,1777,1
14,"Frame(Nullable(Patch(FOR(Delta(BitPack)))))",GET,handwritten_monomorphized,5,529,9310.3,989,1777,1777,1777,1
14,"Frame(Nullable(Patch(FOR(Delta(BitPack)))))",GET,handwritten_monomorphized,6,529,9285.0,989,1777,1777,1777,1
14,"Frame(Nullable(Patch(FOR(Delta(BitPack)))))",SUM_1PCT,full_decode,0,2,1893792.5,15197,1777,1777,1777,16384
14,"Frame(Nullable(Patch(FOR(Delta(BitPack)))))",SUM_1PCT,full_decode,1,2,1893226.5,15197,1777,1777,1777,16384
14,"Frame(Nullable(Patch(FOR(Delta(BitPack)))))",SUM_1PCT,full_decode,2,2,1894523.5,15197,1777,1777,1777,16384
14,"Frame(Nullable(Patch(FOR(Delta(BitPack)))))",SUM_1PCT,full_decode,3,2,1898244.0,15197,1777,1777,1777,16384
14,"Frame(Nullable(Patch(FOR(Delta(BitPack)))))",SUM_1PCT,full_decode,4,2,1900091.5,15197,1777,1777,1777,16384
14,"Frame(Nullable(Patch(FOR(Delta(BitPack)))))",SUM_1PCT,full_decode,5,2,1900092.0,15197,1777,1777,1777,16384
14,"Frame(Nullable(Patch(FOR(Delta(BitPack)))))",SUM_1PCT,full_decode,6,2,1906291.0,15197,1777,1777,1777,16384
14,"Frame(Nullable(Patch(FOR(Delta(BitPack)))))",SUM_1PCT,fused_decode,0,2,1878549.5,15197,1777,1777,1777,16384
14,"Frame(Nullable(Patch(FOR(Delta(BitPack)))))",SUM_1PCT,fused_decode,1,2,1887938.5,15197,1777,1777,1777,16384
14,"Frame(Nullable(Patch(FOR(Delta(BitPack)))))",SUM_1PCT,fused_decode,2,2,1879866.5,15197,1777,1777,1777,16384
14,"Frame(Nullable(Patch(FOR(Delta(BitPack)))))",SUM_1PCT,fused_decode,3,2,1880612.5,15197,1777,1777,1777,16384
14,"Frame(Nullable(Patch(FOR(Delta(BitPack)))))",SUM_1PCT,fused_decode,4,2,1886867.0,15197,1777,1777,1777,16384
14,"Frame(Nullable(Patch(FOR(Delta(BitPack)))))",SUM_1PCT,fused_decode,5,2,1877698.0,15197,1777,1777,1777,16384
14,"Frame(Nullable(Patch(FOR(Delta(BitPack)))))",SUM_1PCT,fused_decode,6,2,1882525.5,15197,1777,1777,1777,16384
14,"Frame(Nullable(Patch(FOR(Delta(BitPack)))))",SUM_1PCT,interpreted_plan,0,6,810882.2,1288,1777,1777,1777,163
14,"Frame(Nullable(Patch(FOR(Delta(BitPack)))))",SUM_1PCT,interpreted_plan,1,6,812546.5,1288,1777,1777,1777,163
14,"Frame(Nullable(Patch(FOR(Delta(BitPack)))))",SUM_1PCT,interpreted_plan,2,6,812010.7,1288,1777,1777,1777,163
14,"Frame(Nullable(Patch(FOR(Delta(BitPack)))))",SUM_1PCT,interpreted_plan,3,6,813032.0,1288,1777,1777,1777,163
14,"Frame(Nullable(Patch(FOR(Delta(BitPack)))))",SUM_1PCT,interpreted_plan,4,6,812521.5,1288,1777,1777,1777,163
14,"Frame(Nullable(Patch(FOR(Delta(BitPack)))))",SUM_1PCT,interpreted_plan,5,6,812379.5,1288,1777,1777,1777,163
14,"Frame(Nullable(Patch(FOR(Delta(BitPack)))))",SUM_1PCT,interpreted_plan,6,6,811040.8,1288,1777,1777,1777,163
14,"Frame(Nullable(Patch(FOR(Delta(BitPack)))))",SUM_1PCT,generated_full_page_access,0,183,26901.9,1284,1777,1777,1777,163
14,"Frame(Nullable(Patch(FOR(Delta(BitPack)))))",SUM_1PCT,generated_full_page_access,1,183,26847.1,1284,1777,1777,1777,163
14,"Frame(Nullable(Patch(FOR(Delta(BitPack)))))",SUM_1PCT,generated_full_page_access,2,183,26812.7,1284,1777,1777,1777,163
14,"Frame(Nullable(Patch(FOR(Delta(BitPack)))))",SUM_1PCT,generated_full_page_access,3,183,26797.3,1284,1777,1777,1777,163
14,"Frame(Nullable(Patch(FOR(Delta(BitPack)))))",SUM_1PCT,generated_full_page_access,4,183,26783.5,1284,1777,1777,1777,163
14,"Frame(Nullable(Patch(FOR(Delta(BitPack)))))",SUM_1PCT,generated_full_page_access,5,183,26850.9,1284,1777,1777,1777,163
14,"Frame(Nullable(Patch(FOR(Delta(BitPack)))))",SUM_1PCT,generated_full_page_access,6,183,26749.9,1284,1777,1777,1777,163
14,"Frame(Nullable(Patch(FOR(Delta(BitPack)))))",SUM_1PCT,generated,0,176,26830.3,1284,1777,1777,1777,163
14,"Frame(Nullable(Patch(FOR(Delta(BitPack)))))",SUM_1PCT,generated,1,176,26854.3,1284,1777,1777,1777,163
14,"Frame(Nullable(Patch(FOR(Delta(BitPack)))))",SUM_1PCT,generated,2,176,26817.2,1284,1777,1777,1777,163
14,"Frame(Nullable(Patch(FOR(Delta(BitPack)))))",SUM_1PCT,generated,3,176,26803.0,1284,1777,1777,1777,163
14,"Frame(Nullable(Patch(FOR(Delta(BitPack)))))",SUM_1PCT,generated,4,176,26815.9,1284,1777,1777,1777,163
14,"Frame(Nullable(Patch(FOR(Delta(BitPack)))))",SUM_1PCT,generated,5,176,26857.6,1284,1777,1777,1777,163
14,"Frame(Nullable(Patch(FOR(Delta(BitPack)))))",SUM_1PCT,generated,6,176,26845.2,1284,1777,1777,1777,163
14,"Frame(Nullable(Patch(FOR(Delta(BitPack)))))",SUM_1PCT,handwritten_monomorphized,0,73,67064.5,1284,1777,1777,1777,163
14,"Frame(Nullable(Patch(FOR(Delta(BitPack)))))",SUM_1PCT,handwritten_monomorphized,1,73,67066.3,1284,1777,1777,1777,163
14,"Frame(Nullable(Patch(FOR(Delta(BitPack)))))",SUM_1PCT,handwritten_monomorphized,2,73,67107.7,1284,1777,1777,1777,163
14,"Frame(Nullable(Patch(FOR(Delta(BitPack)))))",SUM_1PCT,handwritten_monomorphized,3,73,67016.1,1284,1777,1777,1777,163
14,"Frame(Nullable(Patch(FOR(Delta(BitPack)))))",SUM_1PCT,handwritten_monomorphized,4,73,67120.9,1284,1777,1777,1777,163
14,"Frame(Nullable(Patch(FOR(Delta(BitPack)))))",SUM_1PCT,handwritten_monomorphized,5,73,67210.8,1284,1777,1777,1777,163
14,"Frame(Nullable(Patch(FOR(Delta(BitPack)))))",SUM_1PCT,handwritten_monomorphized,6,73,67036.0,1284,1777,1777,1777,163
14,"Frame(Nullable(Patch(FOR(Delta(BitPack)))))",SUM_70PCT,full_decode,0,2,1899841.5,15197,1777,1777,1777,16384
14,"Frame(Nullable(Patch(FOR(Delta(BitPack)))))",SUM_70PCT,full_decode,1,2,1900822.5,15197,1777,1777,1777,16384
14,"Frame(Nullable(Patch(FOR(Delta(BitPack)))))",SUM_70PCT,full_decode,2,2,1899095.0,15197,1777,1777,1777,16384
14,"Frame(Nullable(Patch(FOR(Delta(BitPack)))))",SUM_70PCT,full_decode,3,2,1903266.5,15197,1777,1777,1777,16384
14,"Frame(Nullable(Patch(FOR(Delta(BitPack)))))",SUM_70PCT,full_decode,4,2,1902831.0,15197,1777,1777,1777,16384
14,"Frame(Nullable(Patch(FOR(Delta(BitPack)))))",SUM_70PCT,full_decode,5,2,1901644.0,15197,1777,1777,1777,16384
14,"Frame(Nullable(Patch(FOR(Delta(BitPack)))))",SUM_70PCT,full_decode,6,2,1906651.5,15197,1777,1777,1777,16384
14,"Frame(Nullable(Patch(FOR(Delta(BitPack)))))",SUM_70PCT,fused_decode,0,2,1895119.5,15197,1777,1777,1777,16384
14,"Frame(Nullable(Patch(FOR(Delta(BitPack)))))",SUM_70PCT,fused_decode,1,2,1897277.5,15197,1777,1777,1777,16384
14,"Frame(Nullable(Patch(FOR(Delta(BitPack)))))",SUM_70PCT,fused_decode,2,2,1889461.0,15197,1777,1777,1777,16384
14,"Frame(Nullable(Patch(FOR(Delta(BitPack)))))",SUM_70PCT,fused_decode,3,2,1893011.0,15197,1777,1777,1777,16384
14,"Frame(Nullable(Patch(FOR(Delta(BitPack)))))",SUM_70PCT,fused_decode,4,2,1906731.5,15197,1777,1777,1777,16384
14,"Frame(Nullable(Patch(FOR(Delta(BitPack)))))",SUM_70PCT,fused_decode,5,2,1897633.0,15197,1777,1777,1777,16384
14,"Frame(Nullable(Patch(FOR(Delta(BitPack)))))",SUM_70PCT,fused_decode,6,2,1897502.5,15197,1777,1777,1777,16384
14,"Frame(Nullable(Patch(FOR(Delta(BitPack)))))",SUM_70PCT,interpreted_plan,0,1,67119746.0,11436,1777,1777,1777,11703
14,"Frame(Nullable(Patch(FOR(Delta(BitPack)))))",SUM_70PCT,interpreted_plan,1,1,66867659.0,11436,1777,1777,1777,11703
14,"Frame(Nullable(Patch(FOR(Delta(BitPack)))))",SUM_70PCT,interpreted_plan,2,1,67103851.0,11436,1777,1777,1777,11703
14,"Frame(Nullable(Patch(FOR(Delta(BitPack)))))",SUM_70PCT,interpreted_plan,3,1,66940969.0,11436,1777,1777,1777,11703
14,"Frame(Nullable(Patch(FOR(Delta(BitPack)))))",SUM_70PCT,interpreted_plan,4,1,67159285.0,11436,1777,1777,1777,11703
14,"Frame(Nullable(Patch(FOR(Delta(BitPack)))))",SUM_70PCT,interpreted_plan,5,1,66874680.0,11436,1777,1777,1777,11703
14,"Frame(Nullable(Patch(FOR(Delta(BitPack)))))",SUM_70PCT,interpreted_plan,6,1,67152215.0,11436,1777,1777,1777,11703
14,"Frame(Nullable(Patch(FOR(Delta(BitPack)))))",SUM_70PCT,generated_full_page_access,0,3,1363829.3,11256,1777,1777,1777,11703
14,"Frame(Nullable(Patch(FOR(Delta(BitPack)))))",SUM_70PCT,generated_full_page_access,1,3,1363158.7,11256,1777,1777,1777,11703
14,"Frame(Nullable(Patch(FOR(Delta(BitPack)))))",SUM_70PCT,generated_full_page_access,2,3,1367748.7,11256,1777,1777,1777,11703
14,"Frame(Nullable(Patch(FOR(Delta(BitPack)))))",SUM_70PCT,generated_full_page_access,3,3,1367057.7,11256,1777,1777,1777,11703
14,"Frame(Nullable(Patch(FOR(Delta(BitPack)))))",SUM_70PCT,generated_full_page_access,4,3,1361729.7,11256,1777,1777,1777,11703
14,"Frame(Nullable(Patch(FOR(Delta(BitPack)))))",SUM_70PCT,generated_full_page_access,5,3,1363956.3,11256,1777,1777,1777,11703
14,"Frame(Nullable(Patch(FOR(Delta(BitPack)))))",SUM_70PCT,generated_full_page_access,6,3,1362170.3,11256,1777,1777,1777,11703
14,"Frame(Nullable(Patch(FOR(Delta(BitPack)))))",SUM_70PCT,generated,0,3,1366356.7,11256,1777,1777,1777,11703
14,"Frame(Nullable(Patch(FOR(Delta(BitPack)))))",SUM_70PCT,generated,1,3,1367728.7,11256,1777,1777,1777,11703
14,"Frame(Nullable(Patch(FOR(Delta(BitPack)))))",SUM_70PCT,generated,2,3,1363055.0,11256,1777,1777,1777,11703
14,"Frame(Nullable(Patch(FOR(Delta(BitPack)))))",SUM_70PCT,generated,3,3,1367188.0,11256,1777,1777,1777,11703
14,"Frame(Nullable(Patch(FOR(Delta(BitPack)))))",SUM_70PCT,generated,4,3,1365885.7,11256,1777,1777,1777,11703
14,"Frame(Nullable(Patch(FOR(Delta(BitPack)))))",SUM_70PCT,generated,5,3,1364560.7,11256,1777,1777,1777,11703
14,"Frame(Nullable(Patch(FOR(Delta(BitPack)))))",SUM_70PCT,generated,6,3,1362066.7,11256,1777,1777,1777,11703
14,"Frame(Nullable(Patch(FOR(Delta(BitPack)))))",SUM_70PCT,handwritten_monomorphized,0,1,4305869.0,11256,1777,1777,1777,11703
14,"Frame(Nullable(Patch(FOR(Delta(BitPack)))))",SUM_70PCT,handwritten_monomorphized,1,1,4310435.0,11256,1777,1777,1777,11703
14,"Frame(Nullable(Patch(FOR(Delta(BitPack)))))",SUM_70PCT,handwritten_monomorphized,2,1,4321722.0,11256,1777,1777,1777,11703
14,"Frame(Nullable(Patch(FOR(Delta(BitPack)))))",SUM_70PCT,handwritten_monomorphized,3,1,4294241.0,11256,1777,1777,1777,11703
14,"Frame(Nullable(Patch(FOR(Delta(BitPack)))))",SUM_70PCT,handwritten_monomorphized,4,1,4325968.0,11256,1777,1777,1777,11703
14,"Frame(Nullable(Patch(FOR(Delta(BitPack)))))",SUM_70PCT,handwritten_monomorphized,5,1,4294021.0,11256,1777,1777,1777,11703
14,"Frame(Nullable(Patch(FOR(Delta(BitPack)))))",SUM_70PCT,handwritten_monomorphized,6,1,4320650.0,11256,1777,1777,1777,11703
14,"Frame(Nullable(Patch(FOR(Delta(BitPack)))))",BETWEEN_1PCT,full_decode,0,2,1892996.0,15197,1777,1777,1777,16384
14,"Frame(Nullable(Patch(FOR(Delta(BitPack)))))",BETWEEN_1PCT,full_decode,1,2,1894618.5,15197,1777,1777,1777,16384
14,"Frame(Nullable(Patch(FOR(Delta(BitPack)))))",BETWEEN_1PCT,full_decode,2,2,1900262.0,15197,1777,1777,1777,16384
14,"Frame(Nullable(Patch(FOR(Delta(BitPack)))))",BETWEEN_1PCT,full_decode,3,2,1897127.5,15197,1777,1777,1777,16384
14,"Frame(Nullable(Patch(FOR(Delta(BitPack)))))",BETWEEN_1PCT,full_decode,4,2,1901173.0,15197,1777,1777,1777,16384
14,"Frame(Nullable(Patch(FOR(Delta(BitPack)))))",BETWEEN_1PCT,full_decode,5,2,1895640.5,15197,1777,1777,1777,16384
14,"Frame(Nullable(Patch(FOR(Delta(BitPack)))))",BETWEEN_1PCT,full_decode,6,2,1898819.5,15197,1777,1777,1777,16384
14,"Frame(Nullable(Patch(FOR(Delta(BitPack)))))",BETWEEN_1PCT,fused_decode,0,2,1882545.5,15197,1777,1777,1777,16384
14,"Frame(Nullable(Patch(FOR(Delta(BitPack)))))",BETWEEN_1PCT,fused_decode,1,2,1881809.5,15197,1777,1777,1777,16384
14,"Frame(Nullable(Patch(FOR(Delta(BitPack)))))",BETWEEN_1PCT,fused_decode,2,2,1878895.0,15197,1777,1777,1777,16384
14,"Frame(Nullable(Patch(FOR(Delta(BitPack)))))",BETWEEN_1PCT,fused_decode,3,2,1884123.0,15197,1777,1777,1777,16384
14,"Frame(Nullable(Patch(FOR(Delta(BitPack)))))",BETWEEN_1PCT,fused_decode,4,2,1885399.5,15197,1777,1777,1777,16384
14,"Frame(Nullable(Patch(FOR(Delta(BitPack)))))",BETWEEN_1PCT,fused_decode,5,2,1881304.0,15197,1777,1777,1777,16384
14,"Frame(Nullable(Patch(FOR(Delta(BitPack)))))",BETWEEN_1PCT,fused_decode,6,2,1880532.5,15197,1777,1777,1777,16384
14,"Frame(Nullable(Patch(FOR(Delta(BitPack)))))",BETWEEN_1PCT,interpreted_plan,0,6,805147.0,1288,1777,1777,1777,163
14,"Frame(Nullable(Patch(FOR(Delta(BitPack)))))",BETWEEN_1PCT,interpreted_plan,1,6,805749.7,1288,1777,1777,1777,163
14,"Frame(Nullable(Patch(FOR(Delta(BitPack)))))",BETWEEN_1PCT,interpreted_plan,2,6,808230.0,1288,1777,1777,1777,163
14,"Frame(Nullable(Patch(FOR(Delta(BitPack)))))",BETWEEN_1PCT,interpreted_plan,3,6,810159.5,1288,1777,1777,1777,163
14,"Frame(Nullable(Patch(FOR(Delta(BitPack)))))",BETWEEN_1PCT,interpreted_plan,4,6,810498.3,1288,1777,1777,1777,163
14,"Frame(Nullable(Patch(FOR(Delta(BitPack)))))",BETWEEN_1PCT,interpreted_plan,5,6,809530.3,1288,1777,1777,1777,163
14,"Frame(Nullable(Patch(FOR(Delta(BitPack)))))",BETWEEN_1PCT,interpreted_plan,6,6,811977.2,1288,1777,1777,1777,163
14,"Frame(Nullable(Patch(FOR(Delta(BitPack)))))",BETWEEN_1PCT,generated_full_page_access,0,183,27066.2,1284,1777,1777,1777,163
14,"Frame(Nullable(Patch(FOR(Delta(BitPack)))))",BETWEEN_1PCT,generated_full_page_access,1,183,27142.5,1284,1777,1777,1777,163
14,"Frame(Nullable(Patch(FOR(Delta(BitPack)))))",BETWEEN_1PCT,generated_full_page_access,2,183,27049.3,1284,1777,1777,1777,163
14,"Frame(Nullable(Patch(FOR(Delta(BitPack)))))",BETWEEN_1PCT,generated_full_page_access,3,183,27069.3,1284,1777,1777,1777,163
14,"Frame(Nullable(Patch(FOR(Delta(BitPack)))))",BETWEEN_1PCT,generated_full_page_access,4,183,27098.2,1284,1777,1777,1777,163
14,"Frame(Nullable(Patch(FOR(Delta(BitPack)))))",BETWEEN_1PCT,generated_full_page_access,5,183,27097.7,1284,1777,1777,1777,163
14,"Frame(Nullable(Patch(FOR(Delta(BitPack)))))",BETWEEN_1PCT,generated_full_page_access,6,183,27136.0,1284,1777,1777,1777,163
14,"Frame(Nullable(Patch(FOR(Delta(BitPack)))))",BETWEEN_1PCT,generated,0,184,27178.6,1284,1777,1777,1777,163
14,"Frame(Nullable(Patch(FOR(Delta(BitPack)))))",BETWEEN_1PCT,generated,1,184,27121.3,1284,1777,1777,1777,163
14,"Frame(Nullable(Patch(FOR(Delta(BitPack)))))",BETWEEN_1PCT,generated,2,184,27207.4,1284,1777,1777,1777,163
14,"Frame(Nullable(Patch(FOR(Delta(BitPack)))))",BETWEEN_1PCT,generated,3,184,27135.1,1284,1777,1777,1777,163
14,"Frame(Nullable(Patch(FOR(Delta(BitPack)))))",BETWEEN_1PCT,generated,4,184,27105.8,1284,1777,1777,1777,163
14,"Frame(Nullable(Patch(FOR(Delta(BitPack)))))",BETWEEN_1PCT,generated,5,184,27130.9,1284,1777,1777,1777,163
14,"Frame(Nullable(Patch(FOR(Delta(BitPack)))))",BETWEEN_1PCT,generated,6,184,27080.8,1284,1777,1777,1777,163
14,"Frame(Nullable(Patch(FOR(Delta(BitPack)))))",BETWEEN_1PCT,handwritten_monomorphized,0,73,67441.6,1284,1777,1777,1777,163
14,"Frame(Nullable(Patch(FOR(Delta(BitPack)))))",BETWEEN_1PCT,handwritten_monomorphized,1,73,67201.4,1284,1777,1777,1777,163
14,"Frame(Nullable(Patch(FOR(Delta(BitPack)))))",BETWEEN_1PCT,handwritten_monomorphized,2,73,67498.7,1284,1777,1777,1777,163
14,"Frame(Nullable(Patch(FOR(Delta(BitPack)))))",BETWEEN_1PCT,handwritten_monomorphized,3,73,67348.1,1284,1777,1777,1777,163
14,"Frame(Nullable(Patch(FOR(Delta(BitPack)))))",BETWEEN_1PCT,handwritten_monomorphized,4,73,67391.4,1284,1777,1777,1777,163
14,"Frame(Nullable(Patch(FOR(Delta(BitPack)))))",BETWEEN_1PCT,handwritten_monomorphized,5,73,67362.1,1284,1777,1777,1777,163
14,"Frame(Nullable(Patch(FOR(Delta(BitPack)))))",BETWEEN_1PCT,handwritten_monomorphized,6,73,67411.5,1284,1777,1777,1777,163
14,"Frame(Nullable(Patch(FOR(Delta(BitPack)))))",BETWEEN_70PCT,full_decode,0,2,1926521.5,15197,1777,1777,1777,16384
14,"Frame(Nullable(Patch(FOR(Delta(BitPack)))))",BETWEEN_70PCT,full_decode,1,2,1924017.5,15197,1777,1777,1777,16384
14,"Frame(Nullable(Patch(FOR(Delta(BitPack)))))",BETWEEN_70PCT,full_decode,2,2,1931118.0,15197,1777,1777,1777,16384
14,"Frame(Nullable(Patch(FOR(Delta(BitPack)))))",BETWEEN_70PCT,full_decode,3,2,1928959.5,15197,1777,1777,1777,16384
14,"Frame(Nullable(Patch(FOR(Delta(BitPack)))))",BETWEEN_70PCT,full_decode,4,2,1928058.5,15197,1777,1777,1777,16384
14,"Frame(Nullable(Patch(FOR(Delta(BitPack)))))",BETWEEN_70PCT,full_decode,5,2,1936466.0,15197,1777,1777,1777,16384
14,"Frame(Nullable(Patch(FOR(Delta(BitPack)))))",BETWEEN_70PCT,full_decode,6,2,1925524.5,15197,1777,1777,1777,16384
14,"Frame(Nullable(Patch(FOR(Delta(BitPack)))))",BETWEEN_70PCT,fused_decode,0,2,1919616.0,15197,1777,1777,1777,16384
14,"Frame(Nullable(Patch(FOR(Delta(BitPack)))))",BETWEEN_70PCT,fused_decode,1,2,1918203.5,15197,1777,1777,1777,16384
14,"Frame(Nullable(Patch(FOR(Delta(BitPack)))))",BETWEEN_70PCT,fused_decode,2,2,1919430.5,15197,1777,1777,1777,16384
14,"Frame(Nullable(Patch(FOR(Delta(BitPack)))))",BETWEEN_70PCT,fused_decode,3,2,1922966.0,15197,1777,1777,1777,16384
14,"Frame(Nullable(Patch(FOR(Delta(BitPack)))))",BETWEEN_70PCT,fused_decode,4,2,1916556.0,15197,1777,1777,1777,16384
14,"Frame(Nullable(Patch(FOR(Delta(BitPack)))))",BETWEEN_70PCT,fused_decode,5,2,1921534.0,15197,1777,1777,1777,16384
14,"Frame(Nullable(Patch(FOR(Delta(BitPack)))))",BETWEEN_70PCT,fused_decode,6,2,1917372.5,15197,1777,1777,1777,16384
14,"Frame(Nullable(Patch(FOR(Delta(BitPack)))))",BETWEEN_70PCT,interpreted_plan,0,1,66818006.0,11436,1777,1777,1777,11703
14,"Frame(Nullable(Patch(FOR(Delta(BitPack)))))",BETWEEN_70PCT,interpreted_plan,1,1,67135630.0,11436,1777,1777,1777,11703
14,"Frame(Nullable(Patch(FOR(Delta(BitPack)))))",BETWEEN_70PCT,interpreted_plan,2,1,66849603.0,11436,1777,1777,1777,11703
14,"Frame(Nullable(Patch(FOR(Delta(BitPack)))))",BETWEEN_70PCT,interpreted_plan,3,1,68636661.0,11436,1777,1777,1777,11703
14,"Frame(Nullable(Patch(FOR(Delta(BitPack)))))",BETWEEN_70PCT,interpreted_plan,4,1,66841661.0,11436,1777,1777,1777,11703
14,"Frame(Nullable(Patch(FOR(Delta(BitPack)))))",BETWEEN_70PCT,interpreted_plan,5,1,67020969.0,11436,1777,1777,1777,11703
14,"Frame(Nullable(Patch(FOR(Delta(BitPack)))))",BETWEEN_70PCT,interpreted_plan,6,1,66761782.0,11436,1777,1777,1777,11703
14,"Frame(Nullable(Patch(FOR(Delta(BitPack)))))",BETWEEN_70PCT,generated_full_page_access,0,3,1368543.3,11256,1777,1777,1777,11703
14,"Frame(Nullable(Patch(FOR(Delta(BitPack)))))",BETWEEN_70PCT,generated_full_page_access,1,3,1362741.0,11256,1777,1777,1777,11703
14,"Frame(Nullable(Patch(FOR(Delta(BitPack)))))",BETWEEN_70PCT,generated_full_page_access,2,3,1363656.0,11256,1777,1777,1777,11703
14,"Frame(Nullable(Patch(FOR(Delta(BitPack)))))",BETWEEN_70PCT,generated_full_page_access,3,3,1368119.3,11256,1777,1777,1777,11703
14,"Frame(Nullable(Patch(FOR(Delta(BitPack)))))",BETWEEN_70PCT,generated_full_page_access,4,3,1364614.0,11256,1777,1777,1777,11703
14,"Frame(Nullable(Patch(FOR(Delta(BitPack)))))",BETWEEN_70PCT,generated_full_page_access,5,3,1363505.7,11256,1777,1777,1777,11703
14,"Frame(Nullable(Patch(FOR(Delta(BitPack)))))",BETWEEN_70PCT,generated_full_page_access,6,3,1359679.7,11256,1777,1777,1777,11703
14,"Frame(Nullable(Patch(FOR(Delta(BitPack)))))",BETWEEN_70PCT,generated,0,3,1366503.3,11256,1777,1777,1777,11703
14,"Frame(Nullable(Patch(FOR(Delta(BitPack)))))",BETWEEN_70PCT,generated,1,3,1367528.3,11256,1777,1777,1777,11703
14,"Frame(Nullable(Patch(FOR(Delta(BitPack)))))",BETWEEN_70PCT,generated,2,3,1366984.3,11256,1777,1777,1777,11703
14,"Frame(Nullable(Patch(FOR(Delta(BitPack)))))",BETWEEN_70PCT,generated,3,3,1363889.7,11256,1777,1777,1777,11703
14,"Frame(Nullable(Patch(FOR(Delta(BitPack)))))",BETWEEN_70PCT,generated,4,3,1362250.3,11256,1777,1777,1777,11703
14,"Frame(Nullable(Patch(FOR(Delta(BitPack)))))",BETWEEN_70PCT,generated,5,3,1363542.3,11256,1777,1777,1777,11703
14,"Frame(Nullable(Patch(FOR(Delta(BitPack)))))",BETWEEN_70PCT,generated,6,3,1362370.7,11256,1777,1777,1777,11703
14,"Frame(Nullable(Patch(FOR(Delta(BitPack)))))",BETWEEN_70PCT,handwritten_monomorphized,0,1,4316234.0,11256,1777,1777,1777,11703
14,"Frame(Nullable(Patch(FOR(Delta(BitPack)))))",BETWEEN_70PCT,handwritten_monomorphized,1,1,4327701.0,11256,1777,1777,1777,11703
14,"Frame(Nullable(Patch(FOR(Delta(BitPack)))))",BETWEEN_70PCT,handwritten_monomorphized,2,1,4357025.0,11256,1777,1777,1777,11703
14,"Frame(Nullable(Patch(FOR(Delta(BitPack)))))",BETWEEN_70PCT,handwritten_monomorphized,3,1,4344646.0,11256,1777,1777,1777,11703
14,"Frame(Nullable(Patch(FOR(Delta(BitPack)))))",BETWEEN_70PCT,handwritten_monomorphized,4,1,4322824.0,11256,1777,1777,1777,11703
14,"Frame(Nullable(Patch(FOR(Delta(BitPack)))))",BETWEEN_70PCT,handwritten_monomorphized,5,1,4333139.0,11256,1777,1777,1777,11703
14,"Frame(Nullable(Patch(FOR(Delta(BitPack)))))",BETWEEN_70PCT,handwritten_monomorphized,6,1,4322002.0,11256,1777,1777,1777,11703
14,"Frame(Nullable(Patch(FOR(Delta(BitPack)))))",FILTER_POINT,full_decode,0,2,1893842.0,15197,1777,1777,1777,16384
14,"Frame(Nullable(Patch(FOR(Delta(BitPack)))))",FILTER_POINT,full_decode,1,2,1897898.5,15197,1777,1777,1777,16384
14,"Frame(Nullable(Patch(FOR(Delta(BitPack)))))",FILTER_POINT,full_decode,2,2,1894573.5,15197,1777,1777,1777,16384
14,"Frame(Nullable(Patch(FOR(Delta(BitPack)))))",FILTER_POINT,full_decode,3,2,1899195.0,15197,1777,1777,1777,16384
14,"Frame(Nullable(Patch(FOR(Delta(BitPack)))))",FILTER_POINT,full_decode,4,2,1890768.0,15197,1777,1777,1777,16384
14,"Frame(Nullable(Patch(FOR(Delta(BitPack)))))",FILTER_POINT,full_decode,5,2,1891399.0,15197,1777,1777,1777,16384
14,"Frame(Nullable(Patch(FOR(Delta(BitPack)))))",FILTER_POINT,full_decode,6,2,1910166.5,15197,1777,1777,1777,16384
14,"Frame(Nullable(Patch(FOR(Delta(BitPack)))))",FILTER_POINT,fused_decode,0,2,1874904.5,15197,1777,1777,1777,16384
14,"Frame(Nullable(Patch(FOR(Delta(BitPack)))))",FILTER_POINT,fused_decode,1,2,1876356.0,15197,1777,1777,1777,16384
14,"Frame(Nullable(Patch(FOR(Delta(BitPack)))))",FILTER_POINT,fused_decode,2,2,1875515.0,15197,1777,1777,1777,16384
14,"Frame(Nullable(Patch(FOR(Delta(BitPack)))))",FILTER_POINT,fused_decode,3,2,1874088.0,15197,1777,1777,1777,16384
14,"Frame(Nullable(Patch(FOR(Delta(BitPack)))))",FILTER_POINT,fused_decode,4,2,1874168.0,15197,1777,1777,1777,16384
14,"Frame(Nullable(Patch(FOR(Delta(BitPack)))))",FILTER_POINT,fused_decode,5,2,1885359.5,15197,1777,1777,1777,16384
14,"Frame(Nullable(Patch(FOR(Delta(BitPack)))))",FILTER_POINT,fused_decode,6,2,1882030.0,15197,1777,1777,1777,16384
14,"Frame(Nullable(Patch(FOR(Delta(BitPack)))))",FILTER_POINT,interpreted_plan,0,1,93202877.0,15449,1777,1777,1777,16384
14,"Frame(Nullable(Patch(FOR(Delta(BitPack)))))",FILTER_POINT,interpreted_plan,1,1,93413902.0,15449,1777,1777,1777,16384
14,"Frame(Nullable(Patch(FOR(Delta(BitPack)))))",FILTER_POINT,interpreted_plan,2,1,93450788.0,15449,1777,1777,1777,16384
14,"Frame(Nullable(Patch(FOR(Delta(BitPack)))))",FILTER_POINT,interpreted_plan,3,1,93329577.0,15449,1777,1777,1777,16384
14,"Frame(Nullable(Patch(FOR(Delta(BitPack)))))",FILTER_POINT,interpreted_plan,4,1,93124761.0,15449,1777,1777,1777,16384
14,"Frame(Nullable(Patch(FOR(Delta(BitPack)))))",FILTER_POINT,interpreted_plan,5,1,93477578.0,15449,1777,1777,1777,16384
14,"Frame(Nullable(Patch(FOR(Delta(BitPack)))))",FILTER_POINT,interpreted_plan,6,1,93146774.0,15449,1777,1777,1777,16384
14,"Frame(Nullable(Patch(FOR(Delta(BitPack)))))",FILTER_POINT,generated_full_page_access,0,2,1879941.5,15197,1777,1777,1777,16384
14,"Frame(Nullable(Patch(FOR(Delta(BitPack)))))",FILTER_POINT,generated_full_page_access,1,2,1876557.0,15197,1777,1777,1777,16384
14,"Frame(Nullable(Patch(FOR(Delta(BitPack)))))",FILTER_POINT,generated_full_page_access,2,2,1878935.0,15197,1777,1777,1777,16384
14,"Frame(Nullable(Patch(FOR(Delta(BitPack)))))",FILTER_POINT,generated_full_page_access,3,2,1880512.5,15197,1777,1777,1777,16384
14,"Frame(Nullable(Patch(FOR(Delta(BitPack)))))",FILTER_POINT,generated_full_page_access,4,2,1883201.5,15197,1777,1777,1777,16384
14,"Frame(Nullable(Patch(FOR(Delta(BitPack)))))",FILTER_POINT,generated_full_page_access,5,2,1875455.0,15197,1777,1777,1777,16384
14,"Frame(Nullable(Patch(FOR(Delta(BitPack)))))",FILTER_POINT,generated_full_page_access,6,2,1878525.0,15197,1777,1777,1777,16384
14,"Frame(Nullable(Patch(FOR(Delta(BitPack)))))",FILTER_POINT,generated,0,2,1876917.0,15197,1777,1777,1777,16384
14,"Frame(Nullable(Patch(FOR(Delta(BitPack)))))",FILTER_POINT,generated,1,2,1905895.5,15197,1777,1777,1777,16384
14,"Frame(Nullable(Patch(FOR(Delta(BitPack)))))",FILTER_POINT,generated,2,2,1881123.5,15197,1777,1777,1777,16384
14,"Frame(Nullable(Patch(FOR(Delta(BitPack)))))",FILTER_POINT,generated,3,2,1880297.5,15197,1777,1777,1777,16384
14,"Frame(Nullable(Patch(FOR(Delta(BitPack)))))",FILTER_POINT,generated,4,2,1874053.0,15197,1777,1777,1777,16384
14,"Frame(Nullable(Patch(FOR(Delta(BitPack)))))",FILTER_POINT,generated,5,2,1880177.0,15197,1777,1777,1777,16384
14,"Frame(Nullable(Patch(FOR(Delta(BitPack)))))",FILTER_POINT,generated,6,2,1891168.5,15197,1777,1777,1777,16384
14,"Frame(Nullable(Patch(FOR(Delta(BitPack)))))",FILTER_POINT,handwritten_monomorphized,0,1,5987339.0,15197,1777,1777,1777,16384
14,"Frame(Nullable(Patch(FOR(Delta(BitPack)))))",FILTER_POINT,handwritten_monomorphized,1,1,5981771.0,15197,1777,1777,1777,16384
14,"Frame(Nullable(Patch(FOR(Delta(BitPack)))))",FILTER_POINT,handwritten_monomorphized,2,1,5988060.0,15197,1777,1777,1777,16384
14,"Frame(Nullable(Patch(FOR(Delta(BitPack)))))",FILTER_POINT,handwritten_monomorphized,3,1,5985125.0,15197,1777,1777,1777,16384
14,"Frame(Nullable(Patch(FOR(Delta(BitPack)))))",FILTER_POINT,handwritten_monomorphized,4,1,6015832.0,15197,1777,1777,1777,16384
14,"Frame(Nullable(Patch(FOR(Delta(BitPack)))))",FILTER_POINT,handwritten_monomorphized,5,1,5983483.0,15197,1777,1777,1777,16384
14,"Frame(Nullable(Patch(FOR(Delta(BitPack)))))",FILTER_POINT,handwritten_monomorphized,6,1,5984544.0,15197,1777,1777,1777,16384
14,"Frame(Nullable(Patch(FOR(Delta(BitPack)))))",FILTER_50PCT,full_decode,0,2,1932315.0,15197,1777,1777,1777,16384
14,"Frame(Nullable(Patch(FOR(Delta(BitPack)))))",FILTER_50PCT,full_decode,1,2,1930417.0,15197,1777,1777,1777,16384
14,"Frame(Nullable(Patch(FOR(Delta(BitPack)))))",FILTER_50PCT,full_decode,2,2,1929170.0,15197,1777,1777,1777,16384
14,"Frame(Nullable(Patch(FOR(Delta(BitPack)))))",FILTER_50PCT,full_decode,3,2,1926736.5,15197,1777,1777,1777,16384
14,"Frame(Nullable(Patch(FOR(Delta(BitPack)))))",FILTER_50PCT,full_decode,4,2,1936501.0,15197,1777,1777,1777,16384
14,"Frame(Nullable(Patch(FOR(Delta(BitPack)))))",FILTER_50PCT,full_decode,5,2,1940522.0,15197,1777,1777,1777,16384
14,"Frame(Nullable(Patch(FOR(Delta(BitPack)))))",FILTER_50PCT,full_decode,6,2,1939906.5,15197,1777,1777,1777,16384
14,"Frame(Nullable(Patch(FOR(Delta(BitPack)))))",FILTER_50PCT,fused_decode,0,2,1907337.5,15197,1777,1777,1777,16384
14,"Frame(Nullable(Patch(FOR(Delta(BitPack)))))",FILTER_50PCT,fused_decode,1,2,1907923.5,15197,1777,1777,1777,16384
14,"Frame(Nullable(Patch(FOR(Delta(BitPack)))))",FILTER_50PCT,fused_decode,2,2,1908019.0,15197,1777,1777,1777,16384
14,"Frame(Nullable(Patch(FOR(Delta(BitPack)))))",FILTER_50PCT,fused_decode,3,2,1909160.0,15197,1777,1777,1777,16384
14,"Frame(Nullable(Patch(FOR(Delta(BitPack)))))",FILTER_50PCT,fused_decode,4,2,1910057.0,15197,1777,1777,1777,16384
14,"Frame(Nullable(Patch(FOR(Delta(BitPack)))))",FILTER_50PCT,fused_decode,5,2,1902695.5,15197,1777,1777,1777,16384
14,"Frame(Nullable(Patch(FOR(Delta(BitPack)))))",FILTER_50PCT,fused_decode,6,2,1908674.5,15197,1777,1777,1777,16384
14,"Frame(Nullable(Patch(FOR(Delta(BitPack)))))",FILTER_50PCT,interpreted_plan,0,1,93264840.0,15449,1777,1777,1777,16384
14,"Frame(Nullable(Patch(FOR(Delta(BitPack)))))",FILTER_50PCT,interpreted_plan,1,1,93116650.0,15449,1777,1777,1777,16384
14,"Frame(Nullable(Patch(FOR(Delta(BitPack)))))",FILTER_50PCT,interpreted_plan,2,1,93325001.0,15449,1777,1777,1777,16384
14,"Frame(Nullable(Patch(FOR(Delta(BitPack)))))",FILTER_50PCT,interpreted_plan,3,1,93184661.0,15449,1777,1777,1777,16384
14,"Frame(Nullable(Patch(FOR(Delta(BitPack)))))",FILTER_50PCT,interpreted_plan,4,1,93175437.0,15449,1777,1777,1777,16384
14,"Frame(Nullable(Patch(FOR(Delta(BitPack)))))",FILTER_50PCT,interpreted_plan,5,1,93164561.0,15449,1777,1777,1777,16384
14,"Frame(Nullable(Patch(FOR(Delta(BitPack)))))",FILTER_50PCT,interpreted_plan,6,1,93309117.0,15449,1777,1777,1777,16384
14,"Frame(Nullable(Patch(FOR(Delta(BitPack)))))",FILTER_50PCT,generated_full_page_access,0,2,1881023.5,15197,1777,1777,1777,16384
14,"Frame(Nullable(Patch(FOR(Delta(BitPack)))))",FILTER_50PCT,generated_full_page_access,1,2,1881288.5,15197,1777,1777,1777,16384
14,"Frame(Nullable(Patch(FOR(Delta(BitPack)))))",FILTER_50PCT,generated_full_page_access,2,2,1880162.0,15197,1777,1777,1777,16384
14,"Frame(Nullable(Patch(FOR(Delta(BitPack)))))",FILTER_50PCT,generated_full_page_access,3,2,1880828.0,15197,1777,1777,1777,16384
14,"Frame(Nullable(Patch(FOR(Delta(BitPack)))))",FILTER_50PCT,generated_full_page_access,4,2,1878760.0,15197,1777,1777,1777,16384
14,"Frame(Nullable(Patch(FOR(Delta(BitPack)))))",FILTER_50PCT,generated_full_page_access,5,2,1887117.5,15197,1777,1777,1777,16384
14,"Frame(Nullable(Patch(FOR(Delta(BitPack)))))",FILTER_50PCT,generated_full_page_access,6,2,1878655.0,15197,1777,1777,1777,16384
14,"Frame(Nullable(Patch(FOR(Delta(BitPack)))))",FILTER_50PCT,generated,0,2,1883477.0,15197,1777,1777,1777,16384
14,"Frame(Nullable(Patch(FOR(Delta(BitPack)))))",FILTER_50PCT,generated,1,2,1881684.0,15197,1777,1777,1777,16384
14,"Frame(Nullable(Patch(FOR(Delta(BitPack)))))",FILTER_50PCT,generated,2,2,1884569.0,15197,1777,1777,1777,16384
14,"Frame(Nullable(Patch(FOR(Delta(BitPack)))))",FILTER_50PCT,generated,3,2,1886987.0,15197,1777,1777,1777,16384
14,"Frame(Nullable(Patch(FOR(Delta(BitPack)))))",FILTER_50PCT,generated,4,2,1886076.0,15197,1777,1777,1777,16384
14,"Frame(Nullable(Patch(FOR(Delta(BitPack)))))",FILTER_50PCT,generated,5,2,1884328.0,15197,1777,1777,1777,16384
14,"Frame(Nullable(Patch(FOR(Delta(BitPack)))))",FILTER_50PCT,generated,6,2,1886211.5,15197,1777,1777,1777,16384
14,"Frame(Nullable(Patch(FOR(Delta(BitPack)))))",FILTER_50PCT,handwritten_monomorphized,0,1,5985346.0,15197,1777,1777,1777,16384
14,"Frame(Nullable(Patch(FOR(Delta(BitPack)))))",FILTER_50PCT,handwritten_monomorphized,1,1,6008180.0,15197,1777,1777,1777,16384
14,"Frame(Nullable(Patch(FOR(Delta(BitPack)))))",FILTER_50PCT,handwritten_monomorphized,2,1,5982882.0,15197,1777,1777,1777,16384
14,"Frame(Nullable(Patch(FOR(Delta(BitPack)))))",FILTER_50PCT,handwritten_monomorphized,3,1,5997744.0,15197,1777,1777,1777,16384
14,"Frame(Nullable(Patch(FOR(Delta(BitPack)))))",FILTER_50PCT,handwritten_monomorphized,4,1,5989572.0,15197,1777,1777,1777,16384
14,"Frame(Nullable(Patch(FOR(Delta(BitPack)))))",FILTER_50PCT,handwritten_monomorphized,5,1,5974349.0,15197,1777,1777,1777,16384
14,"Frame(Nullable(Patch(FOR(Delta(BitPack)))))",FILTER_50PCT,handwritten_monomorphized,6,1,5993849.0,15197,1777,1777,1777,16384
15,"Nullable(UnsignedDelta(BitPack))",GET,full_decode,0,7,653073.6,10724,10784,10784,11008,16384
15,"Nullable(UnsignedDelta(BitPack))",GET,full_decode,1,7,653520.0,10724,10784,10784,11008,16384
15,"Nullable(UnsignedDelta(BitPack))",GET,full_decode,2,7,652472.7,10724,10784,10784,11008,16384
15,"Nullable(UnsignedDelta(BitPack))",GET,full_decode,3,7,652053.6,10724,10784,10784,11008,16384
15,"Nullable(UnsignedDelta(BitPack))",GET,full_decode,4,7,651934.7,10724,10784,10784,11008,16384
15,"Nullable(UnsignedDelta(BitPack))",GET,full_decode,5,7,653275.3,10724,10784,10784,11008,16384
15,"Nullable(UnsignedDelta(BitPack))",GET,full_decode,6,7,652800.4,10724,10784,10784,11008,16384
15,"Nullable(UnsignedDelta(BitPack))",GET,fused_decode,0,7,648927.3,10724,10784,10784,11008,16384
15,"Nullable(UnsignedDelta(BitPack))",GET,fused_decode,1,7,647599.7,10724,10784,10784,11008,16384
15,"Nullable(UnsignedDelta(BitPack))",GET,fused_decode,2,7,647064.7,10724,10784,10784,11008,16384
15,"Nullable(UnsignedDelta(BitPack))",GET,fused_decode,3,7,647928.7,10724,10784,10784,11008,16384
15,"Nullable(UnsignedDelta(BitPack))",GET,fused_decode,4,7,648001.7,10724,10784,10784,11008,16384
15,"Nullable(UnsignedDelta(BitPack))",GET,fused_decode,5,7,647309.3,10724,10784,10784,11008,16384
15,"Nullable(UnsignedDelta(BitPack))",GET,fused_decode,6,7,647456.7,10724,10784,10784,11008,16384
15,"Nullable(UnsignedDelta(BitPack))",GET,interpreted_plan,0,2970,1216.2,529,736,736,11008,1
15,"Nullable(UnsignedDelta(BitPack))",GET,interpreted_plan,1,2970,1219.1,529,736,736,11008,1
15,"Nullable(UnsignedDelta(BitPack))",GET,interpreted_plan,2,2970,1220.4,529,736,736,11008,1
15,"Nullable(UnsignedDelta(BitPack))",GET,interpreted_plan,3,2970,1231.8,529,736,736,11008,1
15,"Nullable(UnsignedDelta(BitPack))",GET,interpreted_plan,4,2970,1235.5,529,736,736,11008,1
15,"Nullable(UnsignedDelta(BitPack))",GET,interpreted_plan,5,2970,1232.7,529,736,736,11008,1
15,"Nullable(UnsignedDelta(BitPack))",GET,interpreted_plan,6,2970,1221.9,529,736,736,11008,1
15,"Nullable(UnsignedDelta(BitPack))",GET,generated_full_page_access,0,9596,485.1,529,11008,11008,11008,1
15,"Nullable(UnsignedDelta(BitPack))",GET,generated_full_page_access,1,9596,486.0,529,11008,11008,11008,1
15,"Nullable(UnsignedDelta(BitPack))",GET,generated_full_page_access,2,9596,485.0,529,11008,11008,11008,1
15,"Nullable(UnsignedDelta(BitPack))",GET,generated_full_page_access,3,9596,483.6,529,11008,11008,11008,1
15,"Nullable(UnsignedDelta(BitPack))",GET,generated_full_page_access,4,9596,484.2,529,11008,11008,11008,1
15,"Nullable(UnsignedDelta(BitPack))",GET,generated_full_page_access,5,9596,484.5,529,11008,11008,11008,1
15,"Nullable(UnsignedDelta(BitPack))",GET,generated_full_page_access,6,9596,485.0,529,11008,11008,11008,1
15,"Nullable(UnsignedDelta(BitPack))",GET,generated,0,5945,809.9,529,736,736,11008,1
15,"Nullable(UnsignedDelta(BitPack))",GET,generated,1,5945,813.4,529,736,736,11008,1
15,"Nullable(UnsignedDelta(BitPack))",GET,generated,2,5945,814.1,529,736,736,11008,1
15,"Nullable(UnsignedDelta(BitPack))",GET,generated,3,5945,814.4,529,736,736,11008,1
15,"Nullable(UnsignedDelta(BitPack))",GET,generated,4,5945,810.8,529,736,736,11008,1
15,"Nullable(UnsignedDelta(BitPack))",GET,generated,5,5945,813.2,529,736,736,11008,1
15,"Nullable(UnsignedDelta(BitPack))",GET,generated,6,5945,814.3,529,736,736,11008,1
15,"Nullable(UnsignedDelta(BitPack))",GET,handwritten_monomorphized,0,3261,1137.8,529,736,736,11008,1
15,"Nullable(UnsignedDelta(BitPack))",GET,handwritten_monomorphized,1,3261,1142.4,529,736,736,11008,1
15,"Nullable(UnsignedDelta(BitPack))",GET,handwritten_monomorphized,2,3261,1142.2,529,736,736,11008,1
15,"Nullable(UnsignedDelta(BitPack))",GET,handwritten_monomorphized,3,3261,1143.1,529,736,736,11008,1
15,"Nullable(UnsignedDelta(BitPack))",GET,handwritten_monomorphized,4,3261,1144.0,529,736,736,11008,1
15,"Nullable(UnsignedDelta(BitPack))",GET,handwritten_monomorphized,5,3261,1140.5,529,736,736,11008,1
15,"Nullable(UnsignedDelta(BitPack))",GET,handwritten_monomorphized,6,3261,1144.0,529,736,736,11008,1
15,"Nullable(UnsignedDelta(BitPack))",SUM_1PCT,full_decode,0,7,653126.6,10724,10784,10784,11008,16384
15,"Nullable(UnsignedDelta(BitPack))",SUM_1PCT,full_decode,1,7,652170.9,10724,10784,10784,11008,16384
15,"Nullable(UnsignedDelta(BitPack))",SUM_1PCT,full_decode,2,7,653027.7,10724,10784,10784,11008,16384
15,"Nullable(UnsignedDelta(BitPack))",SUM_1PCT,full_decode,3,7,653176.6,10724,10784,10784,11008,16384
15,"Nullable(UnsignedDelta(BitPack))",SUM_1PCT,full_decode,4,7,654414.3,10724,10784,10784,11008,16384
15,"Nullable(UnsignedDelta(BitPack))",SUM_1PCT,full_decode,5,7,652940.4,10724,10784,10784,11008,16384
15,"Nullable(UnsignedDelta(BitPack))",SUM_1PCT,full_decode,6,7,652600.0,10724,10784,10784,11008,16384
15,"Nullable(UnsignedDelta(BitPack))",SUM_1PCT,fused_decode,0,7,657769.3,10724,10784,10784,11008,16384
15,"Nullable(UnsignedDelta(BitPack))",SUM_1PCT,fused_decode,1,7,661141.3,10724,10784,10784,11008,16384
15,"Nullable(UnsignedDelta(BitPack))",SUM_1PCT,fused_decode,2,7,660862.4,10724,10784,10784,11008,16384
15,"Nullable(UnsignedDelta(BitPack))",SUM_1PCT,fused_decode,3,7,661616.3,10724,10784,10784,11008,16384
15,"Nullable(UnsignedDelta(BitPack))",SUM_1PCT,fused_decode,4,7,656697.6,10724,10784,10784,11008,16384
15,"Nullable(UnsignedDelta(BitPack))",SUM_1PCT,fused_decode,5,7,657083.9,10724,10784,10784,11008,16384
15,"Nullable(UnsignedDelta(BitPack))",SUM_1PCT,fused_decode,6,7,657425.9,10724,10784,10784,11008,16384
15,"Nullable(UnsignedDelta(BitPack))",SUM_1PCT,interpreted_plan,0,5,922721.8,748,960,960,11008,163
15,"Nullable(UnsignedDelta(BitPack))",SUM_1PCT,interpreted_plan,1,5,923370.4,748,960,960,11008,163
15,"Nullable(UnsignedDelta(BitPack))",SUM_1PCT,interpreted_plan,2,5,922176.8,748,960,960,11008,163
15,"Nullable(UnsignedDelta(BitPack))",SUM_1PCT,interpreted_plan,3,5,926325.0,748,960,960,11008,163
15,"Nullable(UnsignedDelta(BitPack))",SUM_1PCT,interpreted_plan,4,5,926180.8,748,960,960,11008,163
15,"Nullable(UnsignedDelta(BitPack))",SUM_1PCT,interpreted_plan,5,5,926409.0,748,960,960,11008,163
15,"Nullable(UnsignedDelta(BitPack))",SUM_1PCT,interpreted_plan,6,5,928091.6,748,960,960,11008,163
15,"Nullable(UnsignedDelta(BitPack))",SUM_1PCT,generated_full_page_access,0,557,8847.8,744,11008,11008,11008,163
15,"Nullable(UnsignedDelta(BitPack))",SUM_1PCT,generated_full_page_access,1,557,8823.4,744,11008,11008,11008,163
15,"Nullable(UnsignedDelta(BitPack))",SUM_1PCT,generated_full_page_access,2,557,8829.6,744,11008,11008,11008,163
15,"Nullable(UnsignedDelta(BitPack))",SUM_1PCT,generated_full_page_access,3,557,8810.3,744,11008,11008,11008,163
15,"Nullable(UnsignedDelta(BitPack))",SUM_1PCT,generated_full_page_access,4,557,8817.9,744,11008,11008,11008,163
15,"Nullable(UnsignedDelta(BitPack))",SUM_1PCT,generated_full_page_access,5,557,8815.6,744,11008,11008,11008,163
15,"Nullable(UnsignedDelta(BitPack))",SUM_1PCT,generated_full_page_access,6,557,8827.7,744,11008,11008,11008,163
15,"Nullable(UnsignedDelta(BitPack))",SUM_1PCT,generated,0,501,9708.1,744,896,896,11008,163
15,"Nullable(UnsignedDelta(BitPack))",SUM_1PCT,generated,1,501,9773.0,744,896,896,11008,163
15,"Nullable(UnsignedDelta(BitPack))",SUM_1PCT,generated,2,501,9707.0,744,896,896,11008,163
15,"Nullable(UnsignedDelta(BitPack))",SUM_1PCT,generated,3,501,9710.1,744,896,896,11008,163
15,"Nullable(UnsignedDelta(BitPack))",SUM_1PCT,generated,4,501,9712.6,744,896,896,11008,163
15,"Nullable(UnsignedDelta(BitPack))",SUM_1PCT,generated,5,501,9695.2,744,896,896,11008,163
15,"Nullable(UnsignedDelta(BitPack))",SUM_1PCT,generated,6,501,9713.1,744,896,896,11008,163
15,"Nullable(UnsignedDelta(BitPack))",SUM_1PCT,handwritten_monomorphized,0,201,24788.7,744,896,896,11008,163
15,"Nullable(UnsignedDelta(BitPack))",SUM_1PCT,handwritten_monomorphized,1,201,24785.3,744,896,896,11008,163
15,"Nullable(UnsignedDelta(BitPack))",SUM_1PCT,handwritten_monomorphized,2,201,24752.6,744,896,896,11008,163
15,"Nullable(UnsignedDelta(BitPack))",SUM_1PCT,handwritten_monomorphized,3,201,24765.7,744,896,896,11008,163
15,"Nullable(UnsignedDelta(BitPack))",SUM_1PCT,handwritten_monomorphized,4,201,24714.9,744,896,896,11008,163
15,"Nullable(UnsignedDelta(BitPack))",SUM_1PCT,handwritten_monomorphized,5,201,24793.4,744,896,896,11008,163
15,"Nullable(UnsignedDelta(BitPack))",SUM_1PCT,handwritten_monomorphized,6,201,24706.5,744,896,896,11008,163
15,"Nullable(UnsignedDelta(BitPack))",SUM_70PCT,full_decode,0,7,661642.1,10724,10784,10784,11008,16384
15,"Nullable(UnsignedDelta(BitPack))",SUM_70PCT,full_decode,1,7,659939.6,10724,10784,10784,11008,16384
15,"Nullable(UnsignedDelta(BitPack))",SUM_70PCT,full_decode,2,7,662054.1,10724,10784,10784,11008,16384
15,"Nullable(UnsignedDelta(BitPack))",SUM_70PCT,full_decode,3,7,660304.3,10724,10784,10784,11008,16384
15,"Nullable(UnsignedDelta(BitPack))",SUM_70PCT,full_decode,4,7,659159.7,10724,10784,10784,11008,16384
15,"Nullable(UnsignedDelta(BitPack))",SUM_70PCT,full_decode,5,7,659112.7,10724,10784,10784,11008,16384
15,"Nullable(UnsignedDelta(BitPack))",SUM_70PCT,full_decode,6,7,660026.9,10724,10784,10784,11008,16384
15,"Nullable(UnsignedDelta(BitPack))",SUM_70PCT,fused_decode,0,7,678683.3,10724,10784,10784,11008,16384
15,"Nullable(UnsignedDelta(BitPack))",SUM_70PCT,fused_decode,1,7,679181.1,10724,10784,10784,11008,16384
15,"Nullable(UnsignedDelta(BitPack))",SUM_70PCT,fused_decode,2,7,678457.1,10724,10784,10784,11008,16384
15,"Nullable(UnsignedDelta(BitPack))",SUM_70PCT,fused_decode,3,7,675435.6,10724,10784,10784,11008,16384
15,"Nullable(UnsignedDelta(BitPack))",SUM_70PCT,fused_decode,4,7,681850.9,10724,10784,10784,11008,16384
15,"Nullable(UnsignedDelta(BitPack))",SUM_70PCT,fused_decode,5,7,676165.3,10724,10784,10784,11008,16384
15,"Nullable(UnsignedDelta(BitPack))",SUM_70PCT,fused_decode,6,7,675695.9,10724,10784,10784,11008,16384
15,"Nullable(UnsignedDelta(BitPack))",SUM_70PCT,interpreted_plan,0,1,66328938.0,8402,8576,8576,11008,11703
15,"Nullable(UnsignedDelta(BitPack))",SUM_70PCT,interpreted_plan,1,1,66296098.0,8402,8576,8576,11008,11703
15,"Nullable(UnsignedDelta(BitPack))",SUM_70PCT,interpreted_plan,2,1,66105364.0,8402,8576,8576,11008,11703
15,"Nullable(UnsignedDelta(BitPack))",SUM_70PCT,interpreted_plan,3,1,66154597.0,8402,8576,8576,11008,11703
15,"Nullable(UnsignedDelta(BitPack))",SUM_70PCT,interpreted_plan,4,1,66201357.0,8402,8576,8576,11008,11703
15,"Nullable(UnsignedDelta(BitPack))",SUM_70PCT,interpreted_plan,5,1,66169429.0,8402,8576,8576,11008,11703
15,"Nullable(UnsignedDelta(BitPack))",SUM_70PCT,interpreted_plan,6,1,66161247.0,8402,8576,8576,11008,11703
15,"Nullable(UnsignedDelta(BitPack))",SUM_70PCT,generated_full_page_access,0,11,442505.2,8222,11008,11008,11008,11703
15,"Nullable(UnsignedDelta(BitPack))",SUM_70PCT,generated_full_page_access,1,11,442890.4,8222,11008,11008,11008,11703
15,"Nullable(UnsignedDelta(BitPack))",SUM_70PCT,generated_full_page_access,2,11,442767.5,8222,11008,11008,11008,11703
15,"Nullable(UnsignedDelta(BitPack))",SUM_70PCT,generated_full_page_access,3,11,442720.0,8222,11008,11008,11008,11703
15,"Nullable(UnsignedDelta(BitPack))",SUM_70PCT,generated_full_page_access,4,11,442049.1,8222,11008,11008,11008,11703
15,"Nullable(UnsignedDelta(BitPack))",SUM_70PCT,generated_full_page_access,5,11,442416.0,8222,11008,11008,11008,11703
15,"Nullable(UnsignedDelta(BitPack))",SUM_70PCT,generated_full_page_access,6,11,442367.7,8222,11008,11008,11008,11703
15,"Nullable(UnsignedDelta(BitPack))",SUM_70PCT,generated,0,10,469198.5,8222,8384,8384,11008,11703
15,"Nullable(UnsignedDelta(BitPack))",SUM_70PCT,generated,1,10,468577.5,8222,8384,8384,11008,11703
15,"Nullable(UnsignedDelta(BitPack))",SUM_70PCT,generated,2,10,469609.2,8222,8384,8384,11008,11703
15,"Nullable(UnsignedDelta(BitPack))",SUM_70PCT,generated,3,10,468963.1,8222,8384,8384,11008,11703
15,"Nullable(UnsignedDelta(BitPack))",SUM_70PCT,generated,4,10,468313.2,8222,8384,8384,11008,11703
15,"Nullable(UnsignedDelta(BitPack))",SUM_70PCT,generated,5,10,469898.6,8222,8384,8384,11008,11703
15,"Nullable(UnsignedDelta(BitPack))",SUM_70PCT,generated,6,10,470066.8,8222,8384,8384,11008,11703
15,"Nullable(UnsignedDelta(BitPack))",SUM_70PCT,handwritten_monomorphized,0,5,989857.8,8222,8384,8384,11008,11703
15,"Nullable(UnsignedDelta(BitPack))",SUM_70PCT,handwritten_monomorphized,1,5,993673.4,8222,8384,8384,11008,11703
15,"Nullable(UnsignedDelta(BitPack))",SUM_70PCT,handwritten_monomorphized,2,5,992952.4,8222,8384,8384,11008,11703
15,"Nullable(UnsignedDelta(BitPack))",SUM_70PCT,handwritten_monomorphized,3,5,992363.6,8222,8384,8384,11008,11703
15,"Nullable(UnsignedDelta(BitPack))",SUM_70PCT,handwritten_monomorphized,4,5,989605.4,8222,8384,8384,11008,11703
15,"Nullable(UnsignedDelta(BitPack))",SUM_70PCT,handwritten_monomorphized,5,5,994140.2,8222,8384,8384,11008,11703
15,"Nullable(UnsignedDelta(BitPack))",SUM_70PCT,handwritten_monomorphized,6,5,993225.0,8222,8384,8384,11008,11703
15,"Nullable(UnsignedDelta(BitPack))",BETWEEN_1PCT,full_decode,0,7,651899.0,10724,10784,10784,11008,16384
15,"Nullable(UnsignedDelta(BitPack))",BETWEEN_1PCT,full_decode,1,7,652259.4,10724,10784,10784,11008,16384
15,"Nullable(UnsignedDelta(BitPack))",BETWEEN_1PCT,full_decode,2,7,652308.3,10724,10784,10784,11008,16384
15,"Nullable(UnsignedDelta(BitPack))",BETWEEN_1PCT,full_decode,3,7,652425.4,10724,10784,10784,11008,16384
15,"Nullable(UnsignedDelta(BitPack))",BETWEEN_1PCT,full_decode,4,7,653377.0,10724,10784,10784,11008,16384
15,"Nullable(UnsignedDelta(BitPack))",BETWEEN_1PCT,full_decode,5,7,652907.6,10724,10784,10784,11008,16384
15,"Nullable(UnsignedDelta(BitPack))",BETWEEN_1PCT,full_decode,6,7,654900.7,10724,10784,10784,11008,16384
15,"Nullable(UnsignedDelta(BitPack))",BETWEEN_1PCT,fused_decode,0,7,649828.7,10724,10784,10784,11008,16384
15,"Nullable(UnsignedDelta(BitPack))",BETWEEN_1PCT,fused_decode,1,7,649152.0,10724,10784,10784,11008,16384
15,"Nullable(UnsignedDelta(BitPack))",BETWEEN_1PCT,fused_decode,2,7,649996.3,10724,10784,10784,11008,16384
15,"Nullable(UnsignedDelta(BitPack))",BETWEEN_1PCT,fused_decode,3,7,648937.4,10724,10784,10784,11008,16384
15,"Nullable(UnsignedDelta(BitPack))",BETWEEN_1PCT,fused_decode,4,7,649018.9,10724,10784,10784,11008,16384
15,"Nullable(UnsignedDelta(BitPack))",BETWEEN_1PCT,fused_decode,5,7,648873.0,10724,10784,10784,11008,16384
15,"Nullable(UnsignedDelta(BitPack))",BETWEEN_1PCT,fused_decode,6,7,649259.3,10724,10784,10784,11008,16384
15,"Nullable(UnsignedDelta(BitPack))",BETWEEN_1PCT,interpreted_plan,0,5,924430.2,748,960,960,11008,163
15,"Nullable(UnsignedDelta(BitPack))",BETWEEN_1PCT,interpreted_plan,1,5,924632.4,748,960,960,11008,163
15,"Nullable(UnsignedDelta(BitPack))",BETWEEN_1PCT,interpreted_plan,2,5,925325.4,748,960,960,11008,163
15,"Nullable(UnsignedDelta(BitPack))",BETWEEN_1PCT,interpreted_plan,3,5,924299.8,748,960,960,11008,163
15,"Nullable(UnsignedDelta(BitPack))",BETWEEN_1PCT,interpreted_plan,4,5,926162.8,748,960,960,11008,163
15,"Nullable(UnsignedDelta(BitPack))",BETWEEN_1PCT,interpreted_plan,5,5,924432.2,748,960,960,11008,163
15,"Nullable(UnsignedDelta(BitPack))",BETWEEN_1PCT,interpreted_plan,6,5,924900.8,748,960,960,11008,163
15,"Nullable(UnsignedDelta(BitPack))",BETWEEN_1PCT,generated_full_page_access,0,528,9311.6,744,11008,11008,11008,163
15,"Nullable(UnsignedDelta(BitPack))",BETWEEN_1PCT,generated_full_page_access,1,528,9320.1,744,11008,11008,11008,163
15,"Nullable(UnsignedDelta(BitPack))",BETWEEN_1PCT,generated_full_page_access,2,528,9324.4,744,11008,11008,11008,163
15,"Nullable(UnsignedDelta(BitPack))",BETWEEN_1PCT,generated_full_page_access,3,528,9316.6,744,11008,11008,11008,163
15,"Nullable(UnsignedDelta(BitPack))",BETWEEN_1PCT,generated_full_page_access,4,528,9314.5,744,11008,11008,11008,163
15,"Nullable(UnsignedDelta(BitPack))",BETWEEN_1PCT,generated_full_page_access,5,528,9323.8,744,11008,11008,11008,163
15,"Nullable(UnsignedDelta(BitPack))",BETWEEN_1PCT,generated_full_page_access,6,528,9339.7,744,11008,11008,11008,163
15,"Nullable(UnsignedDelta(BitPack))",BETWEEN_1PCT,generated,0,465,10203.5,744,896,896,11008,163
15,"Nullable(UnsignedDelta(BitPack))",BETWEEN_1PCT,generated,1,465,10199.5,744,896,896,11008,163
15,"Nullable(UnsignedDelta(BitPack))",BETWEEN_1PCT,generated,2,465,10223.3,744,896,896,11008,163
15,"Nullable(UnsignedDelta(BitPack))",BETWEEN_1PCT,generated,3,465,10196.8,744,896,896,11008,163
15,"Nullable(UnsignedDelta(BitPack))",BETWEEN_1PCT,generated,4,465,10177.6,744,896,896,11008,163
15,"Nullable(UnsignedDelta(BitPack))",BETWEEN_1PCT,generated,5,465,10199.4,744,896,896,11008,163
15,"Nullable(UnsignedDelta(BitPack))",BETWEEN_1PCT,generated,6,465,10202.6,744,896,896,11008,163
15,"Nullable(UnsignedDelta(BitPack))",BETWEEN_1PCT,handwritten_monomorphized,0,197,25413.3,744,896,896,11008,163
15,"Nullable(UnsignedDelta(BitPack))",BETWEEN_1PCT,handwritten_monomorphized,1,197,25433.8,744,896,896,11008,163
15,"Nullable(UnsignedDelta(BitPack))",BETWEEN_1PCT,handwritten_monomorphized,2,197,25404.9,744,896,896,11008,163
15,"Nullable(UnsignedDelta(BitPack))",BETWEEN_1PCT,handwritten_monomorphized,3,197,25383.6,744,896,896,11008,163
15,"Nullable(UnsignedDelta(BitPack))",BETWEEN_1PCT,handwritten_monomorphized,4,197,25389.2,744,896,896,11008,163
15,"Nullable(UnsignedDelta(BitPack))",BETWEEN_1PCT,handwritten_monomorphized,5,197,25420.5,744,896,896,11008,163
15,"Nullable(UnsignedDelta(BitPack))",BETWEEN_1PCT,handwritten_monomorphized,6,197,25365.3,744,896,896,11008,163
15,"Nullable(UnsignedDelta(BitPack))",BETWEEN_70PCT,full_decode,0,7,676291.1,10724,10784,10784,11008,16384
15,"Nullable(UnsignedDelta(BitPack))",BETWEEN_70PCT,full_decode,1,7,676482.7,10724,10784,10784,11008,16384
15,"Nullable(UnsignedDelta(BitPack))",BETWEEN_70PCT,full_decode,2,7,675414.0,10724,10784,10784,11008,16384
15,"Nullable(UnsignedDelta(BitPack))",BETWEEN_70PCT,full_decode,3,7,682155.6,10724,10784,10784,11008,16384
15,"Nullable(UnsignedDelta(BitPack))",BETWEEN_70PCT,full_decode,4,7,676291.0,10724,10784,10784,11008,16384
15,"Nullable(UnsignedDelta(BitPack))",BETWEEN_70PCT,full_decode,5,7,676078.0,10724,10784,10784,11008,16384
15,"Nullable(UnsignedDelta(BitPack))",BETWEEN_70PCT,full_decode,6,7,676929.3,10724,10784,10784,11008,16384
15,"Nullable(UnsignedDelta(BitPack))",BETWEEN_70PCT,fused_decode,0,7,672489.7,10724,10784,10784,11008,16384
15,"Nullable(UnsignedDelta(BitPack))",BETWEEN_70PCT,fused_decode,1,7,673032.0,10724,10784,10784,11008,16384
15,"Nullable(UnsignedDelta(BitPack))",BETWEEN_70PCT,fused_decode,2,7,672130.7,10724,10784,10784,11008,16384
15,"Nullable(UnsignedDelta(BitPack))",BETWEEN_70PCT,fused_decode,3,7,671615.4,10724,10784,10784,11008,16384
15,"Nullable(UnsignedDelta(BitPack))",BETWEEN_70PCT,fused_decode,4,7,669309.1,10724,10784,10784,11008,16384
15,"Nullable(UnsignedDelta(BitPack))",BETWEEN_70PCT,fused_decode,5,7,668933.0,10724,10784,10784,11008,16384
15,"Nullable(UnsignedDelta(BitPack))",BETWEEN_70PCT,fused_decode,6,7,669237.9,10724,10784,10784,11008,16384
15,"Nullable(UnsignedDelta(BitPack))",BETWEEN_70PCT,interpreted_plan,0,1,66110672.0,8402,8576,8576,11008,11703
15,"Nullable(UnsignedDelta(BitPack))",BETWEEN_70PCT,interpreted_plan,1,1,66173455.0,8402,8576,8576,11008,11703
15,"Nullable(UnsignedDelta(BitPack))",BETWEEN_70PCT,interpreted_plan,2,1,66252794.0,8402,8576,8576,11008,11703
15,"Nullable(UnsignedDelta(BitPack))",BETWEEN_70PCT,interpreted_plan,3,1,66115569.0,8402,8576,8576,11008,11703
15,"Nullable(UnsignedDelta(BitPack))",BETWEEN_70PCT,interpreted_plan,4,1,66239755.0,8402,8576,8576,11008,11703
15,"Nullable(UnsignedDelta(BitPack))",BETWEEN_70PCT,interpreted_plan,5,1,66151853.0,8402,8576,8576,11008,11703
15,"Nullable(UnsignedDelta(BitPack))",BETWEEN_70PCT,interpreted_plan,6,1,66191302.0,8402,8576,8576,11008,11703
15,"Nullable(UnsignedDelta(BitPack))",BETWEEN_70PCT,generated_full_page_access,0,10,463130.4,8222,11008,11008,11008,11703
15,"Nullable(UnsignedDelta(BitPack))",BETWEEN_70PCT,generated_full_page_access,1,10,463699.2,8222,11008,11008,11008,11703
15,"Nullable(UnsignedDelta(BitPack))",BETWEEN_70PCT,generated_full_page_access,2,10,463528.1,8222,11008,11008,11008,11703
15,"Nullable(UnsignedDelta(BitPack))",BETWEEN_70PCT,generated_full_page_access,3,10,463364.8,8222,11008,11008,11008,11703
15,"Nullable(UnsignedDelta(BitPack))",BETWEEN_70PCT,generated_full_page_access,4,10,463422.9,8222,11008,11008,11008,11703
15,"Nullable(UnsignedDelta(BitPack))",BETWEEN_70PCT,generated_full_page_access,5,10,464907.1,8222,11008,11008,11008,11703
15,"Nullable(UnsignedDelta(BitPack))",BETWEEN_70PCT,generated_full_page_access,6,10,464726.8,8222,11008,11008,11008,11703
15,"Nullable(UnsignedDelta(BitPack))",BETWEEN_70PCT,generated,0,10,492595.5,8222,8384,8384,11008,11703
15,"Nullable(UnsignedDelta(BitPack))",BETWEEN_70PCT,generated,1,10,492760.7,8222,8384,8384,11008,11703
15,"Nullable(UnsignedDelta(BitPack))",BETWEEN_70PCT,generated,2,10,492005.5,8222,8384,8384,11008,11703
15,"Nullable(UnsignedDelta(BitPack))",BETWEEN_70PCT,generated,3,10,492069.7,8222,8384,8384,11008,11703
15,"Nullable(UnsignedDelta(BitPack))",BETWEEN_70PCT,generated,4,10,492975.0,8222,8384,8384,11008,11703
15,"Nullable(UnsignedDelta(BitPack))",BETWEEN_70PCT,generated,5,10,491892.4,8222,8384,8384,11008,11703
15,"Nullable(UnsignedDelta(BitPack))",BETWEEN_70PCT,generated,6,10,491281.5,8222,8384,8384,11008,11703
15,"Nullable(UnsignedDelta(BitPack))",BETWEEN_70PCT,handwritten_monomorphized,0,4,1015003.0,8222,8384,8384,11008,11703
15,"Nullable(UnsignedDelta(BitPack))",BETWEEN_70PCT,handwritten_monomorphized,1,4,1015924.2,8222,8384,8384,11008,11703
15,"Nullable(UnsignedDelta(BitPack))",BETWEEN_70PCT,handwritten_monomorphized,2,4,1015656.5,8222,8384,8384,11008,11703
15,"Nullable(UnsignedDelta(BitPack))",BETWEEN_70PCT,handwritten_monomorphized,3,4,1018723.5,8222,8384,8384,11008,11703
15,"Nullable(UnsignedDelta(BitPack))",BETWEEN_70PCT,handwritten_monomorphized,4,4,1018227.8,8222,8384,8384,11008,11703
15,"Nullable(UnsignedDelta(BitPack))",BETWEEN_70PCT,handwritten_monomorphized,5,4,1015994.2,8222,8384,8384,11008,11703
15,"Nullable(UnsignedDelta(BitPack))",BETWEEN_70PCT,handwritten_monomorphized,6,4,1016875.8,8222,8384,8384,11008,11703
15,"Nullable(UnsignedDelta(BitPack))",FILTER_POINT,full_decode,0,7,664547.9,10724,10784,10784,11008,16384
15,"Nullable(UnsignedDelta(BitPack))",FILTER_POINT,full_decode,1,7,663091.4,10724,10784,10784,11008,16384
15,"Nullable(UnsignedDelta(BitPack))",FILTER_POINT,full_decode,2,7,669645.4,10724,10784,10784,11008,16384
15,"Nullable(UnsignedDelta(BitPack))",FILTER_POINT,full_decode,3,7,663872.7,10724,10784,10784,11008,16384
15,"Nullable(UnsignedDelta(BitPack))",FILTER_POINT,full_decode,4,7,664550.7,10724,10784,10784,11008,16384
15,"Nullable(UnsignedDelta(BitPack))",FILTER_POINT,full_decode,5,7,664779.6,10724,10784,10784,11008,16384
15,"Nullable(UnsignedDelta(BitPack))",FILTER_POINT,full_decode,6,7,664236.0,10724,10784,10784,11008,16384
15,"Nullable(UnsignedDelta(BitPack))",FILTER_POINT,fused_decode,0,7,654485.7,10724,10784,10784,11008,16384
15,"Nullable(UnsignedDelta(BitPack))",FILTER_POINT,fused_decode,1,7,655335.4,10724,10784,10784,11008,16384
15,"Nullable(UnsignedDelta(BitPack))",FILTER_POINT,fused_decode,2,7,654761.7,10724,10784,10784,11008,16384
15,"Nullable(UnsignedDelta(BitPack))",FILTER_POINT,fused_decode,3,7,657543.1,10724,10784,10784,11008,16384
15,"Nullable(UnsignedDelta(BitPack))",FILTER_POINT,fused_decode,4,7,654799.1,10724,10784,10784,11008,16384
15,"Nullable(UnsignedDelta(BitPack))",FILTER_POINT,fused_decode,5,7,654561.6,10724,10784,10784,11008,16384
15,"Nullable(UnsignedDelta(BitPack))",FILTER_POINT,fused_decode,6,7,656872.1,10724,10784,10784,11008,16384
15,"Nullable(UnsignedDelta(BitPack))",FILTER_POINT,interpreted_plan,0,1,86658790.0,10960,10976,10976,11008,16384
15,"Nullable(UnsignedDelta(BitPack))",FILTER_POINT,interpreted_plan,1,1,86433093.0,10960,10976,10976,11008,16384
15,"Nullable(UnsignedDelta(BitPack))",FILTER_POINT,interpreted_plan,2,1,86445913.0,10960,10976,10976,11008,16384
15,"Nullable(UnsignedDelta(BitPack))",FILTER_POINT,interpreted_plan,3,1,86559743.0,10960,10976,10976,11008,16384
15,"Nullable(UnsignedDelta(BitPack))",FILTER_POINT,interpreted_plan,4,1,86566973.0,10960,10976,10976,11008,16384
15,"Nullable(UnsignedDelta(BitPack))",FILTER_POINT,interpreted_plan,5,1,86495376.0,10960,10976,10976,11008,16384
15,"Nullable(UnsignedDelta(BitPack))",FILTER_POINT,interpreted_plan,6,1,86728755.0,10960,10976,10976,11008,16384
15,"Nullable(UnsignedDelta(BitPack))",FILTER_POINT,generated_full_page_access,0,137,35753.6,1295,11008,11008,11008,27
15,"Nullable(UnsignedDelta(BitPack))",FILTER_POINT,generated_full_page_access,1,137,35769.5,1295,11008,11008,11008,27
15,"Nullable(UnsignedDelta(BitPack))",FILTER_POINT,generated_full_page_access,2,137,35738.1,1295,11008,11008,11008,27
15,"Nullable(UnsignedDelta(BitPack))",FILTER_POINT,generated_full_page_access,3,137,35770.3,1295,11008,11008,11008,27
15,"Nullable(UnsignedDelta(BitPack))",FILTER_POINT,generated_full_page_access,4,137,35716.5,1295,11008,11008,11008,27
15,"Nullable(UnsignedDelta(BitPack))",FILTER_POINT,generated_full_page_access,5,137,35817.0,1295,11008,11008,11008,27
15,"Nullable(UnsignedDelta(BitPack))",FILTER_POINT,generated_full_page_access,6,137,35722.2,1295,11008,11008,11008,27
15,"Nullable(UnsignedDelta(BitPack))",FILTER_POINT,generated,0,124,40108.8,1295,1792,1792,11008,27
15,"Nullable(UnsignedDelta(BitPack))",FILTER_POINT,generated,1,124,39938.7,1295,1792,1792,11008,27
15,"Nullable(UnsignedDelta(BitPack))",FILTER_POINT,generated,2,124,39880.9,1295,1792,1792,11008,27
15,"Nullable(UnsignedDelta(BitPack))",FILTER_POINT,generated,3,124,39801.4,1295,1792,1792,11008,27
15,"Nullable(UnsignedDelta(BitPack))",FILTER_POINT,generated,4,124,39857.2,1295,1792,1792,11008,27
15,"Nullable(UnsignedDelta(BitPack))",FILTER_POINT,generated,5,124,39868.7,1295,1792,1792,11008,27
15,"Nullable(UnsignedDelta(BitPack))",FILTER_POINT,generated,6,124,40007.2,1295,1792,1792,11008,27
15,"Nullable(UnsignedDelta(BitPack))",FILTER_POINT,handwritten_monomorphized,0,33,147739.4,1295,1792,1792,11008,27
15,"Nullable(UnsignedDelta(BitPack))",FILTER_POINT,handwritten_monomorphized,1,33,148029.8,1295,1792,1792,11008,27
15,"Nullable(UnsignedDelta(BitPack))",FILTER_POINT,handwritten_monomorphized,2,33,148011.0,1295,1792,1792,11008,27
15,"Nullable(UnsignedDelta(BitPack))",FILTER_POINT,handwritten_monomorphized,3,33,148267.4,1295,1792,1792,11008,27
15,"Nullable(UnsignedDelta(BitPack))",FILTER_POINT,handwritten_monomorphized,4,33,148035.6,1295,1792,1792,11008,27
15,"Nullable(UnsignedDelta(BitPack))",FILTER_POINT,handwritten_monomorphized,5,33,147919.3,1295,1792,1792,11008,27
15,"Nullable(UnsignedDelta(BitPack))",FILTER_POINT,handwritten_monomorphized,6,33,148102.9,1295,1792,1792,11008,27
15,"Nullable(UnsignedDelta(BitPack))",FILTER_50PCT,full_decode,0,7,680803.7,10724,10784,10784,11008,16384
15,"Nullable(UnsignedDelta(BitPack))",FILTER_50PCT,full_decode,1,7,681609.0,10724,10784,10784,11008,16384
15,"Nullable(UnsignedDelta(BitPack))",FILTER_50PCT,full_decode,2,7,681436.0,10724,10784,10784,11008,16384
15,"Nullable(UnsignedDelta(BitPack))",FILTER_50PCT,full_decode,3,7,678744.7,10724,10784,10784,11008,16384
15,"Nullable(UnsignedDelta(BitPack))",FILTER_50PCT,full_decode,4,7,681455.9,10724,10784,10784,11008,16384
15,"Nullable(UnsignedDelta(BitPack))",FILTER_50PCT,full_decode,5,7,680285.6,10724,10784,10784,11008,16384
15,"Nullable(UnsignedDelta(BitPack))",FILTER_50PCT,full_decode,6,7,679003.7,10724,10784,10784,11008,16384
15,"Nullable(UnsignedDelta(BitPack))",FILTER_50PCT,fused_decode,0,7,673136.4,10724,10784,10784,11008,16384
15,"Nullable(UnsignedDelta(BitPack))",FILTER_50PCT,fused_decode,1,7,672462.6,10724,10784,10784,11008,16384
15,"Nullable(UnsignedDelta(BitPack))",FILTER_50PCT,fused_decode,2,7,670478.1,10724,10784,10784,11008,16384
15,"Nullable(UnsignedDelta(BitPack))",FILTER_50PCT,fused_decode,3,7,671587.0,10724,10784,10784,11008,16384
15,"Nullable(UnsignedDelta(BitPack))",FILTER_50PCT,fused_decode,4,7,671197.9,10724,10784,10784,11008,16384
15,"Nullable(UnsignedDelta(BitPack))",FILTER_50PCT,fused_decode,5,7,671492.6,10724,10784,10784,11008,16384
15,"Nullable(UnsignedDelta(BitPack))",FILTER_50PCT,fused_decode,6,7,671352.3,10724,10784,10784,11008,16384
15,"Nullable(UnsignedDelta(BitPack))",FILTER_50PCT,interpreted_plan,0,1,86227306.0,10960,10976,10976,11008,16384
15,"Nullable(UnsignedDelta(BitPack))",FILTER_50PCT,interpreted_plan,1,1,86183842.0,10960,10976,10976,11008,16384
15,"Nullable(UnsignedDelta(BitPack))",FILTER_50PCT,interpreted_plan,2,1,86243501.0,10960,10976,10976,11008,16384
15,"Nullable(UnsignedDelta(BitPack))",FILTER_50PCT,interpreted_plan,3,1,86222530.0,10960,10976,10976,11008,16384
15,"Nullable(UnsignedDelta(BitPack))",FILTER_50PCT,interpreted_plan,4,1,86187598.0,10960,10976,10976,11008,16384
15,"Nullable(UnsignedDelta(BitPack))",FILTER_50PCT,interpreted_plan,5,1,86210182.0,10960,10976,10976,11008,16384
15,"Nullable(UnsignedDelta(BitPack))",FILTER_50PCT,interpreted_plan,6,1,86201719.0,10960,10976,10976,11008,16384
15,"Nullable(UnsignedDelta(BitPack))",FILTER_50PCT,generated_full_page_access,0,114,41942.5,1347,11008,11008,11008,28
15,"Nullable(UnsignedDelta(BitPack))",FILTER_50PCT,generated_full_page_access,1,114,41846.9,1347,11008,11008,11008,28
15,"Nullable(UnsignedDelta(BitPack))",FILTER_50PCT,generated_full_page_access,2,114,41794.4,1347,11008,11008,11008,28
15,"Nullable(UnsignedDelta(BitPack))",FILTER_50PCT,generated_full_page_access,3,114,41844.9,1347,11008,11008,11008,28
15,"Nullable(UnsignedDelta(BitPack))",FILTER_50PCT,generated_full_page_access,4,114,42060.4,1347,11008,11008,11008,28
15,"Nullable(UnsignedDelta(BitPack))",FILTER_50PCT,generated_full_page_access,5,114,41754.2,1347,11008,11008,11008,28
15,"Nullable(UnsignedDelta(BitPack))",FILTER_50PCT,generated_full_page_access,6,114,41813.9,1347,11008,11008,11008,28
15,"Nullable(UnsignedDelta(BitPack))",FILTER_50PCT,generated,0,102,48635.8,1347,2144,2144,11008,28
15,"Nullable(UnsignedDelta(BitPack))",FILTER_50PCT,generated,1,102,48567.1,1347,2144,2144,11008,28
15,"Nullable(UnsignedDelta(BitPack))",FILTER_50PCT,generated,2,102,48757.2,1347,2144,2144,11008,28
15,"Nullable(UnsignedDelta(BitPack))",FILTER_50PCT,generated,3,102,48592.0,1347,2144,2144,11008,28
15,"Nullable(UnsignedDelta(BitPack))",FILTER_50PCT,generated,4,102,48684.1,1347,2144,2144,11008,28
15,"Nullable(UnsignedDelta(BitPack))",FILTER_50PCT,generated,5,102,48678.4,1347,2144,2144,11008,28
15,"Nullable(UnsignedDelta(BitPack))",FILTER_50PCT,generated,6,102,48723.0,1347,2144,2144,11008,28
15,"Nullable(UnsignedDelta(BitPack))",FILTER_50PCT,handwritten_monomorphized,0,26,181033.8,1347,2144,2144,11008,28
15,"Nullable(UnsignedDelta(BitPack))",FILTER_50PCT,handwritten_monomorphized,1,26,181043.8,1347,2144,2144,11008,28
15,"Nullable(UnsignedDelta(BitPack))",FILTER_50PCT,handwritten_monomorphized,2,26,181298.3,1347,2144,2144,11008,28
15,"Nullable(UnsignedDelta(BitPack))",FILTER_50PCT,handwritten_monomorphized,3,26,181804.9,1347,2144,2144,11008,28
15,"Nullable(UnsignedDelta(BitPack))",FILTER_50PCT,handwritten_monomorphized,4,26,181459.4,1347,2144,2144,11008,28
15,"Nullable(UnsignedDelta(BitPack))",FILTER_50PCT,handwritten_monomorphized,5,26,181127.7,1347,2144,2144,11008,28
15,"Nullable(UnsignedDelta(BitPack))",FILTER_50PCT,handwritten_monomorphized,6,26,181255.6,1347,2144,2144,11008,28
16,"Nullable(UnsignedDelta(BitPack))",GET,full_decode,0,7,652662.9,10724,10784,10784,11008,16384
16,"Nullable(UnsignedDelta(BitPack))",GET,full_decode,1,7,653222.3,10724,10784,10784,11008,16384
16,"Nullable(UnsignedDelta(BitPack))",GET,full_decode,2,7,653507.0,10724,10784,10784,11008,16384
16,"Nullable(UnsignedDelta(BitPack))",GET,full_decode,3,7,652454.1,10724,10784,10784,11008,16384
16,"Nullable(UnsignedDelta(BitPack))",GET,full_decode,4,7,652618.7,10724,10784,10784,11008,16384
16,"Nullable(UnsignedDelta(BitPack))",GET,full_decode,5,7,653384.1,10724,10784,10784,11008,16384
16,"Nullable(UnsignedDelta(BitPack))",GET,full_decode,6,7,653527.1,10724,10784,10784,11008,16384
16,"Nullable(UnsignedDelta(BitPack))",GET,fused_decode,0,7,651870.4,10724,10784,10784,11008,16384
16,"Nullable(UnsignedDelta(BitPack))",GET,fused_decode,1,7,650469.7,10724,10784,10784,11008,16384
16,"Nullable(UnsignedDelta(BitPack))",GET,fused_decode,2,7,649840.1,10724,10784,10784,11008,16384
16,"Nullable(UnsignedDelta(BitPack))",GET,fused_decode,3,7,652368.3,10724,10784,10784,11008,16384
16,"Nullable(UnsignedDelta(BitPack))",GET,fused_decode,4,7,650524.1,10724,10784,10784,11008,16384
16,"Nullable(UnsignedDelta(BitPack))",GET,fused_decode,5,7,650539.9,10724,10784,10784,11008,16384
16,"Nullable(UnsignedDelta(BitPack))",GET,fused_decode,6,7,655590.1,10724,10784,10784,11008,16384
16,"Nullable(UnsignedDelta(BitPack))",GET,interpreted_plan,0,4091,1191.1,529,736,736,11008,1
16,"Nullable(UnsignedDelta(BitPack))",GET,interpreted_plan,1,4091,1191.4,529,736,736,11008,1
16,"Nullable(UnsignedDelta(BitPack))",GET,interpreted_plan,2,4091,1194.5,529,736,736,11008,1
16,"Nullable(UnsignedDelta(BitPack))",GET,interpreted_plan,3,4091,1203.0,529,736,736,11008,1
16,"Nullable(UnsignedDelta(BitPack))",GET,interpreted_plan,4,4091,1204.0,529,736,736,11008,1
16,"Nullable(UnsignedDelta(BitPack))",GET,interpreted_plan,5,4091,1206.4,529,736,736,11008,1
16,"Nullable(UnsignedDelta(BitPack))",GET,interpreted_plan,6,4091,1197.3,529,736,736,11008,1
16,"Nullable(UnsignedDelta(BitPack))",GET,generated_full_page_access,0,5428,481.3,529,11008,11008,11008,1
16,"Nullable(UnsignedDelta(BitPack))",GET,generated_full_page_access,1,5428,480.5,529,11008,11008,11008,1
16,"Nullable(UnsignedDelta(BitPack))",GET,generated_full_page_access,2,5428,481.8,529,11008,11008,11008,1
16,"Nullable(UnsignedDelta(BitPack))",GET,generated_full_page_access,3,5428,482.4,529,11008,11008,11008,1
16,"Nullable(UnsignedDelta(BitPack))",GET,generated_full_page_access,4,5428,482.0,529,11008,11008,11008,1
16,"Nullable(UnsignedDelta(BitPack))",GET,generated_full_page_access,5,5428,484.5,529,11008,11008,11008,1
16,"Nullable(UnsignedDelta(BitPack))",GET,generated_full_page_access,6,5428,482.1,529,11008,11008,11008,1
16,"Nullable(UnsignedDelta(BitPack))",GET,generated,0,6082,818.8,529,736,736,11008,1
16,"Nullable(UnsignedDelta(BitPack))",GET,generated,1,6082,820.7,529,736,736,11008,1
16,"Nullable(UnsignedDelta(BitPack))",GET,generated,2,6082,823.1,529,736,736,11008,1
16,"Nullable(UnsignedDelta(BitPack))",GET,generated,3,6082,817.3,529,736,736,11008,1
16,"Nullable(UnsignedDelta(BitPack))",GET,generated,4,6082,816.6,529,736,736,11008,1
16,"Nullable(UnsignedDelta(BitPack))",GET,generated,5,6082,821.3,529,736,736,11008,1
16,"Nullable(UnsignedDelta(BitPack))",GET,generated,6,6082,812.6,529,736,736,11008,1
16,"Nullable(UnsignedDelta(BitPack))",GET,handwritten_monomorphized,0,3930,1135.3,529,736,736,11008,1
16,"Nullable(UnsignedDelta(BitPack))",GET,handwritten_monomorphized,1,3930,1135.7,529,736,736,11008,1
16,"Nullable(UnsignedDelta(BitPack))",GET,handwritten_monomorphized,2,3930,1143.0,529,736,736,11008,1
16,"Nullable(UnsignedDelta(BitPack))",GET,handwritten_monomorphized,3,3930,1125.2,529,736,736,11008,1
16,"Nullable(UnsignedDelta(BitPack))",GET,handwritten_monomorphized,4,3930,1123.1,529,736,736,11008,1
16,"Nullable(UnsignedDelta(BitPack))",GET,handwritten_monomorphized,5,3930,1137.0,529,736,736,11008,1
16,"Nullable(UnsignedDelta(BitPack))",GET,handwritten_monomorphized,6,3930,1129.9,529,736,736,11008,1
16,"Nullable(UnsignedDelta(BitPack))",SUM_1PCT,full_decode,0,7,653046.4,10724,10784,10784,11008,16384
16,"Nullable(UnsignedDelta(BitPack))",SUM_1PCT,full_decode,1,7,652044.9,10724,10784,10784,11008,16384
16,"Nullable(UnsignedDelta(BitPack))",SUM_1PCT,full_decode,2,7,651504.1,10724,10784,10784,11008,16384
16,"Nullable(UnsignedDelta(BitPack))",SUM_1PCT,full_decode,3,7,652455.6,10724,10784,10784,11008,16384
16,"Nullable(UnsignedDelta(BitPack))",SUM_1PCT,full_decode,4,7,652441.3,10724,10784,10784,11008,16384
16,"Nullable(UnsignedDelta(BitPack))",SUM_1PCT,full_decode,5,7,685473.4,10724,10784,10784,11008,16384
16,"Nullable(UnsignedDelta(BitPack))",SUM_1PCT,full_decode,6,7,654161.0,10724,10784,10784,11008,16384
16,"Nullable(UnsignedDelta(BitPack))",SUM_1PCT,fused_decode,0,7,655664.6,10724,10784,10784,11008,16384
16,"Nullable(UnsignedDelta(BitPack))",SUM_1PCT,fused_decode,1,7,656766.3,10724,10784,10784,11008,16384
16,"Nullable(UnsignedDelta(BitPack))",SUM_1PCT,fused_decode,2,7,655515.9,10724,10784,10784,11008,16384
16,"Nullable(UnsignedDelta(BitPack))",SUM_1PCT,fused_decode,3,7,658109.7,10724,10784,10784,11008,16384
16,"Nullable(UnsignedDelta(BitPack))",SUM_1PCT,fused_decode,4,7,656225.4,10724,10784,10784,11008,16384
16,"Nullable(UnsignedDelta(BitPack))",SUM_1PCT,fused_decode,5,7,656534.4,10724,10784,10784,11008,16384
16,"Nullable(UnsignedDelta(BitPack))",SUM_1PCT,fused_decode,6,7,656485.7,10724,10784,10784,11008,16384
16,"Nullable(UnsignedDelta(BitPack))",SUM_1PCT,interpreted_plan,0,5,923050.0,748,1024,1024,11008,163
16,"Nullable(UnsignedDelta(BitPack))",SUM_1PCT,interpreted_plan,1,5,923639.0,748,1024,1024,11008,163
16,"Nullable(UnsignedDelta(BitPack))",SUM_1PCT,interpreted_plan,2,5,922623.6,748,1024,1024,11008,163
16,"Nullable(UnsignedDelta(BitPack))",SUM_1PCT,interpreted_plan,3,5,923292.4,748,1024,1024,11008,163
16,"Nullable(UnsignedDelta(BitPack))",SUM_1PCT,interpreted_plan,4,5,925011.2,748,1024,1024,11008,163
16,"Nullable(UnsignedDelta(BitPack))",SUM_1PCT,interpreted_plan,5,5,927629.0,748,1024,1024,11008,163
16,"Nullable(UnsignedDelta(BitPack))",SUM_1PCT,interpreted_plan,6,5,924362.0,748,1024,1024,11008,163
16,"Nullable(UnsignedDelta(BitPack))",SUM_1PCT,generated_full_page_access,0,556,8826.6,744,11008,11008,11008,163
16,"Nullable(UnsignedDelta(BitPack))",SUM_1PCT,generated_full_page_access,1,556,8816.1,744,11008,11008,11008,163
16,"Nullable(UnsignedDelta(BitPack))",SUM_1PCT,generated_full_page_access,2,556,8841.7,744,11008,11008,11008,163
16,"Nullable(UnsignedDelta(BitPack))",SUM_1PCT,generated_full_page_access,3,556,8844.4,744,11008,11008,11008,163
16,"Nullable(UnsignedDelta(BitPack))",SUM_1PCT,generated_full_page_access,4,556,8833.1,744,11008,11008,11008,163
16,"Nullable(UnsignedDelta(BitPack))",SUM_1PCT,generated_full_page_access,5,556,8813.0,744,11008,11008,11008,163
16,"Nullable(UnsignedDelta(BitPack))",SUM_1PCT,generated_full_page_access,6,556,8837.3,744,11008,11008,11008,163
16,"Nullable(UnsignedDelta(BitPack))",SUM_1PCT,generated,0,506,9832.9,744,960,960,11008,163
16,"Nullable(UnsignedDelta(BitPack))",SUM_1PCT,generated,1,506,9830.9,744,960,960,11008,163
16,"Nullable(UnsignedDelta(BitPack))",SUM_1PCT,generated,2,506,9837.0,744,960,960,11008,163
16,"Nullable(UnsignedDelta(BitPack))",SUM_1PCT,generated,3,506,9858.1,744,960,960,11008,163
16,"Nullable(UnsignedDelta(BitPack))",SUM_1PCT,generated,4,506,9801.8,744,960,960,11008,163
16,"Nullable(UnsignedDelta(BitPack))",SUM_1PCT,generated,5,506,9837.0,744,960,960,11008,163
16,"Nullable(UnsignedDelta(BitPack))",SUM_1PCT,generated,6,506,9799.6,744,960,960,11008,163
16,"Nullable(UnsignedDelta(BitPack))",SUM_1PCT,handwritten_monomorphized,0,199,24952.7,744,960,960,11008,163
16,"Nullable(UnsignedDelta(BitPack))",SUM_1PCT,handwritten_monomorphized,1,199,24936.0,744,960,960,11008,163
16,"Nullable(UnsignedDelta(BitPack))",SUM_1PCT,handwritten_monomorphized,2,199,24965.6,744,960,960,11008,163
16,"Nullable(UnsignedDelta(BitPack))",SUM_1PCT,handwritten_monomorphized,3,199,24956.9,744,960,960,11008,163
16,"Nullable(UnsignedDelta(BitPack))",SUM_1PCT,handwritten_monomorphized,4,199,24890.7,744,960,960,11008,163
16,"Nullable(UnsignedDelta(BitPack))",SUM_1PCT,handwritten_monomorphized,5,199,24945.3,744,960,960,11008,163
16,"Nullable(UnsignedDelta(BitPack))",SUM_1PCT,handwritten_monomorphized,6,199,24876.6,744,960,960,11008,163
16,"Nullable(UnsignedDelta(BitPack))",SUM_70PCT,full_decode,0,7,663912.6,10724,10784,10784,11008,16384
16,"Nullable(UnsignedDelta(BitPack))",SUM_70PCT,full_decode,1,7,659081.1,10724,10784,10784,11008,16384
16,"Nullable(UnsignedDelta(BitPack))",SUM_70PCT,full_decode,2,7,660829.6,10724,10784,10784,11008,16384
16,"Nullable(UnsignedDelta(BitPack))",SUM_70PCT,full_decode,3,7,659767.9,10724,10784,10784,11008,16384
16,"Nullable(UnsignedDelta(BitPack))",SUM_70PCT,full_decode,4,7,660573.4,10724,10784,10784,11008,16384
16,"Nullable(UnsignedDelta(BitPack))",SUM_70PCT,full_decode,5,7,659654.9,10724,10784,10784,11008,16384
16,"Nullable(UnsignedDelta(BitPack))",SUM_70PCT,full_decode,6,7,659576.1,10724,10784,10784,11008,16384
16,"Nullable(UnsignedDelta(BitPack))",SUM_70PCT,fused_decode,0,7,676432.7,10724,10784,10784,11008,16384
16,"Nullable(UnsignedDelta(BitPack))",SUM_70PCT,fused_decode,1,7,675321.1,10724,10784,10784,11008,16384
16,"Nullable(UnsignedDelta(BitPack))",SUM_70PCT,fused_decode,2,7,674592.9,10724,10784,10784,11008,16384
16,"Nullable(UnsignedDelta(BitPack))",SUM_70PCT,fused_decode,3,7,675862.0,10724,10784,10784,11008,16384
16,"Nullable(UnsignedDelta(BitPack))",SUM_70PCT,fused_decode,4,7,676100.9,10724,10784,10784,11008,16384
16,"Nullable(UnsignedDelta(BitPack))",SUM_70PCT,fused_decode,5,7,674607.1,10724,10784,10784,11008,16384
16,"Nullable(UnsignedDelta(BitPack))",SUM_70PCT,fused_decode,6,7,675372.7,10724,10784,10784,11008,16384
16,"Nullable(UnsignedDelta(BitPack))",SUM_70PCT,interpreted_plan,0,1,66183402.0,8402,8512,8512,11008,11703
16,"Nullable(UnsignedDelta(BitPack))",SUM_70PCT,interpreted_plan,1,1,66094329.0,8402,8512,8512,11008,11703
16,"Nullable(UnsignedDelta(BitPack))",SUM_70PCT,interpreted_plan,2,1,66414998.0,8402,8512,8512,11008,11703
16,"Nullable(UnsignedDelta(BitPack))",SUM_70PCT,interpreted_plan,3,1,66185415.0,8402,8512,8512,11008,11703
16,"Nullable(UnsignedDelta(BitPack))",SUM_70PCT,interpreted_plan,4,1,66215921.0,8402,8512,8512,11008,11703
16,"Nullable(UnsignedDelta(BitPack))",SUM_70PCT,interpreted_plan,5,1,66220788.0,8402,8512,8512,11008,11703
16,"Nullable(UnsignedDelta(BitPack))",SUM_70PCT,interpreted_plan,6,1,66149772.0,8402,8512,8512,11008,11703
16,"Nullable(UnsignedDelta(BitPack))",SUM_70PCT,generated_full_page_access,0,11,441237.9,8222,11008,11008,11008,11703
16,"Nullable(UnsignedDelta(BitPack))",SUM_70PCT,generated_full_page_access,1,11,441165.9,8222,11008,11008,11008,11703
16,"Nullable(UnsignedDelta(BitPack))",SUM_70PCT,generated_full_page_access,2,11,441410.9,8222,11008,11008,11008,11703
16,"Nullable(UnsignedDelta(BitPack))",SUM_70PCT,generated_full_page_access,3,11,441986.3,8222,11008,11008,11008,11703
16,"Nullable(UnsignedDelta(BitPack))",SUM_70PCT,generated_full_page_access,4,11,441582.0,8222,11008,11008,11008,11703
16,"Nullable(UnsignedDelta(BitPack))",SUM_70PCT,generated_full_page_access,5,11,442446.9,8222,11008,11008,11008,11703
16,"Nullable(UnsignedDelta(BitPack))",SUM_70PCT,generated_full_page_access,6,11,442020.9,8222,11008,11008,11008,11703
16,"Nullable(UnsignedDelta(BitPack))",SUM_70PCT,generated,0,10,468599.7,8222,8320,8320,11008,11703
16,"Nullable(UnsignedDelta(BitPack))",SUM_70PCT,generated,1,10,474206.0,8222,8320,8320,11008,11703
16,"Nullable(UnsignedDelta(BitPack))",SUM_70PCT,generated,2,10,472161.9,8222,8320,8320,11008,11703
16,"Nullable(UnsignedDelta(BitPack))",SUM_70PCT,generated,3,10,471552.1,8222,8320,8320,11008,11703
16,"Nullable(UnsignedDelta(BitPack))",SUM_70PCT,generated,4,10,471231.5,8222,8320,8320,11008,11703
16,"Nullable(UnsignedDelta(BitPack))",SUM_70PCT,generated,5,10,470581.6,8222,8320,8320,11008,11703
16,"Nullable(UnsignedDelta(BitPack))",SUM_70PCT,generated,6,10,471921.6,8222,8320,8320,11008,11703
16,"Nullable(UnsignedDelta(BitPack))",SUM_70PCT,handwritten_monomorphized,0,5,1059407.8,8222,8320,8320,11008,11703
16,"Nullable(UnsignedDelta(BitPack))",SUM_70PCT,handwritten_monomorphized,1,5,994667.0,8222,8320,8320,11008,11703
16,"Nullable(UnsignedDelta(BitPack))",SUM_70PCT,handwritten_monomorphized,2,5,992217.4,8222,8320,8320,11008,11703
16,"Nullable(UnsignedDelta(BitPack))",SUM_70PCT,handwritten_monomorphized,3,5,991668.6,8222,8320,8320,11008,11703
16,"Nullable(UnsignedDelta(BitPack))",SUM_70PCT,handwritten_monomorphized,4,5,989777.8,8222,8320,8320,11008,11703
16,"Nullable(UnsignedDelta(BitPack))",SUM_70PCT,handwritten_monomorphized,5,5,989613.4,8222,8320,8320,11008,11703
16,"Nullable(UnsignedDelta(BitPack))",SUM_70PCT,handwritten_monomorphized,6,5,989996.2,8222,8320,8320,11008,11703
16,"Nullable(UnsignedDelta(BitPack))",BETWEEN_1PCT,full_decode,0,7,652694.6,10724,10784,10784,11008,16384
16,"Nullable(UnsignedDelta(BitPack))",BETWEEN_1PCT,full_decode,1,7,654983.6,10724,10784,10784,11008,16384
16,"Nullable(UnsignedDelta(BitPack))",BETWEEN_1PCT,full_decode,2,7,652681.6,10724,10784,10784,11008,16384
16,"Nullable(UnsignedDelta(BitPack))",BETWEEN_1PCT,full_decode,3,7,652791.7,10724,10784,10784,11008,16384
16,"Nullable(UnsignedDelta(BitPack))",BETWEEN_1PCT,full_decode,4,7,653654.4,10724,10784,10784,11008,16384
16,"Nullable(UnsignedDelta(BitPack))",BETWEEN_1PCT,full_decode,5,7,653909.1,10724,10784,10784,11008,16384
16,"Nullable(UnsignedDelta(BitPack))",BETWEEN_1PCT,full_decode,6,7,654321.1,10724,10784,10784,11008,16384
16,"Nullable(UnsignedDelta(BitPack))",BETWEEN_1PCT,fused_decode,0,7,649797.3,10724,10784,10784,11008,16384
16,"Nullable(UnsignedDelta(BitPack))",BETWEEN_1PCT,fused_decode,1,7,649754.3,10724,10784,10784,11008,16384
16,"Nullable(UnsignedDelta(BitPack))",BETWEEN_1PCT,fused_decode,2,7,649775.9,10724,10784,10784,11008,16384
16,"Nullable(UnsignedDelta(BitPack))",BETWEEN_1PCT,fused_decode,3,7,651864.7,10724,10784,10784,11008,16384
16,"Nullable(UnsignedDelta(BitPack))",BETWEEN_1PCT,fused_decode,4,7,650492.7,10724,10784,10784,11008,16384
16,"Nullable(UnsignedDelta(BitPack))",BETWEEN_1PCT,fused_decode,5,7,650350.9,10724,10784,10784,11008,16384
16,"Nullable(UnsignedDelta(BitPack))",BETWEEN_1PCT,fused_decode,6,7,649348.1,10724,10784,10784,11008,16384
16,"Nullable(UnsignedDelta(BitPack))",BETWEEN_1PCT,interpreted_plan,0,5,924303.8,748,1024,1024,11008,163
16,"Nullable(UnsignedDelta(BitPack))",BETWEEN_1PCT,interpreted_plan,1,5,923294.4,748,1024,1024,11008,163
16,"Nullable(UnsignedDelta(BitPack))",BETWEEN_1PCT,interpreted_plan,2,5,925786.2,748,1024,1024,11008,163
16,"Nullable(UnsignedDelta(BitPack))",BETWEEN_1PCT,interpreted_plan,3,5,925353.6,748,1024,1024,11008,163
16,"Nullable(UnsignedDelta(BitPack))",BETWEEN_1PCT,interpreted_plan,4,5,923975.6,748,1024,1024,11008,163
16,"Nullable(UnsignedDelta(BitPack))",BETWEEN_1PCT,interpreted_plan,5,5,925003.0,748,1024,1024,11008,163
16,"Nullable(UnsignedDelta(BitPack))",BETWEEN_1PCT,interpreted_plan,6,5,925119.2,748,1024,1024,11008,163
16,"Nullable(UnsignedDelta(BitPack))",BETWEEN_1PCT,generated_full_page_access,0,523,9328.9,744,11008,11008,11008,163
16,"Nullable(UnsignedDelta(BitPack))",BETWEEN_1PCT,generated_full_page_access,1,523,9321.4,744,11008,11008,11008,163
16,"Nullable(UnsignedDelta(BitPack))",BETWEEN_1PCT,generated_full_page_access,2,523,9336.4,744,11008,11008,11008,163
16,"Nullable(UnsignedDelta(BitPack))",BETWEEN_1PCT,generated_full_page_access,3,523,9345.5,744,11008,11008,11008,163
16,"Nullable(UnsignedDelta(BitPack))",BETWEEN_1PCT,generated_full_page_access,4,523,9331.9,744,11008,11008,11008,163
16,"Nullable(UnsignedDelta(BitPack))",BETWEEN_1PCT,generated_full_page_access,5,523,9359.8,744,11008,11008,11008,163
16,"Nullable(UnsignedDelta(BitPack))",BETWEEN_1PCT,generated_full_page_access,6,523,9366.2,744,11008,11008,11008,163
16,"Nullable(UnsignedDelta(BitPack))",BETWEEN_1PCT,generated,0,481,10304.8,744,960,960,11008,163
16,"Nullable(UnsignedDelta(BitPack))",BETWEEN_1PCT,generated,1,481,10287.0,744,960,960,11008,163
16,"Nullable(UnsignedDelta(BitPack))",BETWEEN_1PCT,generated,2,481,10282.9,744,960,960,11008,163
16,"Nullable(UnsignedDelta(BitPack))",BETWEEN_1PCT,generated,3,481,10295.4,744,960,960,11008,163
16,"Nullable(UnsignedDelta(BitPack))",BETWEEN_1PCT,generated,4,481,10298.1,744,960,960,11008,163
16,"Nullable(UnsignedDelta(BitPack))",BETWEEN_1PCT,generated,5,481,10346.6,744,960,960,11008,163
16,"Nullable(UnsignedDelta(BitPack))",BETWEEN_1PCT,generated,6,481,10322.3,744,960,960,11008,163
16,"Nullable(UnsignedDelta(BitPack))",BETWEEN_1PCT,handwritten_monomorphized,0,168,25464.7,744,960,960,11008,163
16,"Nullable(UnsignedDelta(BitPack))",BETWEEN_1PCT,handwritten_monomorphized,1,168,25475.1,744,960,960,11008,163
16,"Nullable(UnsignedDelta(BitPack))",BETWEEN_1PCT,handwritten_monomorphized,2,168,25502.2,744,960,960,11008,163
16,"Nullable(UnsignedDelta(BitPack))",BETWEEN_1PCT,handwritten_monomorphized,3,168,25482.0,744,960,960,11008,163
16,"Nullable(UnsignedDelta(BitPack))",BETWEEN_1PCT,handwritten_monomorphized,4,168,25492.2,744,960,960,11008,163
16,"Nullable(UnsignedDelta(BitPack))",BETWEEN_1PCT,handwritten_monomorphized,5,168,25436.0,744,960,960,11008,163
16,"Nullable(UnsignedDelta(BitPack))",BETWEEN_1PCT,handwritten_monomorphized,6,168,25473.0,744,960,960,11008,163
16,"Nullable(UnsignedDelta(BitPack))",BETWEEN_70PCT,full_decode,0,7,678151.0,10724,10784,10784,11008,16384
16,"Nullable(UnsignedDelta(BitPack))",BETWEEN_70PCT,full_decode,1,7,677231.1,10724,10784,10784,11008,16384
16,"Nullable(UnsignedDelta(BitPack))",BETWEEN_70PCT,full_decode,2,7,677420.0,10724,10784,10784,11008,16384
16,"Nullable(UnsignedDelta(BitPack))",BETWEEN_70PCT,full_decode,3,7,675273.9,10724,10784,10784,11008,16384
16,"Nullable(UnsignedDelta(BitPack))",BETWEEN_70PCT,full_decode,4,7,677863.6,10724,10784,10784,11008,16384
16,"Nullable(UnsignedDelta(BitPack))",BETWEEN_70PCT,full_decode,5,7,676388.4,10724,10784,10784,11008,16384
16,"Nullable(UnsignedDelta(BitPack))",BETWEEN_70PCT,full_decode,6,7,677274.0,10724,10784,10784,11008,16384
16,"Nullable(UnsignedDelta(BitPack))",BETWEEN_70PCT,fused_decode,0,7,670156.3,10724,10784,10784,11008,16384
16,"Nullable(UnsignedDelta(BitPack))",BETWEEN_70PCT,fused_decode,1,7,671555.4,10724,10784,10784,11008,16384
16,"Nullable(UnsignedDelta(BitPack))",BETWEEN_70PCT,fused_decode,2,7,670744.3,10724,10784,10784,11008,16384
16,"Nullable(UnsignedDelta(BitPack))",BETWEEN_70PCT,fused_decode,3,7,671595.4,10724,10784,10784,11008,16384
16,"Nullable(UnsignedDelta(BitPack))",BETWEEN_70PCT,fused_decode,4,7,670894.4,10724,10784,10784,11008,16384
16,"Nullable(UnsignedDelta(BitPack))",BETWEEN_70PCT,fused_decode,5,7,672345.1,10724,10784,10784,11008,16384
16,"Nullable(UnsignedDelta(BitPack))",BETWEEN_70PCT,fused_decode,6,7,669976.0,10724,10784,10784,11008,16384
16,"Nullable(UnsignedDelta(BitPack))",BETWEEN_70PCT,interpreted_plan,0,1,66173157.0,8402,8512,8512,11008,11703
16,"Nullable(UnsignedDelta(BitPack))",BETWEEN_70PCT,interpreted_plan,1,1,66129532.0,8402,8512,8512,11008,11703
16,"Nullable(UnsignedDelta(BitPack))",BETWEEN_70PCT,interpreted_plan,2,1,66118917.0,8402,8512,8512,11008,11703
16,"Nullable(UnsignedDelta(BitPack))",BETWEEN_70PCT,interpreted_plan,3,1,66180209.0,8402,8512,8512,11008,11703
16,"Nullable(UnsignedDelta(BitPack))",BETWEEN_70PCT,interpreted_plan,4,1,66194229.0,8402,8512,8512,11008,11703
16,"Nullable(UnsignedDelta(BitPack))",BETWEEN_70PCT,interpreted_plan,5,1,66147329.0,8402,8512,8512,11008,11703
16,"Nullable(UnsignedDelta(BitPack))",BETWEEN_70PCT,interpreted_plan,6,1,66096634.0,8402,8512,8512,11008,11703
16,"Nullable(UnsignedDelta(BitPack))",BETWEEN_70PCT,generated_full_page_access,0,10,463161.5,8222,11008,11008,11008,11703
16,"Nullable(UnsignedDelta(BitPack))",BETWEEN_70PCT,generated_full_page_access,1,10,463628.2,8222,11008,11008,11008,11703
16,"Nullable(UnsignedDelta(BitPack))",BETWEEN_70PCT,generated_full_page_access,2,10,463154.5,8222,11008,11008,11008,11703
16,"Nullable(UnsignedDelta(BitPack))",BETWEEN_70PCT,generated_full_page_access,3,10,495426.7,8222,11008,11008,11008,11703
16,"Nullable(UnsignedDelta(BitPack))",BETWEEN_70PCT,generated_full_page_access,4,10,464892.1,8222,11008,11008,11008,11703
16,"Nullable(UnsignedDelta(BitPack))",BETWEEN_70PCT,generated_full_page_access,5,10,464300.2,8222,11008,11008,11008,11703
16,"Nullable(UnsignedDelta(BitPack))",BETWEEN_70PCT,generated_full_page_access,6,10,463067.4,8222,11008,11008,11008,11703
16,"Nullable(UnsignedDelta(BitPack))",BETWEEN_70PCT,generated,0,10,491086.2,8222,8320,8320,11008,11703
16,"Nullable(UnsignedDelta(BitPack))",BETWEEN_70PCT,generated,1,10,490717.7,8222,8320,8320,11008,11703
16,"Nullable(UnsignedDelta(BitPack))",BETWEEN_70PCT,generated,2,10,491104.2,8222,8320,8320,11008,11703
16,"Nullable(UnsignedDelta(BitPack))",BETWEEN_70PCT,generated,3,10,491223.5,8222,8320,8320,11008,11703
16,"Nullable(UnsignedDelta(BitPack))",BETWEEN_70PCT,generated,4,10,490439.2,8222,8320,8320,11008,11703
16,"Nullable(UnsignedDelta(BitPack))",BETWEEN_70PCT,generated,5,10,490577.5,8222,8320,8320,11008,11703
16,"Nullable(UnsignedDelta(BitPack))",BETWEEN_70PCT,generated,6,10,490408.2,8222,8320,8320,11008,11703
16,"Nullable(UnsignedDelta(BitPack))",BETWEEN_70PCT,handwritten_monomorphized,0,4,1013911.2,8222,8320,8320,11008,11703
16,"Nullable(UnsignedDelta(BitPack))",BETWEEN_70PCT,handwritten_monomorphized,1,4,1015160.8,8222,8320,8320,11008,11703
16,"Nullable(UnsignedDelta(BitPack))",BETWEEN_70PCT,handwritten_monomorphized,2,4,1014494.8,8222,8320,8320,11008,11703
16,"Nullable(UnsignedDelta(BitPack))",BETWEEN_70PCT,handwritten_monomorphized,3,4,1017231.2,8222,8320,8320,11008,11703
16,"Nullable(UnsignedDelta(BitPack))",BETWEEN_70PCT,handwritten_monomorphized,4,4,1017158.5,8222,8320,8320,11008,11703
16,"Nullable(UnsignedDelta(BitPack))",BETWEEN_70PCT,handwritten_monomorphized,5,4,1013641.0,8222,8320,8320,11008,11703
16,"Nullable(UnsignedDelta(BitPack))",BETWEEN_70PCT,handwritten_monomorphized,6,4,1015571.2,8222,8320,8320,11008,11703
16,"Nullable(UnsignedDelta(BitPack))",FILTER_POINT,full_decode,0,7,664831.1,10724,10784,10784,11008,16384
16,"Nullable(UnsignedDelta(BitPack))",FILTER_POINT,full_decode,1,7,663785.3,10724,10784,10784,11008,16384
16,"Nullable(UnsignedDelta(BitPack))",FILTER_POINT,full_decode,2,7,664339.0,10724,10784,10784,11008,16384
16,"Nullable(UnsignedDelta(BitPack))",FILTER_POINT,full_decode,3,7,664379.1,10724,10784,10784,11008,16384
16,"Nullable(UnsignedDelta(BitPack))",FILTER_POINT,full_decode,4,7,672129.1,10724,10784,10784,11008,16384
16,"Nullable(UnsignedDelta(BitPack))",FILTER_POINT,full_decode,5,7,668246.3,10724,10784,10784,11008,16384
16,"Nullable(UnsignedDelta(BitPack))",FILTER_POINT,full_decode,6,7,663949.9,10724,10784,10784,11008,16384
16,"Nullable(UnsignedDelta(BitPack))",FILTER_POINT,fused_decode,0,7,656558.9,10724,10784,10784,11008,16384
16,"Nullable(UnsignedDelta(BitPack))",FILTER_POINT,fused_decode,1,7,657318.6,10724,10784,10784,11008,16384
16,"Nullable(UnsignedDelta(BitPack))",FILTER_POINT,fused_decode,2,7,656943.6,10724,10784,10784,11008,16384
16,"Nullable(UnsignedDelta(BitPack))",FILTER_POINT,fused_decode,3,7,656810.6,10724,10784,10784,11008,16384
16,"Nullable(UnsignedDelta(BitPack))",FILTER_POINT,fused_decode,4,7,657694.9,10724,10784,10784,11008,16384
16,"Nullable(UnsignedDelta(BitPack))",FILTER_POINT,fused_decode,5,7,654852.0,10724,10784,10784,11008,16384
16,"Nullable(UnsignedDelta(BitPack))",FILTER_POINT,fused_decode,6,7,656806.3,10724,10784,10784,11008,16384
16,"Nullable(UnsignedDelta(BitPack))",FILTER_POINT,interpreted_plan,0,1,86154200.0,10960,10976,10976,11008,16384
16,"Nullable(UnsignedDelta(BitPack))",FILTER_POINT,interpreted_plan,1,1,86142352.0,10960,10976,10976,11008,16384
16,"Nullable(UnsignedDelta(BitPack))",FILTER_POINT,interpreted_plan,2,1,86158166.0,10960,10976,10976,11008,16384
16,"Nullable(UnsignedDelta(BitPack))",FILTER_POINT,interpreted_plan,3,1,86085568.0,10960,10976,10976,11008,16384
16,"Nullable(UnsignedDelta(BitPack))",FILTER_POINT,interpreted_plan,4,1,86331075.0,10960,10976,10976,11008,16384
16,"Nullable(UnsignedDelta(BitPack))",FILTER_POINT,interpreted_plan,5,1,86171827.0,10960,10976,10976,11008,16384
16,"Nullable(UnsignedDelta(BitPack))",FILTER_POINT,interpreted_plan,6,1,86613016.0,10960,10976,10976,11008,16384
16,"Nullable(UnsignedDelta(BitPack))",FILTER_POINT,generated_full_page_access,0,166,29392.9,1041,11008,11008,11008,28
16,"Nullable(UnsignedDelta(BitPack))",FILTER_POINT,generated_full_page_access,1,166,29400.5,1041,11008,11008,11008,28
16,"Nullable(UnsignedDelta(BitPack))",FILTER_POINT,generated_full_page_access,2,166,29405.3,1041,11008,11008,11008,28
16,"Nullable(UnsignedDelta(BitPack))",FILTER_POINT,generated_full_page_access,3,166,29342.0,1041,11008,11008,11008,28
16,"Nullable(UnsignedDelta(BitPack))",FILTER_POINT,generated_full_page_access,4,166,29394.3,1041,11008,11008,11008,28
16,"Nullable(UnsignedDelta(BitPack))",FILTER_POINT,generated_full_page_access,5,166,29299.5,1041,11008,11008,11008,28
16,"Nullable(UnsignedDelta(BitPack))",FILTER_POINT,generated_full_page_access,6,166,29400.5,1041,11008,11008,11008,28
16,"Nullable(UnsignedDelta(BitPack))",FILTER_POINT,generated,0,144,34520.3,1041,1792,1792,11008,28
16,"Nullable(UnsignedDelta(BitPack))",FILTER_POINT,generated,1,144,34543.5,1041,1792,1792,11008,28
16,"Nullable(UnsignedDelta(BitPack))",FILTER_POINT,generated,2,144,34499.8,1041,1792,1792,11008,28
16,"Nullable(UnsignedDelta(BitPack))",FILTER_POINT,generated,3,144,34508.0,1041,1792,1792,11008,28
16,"Nullable(UnsignedDelta(BitPack))",FILTER_POINT,generated,4,144,34550.5,1041,1792,1792,11008,28
16,"Nullable(UnsignedDelta(BitPack))",FILTER_POINT,generated,5,144,34604.0,1041,1792,1792,11008,28
16,"Nullable(UnsignedDelta(BitPack))",FILTER_POINT,generated,6,144,34551.9,1041,1792,1792,11008,28
16,"Nullable(UnsignedDelta(BitPack))",FILTER_POINT,handwritten_monomorphized,0,42,119469.8,1041,1792,1792,11008,28
16,"Nullable(UnsignedDelta(BitPack))",FILTER_POINT,handwritten_monomorphized,1,42,119302.6,1041,1792,1792,11008,28
16,"Nullable(UnsignedDelta(BitPack))",FILTER_POINT,handwritten_monomorphized,2,42,119402.3,1041,1792,1792,11008,28
16,"Nullable(UnsignedDelta(BitPack))",FILTER_POINT,handwritten_monomorphized,3,42,119413.8,1041,1792,1792,11008,28
16,"Nullable(UnsignedDelta(BitPack))",FILTER_POINT,handwritten_monomorphized,4,42,119269.7,1041,1792,1792,11008,28
16,"Nullable(UnsignedDelta(BitPack))",FILTER_POINT,handwritten_monomorphized,5,42,119328.2,1041,1792,1792,11008,28
16,"Nullable(UnsignedDelta(BitPack))",FILTER_POINT,handwritten_monomorphized,6,42,119172.0,1041,1792,1792,11008,28
16,"Nullable(UnsignedDelta(BitPack))",FILTER_50PCT,full_decode,0,7,678022.3,10724,10784,10784,11008,16384
16,"Nullable(UnsignedDelta(BitPack))",FILTER_50PCT,full_decode,1,7,681587.6,10724,10784,10784,11008,16384
16,"Nullable(UnsignedDelta(BitPack))",FILTER_50PCT,full_decode,2,7,684019.9,10724,10784,10784,11008,16384
16,"Nullable(UnsignedDelta(BitPack))",FILTER_50PCT,full_decode,3,7,680690.6,10724,10784,10784,11008,16384
16,"Nullable(UnsignedDelta(BitPack))",FILTER_50PCT,full_decode,4,7,678917.9,10724,10784,10784,11008,16384
16,"Nullable(UnsignedDelta(BitPack))",FILTER_50PCT,full_decode,5,7,681312.9,10724,10784,10784,11008,16384
16,"Nullable(UnsignedDelta(BitPack))",FILTER_50PCT,full_decode,6,7,680044.0,10724,10784,10784,11008,16384
16,"Nullable(UnsignedDelta(BitPack))",FILTER_50PCT,fused_decode,0,7,672950.6,10724,10784,10784,11008,16384
16,"Nullable(UnsignedDelta(BitPack))",FILTER_50PCT,fused_decode,1,7,671568.3,10724,10784,10784,11008,16384
16,"Nullable(UnsignedDelta(BitPack))",FILTER_50PCT,fused_decode,2,7,674857.6,10724,10784,10784,11008,16384
16,"Nullable(UnsignedDelta(BitPack))",FILTER_50PCT,fused_decode,3,7,672823.1,10724,10784,10784,11008,16384
16,"Nullable(UnsignedDelta(BitPack))",FILTER_50PCT,fused_decode,4,7,674245.3,10724,10784,10784,11008,16384
16,"Nullable(UnsignedDelta(BitPack))",FILTER_50PCT,fused_decode,5,7,672612.9,10724,10784,10784,11008,16384
16,"Nullable(UnsignedDelta(BitPack))",FILTER_50PCT,fused_decode,6,7,673097.7,10724,10784,10784,11008,16384
16,"Nullable(UnsignedDelta(BitPack))",FILTER_50PCT,interpreted_plan,0,1,86170815.0,10960,10976,10976,11008,16384
16,"Nullable(UnsignedDelta(BitPack))",FILTER_50PCT,interpreted_plan,1,1,86152838.0,10960,10976,10976,11008,16384
16,"Nullable(UnsignedDelta(BitPack))",FILTER_50PCT,interpreted_plan,2,1,86187580.0,10960,10976,10976,11008,16384
16,"Nullable(UnsignedDelta(BitPack))",FILTER_50PCT,interpreted_plan,3,1,86227721.0,10960,10976,10976,11008,16384
16,"Nullable(UnsignedDelta(BitPack))",FILTER_50PCT,interpreted_plan,4,1,86273019.0,10960,10976,10976,11008,16384
16,"Nullable(UnsignedDelta(BitPack))",FILTER_50PCT,interpreted_plan,5,1,86109815.0,10960,10976,10976,11008,16384
16,"Nullable(UnsignedDelta(BitPack))",FILTER_50PCT,interpreted_plan,6,1,86705074.0,10960,10976,10976,11008,16384
16,"Nullable(UnsignedDelta(BitPack))",FILTER_50PCT,generated_full_page_access,0,114,43238.4,1367,11008,11008,11008,27
16,"Nullable(UnsignedDelta(BitPack))",FILTER_50PCT,generated_full_page_access,1,114,43353.2,1367,11008,11008,11008,27
16,"Nullable(UnsignedDelta(BitPack))",FILTER_50PCT,generated_full_page_access,2,114,43244.9,1367,11008,11008,11008,27
16,"Nullable(UnsignedDelta(BitPack))",FILTER_50PCT,generated_full_page_access,3,114,43342.6,1367,11008,11008,11008,27
16,"Nullable(UnsignedDelta(BitPack))",FILTER_50PCT,generated_full_page_access,4,114,43129.4,1367,11008,11008,11008,27
16,"Nullable(UnsignedDelta(BitPack))",FILTER_50PCT,generated_full_page_access,5,114,43233.7,1367,11008,11008,11008,27
16,"Nullable(UnsignedDelta(BitPack))",FILTER_50PCT,generated_full_page_access,6,114,43187.1,1367,11008,11008,11008,27
16,"Nullable(UnsignedDelta(BitPack))",FILTER_50PCT,generated,0,97,51059.3,1367,2208,2208,11008,27
16,"Nullable(UnsignedDelta(BitPack))",FILTER_50PCT,generated,1,97,51263.1,1367,2208,2208,11008,27
16,"Nullable(UnsignedDelta(BitPack))",FILTER_50PCT,generated,2,97,51158.0,1367,2208,2208,11008,27
16,"Nullable(UnsignedDelta(BitPack))",FILTER_50PCT,generated,3,97,51086.3,1367,2208,2208,11008,27
16,"Nullable(UnsignedDelta(BitPack))",FILTER_50PCT,generated,4,97,51023.8,1367,2208,2208,11008,27
16,"Nullable(UnsignedDelta(BitPack))",FILTER_50PCT,generated,5,97,51052.3,1367,2208,2208,11008,27
16,"Nullable(UnsignedDelta(BitPack))",FILTER_50PCT,generated,6,97,51078.6,1367,2208,2208,11008,27
16,"Nullable(UnsignedDelta(BitPack))",FILTER_50PCT,handwritten_monomorphized,0,25,190972.7,1367,2208,2208,11008,27
16,"Nullable(UnsignedDelta(BitPack))",FILTER_50PCT,handwritten_monomorphized,1,25,191119.4,1367,2208,2208,11008,27
16,"Nullable(UnsignedDelta(BitPack))",FILTER_50PCT,handwritten_monomorphized,2,25,191180.6,1367,2208,2208,11008,27
16,"Nullable(UnsignedDelta(BitPack))",FILTER_50PCT,handwritten_monomorphized,3,25,190847.8,1367,2208,2208,11008,27
16,"Nullable(UnsignedDelta(BitPack))",FILTER_50PCT,handwritten_monomorphized,4,25,190530.0,1367,2208,2208,11008,27
16,"Nullable(UnsignedDelta(BitPack))",FILTER_50PCT,handwritten_monomorphized,5,25,190599.8,1367,2208,2208,11008,27
16,"Nullable(UnsignedDelta(BitPack))",FILTER_50PCT,handwritten_monomorphized,6,25,190921.4,1367,2208,2208,11008,27
17,"Dictionary(RLE(BitPack))",GET,full_decode,0,3,1473860.7,19424,19648,19648,19968,16384
17,"Dictionary(RLE(BitPack))",GET,full_decode,1,3,1480503.7,19424,19648,19648,19968,16384
17,"Dictionary(RLE(BitPack))",GET,full_decode,2,3,1480777.7,19424,19648,19648,19968,16384
17,"Dictionary(RLE(BitPack))",GET,full_decode,3,3,1470836.0,19424,19648,19648,19968,16384
17,"Dictionary(RLE(BitPack))",GET,full_decode,4,3,1473186.3,19424,19648,19648,19968,16384
17,"Dictionary(RLE(BitPack))",GET,full_decode,5,3,1467861.3,19424,19648,19648,19968,16384
17,"Dictionary(RLE(BitPack))",GET,full_decode,6,3,1466910.3,19424,19648,19648,19968,16384
17,"Dictionary(RLE(BitPack))",GET,fused_decode,0,3,1449033.7,19424,19648,19648,19968,16384
17,"Dictionary(RLE(BitPack))",GET,fused_decode,1,3,1454732.0,19424,19648,19648,19968,16384
17,"Dictionary(RLE(BitPack))",GET,fused_decode,2,3,1453446.7,19424,19648,19648,19968,16384
17,"Dictionary(RLE(BitPack))",GET,fused_decode,3,3,1451136.7,19424,19648,19648,19968,16384
17,"Dictionary(RLE(BitPack))",GET,fused_decode,4,3,1452448.3,19424,19648,19648,19968,16384
17,"Dictionary(RLE(BitPack))",GET,fused_decode,5,3,1448566.0,19424,19648,19648,19968,16384
17,"Dictionary(RLE(BitPack))",GET,fused_decode,6,3,1451831.0,19424,19648,19648,19968,16384
17,"Dictionary(RLE(BitPack))",GET,interpreted_plan,0,2885,1604.5,490,992,992,19968,1
17,"Dictionary(RLE(BitPack))",GET,interpreted_plan,1,2885,1603.0,490,992,992,19968,1
17,"Dictionary(RLE(BitPack))",GET,interpreted_plan,2,2885,1605.5,490,992,992,19968,1
17,"Dictionary(RLE(BitPack))",GET,interpreted_plan,3,2885,1606.9,490,992,992,19968,1
17,"Dictionary(RLE(BitPack))",GET,interpreted_plan,4,2885,1606.8,490,992,992,19968,1
17,"Dictionary(RLE(BitPack))",GET,interpreted_plan,5,2885,1610.2,490,992,992,19968,1
17,"Dictionary(RLE(BitPack))",GET,interpreted_plan,6,2885,1607.3,490,992,992,19968,1
17,"Dictionary(RLE(BitPack))",GET,generated_full_page_access,0,3698,1029.5,490,19968,19968,19968,1
17,"Dictionary(RLE(BitPack))",GET,generated_full_page_access,1,3698,1032.4,490,19968,19968,19968,1
17,"Dictionary(RLE(BitPack))",GET,generated_full_page_access,2,3698,1028.6,490,19968,19968,19968,1
17,"Dictionary(RLE(BitPack))",GET,generated_full_page_access,3,3698,1030.9,490,19968,19968,19968,1
17,"Dictionary(RLE(BitPack))",GET,generated_full_page_access,4,3698,1032.1,490,19968,19968,19968,1
17,"Dictionary(RLE(BitPack))",GET,generated_full_page_access,5,3698,1032.3,490,19968,19968,19968,1
17,"Dictionary(RLE(BitPack))",GET,generated_full_page_access,6,3698,1031.0,490,19968,19968,19968,1
17,"Dictionary(RLE(BitPack))",GET,generated,0,2988,1583.9,490,992,992,19968,1
17,"Dictionary(RLE(BitPack))",GET,generated,1,2988,1584.2,490,992,992,19968,1
17,"Dictionary(RLE(BitPack))",GET,generated,2,2988,1582.7,490,992,992,19968,1
17,"Dictionary(RLE(BitPack))",GET,generated,3,2988,1579.1,490,992,992,19968,1
17,"Dictionary(RLE(BitPack))",GET,generated,4,2988,1589.3,490,992,992,19968,1
17,"Dictionary(RLE(BitPack))",GET,generated,5,2988,1585.0,490,992,992,19968,1
17,"Dictionary(RLE(BitPack))",GET,generated,6,2988,1583.2,490,992,992,19968,1
17,"Dictionary(RLE(BitPack))",GET,handwritten_monomorphized,0,2586,1586.6,490,992,992,19968,1
17,"Dictionary(RLE(BitPack))",GET,handwritten_monomorphized,1,2586,1589.3,490,992,992,19968,1
17,"Dictionary(RLE(BitPack))",GET,handwritten_monomorphized,2,2586,1596.8,490,992,992,19968,1
17,"Dictionary(RLE(BitPack))",GET,handwritten_monomorphized,3,2586,1588.5,490,992,992,19968,1
17,"Dictionary(RLE(BitPack))",GET,handwritten_monomorphized,4,2586,1593.8,490,992,992,19968,1
17,"Dictionary(RLE(BitPack))",GET,handwritten_monomorphized,5,2586,1575.9,490,992,992,19968,1
17,"Dictionary(RLE(BitPack))",GET,handwritten_monomorphized,6,2586,1588.7,490,992,992,19968,1
17,"Dictionary(RLE(BitPack))",SUM_1PCT,full_decode,0,3,1470632.3,19424,19648,19648,19968,16384
17,"Dictionary(RLE(BitPack))",SUM_1PCT,full_decode,1,3,1475633.0,19424,19648,19648,19968,16384
17,"Dictionary(RLE(BitPack))",SUM_1PCT,full_decode,2,3,1470679.0,19424,19648,19648,19968,16384
17,"Dictionary(RLE(BitPack))",SUM_1PCT,full_decode,3,3,1469938.0,19424,19648,19648,19968,16384
17,"Dictionary(RLE(BitPack))",SUM_1PCT,full_decode,4,3,1470258.3,19424,19648,19648,19968,16384
17,"Dictionary(RLE(BitPack))",SUM_1PCT,full_decode,5,3,1473623.7,19424,19648,19648,19968,16384
17,"Dictionary(RLE(BitPack))",SUM_1PCT,full_decode,6,3,1470889.3,19424,19648,19648,19968,16384
17,"Dictionary(RLE(BitPack))",SUM_1PCT,fused_decode,0,3,1444854.0,19424,19648,19648,19968,16384
17,"Dictionary(RLE(BitPack))",SUM_1PCT,fused_decode,1,3,1449444.0,19424,19648,19648,19968,16384
17,"Dictionary(RLE(BitPack))",SUM_1PCT,fused_decode,2,3,1447043.7,19424,19648,19648,19968,16384
17,"Dictionary(RLE(BitPack))",SUM_1PCT,fused_decode,3,3,1451110.0,19424,19648,19648,19968,16384
17,"Dictionary(RLE(BitPack))",SUM_1PCT,fused_decode,4,3,1451657.3,19424,19648,19648,19968,16384
17,"Dictionary(RLE(BitPack))",SUM_1PCT,fused_decode,5,3,1452885.7,19424,19648,19648,19968,16384
17,"Dictionary(RLE(BitPack))",SUM_1PCT,fused_decode,6,3,1453723.7,19424,19648,19648,19968,16384
17,"Dictionary(RLE(BitPack))",SUM_1PCT,interpreted_plan,0,28,176012.8,876,2752,2752,19968,163
17,"Dictionary(RLE(BitPack))",SUM_1PCT,interpreted_plan,1,28,174597.8,876,2752,2752,19968,163
17,"Dictionary(RLE(BitPack))",SUM_1PCT,interpreted_plan,2,28,174107.4,876,2752,2752,19968,163
17,"Dictionary(RLE(BitPack))",SUM_1PCT,interpreted_plan,3,28,173766.2,876,2752,2752,19968,163
17,"Dictionary(RLE(BitPack))",SUM_1PCT,interpreted_plan,4,28,174579.2,876,2752,2752,19968,163
17,"Dictionary(RLE(BitPack))",SUM_1PCT,interpreted_plan,5,28,174113.5,876,2752,2752,19968,163
17,"Dictionary(RLE(BitPack))",SUM_1PCT,interpreted_plan,6,28,174113.5,876,2752,2752,19968,163
17,"Dictionary(RLE(BitPack))",SUM_1PCT,generated_full_page_access,0,615,7983.5,852,19968,19968,19968,163
17,"Dictionary(RLE(BitPack))",SUM_1PCT,generated_full_page_access,1,615,7968.8,852,19968,19968,19968,163
17,"Dictionary(RLE(BitPack))",SUM_1PCT,generated_full_page_access,2,615,7972.6,852,19968,19968,19968,163
17,"Dictionary(RLE(BitPack))",SUM_1PCT,generated_full_page_access,3,615,7982.6,852,19968,19968,19968,163
17,"Dictionary(RLE(BitPack))",SUM_1PCT,generated_full_page_access,4,615,7942.8,852,19968,19968,19968,163
17,"Dictionary(RLE(BitPack))",SUM_1PCT,generated_full_page_access,5,615,7965.9,852,19968,19968,19968,163
17,"Dictionary(RLE(BitPack))",SUM_1PCT,generated_full_page_access,6,615,7964.8,852,19968,19968,19968,163
17,"Dictionary(RLE(BitPack))",SUM_1PCT,generated,0,286,17434.0,852,2624,2624,19968,163
17,"Dictionary(RLE(BitPack))",SUM_1PCT,generated,1,286,17446.3,852,2624,2624,19968,163
17,"Dictionary(RLE(BitPack))",SUM_1PCT,generated,2,286,17451.1,852,2624,2624,19968,163
17,"Dictionary(RLE(BitPack))",SUM_1PCT,generated,3,286,17409.9,852,2624,2624,19968,163
17,"Dictionary(RLE(BitPack))",SUM_1PCT,generated,4,286,17409.7,852,2624,2624,19968,163
17,"Dictionary(RLE(BitPack))",SUM_1PCT,generated,5,286,17430.3,852,2624,2624,19968,163
17,"Dictionary(RLE(BitPack))",SUM_1PCT,generated,6,286,17416.5,852,2624,2624,19968,163
17,"Dictionary(RLE(BitPack))",SUM_1PCT,handwritten_monomorphized,0,284,17450.4,852,2624,2624,19968,163
17,"Dictionary(RLE(BitPack))",SUM_1PCT,handwritten_monomorphized,1,284,17457.6,852,2624,2624,19968,163
17,"Dictionary(RLE(BitPack))",SUM_1PCT,handwritten_monomorphized,2,284,17447.6,852,2624,2624,19968,163
17,"Dictionary(RLE(BitPack))",SUM_1PCT,handwritten_monomorphized,3,284,17455.2,852,2624,2624,19968,163
17,"Dictionary(RLE(BitPack))",SUM_1PCT,handwritten_monomorphized,4,284,17476.4,852,2624,2624,19968,163
17,"Dictionary(RLE(BitPack))",SUM_1PCT,handwritten_monomorphized,5,284,17441.1,852,2624,2624,19968,163
17,"Dictionary(RLE(BitPack))",SUM_1PCT,handwritten_monomorphized,6,284,17525.6,852,2624,2624,19968,163
17,"Dictionary(RLE(BitPack))",SUM_70PCT,full_decode,0,3,1480423.7,19424,19648,19648,19968,16384
17,"Dictionary(RLE(BitPack))",SUM_70PCT,full_decode,1,3,1481408.7,19424,19648,19648,19968,16384
17,"Dictionary(RLE(BitPack))",SUM_70PCT,full_decode,2,3,1480860.7,19424,19648,19648,19968,16384
17,"Dictionary(RLE(BitPack))",SUM_70PCT,full_decode,3,3,1481872.3,19424,19648,19648,19968,16384
17,"Dictionary(RLE(BitPack))",SUM_70PCT,full_decode,4,3,1476514.3,19424,19648,19648,19968,16384
17,"Dictionary(RLE(BitPack))",SUM_70PCT,full_decode,5,3,1475666.3,19424,19648,19648,19968,16384
17,"Dictionary(RLE(BitPack))",SUM_70PCT,full_decode,6,3,1481852.7,19424,19648,19648,19968,16384
17,"Dictionary(RLE(BitPack))",SUM_70PCT,fused_decode,0,3,1453967.3,19424,19648,19648,19968,16384
17,"Dictionary(RLE(BitPack))",SUM_70PCT,fused_decode,1,3,1454622.0,19424,19648,19648,19968,16384
17,"Dictionary(RLE(BitPack))",SUM_70PCT,fused_decode,2,3,1452709.0,19424,19648,19648,19968,16384
17,"Dictionary(RLE(BitPack))",SUM_70PCT,fused_decode,3,3,1453637.0,19424,19648,19648,19968,16384
17,"Dictionary(RLE(BitPack))",SUM_70PCT,fused_decode,4,3,1449120.3,19424,19648,19648,19968,16384
17,"Dictionary(RLE(BitPack))",SUM_70PCT,fused_decode,5,3,1447901.7,19424,19648,19648,19968,16384
17,"Dictionary(RLE(BitPack))",SUM_70PCT,fused_decode,6,3,1454722.0,19424,19648,19648,19968,16384
17,"Dictionary(RLE(BitPack))",SUM_70PCT,interpreted_plan,0,1,12395447.0,16722,16896,16896,19968,11703
17,"Dictionary(RLE(BitPack))",SUM_70PCT,interpreted_plan,1,1,12320415.0,16722,16896,16896,19968,11703
17,"Dictionary(RLE(BitPack))",SUM_70PCT,interpreted_plan,2,1,12414775.0,16722,16896,16896,19968,11703
17,"Dictionary(RLE(BitPack))",SUM_70PCT,interpreted_plan,3,1,12288887.0,16722,16896,16896,19968,11703
17,"Dictionary(RLE(BitPack))",SUM_70PCT,interpreted_plan,4,1,12379252.0,16722,16896,16896,19968,11703
17,"Dictionary(RLE(BitPack))",SUM_70PCT,interpreted_plan,5,1,12296870.0,16722,16896,16896,19968,11703
17,"Dictionary(RLE(BitPack))",SUM_70PCT,interpreted_plan,6,1,12393254.0,16722,16896,16896,19968,11703
17,"Dictionary(RLE(BitPack))",SUM_70PCT,generated_full_page_access,0,4,1150452.8,16370,19968,19968,19968,11703
17,"Dictionary(RLE(BitPack))",SUM_70PCT,generated_full_page_access,1,4,1150565.5,16370,19968,19968,19968,11703
17,"Dictionary(RLE(BitPack))",SUM_70PCT,generated_full_page_access,2,4,1148284.2,16370,19968,19968,19968,11703
17,"Dictionary(RLE(BitPack))",SUM_70PCT,generated_full_page_access,3,4,1142433.2,16370,19968,19968,19968,11703
17,"Dictionary(RLE(BitPack))",SUM_70PCT,generated_full_page_access,4,4,1148407.2,16370,19968,19968,19968,11703
17,"Dictionary(RLE(BitPack))",SUM_70PCT,generated_full_page_access,5,4,1143592.5,16370,19968,19968,19968,11703
17,"Dictionary(RLE(BitPack))",SUM_70PCT,generated_full_page_access,6,4,1142175.2,16370,19968,19968,19968,11703
17,"Dictionary(RLE(BitPack))",SUM_70PCT,generated,0,3,1379086.0,16370,16640,16640,19968,11703
17,"Dictionary(RLE(BitPack))",SUM_70PCT,generated,1,3,1380310.7,16370,16640,16640,19968,11703
17,"Dictionary(RLE(BitPack))",SUM_70PCT,generated,2,3,1379249.3,16370,16640,16640,19968,11703
17,"Dictionary(RLE(BitPack))",SUM_70PCT,generated,3,3,1375851.0,16370,16640,16640,19968,11703
17,"Dictionary(RLE(BitPack))",SUM_70PCT,generated,4,3,1378080.7,16370,16640,16640,19968,11703
17,"Dictionary(RLE(BitPack))",SUM_70PCT,generated,5,3,1376127.7,16370,16640,16640,19968,11703
17,"Dictionary(RLE(BitPack))",SUM_70PCT,generated,6,3,1388673.3,16370,16640,16640,19968,11703
17,"Dictionary(RLE(BitPack))",SUM_70PCT,handwritten_monomorphized,0,3,1392722.7,16370,16640,16640,19968,11703
17,"Dictionary(RLE(BitPack))",SUM_70PCT,handwritten_monomorphized,1,3,1390382.7,16370,16640,16640,19968,11703
17,"Dictionary(RLE(BitPack))",SUM_70PCT,handwritten_monomorphized,2,3,1385935.7,16370,16640,16640,19968,11703
17,"Dictionary(RLE(BitPack))",SUM_70PCT,handwritten_monomorphized,3,3,1384744.3,16370,16640,16640,19968,11703
17,"Dictionary(RLE(BitPack))",SUM_70PCT,handwritten_monomorphized,4,3,1390446.0,16370,16640,16640,19968,11703
17,"Dictionary(RLE(BitPack))",SUM_70PCT,handwritten_monomorphized,5,3,1385805.7,16370,16640,16640,19968,11703
17,"Dictionary(RLE(BitPack))",SUM_70PCT,handwritten_monomorphized,6,3,1390446.0,16370,16640,16640,19968,11703
17,"Dictionary(RLE(BitPack))",BETWEEN_1PCT,full_decode,0,3,1476648.0,19424,19648,19648,19968,16384
17,"Dictionary(RLE(BitPack))",BETWEEN_1PCT,full_decode,1,3,1472411.7,19424,19648,19648,19968,16384
17,"Dictionary(RLE(BitPack))",BETWEEN_1PCT,full_decode,2,3,1477122.0,19424,19648,19648,19968,16384
17,"Dictionary(RLE(BitPack))",BETWEEN_1PCT,full_decode,3,3,1472865.7,19424,19648,19648,19968,16384
17,"Dictionary(RLE(BitPack))",BETWEEN_1PCT,full_decode,4,3,1477475.7,19424,19648,19648,19968,16384
17,"Dictionary(RLE(BitPack))",BETWEEN_1PCT,full_decode,5,3,1478881.3,19424,19648,19648,19968,16384
17,"Dictionary(RLE(BitPack))",BETWEEN_1PCT,full_decode,6,3,1476260.7,19424,19648,19648,19968,16384
17,"Dictionary(RLE(BitPack))",BETWEEN_1PCT,fused_decode,0,3,1468212.3,19424,19648,19648,19968,16384
17,"Dictionary(RLE(BitPack))",BETWEEN_1PCT,fused_decode,1,3,1466115.3,19424,19648,19648,19968,16384
17,"Dictionary(RLE(BitPack))",BETWEEN_1PCT,fused_decode,2,3,1477522.7,19424,19648,19648,19968,16384
17,"Dictionary(RLE(BitPack))",BETWEEN_1PCT,fused_decode,3,3,1461215.0,19424,19648,19648,19968,16384
17,"Dictionary(RLE(BitPack))",BETWEEN_1PCT,fused_decode,4,3,1464343.0,19424,19648,19648,19968,16384
17,"Dictionary(RLE(BitPack))",BETWEEN_1PCT,fused_decode,5,3,1464987.3,19424,19648,19648,19968,16384
17,"Dictionary(RLE(BitPack))",BETWEEN_1PCT,fused_decode,6,3,1468833.0,19424,19648,19648,19968,16384
17,"Dictionary(RLE(BitPack))",BETWEEN_1PCT,interpreted_plan,0,28,174316.3,876,2752,2752,19968,163
17,"Dictionary(RLE(BitPack))",BETWEEN_1PCT,interpreted_plan,1,28,174438.7,876,2752,2752,19968,163
17,"Dictionary(RLE(BitPack))",BETWEEN_1PCT,interpreted_plan,2,28,174028.8,876,2752,2752,19968,163
17,"Dictionary(RLE(BitPack))",BETWEEN_1PCT,interpreted_plan,3,28,174621.8,876,2752,2752,19968,163
17,"Dictionary(RLE(BitPack))",BETWEEN_1PCT,interpreted_plan,4,28,174135.7,876,2752,2752,19968,163
17,"Dictionary(RLE(BitPack))",BETWEEN_1PCT,interpreted_plan,5,28,174327.1,876,2752,2752,19968,163
17,"Dictionary(RLE(BitPack))",BETWEEN_1PCT,interpreted_plan,6,28,174524.5,876,2752,2752,19968,163
17,"Dictionary(RLE(BitPack))",BETWEEN_1PCT,generated_full_page_access,0,597,8121.8,852,19968,19968,19968,163
17,"Dictionary(RLE(BitPack))",BETWEEN_1PCT,generated_full_page_access,1,597,8118.8,852,19968,19968,19968,163
17,"Dictionary(RLE(BitPack))",BETWEEN_1PCT,generated_full_page_access,2,597,8605.7,852,19968,19968,19968,163
17,"Dictionary(RLE(BitPack))",BETWEEN_1PCT,generated_full_page_access,3,597,8144.3,852,19968,19968,19968,163
17,"Dictionary(RLE(BitPack))",BETWEEN_1PCT,generated_full_page_access,4,597,8145.4,852,19968,19968,19968,163
17,"Dictionary(RLE(BitPack))",BETWEEN_1PCT,generated_full_page_access,5,597,8107.5,852,19968,19968,19968,163
17,"Dictionary(RLE(BitPack))",BETWEEN_1PCT,generated_full_page_access,6,597,8144.3,852,19968,19968,19968,163
17,"Dictionary(RLE(BitPack))",BETWEEN_1PCT,generated,0,277,17713.1,852,2624,2624,19968,163
17,"Dictionary(RLE(BitPack))",BETWEEN_1PCT,generated,1,277,17642.9,852,2624,2624,19968,163
17,"Dictionary(RLE(BitPack))",BETWEEN_1PCT,generated,2,277,17694.7,852,2624,2624,19968,163
17,"Dictionary(RLE(BitPack))",BETWEEN_1PCT,generated,3,277,17630.9,852,2624,2624,19968,163
17,"Dictionary(RLE(BitPack))",BETWEEN_1PCT,generated,4,277,17642.3,852,2624,2624,19968,163
17,"Dictionary(RLE(BitPack))",BETWEEN_1PCT,generated,5,277,17664.6,852,2624,2624,19968,163
17,"Dictionary(RLE(BitPack))",BETWEEN_1PCT,generated,6,277,17650.1,852,2624,2624,19968,163
17,"Dictionary(RLE(BitPack))",BETWEEN_1PCT,handwritten_monomorphized,0,278,17672.0,852,2624,2624,19968,163
17,"Dictionary(RLE(BitPack))",BETWEEN_1PCT,handwritten_monomorphized,1,278,17679.5,852,2624,2624,19968,163
17,"Dictionary(RLE(BitPack))",BETWEEN_1PCT,handwritten_monomorphized,2,278,17761.6,852,2624,2624,19968,163
17,"Dictionary(RLE(BitPack))",BETWEEN_1PCT,handwritten_monomorphized,3,278,17814.0,852,2624,2624,19968,163
17,"Dictionary(RLE(BitPack))",BETWEEN_1PCT,handwritten_monomorphized,4,278,17701.4,852,2624,2624,19968,163
17,"Dictionary(RLE(BitPack))",BETWEEN_1PCT,handwritten_monomorphized,5,278,17851.0,852,2624,2624,19968,163
17,"Dictionary(RLE(BitPack))",BETWEEN_1PCT,handwritten_monomorphized,6,278,17762.3,852,2624,2624,19968,163
17,"Dictionary(RLE(BitPack))",BETWEEN_70PCT,full_decode,0,3,1474127.7,19424,19648,19648,19968,16384
17,"Dictionary(RLE(BitPack))",BETWEEN_70PCT,full_decode,1,3,1468742.7,19424,19648,19648,19968,16384
17,"Dictionary(RLE(BitPack))",BETWEEN_70PCT,full_decode,2,3,1473750.7,19424,19648,19648,19968,16384
17,"Dictionary(RLE(BitPack))",BETWEEN_70PCT,full_decode,3,3,1475876.7,19424,19648,19648,19968,16384
17,"Dictionary(RLE(BitPack))",BETWEEN_70PCT,full_decode,4,3,1475686.7,19424,19648,19648,19968,16384
17,"Dictionary(RLE(BitPack))",BETWEEN_70PCT,full_decode,5,3,1467714.7,19424,19648,19648,19968,16384
17,"Dictionary(RLE(BitPack))",BETWEEN_70PCT,full_decode,6,3,1474655.0,19424,19648,19648,19968,16384
17,"Dictionary(RLE(BitPack))",BETWEEN_70PCT,fused_decode,0,3,1447601.3,19424,19648,19648,19968,16384
17,"Dictionary(RLE(BitPack))",BETWEEN_70PCT,fused_decode,1,3,1447638.0,19424,19648,19648,19968,16384
17,"Dictionary(RLE(BitPack))",BETWEEN_70PCT,fused_decode,2,3,1445157.7,19424,19648,19648,19968,16384
17,"Dictionary(RLE(BitPack))",BETWEEN_70PCT,fused_decode,3,3,1448415.7,19424,19648,19648,19968,16384
17,"Dictionary(RLE(BitPack))",BETWEEN_70PCT,fused_decode,4,3,1448162.3,19424,19648,19648,19968,16384
17,"Dictionary(RLE(BitPack))",BETWEEN_70PCT,fused_decode,5,3,1450632.7,19424,19648,19648,19968,16384
17,"Dictionary(RLE(BitPack))",BETWEEN_70PCT,fused_decode,6,3,1443468.3,19424,19648,19648,19968,16384
17,"Dictionary(RLE(BitPack))",BETWEEN_70PCT,interpreted_plan,0,1,12325492.0,16722,16896,16896,19968,11703
17,"Dictionary(RLE(BitPack))",BETWEEN_70PCT,interpreted_plan,1,1,12342428.0,16722,16896,16896,19968,11703
17,"Dictionary(RLE(BitPack))",BETWEEN_70PCT,interpreted_plan,2,1,12343830.0,16722,16896,16896,19968,11703
17,"Dictionary(RLE(BitPack))",BETWEEN_70PCT,interpreted_plan,3,1,12343199.0,16722,16896,16896,19968,11703
17,"Dictionary(RLE(BitPack))",BETWEEN_70PCT,interpreted_plan,4,1,12327165.0,16722,16896,16896,19968,11703
17,"Dictionary(RLE(BitPack))",BETWEEN_70PCT,interpreted_plan,5,1,12368166.0,16722,16896,16896,19968,11703
17,"Dictionary(RLE(BitPack))",BETWEEN_70PCT,interpreted_plan,6,1,12325833.0,16722,16896,16896,19968,11703
17,"Dictionary(RLE(BitPack))",BETWEEN_70PCT,generated_full_page_access,0,4,1162455.5,16370,19968,19968,19968,11703
17,"Dictionary(RLE(BitPack))",BETWEEN_70PCT,generated_full_page_access,1,4,1158677.5,16370,19968,19968,19968,11703
17,"Dictionary(RLE(BitPack))",BETWEEN_70PCT,generated_full_page_access,2,4,1148805.2,16370,19968,19968,19968,11703
17,"Dictionary(RLE(BitPack))",BETWEEN_70PCT,generated_full_page_access,3,4,1151003.5,16370,19968,19968,19968,11703
17,"Dictionary(RLE(BitPack))",BETWEEN_70PCT,generated_full_page_access,4,4,1150169.8,16370,19968,19968,19968,11703
17,"Dictionary(RLE(BitPack))",BETWEEN_70PCT,generated_full_page_access,5,4,1153204.5,16370,19968,19968,19968,11703
17,"Dictionary(RLE(BitPack))",BETWEEN_70PCT,generated_full_page_access,6,4,1153472.0,16370,19968,19968,19968,11703
17,"Dictionary(RLE(BitPack))",BETWEEN_70PCT,generated,0,3,1355327.0,16370,16640,16640,19968,11703
17,"Dictionary(RLE(BitPack))",BETWEEN_70PCT,generated,1,3,1354435.3,16370,16640,16640,19968,11703
17,"Dictionary(RLE(BitPack))",BETWEEN_70PCT,generated,2,3,1351307.7,16370,16640,16640,19968,11703
17,"Dictionary(RLE(BitPack))",BETWEEN_70PCT,generated,3,3,1350483.0,16370,16640,16640,19968,11703
17,"Dictionary(RLE(BitPack))",BETWEEN_70PCT,generated,4,3,1354419.0,16370,16640,16640,19968,11703
17,"Dictionary(RLE(BitPack))",BETWEEN_70PCT,generated,5,3,1348910.7,16370,16640,16640,19968,11703
17,"Dictionary(RLE(BitPack))",BETWEEN_70PCT,generated,6,3,1351651.3,16370,16640,16640,19968,11703
17,"Dictionary(RLE(BitPack))",BETWEEN_70PCT,handwritten_monomorphized,0,3,1359139.3,16370,16640,16640,19968,11703
17,"Dictionary(RLE(BitPack))",BETWEEN_70PCT,handwritten_monomorphized,1,3,1358471.7,16370,16640,16640,19968,11703
17,"Dictionary(RLE(BitPack))",BETWEEN_70PCT,handwritten_monomorphized,2,3,1358505.0,16370,16640,16640,19968,11703
17,"Dictionary(RLE(BitPack))",BETWEEN_70PCT,handwritten_monomorphized,3,3,1364003.3,16370,16640,16640,19968,11703
17,"Dictionary(RLE(BitPack))",BETWEEN_70PCT,handwritten_monomorphized,4,3,1362197.0,16370,16640,16640,19968,11703
17,"Dictionary(RLE(BitPack))",BETWEEN_70PCT,handwritten_monomorphized,5,3,1356091.3,16370,16640,16640,19968,11703
17,"Dictionary(RLE(BitPack))",BETWEEN_70PCT,handwritten_monomorphized,6,3,1354415.7,16370,16640,16640,19968,11703
17,"Dictionary(RLE(BitPack))",FILTER_POINT,full_decode,0,3,1498200.3,19424,19648,19648,19968,16384
17,"Dictionary(RLE(BitPack))",FILTER_POINT,full_decode,1,3,1494481.3,19424,19648,19648,19968,16384
17,"Dictionary(RLE(BitPack))",FILTER_POINT,full_decode,2,3,1484423.0,19424,19648,19648,19968,16384
17,"Dictionary(RLE(BitPack))",FILTER_POINT,full_decode,3,3,1487531.0,19424,19648,19648,19968,16384
17,"Dictionary(RLE(BitPack))",FILTER_POINT,full_decode,4,3,1489003.0,19424,19648,19648,19968,16384
17,"Dictionary(RLE(BitPack))",FILTER_POINT,full_decode,5,3,1487521.0,19424,19648,19648,19968,16384
17,"Dictionary(RLE(BitPack))",FILTER_POINT,full_decode,6,3,1485922.0,19424,19648,19648,19968,16384
17,"Dictionary(RLE(BitPack))",FILTER_POINT,fused_decode,0,3,1469988.0,19424,19648,19648,19968,16384
17,"Dictionary(RLE(BitPack))",FILTER_POINT,fused_decode,1,3,1468529.3,19424,19648,19648,19968,16384
17,"Dictionary(RLE(BitPack))",FILTER_POINT,fused_decode,2,3,1464960.7,19424,19648,19648,19968,16384
17,"Dictionary(RLE(BitPack))",FILTER_POINT,fused_decode,3,3,1472935.7,19424,19648,19648,19968,16384
17,"Dictionary(RLE(BitPack))",FILTER_POINT,fused_decode,4,3,1466446.3,19424,19648,19648,19968,16384
17,"Dictionary(RLE(BitPack))",FILTER_POINT,fused_decode,5,3,1464406.3,19424,19648,19648,19968,16384
17,"Dictionary(RLE(BitPack))",FILTER_POINT,fused_decode,6,3,1470215.0,19424,19648,19648,19968,16384
17,"Dictionary(RLE(BitPack))",FILTER_POINT,interpreted_plan,0,1,15978176.0,19908,19912,19912,19968,16384
17,"Dictionary(RLE(BitPack))",FILTER_POINT,interpreted_plan,1,1,15978526.0,19908,19912,19912,19968,16384
17,"Dictionary(RLE(BitPack))",FILTER_POINT,interpreted_plan,2,1,15955092.0,19908,19912,19912,19968,16384
17,"Dictionary(RLE(BitPack))",FILTER_POINT,interpreted_plan,3,1,15960760.0,19908,19912,19912,19968,16384
17,"Dictionary(RLE(BitPack))",FILTER_POINT,interpreted_plan,4,1,15972728.0,19908,19912,19912,19968,16384
17,"Dictionary(RLE(BitPack))",FILTER_POINT,interpreted_plan,5,1,15955392.0,19908,19912,19912,19968,16384
17,"Dictionary(RLE(BitPack))",FILTER_POINT,interpreted_plan,6,1,15913810.0,19908,19912,19912,19968,16384
17,"Dictionary(RLE(BitPack))",FILTER_POINT,generated_full_page_access,0,19,254080.9,11384,19968,19968,19968,16384
17,"Dictionary(RLE(BitPack))",FILTER_POINT,generated_full_page_access,1,19,253970.7,11384,19968,19968,19968,16384
17,"Dictionary(RLE(BitPack))",FILTER_POINT,generated_full_page_access,2,19,254090.9,11384,19968,19968,19968,16384
17,"Dictionary(RLE(BitPack))",FILTER_POINT,generated_full_page_access,3,19,253713.5,11384,19968,19968,19968,16384
17,"Dictionary(RLE(BitPack))",FILTER_POINT,generated_full_page_access,4,19,253983.9,11384,19968,19968,19968,16384
17,"Dictionary(RLE(BitPack))",FILTER_POINT,generated_full_page_access,5,19,254195.3,11384,19968,19968,19968,16384
17,"Dictionary(RLE(BitPack))",FILTER_POINT,generated_full_page_access,6,19,254252.8,11384,19968,19968,19968,16384
17,"Dictionary(RLE(BitPack))",FILTER_POINT,generated,0,15,312002.5,11384,12288,12288,19968,16384
17,"Dictionary(RLE(BitPack))",FILTER_POINT,generated,1,15,313939.4,11384,12288,12288,19968,16384
17,"Dictionary(RLE(BitPack))",FILTER_POINT,generated,2,15,313000.7,11384,12288,12288,19968,16384
17,"Dictionary(RLE(BitPack))",FILTER_POINT,generated,3,15,312355.7,11384,12288,12288,19968,16384
17,"Dictionary(RLE(BitPack))",FILTER_POINT,generated,4,15,311778.9,11384,12288,12288,19968,16384
17,"Dictionary(RLE(BitPack))",FILTER_POINT,generated,5,15,312316.9,11384,12288,12288,19968,16384
17,"Dictionary(RLE(BitPack))",FILTER_POINT,generated,6,15,312213.5,11384,12288,12288,19968,16384
17,"Dictionary(RLE(BitPack))",FILTER_POINT,handwritten_monomorphized,0,15,312047.9,11384,12288,12288,19968,16384
17,"Dictionary(RLE(BitPack))",FILTER_POINT,handwritten_monomorphized,1,15,314332.6,11384,12288,12288,19968,16384
17,"Dictionary(RLE(BitPack))",FILTER_POINT,handwritten_monomorphized,2,15,313572.1,11384,12288,12288,19968,16384
17,"Dictionary(RLE(BitPack))",FILTER_POINT,handwritten_monomorphized,3,15,313283.7,11384,12288,12288,19968,16384
17,"Dictionary(RLE(BitPack))",FILTER_POINT,handwritten_monomorphized,4,15,313187.6,11384,12288,12288,19968,16384
17,"Dictionary(RLE(BitPack))",FILTER_POINT,handwritten_monomorphized,5,15,313128.8,11384,12288,12288,19968,16384
17,"Dictionary(RLE(BitPack))",FILTER_POINT,handwritten_monomorphized,6,15,313427.3,11384,12288,12288,19968,16384
17,"Dictionary(RLE(BitPack))",FILTER_50PCT,full_decode,0,3,1486499.3,19424,19648,19648,19968,16384
17,"Dictionary(RLE(BitPack))",FILTER_50PCT,full_decode,1,3,1478551.0,19424,19648,19648,19968,16384
17,"Dictionary(RLE(BitPack))",FILTER_50PCT,full_decode,2,3,1473937.3,19424,19648,19648,19968,16384
17,"Dictionary(RLE(BitPack))",FILTER_50PCT,full_decode,3,3,1481568.7,19424,19648,19648,19968,16384
17,"Dictionary(RLE(BitPack))",FILTER_50PCT,full_decode,4,3,1470809.3,19424,19648,19648,19968,16384
17,"Dictionary(RLE(BitPack))",FILTER_50PCT,full_decode,5,3,1477192.3,19424,19648,19648,19968,16384
17,"Dictionary(RLE(BitPack))",FILTER_50PCT,full_decode,6,3,1475453.0,19424,19648,19648,19968,16384
17,"Dictionary(RLE(BitPack))",FILTER_50PCT,fused_decode,0,3,1445141.0,19424,19648,19648,19968,16384
17,"Dictionary(RLE(BitPack))",FILTER_50PCT,fused_decode,1,3,1440677.7,19424,19648,19648,19968,16384
17,"Dictionary(RLE(BitPack))",FILTER_50PCT,fused_decode,2,3,1444163.0,19424,19648,19648,19968,16384
17,"Dictionary(RLE(BitPack))",FILTER_50PCT,fused_decode,3,3,1442854.0,19424,19648,19648,19968,16384
17,"Dictionary(RLE(BitPack))",FILTER_50PCT,fused_decode,4,3,1442209.7,19424,19648,19648,19968,16384
17,"Dictionary(RLE(BitPack))",FILTER_50PCT,fused_decode,5,3,1441385.7,19424,19648,19648,19968,16384
17,"Dictionary(RLE(BitPack))",FILTER_50PCT,fused_decode,6,3,1446329.3,19424,19648,19648,19968,16384
17,"Dictionary(RLE(BitPack))",FILTER_50PCT,interpreted_plan,0,1,15970294.0,19908,19912,19912,19968,16384
17,"Dictionary(RLE(BitPack))",FILTER_50PCT,interpreted_plan,1,1,15961411.0,19908,19912,19912,19968,16384
17,"Dictionary(RLE(BitPack))",FILTER_50PCT,interpreted_plan,2,1,15974490.0,19908,19912,19912,19968,16384
17,"Dictionary(RLE(BitPack))",FILTER_50PCT,interpreted_plan,3,1,15973429.0,19908,19912,19912,19968,16384
17,"Dictionary(RLE(BitPack))",FILTER_50PCT,interpreted_plan,4,1,15992828.0,19908,19912,19912,19968,16384
17,"Dictionary(RLE(BitPack))",FILTER_50PCT,interpreted_plan,5,1,15951447.0,19908,19912,19912,19968,16384
17,"Dictionary(RLE(BitPack))",FILTER_50PCT,interpreted_plan,6,1,16000589.0,19908,19912,19912,19968,16384
17,"Dictionary(RLE(BitPack))",FILTER_50PCT,generated_full_page_access,0,19,257536.6,11384,19968,19968,19968,16384
17,"Dictionary(RLE(BitPack))",FILTER_50PCT,generated_full_page_access,1,19,257470.7,11384,19968,19968,19968,16384
17,"Dictionary(RLE(BitPack))",FILTER_50PCT,generated_full_page_access,2,19,257459.7,11384,19968,19968,19968,16384
17,"Dictionary(RLE(BitPack))",FILTER_50PCT,generated_full_page_access,3,19,257296.3,11384,19968,19968,19968,16384
17,"Dictionary(RLE(BitPack))",FILTER_50PCT,generated_full_page_access,4,19,257455.4,11384,19968,19968,19968,16384
17,"Dictionary(RLE(BitPack))",FILTER_50PCT,generated_full_page_access,5,19,257859.2,11384,19968,19968,19968,16384
17,"Dictionary(RLE(BitPack))",FILTER_50PCT,generated_full_page_access,6,19,257631.5,11384,19968,19968,19968,16384
17,"Dictionary(RLE(BitPack))",FILTER_50PCT,generated,0,9,326922.6,11384,12288,12288,19968,16384
17,"Dictionary(RLE(BitPack))",FILTER_50PCT,generated,1,9,320060.1,11384,12288,12288,19968,16384
17,"Dictionary(RLE(BitPack))",FILTER_50PCT,generated,2,9,319688.4,11384,12288,12288,19968,16384
17,"Dictionary(RLE(BitPack))",FILTER_50PCT,generated,3,9,318532.3,11384,12288,12288,19968,16384
17,"Dictionary(RLE(BitPack))",FILTER_50PCT,generated,4,9,319450.2,11384,12288,12288,19968,16384
17,"Dictionary(RLE(BitPack))",FILTER_50PCT,generated,5,9,319109.8,11384,12288,12288,19968,16384
17,"Dictionary(RLE(BitPack))",FILTER_50PCT,generated,6,9,318542.3,11384,12288,12288,19968,16384
17,"Dictionary(RLE(BitPack))",FILTER_50PCT,handwritten_monomorphized,0,15,320174.0,11384,12288,12288,19968,16384
17,"Dictionary(RLE(BitPack))",FILTER_50PCT,handwritten_monomorphized,1,15,321722.3,11384,12288,12288,19968,16384
17,"Dictionary(RLE(BitPack))",FILTER_50PCT,handwritten_monomorphized,2,15,320696.2,11384,12288,12288,19968,16384
17,"Dictionary(RLE(BitPack))",FILTER_50PCT,handwritten_monomorphized,3,15,321373.1,11384,12288,12288,19968,16384
17,"Dictionary(RLE(BitPack))",FILTER_50PCT,handwritten_monomorphized,4,15,321205.6,11384,12288,12288,19968,16384
17,"Dictionary(RLE(BitPack))",FILTER_50PCT,handwritten_monomorphized,5,15,321016.6,11384,12288,12288,19968,16384
17,"Dictionary(RLE(BitPack))",FILTER_50PCT,handwritten_monomorphized,6,15,321238.3,11384,12288,12288,19968,16384
18,"UnsignedDelta(BitPack)",GET,full_decode,0,47,107095.0,6976,6976,6976,6976,16384
18,"UnsignedDelta(BitPack)",GET,full_decode,1,47,106919.6,6976,6976,6976,6976,16384
18,"UnsignedDelta(BitPack)",GET,full_decode,2,47,107465.3,6976,6976,6976,6976,16384
18,"UnsignedDelta(BitPack)",GET,full_decode,3,47,107046.9,6976,6976,6976,6976,16384
18,"UnsignedDelta(BitPack)",GET,full_decode,4,47,108348.6,6976,6976,6976,6976,16384
18,"UnsignedDelta(BitPack)",GET,full_decode,5,47,107363.7,6976,6976,6976,6976,16384
18,"UnsignedDelta(BitPack)",GET,full_decode,6,47,107221.8,6976,6976,6976,6976,16384
18,"UnsignedDelta(BitPack)",GET,fused_decode,0,52,96028.9,6976,6976,6976,6976,16384
18,"UnsignedDelta(BitPack)",GET,fused_decode,1,52,96051.9,6976,6976,6976,6976,16384
18,"UnsignedDelta(BitPack)",GET,fused_decode,2,52,96133.9,6976,6976,6976,6976,16384
18,"UnsignedDelta(BitPack)",GET,fused_decode,3,52,95880.5,6976,6976,6976,6976,16384
18,"UnsignedDelta(BitPack)",GET,fused_decode,4,52,95982.7,6976,6976,6976,6976,16384
18,"UnsignedDelta(BitPack)",GET,fused_decode,5,52,95941.1,6976,6976,6976,6976,16384
18,"UnsignedDelta(BitPack)",GET,fused_decode,6,52,95877.8,6976,6976,6976,6976,16384
18,"UnsignedDelta(BitPack)",GET,interpreted_plan,0,6090,748.1,331,432,432,6976,1
18,"UnsignedDelta(BitPack)",GET,interpreted_plan,1,6090,745.6,331,432,432,6976,1
18,"UnsignedDelta(BitPack)",GET,interpreted_plan,2,6090,751.8,331,432,432,6976,1
18,"UnsignedDelta(BitPack)",GET,interpreted_plan,3,6090,751.8,331,432,432,6976,1
18,"UnsignedDelta(BitPack)",GET,interpreted_plan,4,6090,748.2,331,432,432,6976,1
18,"UnsignedDelta(BitPack)",GET,interpreted_plan,5,6090,754.3,331,432,432,6976,1
18,"UnsignedDelta(BitPack)",GET,interpreted_plan,6,6090,753.6,331,432,432,6976,1
18,"UnsignedDelta(BitPack)",GET,generated_full_page_access,0,10845,325.1,331,6976,6976,6976,1
18,"UnsignedDelta(BitPack)",GET,generated_full_page_access,1,10845,325.1,331,6976,6976,6976,1
18,"UnsignedDelta(BitPack)",GET,generated_full_page_access,2,10845,324.9,331,6976,6976,6976,1
18,"UnsignedDelta(BitPack)",GET,generated_full_page_access,3,10845,325.4,331,6976,6976,6976,1
18,"UnsignedDelta(BitPack)",GET,generated_full_page_access,4,10845,324.3,331,6976,6976,6976,1
18,"UnsignedDelta(BitPack)",GET,generated_full_page_access,5,10845,328.6,331,6976,6976,6976,1
18,"UnsignedDelta(BitPack)",GET,generated_full_page_access,6,10845,324.4,331,6976,6976,6976,1
18,"UnsignedDelta(BitPack)",GET,generated,0,10845,422.3,331,432,432,6976,1
18,"UnsignedDelta(BitPack)",GET,generated,1,10845,422.4,331,432,432,6976,1
18,"UnsignedDelta(BitPack)",GET,generated,2,10845,421.5,331,432,432,6976,1
18,"UnsignedDelta(BitPack)",GET,generated,3,10845,422.3,331,432,432,6976,1
18,"UnsignedDelta(BitPack)",GET,generated,4,10845,421.3,331,432,432,6976,1
18,"UnsignedDelta(BitPack)",GET,generated,5,10845,425.9,331,432,432,6976,1
18,"UnsignedDelta(BitPack)",GET,generated,6,10845,423.5,331,432,432,6976,1
18,"UnsignedDelta(BitPack)",GET,handwritten_monomorphized,0,2080,687.2,331,432,432,6976,1
18,"UnsignedDelta(BitPack)",GET,handwritten_monomorphized,1,2080,685.0,331,432,432,6976,1
18,"UnsignedDelta(BitPack)",GET,handwritten_monomorphized,2,2080,686.7,331,432,432,6976,1
18,"UnsignedDelta(BitPack)",GET,handwritten_monomorphized,3,2080,684.8,331,432,432,6976,1
18,"UnsignedDelta(BitPack)",GET,handwritten_monomorphized,4,2080,687.3,331,432,432,6976,1
18,"UnsignedDelta(BitPack)",GET,handwritten_monomorphized,5,2080,684.7,331,432,432,6976,1
18,"UnsignedDelta(BitPack)",GET,handwritten_monomorphized,6,2080,684.5,331,432,432,6976,1
18,"UnsignedDelta(BitPack)",SUM_1PCT,full_decode,0,46,107538.0,6976,6976,6976,6976,16384
18,"UnsignedDelta(BitPack)",SUM_1PCT,full_decode,1,46,107691.7,6976,6976,6976,6976,16384
18,"UnsignedDelta(BitPack)",SUM_1PCT,full_decode,2,46,107518.6,6976,6976,6976,6976,16384
18,"UnsignedDelta(BitPack)",SUM_1PCT,full_decode,3,46,107947.5,6976,6976,6976,6976,16384
18,"UnsignedDelta(BitPack)",SUM_1PCT,full_decode,4,46,107312.8,6976,6976,6976,6976,16384
18,"UnsignedDelta(BitPack)",SUM_1PCT,full_decode,5,46,107241.4,6976,6976,6976,6976,16384
18,"UnsignedDelta(BitPack)",SUM_1PCT,full_decode,6,46,107230.5,6976,6976,6976,6976,16384
18,"UnsignedDelta(BitPack)",SUM_1PCT,fused_decode,0,50,99862.1,6976,6976,6976,6976,16384
18,"UnsignedDelta(BitPack)",SUM_1PCT,fused_decode,1,50,99699.1,6976,6976,6976,6976,16384
18,"UnsignedDelta(BitPack)",SUM_1PCT,fused_decode,2,50,100223.2,6976,6976,6976,6976,16384
18,"UnsignedDelta(BitPack)",SUM_1PCT,fused_decode,3,50,99427.6,6976,6976,6976,6976,16384
18,"UnsignedDelta(BitPack)",SUM_1PCT,fused_decode,4,50,99573.9,6976,6976,6976,6976,16384
18,"UnsignedDelta(BitPack)",SUM_1PCT,fused_decode,5,50,99382.4,6976,6976,6976,6976,16384
18,"UnsignedDelta(BitPack)",SUM_1PCT,fused_decode,6,50,99504.0,6976,6976,6976,6976,16384
18,"UnsignedDelta(BitPack)",SUM_1PCT,interpreted_plan,0,6,811308.0,463,592,592,6976,163
18,"UnsignedDelta(BitPack)",SUM_1PCT,interpreted_plan,1,6,811237.8,463,592,592,6976,163
18,"UnsignedDelta(BitPack)",SUM_1PCT,interpreted_plan,2,6,810697.0,463,592,592,6976,163
18,"UnsignedDelta(BitPack)",SUM_1PCT,interpreted_plan,3,6,810643.7,463,592,592,6976,163
18,"UnsignedDelta(BitPack)",SUM_1PCT,interpreted_plan,4,6,811917.3,463,592,592,6976,163
18,"UnsignedDelta(BitPack)",SUM_1PCT,interpreted_plan,5,6,811892.2,463,592,592,6976,163
18,"UnsignedDelta(BitPack)",SUM_1PCT,interpreted_plan,6,6,810159.5,463,592,592,6976,163
18,"UnsignedDelta(BitPack)",SUM_1PCT,generated_full_page_access,0,2115,2204.9,463,6976,6976,6976,163
18,"UnsignedDelta(BitPack)",SUM_1PCT,generated_full_page_access,1,2115,2202.8,463,6976,6976,6976,163
18,"UnsignedDelta(BitPack)",SUM_1PCT,generated_full_page_access,2,2115,2198.8,463,6976,6976,6976,163
18,"UnsignedDelta(BitPack)",SUM_1PCT,generated_full_page_access,3,2115,2200.9,463,6976,6976,6976,163
18,"UnsignedDelta(BitPack)",SUM_1PCT,generated_full_page_access,4,2115,2201.3,463,6976,6976,6976,163
18,"UnsignedDelta(BitPack)",SUM_1PCT,generated_full_page_access,5,2115,2202.4,463,6976,6976,6976,163
18,"UnsignedDelta(BitPack)",SUM_1PCT,generated_full_page_access,6,2115,2210.4,463,6976,6976,6976,163
18,"UnsignedDelta(BitPack)",SUM_1PCT,generated,0,2004,2478.3,463,592,592,6976,163
18,"UnsignedDelta(BitPack)",SUM_1PCT,generated,1,2004,2494.2,463,592,592,6976,163
18,"UnsignedDelta(BitPack)",SUM_1PCT,generated,2,2004,2477.4,463,592,592,6976,163
18,"UnsignedDelta(BitPack)",SUM_1PCT,generated,3,2004,2480.9,463,592,592,6976,163
18,"UnsignedDelta(BitPack)",SUM_1PCT,generated,4,2004,2475.2,463,592,592,6976,163
18,"UnsignedDelta(BitPack)",SUM_1PCT,generated,5,2004,2477.1,463,592,592,6976,163
18,"UnsignedDelta(BitPack)",SUM_1PCT,generated,6,2004,2474.1,463,592,592,6976,163
18,"UnsignedDelta(BitPack)",SUM_1PCT,handwritten_monomorphized,0,316,15751.0,463,592,592,6976,163
18,"UnsignedDelta(BitPack)",SUM_1PCT,handwritten_monomorphized,1,316,15737.9,463,592,592,6976,163
18,"UnsignedDelta(BitPack)",SUM_1PCT,handwritten_monomorphized,2,316,15731.9,463,592,592,6976,163
18,"UnsignedDelta(BitPack)",SUM_1PCT,handwritten_monomorphized,3,316,15733.8,463,592,592,6976,163
18,"UnsignedDelta(BitPack)",SUM_1PCT,handwritten_monomorphized,4,316,15756.2,463,592,592,6976,163
18,"UnsignedDelta(BitPack)",SUM_1PCT,handwritten_monomorphized,5,316,15754.2,463,592,592,6976,163
18,"UnsignedDelta(BitPack)",SUM_1PCT,handwritten_monomorphized,6,316,15737.5,463,592,592,6976,163
18,"UnsignedDelta(BitPack)",SUM_70PCT,full_decode,0,43,114729.2,6976,6976,6976,6976,16384
18,"UnsignedDelta(BitPack)",SUM_70PCT,full_decode,1,43,114908.5,6976,6976,6976,6976,16384
18,"UnsignedDelta(BitPack)",SUM_70PCT,full_decode,2,43,114920.0,6976,6976,6976,6976,16384
18,"UnsignedDelta(BitPack)",SUM_70PCT,full_decode,3,43,114631.1,6976,6976,6976,6976,16384
18,"UnsignedDelta(BitPack)",SUM_70PCT,full_decode,4,43,115365.7,6976,6976,6976,6976,16384
18,"UnsignedDelta(BitPack)",SUM_70PCT,full_decode,5,43,114858.7,6976,6976,6976,6976,16384
18,"UnsignedDelta(BitPack)",SUM_70PCT,full_decode,6,43,115301.0,6976,6976,6976,6976,16384
18,"UnsignedDelta(BitPack)",SUM_70PCT,fused_decode,0,42,119507.5,6976,6976,6976,6976,16384
18,"UnsignedDelta(BitPack)",SUM_70PCT,fused_decode,1,42,119792.4,6976,6976,6976,6976,16384
18,"UnsignedDelta(BitPack)",SUM_70PCT,fused_decode,2,42,119421.6,6976,6976,6976,6976,16384
18,"UnsignedDelta(BitPack)",SUM_70PCT,fused_decode,3,42,119331.7,6976,6976,6976,6976,16384
18,"UnsignedDelta(BitPack)",SUM_70PCT,fused_decode,4,42,119385.2,6976,6976,6976,6976,16384
18,"UnsignedDelta(BitPack)",SUM_70PCT,fused_decode,5,42,119418.8,6976,6976,6976,6976,16384
18,"UnsignedDelta(BitPack)",SUM_70PCT,fused_decode,6,42,119438.3,6976,6976,6976,6976,16384
18,"UnsignedDelta(BitPack)",SUM_70PCT,interpreted_plan,0,1,58193816.0,5091,5120,5120,6976,11703
18,"UnsignedDelta(BitPack)",SUM_70PCT,interpreted_plan,1,1,58254197.0,5091,5120,5120,6976,11703
18,"UnsignedDelta(BitPack)",SUM_70PCT,interpreted_plan,2,1,58242619.0,5091,5120,5120,6976,11703
18,"UnsignedDelta(BitPack)",SUM_70PCT,interpreted_plan,3,1,58269409.0,5091,5120,5120,6976,11703
18,"UnsignedDelta(BitPack)",SUM_70PCT,interpreted_plan,4,1,58250891.0,5091,5120,5120,6976,11703
18,"UnsignedDelta(BitPack)",SUM_70PCT,interpreted_plan,5,1,58515687.0,5091,5120,5120,6976,11703
18,"UnsignedDelta(BitPack)",SUM_70PCT,interpreted_plan,6,1,58322159.0,5091,5120,5120,6976,11703
18,"UnsignedDelta(BitPack)",SUM_70PCT,generated_full_page_access,0,74,66883.4,5091,6976,6976,6976,11703
18,"UnsignedDelta(BitPack)",SUM_70PCT,generated_full_page_access,1,74,66613.8,5091,6976,6976,6976,11703
18,"UnsignedDelta(BitPack)",SUM_70PCT,generated_full_page_access,2,74,66535.0,5091,6976,6976,6976,11703
18,"UnsignedDelta(BitPack)",SUM_70PCT,generated_full_page_access,3,74,66586.3,5091,6976,6976,6976,11703
18,"UnsignedDelta(BitPack)",SUM_70PCT,generated_full_page_access,4,74,66612.3,5091,6976,6976,6976,11703
18,"UnsignedDelta(BitPack)",SUM_70PCT,generated_full_page_access,5,74,66595.8,5091,6976,6976,6976,11703
18,"UnsignedDelta(BitPack)",SUM_70PCT,generated_full_page_access,6,74,66542.9,5091,6976,6976,6976,11703
18,"UnsignedDelta(BitPack)",SUM_70PCT,generated,0,70,71093.7,5091,5120,5120,6976,11703
18,"UnsignedDelta(BitPack)",SUM_70PCT,generated,1,70,71022.8,5091,5120,5120,6976,11703
18,"UnsignedDelta(BitPack)",SUM_70PCT,generated,2,70,71048.6,5091,5120,5120,6976,11703
18,"UnsignedDelta(BitPack)",SUM_70PCT,generated,3,70,70986.4,5091,5120,5120,6976,11703
18,"UnsignedDelta(BitPack)",SUM_70PCT,generated,4,70,71036.6,5091,5120,5120,6976,11703
18,"UnsignedDelta(BitPack)",SUM_70PCT,generated,5,70,71130.9,5091,5120,5120,6976,11703
18,"UnsignedDelta(BitPack)",SUM_70PCT,generated,6,70,71247.2,5091,5120,5120,6976,11703
18,"UnsignedDelta(BitPack)",SUM_70PCT,handwritten_monomorphized,0,9,532387.1,5091,5120,5120,6976,11703
18,"UnsignedDelta(BitPack)",SUM_70PCT,handwritten_monomorphized,1,9,536256.2,5091,5120,5120,6976,11703
18,"UnsignedDelta(BitPack)",SUM_70PCT,handwritten_monomorphized,2,9,533497.7,5091,5120,5120,6976,11703
18,"UnsignedDelta(BitPack)",SUM_70PCT,handwritten_monomorphized,3,9,534040.7,5091,5120,5120,6976,11703
18,"UnsignedDelta(BitPack)",SUM_70PCT,handwritten_monomorphized,4,9,533009.2,5091,5120,5120,6976,11703
18,"UnsignedDelta(BitPack)",SUM_70PCT,handwritten_monomorphized,5,9,533884.9,5091,5120,5120,6976,11703
18,"UnsignedDelta(BitPack)",SUM_70PCT,handwritten_monomorphized,6,9,532450.6,5091,5120,5120,6976,11703
18,"UnsignedDelta(BitPack)",BETWEEN_1PCT,full_decode,0,46,107693.0,6976,6976,6976,6976,16384
18,"UnsignedDelta(BitPack)",BETWEEN_1PCT,full_decode,1,46,107151.3,6976,6976,6976,6976,16384
18,"UnsignedDelta(BitPack)",BETWEEN_1PCT,full_decode,2,46,107276.7,6976,6976,6976,6976,16384
18,"UnsignedDelta(BitPack)",BETWEEN_1PCT,full_decode,3,46,106940.1,6976,6976,6976,6976,16384
18,"UnsignedDelta(BitPack)",BETWEEN_1PCT,full_decode,4,46,107751.5,6976,6976,6976,6976,16384
18,"UnsignedDelta(BitPack)",BETWEEN_1PCT,full_decode,5,46,107178.7,6976,6976,6976,6976,16384
18,"UnsignedDelta(BitPack)",BETWEEN_1PCT,full_decode,6,46,107052.7,6976,6976,6976,6976,16384
18,"UnsignedDelta(BitPack)",BETWEEN_1PCT,fused_decode,0,49,101382.2,6976,6976,6976,6976,16384
18,"UnsignedDelta(BitPack)",BETWEEN_1PCT,fused_decode,1,49,101261.6,6976,6976,6976,6976,16384
18,"UnsignedDelta(BitPack)",BETWEEN_1PCT,fused_decode,2,49,101114.9,6976,6976,6976,6976,16384
18,"UnsignedDelta(BitPack)",BETWEEN_1PCT,fused_decode,3,49,101242.0,6976,6976,6976,6976,16384
18,"UnsignedDelta(BitPack)",BETWEEN_1PCT,fused_decode,4,49,101383.6,6976,6976,6976,6976,16384
18,"UnsignedDelta(BitPack)",BETWEEN_1PCT,fused_decode,5,49,101348.9,6976,6976,6976,6976,16384
18,"UnsignedDelta(BitPack)",BETWEEN_1PCT,fused_decode,6,49,101174.9,6976,6976,6976,6976,16384
18,"UnsignedDelta(BitPack)",BETWEEN_1PCT,interpreted_plan,0,6,812756.8,463,592,592,6976,163
18,"UnsignedDelta(BitPack)",BETWEEN_1PCT,interpreted_plan,1,6,811104.3,463,592,592,6976,163
18,"UnsignedDelta(BitPack)",BETWEEN_1PCT,interpreted_plan,2,6,811738.7,463,592,592,6976,163
18,"UnsignedDelta(BitPack)",BETWEEN_1PCT,interpreted_plan,3,6,812401.3,463,592,592,6976,163
18,"UnsignedDelta(BitPack)",BETWEEN_1PCT,interpreted_plan,4,6,811116.0,463,592,592,6976,163
18,"UnsignedDelta(BitPack)",BETWEEN_1PCT,interpreted_plan,5,6,810580.2,463,592,592,6976,163
18,"UnsignedDelta(BitPack)",BETWEEN_1PCT,interpreted_plan,6,6,812376.3,463,592,592,6976,163
18,"UnsignedDelta(BitPack)",BETWEEN_1PCT,generated_full_page_access,0,1795,2368.1,463,6976,6976,6976,163
18,"UnsignedDelta(BitPack)",BETWEEN_1PCT,generated_full_page_access,1,1795,2363.5,463,6976,6976,6976,163
18,"UnsignedDelta(BitPack)",BETWEEN_1PCT,generated_full_page_access,2,1795,2368.7,463,6976,6976,6976,163
18,"UnsignedDelta(BitPack)",BETWEEN_1PCT,generated_full_page_access,3,1795,2369.7,463,6976,6976,6976,163
18,"UnsignedDelta(BitPack)",BETWEEN_1PCT,generated_full_page_access,4,1795,2365.3,463,6976,6976,6976,163
18,"UnsignedDelta(BitPack)",BETWEEN_1PCT,generated_full_page_access,5,1795,2368.8,463,6976,6976,6976,163
18,"UnsignedDelta(BitPack)",BETWEEN_1PCT,generated_full_page_access,6,1795,2369.2,463,6976,6976,6976,163
18,"UnsignedDelta(BitPack)",BETWEEN_1PCT,generated,0,1704,2661.2,463,592,592,6976,163
18,"UnsignedDelta(BitPack)",BETWEEN_1PCT,generated,1,1704,2644.0,463,592,592,6976,163
18,"UnsignedDelta(BitPack)",BETWEEN_1PCT,generated,2,1704,2655.8,463,592,592,6976,163
18,"UnsignedDelta(BitPack)",BETWEEN_1PCT,generated,3,1704,2652.7,463,592,592,6976,163
18,"UnsignedDelta(BitPack)",BETWEEN_1PCT,generated,4,1704,2652.4,463,592,592,6976,163
18,"UnsignedDelta(BitPack)",BETWEEN_1PCT,generated,5,1704,2663.0,463,592,592,6976,163
18,"UnsignedDelta(BitPack)",BETWEEN_1PCT,generated,6,1704,2653.5,463,592,592,6976,163
18,"UnsignedDelta(BitPack)",BETWEEN_1PCT,handwritten_monomorphized,0,308,16059.0,463,592,592,6976,163
18,"UnsignedDelta(BitPack)",BETWEEN_1PCT,handwritten_monomorphized,1,308,15927.4,463,592,592,6976,163
18,"UnsignedDelta(BitPack)",BETWEEN_1PCT,handwritten_monomorphized,2,308,15929.6,463,592,592,6976,163
18,"UnsignedDelta(BitPack)",BETWEEN_1PCT,handwritten_monomorphized,3,308,15948.7,463,592,592,6976,163
18,"UnsignedDelta(BitPack)",BETWEEN_1PCT,handwritten_monomorphized,4,308,15944.5,463,592,592,6976,163
18,"UnsignedDelta(BitPack)",BETWEEN_1PCT,handwritten_monomorphized,5,308,15981.0,463,592,592,6976,163
18,"UnsignedDelta(BitPack)",BETWEEN_1PCT,handwritten_monomorphized,6,308,15934.6,463,592,592,6976,163
18,"UnsignedDelta(BitPack)",BETWEEN_70PCT,full_decode,0,39,127844.2,6976,6976,6976,6976,16384
18,"UnsignedDelta(BitPack)",BETWEEN_70PCT,full_decode,1,39,127938.2,6976,6976,6976,6976,16384
18,"UnsignedDelta(BitPack)",BETWEEN_70PCT,full_decode,2,39,128105.6,6976,6976,6976,6976,16384
18,"UnsignedDelta(BitPack)",BETWEEN_70PCT,full_decode,3,39,127638.8,6976,6976,6976,6976,16384
18,"UnsignedDelta(BitPack)",BETWEEN_70PCT,full_decode,4,39,127633.4,6976,6976,6976,6976,16384
18,"UnsignedDelta(BitPack)",BETWEEN_70PCT,full_decode,5,39,127684.2,6976,6976,6976,6976,16384
18,"UnsignedDelta(BitPack)",BETWEEN_70PCT,full_decode,6,39,127979.0,6976,6976,6976,6976,16384
18,"UnsignedDelta(BitPack)",BETWEEN_70PCT,fused_decode,0,42,117092.9,6976,6976,6976,6976,16384
18,"UnsignedDelta(BitPack)",BETWEEN_70PCT,fused_decode,1,42,117154.9,6976,6976,6976,6976,16384
18,"UnsignedDelta(BitPack)",BETWEEN_70PCT,fused_decode,2,42,117257.9,6976,6976,6976,6976,16384
18,"UnsignedDelta(BitPack)",BETWEEN_70PCT,fused_decode,3,42,116984.9,6976,6976,6976,6976,16384
18,"UnsignedDelta(BitPack)",BETWEEN_70PCT,fused_decode,4,42,117825.9,6976,6976,6976,6976,16384
18,"UnsignedDelta(BitPack)",BETWEEN_70PCT,fused_decode,5,42,116988.2,6976,6976,6976,6976,16384
18,"UnsignedDelta(BitPack)",BETWEEN_70PCT,fused_decode,6,42,117032.8,6976,6976,6976,6976,16384
18,"UnsignedDelta(BitPack)",BETWEEN_70PCT,interpreted_plan,0,1,58238163.0,5091,5120,5120,6976,11703
18,"UnsignedDelta(BitPack)",BETWEEN_70PCT,interpreted_plan,1,1,58231032.0,5091,5120,5120,6976,11703
18,"UnsignedDelta(BitPack)",BETWEEN_70PCT,interpreted_plan,2,1,58244212.0,5091,5120,5120,6976,11703
18,"UnsignedDelta(BitPack)",BETWEEN_70PCT,interpreted_plan,3,1,58248849.0,5091,5120,5120,6976,11703
18,"UnsignedDelta(BitPack)",BETWEEN_70PCT,interpreted_plan,4,1,58273526.0,5091,5120,5120,6976,11703
18,"UnsignedDelta(BitPack)",BETWEEN_70PCT,interpreted_plan,5,1,58631521.0,5091,5120,5120,6976,11703
18,"UnsignedDelta(BitPack)",BETWEEN_70PCT,interpreted_plan,6,1,58223832.0,5091,5120,5120,6976,11703
18,"UnsignedDelta(BitPack)",BETWEEN_70PCT,generated_full_page_access,0,60,81903.1,5091,6976,6976,6976,11703
18,"UnsignedDelta(BitPack)",BETWEEN_70PCT,generated_full_page_access,1,60,84030.4,5091,6976,6976,6976,11703
18,"UnsignedDelta(BitPack)",BETWEEN_70PCT,generated_full_page_access,2,60,82287.9,5091,6976,6976,6976,11703
18,"UnsignedDelta(BitPack)",BETWEEN_70PCT,generated_full_page_access,3,60,82302.7,5091,6976,6976,6976,11703
18,"UnsignedDelta(BitPack)",BETWEEN_70PCT,generated_full_page_access,4,60,82204.6,5091,6976,6976,6976,11703
18,"UnsignedDelta(BitPack)",BETWEEN_70PCT,generated_full_page_access,5,60,82259.8,5091,6976,6976,6976,11703
18,"UnsignedDelta(BitPack)",BETWEEN_70PCT,generated_full_page_access,6,60,82228.8,5091,6976,6976,6976,11703
18,"UnsignedDelta(BitPack)",BETWEEN_70PCT,generated,0,58,86724.5,5091,5120,5120,6976,11703
18,"UnsignedDelta(BitPack)",BETWEEN_70PCT,generated,1,58,86658.7,5091,5120,5120,6976,11703
18,"UnsignedDelta(BitPack)",BETWEEN_70PCT,generated,2,58,86651.3,5091,5120,5120,6976,11703
18,"UnsignedDelta(BitPack)",BETWEEN_70PCT,generated,3,58,86767.3,5091,5120,5120,6976,11703
18,"UnsignedDelta(BitPack)",BETWEEN_70PCT,generated,4,58,86805.5,5091,5120,5120,6976,11703
18,"UnsignedDelta(BitPack)",BETWEEN_70PCT,generated,5,58,86738.8,5091,5120,5120,6976,11703
18,"UnsignedDelta(BitPack)",BETWEEN_70PCT,generated,6,58,86444.2,5091,5120,5120,6976,11703
18,"UnsignedDelta(BitPack)",BETWEEN_70PCT,handwritten_monomorphized,0,9,549631.8,5091,5120,5120,6976,11703
18,"UnsignedDelta(BitPack)",BETWEEN_70PCT,handwritten_monomorphized,1,9,550519.8,5091,5120,5120,6976,11703
18,"UnsignedDelta(BitPack)",BETWEEN_70PCT,handwritten_monomorphized,2,9,550665.4,5091,5120,5120,6976,11703
18,"UnsignedDelta(BitPack)",BETWEEN_70PCT,handwritten_monomorphized,3,9,550266.1,5091,5120,5120,6976,11703
18,"UnsignedDelta(BitPack)",BETWEEN_70PCT,handwritten_monomorphized,4,9,551492.2,5091,5120,5120,6976,11703
18,"UnsignedDelta(BitPack)",BETWEEN_70PCT,handwritten_monomorphized,5,9,548463.3,5091,5120,5120,6976,11703
18,"UnsignedDelta(BitPack)",BETWEEN_70PCT,handwritten_monomorphized,6,9,549517.2,5091,5120,5120,6976,11703
18,"UnsignedDelta(BitPack)",FILTER_POINT,full_decode,0,41,120188.0,6976,6976,6976,6976,16384
18,"UnsignedDelta(BitPack)",FILTER_POINT,full_decode,1,41,120464.3,6976,6976,6976,6976,16384
18,"UnsignedDelta(BitPack)",FILTER_POINT,full_decode,2,41,119988.7,6976,6976,6976,6976,16384
18,"UnsignedDelta(BitPack)",FILTER_POINT,full_decode,3,41,120155.3,6976,6976,6976,6976,16384
18,"UnsignedDelta(BitPack)",FILTER_POINT,full_decode,4,41,119828.4,6976,6976,6976,6976,16384
18,"UnsignedDelta(BitPack)",FILTER_POINT,full_decode,5,41,119780.3,6976,6976,6976,6976,16384
18,"UnsignedDelta(BitPack)",FILTER_POINT,full_decode,6,41,119894.4,6976,6976,6976,6976,16384
18,"UnsignedDelta(BitPack)",FILTER_POINT,fused_decode,0,46,107429.5,6976,6976,6976,6976,16384
18,"UnsignedDelta(BitPack)",FILTER_POINT,fused_decode,1,46,107152.2,6976,6976,6976,6976,16384
18,"UnsignedDelta(BitPack)",FILTER_POINT,fused_decode,2,46,107192.2,6976,6976,6976,6976,16384
18,"UnsignedDelta(BitPack)",FILTER_POINT,fused_decode,3,46,107313.5,6976,6976,6976,6976,16384
18,"UnsignedDelta(BitPack)",FILTER_POINT,fused_decode,4,46,107318.5,6976,6976,6976,6976,16384
18,"UnsignedDelta(BitPack)",FILTER_POINT,fused_decode,5,46,107222.9,6976,6976,6976,6976,16384
18,"UnsignedDelta(BitPack)",FILTER_POINT,fused_decode,6,46,107356.8,6976,6976,6976,6976,16384
18,"UnsignedDelta(BitPack)",FILTER_POINT,interpreted_plan,0,1,80781732.0,6976,6976,6976,6976,16384
18,"UnsignedDelta(BitPack)",FILTER_POINT,interpreted_plan,1,1,80824667.0,6976,6976,6976,6976,16384
18,"UnsignedDelta(BitPack)",FILTER_POINT,interpreted_plan,2,1,80844246.0,6976,6976,6976,6976,16384
18,"UnsignedDelta(BitPack)",FILTER_POINT,interpreted_plan,3,1,80850795.0,6976,6976,6976,6976,16384
18,"UnsignedDelta(BitPack)",FILTER_POINT,interpreted_plan,4,1,80862383.0,6976,6976,6976,6976,16384
18,"UnsignedDelta(BitPack)",FILTER_POINT,interpreted_plan,5,1,80882883.0,6976,6976,6976,6976,16384
18,"UnsignedDelta(BitPack)",FILTER_POINT,interpreted_plan,6,1,81162301.0,6976,6976,6976,6976,16384
18,"UnsignedDelta(BitPack)",FILTER_POINT,generated_full_page_access,0,6,763339.7,5504,6976,6976,6976,1024
18,"UnsignedDelta(BitPack)",FILTER_POINT,generated_full_page_access,1,6,762243.0,5504,6976,6976,6976,1024
18,"UnsignedDelta(BitPack)",FILTER_POINT,generated_full_page_access,2,6,761961.0,5504,6976,6976,6976,1024
18,"UnsignedDelta(BitPack)",FILTER_POINT,generated_full_page_access,3,6,763454.8,5504,6976,6976,6976,1024
18,"UnsignedDelta(BitPack)",FILTER_POINT,generated_full_page_access,4,6,781955.8,5504,6976,6976,6976,1024
18,"UnsignedDelta(BitPack)",FILTER_POINT,generated_full_page_access,5,6,763863.8,5504,6976,6976,6976,1024
18,"UnsignedDelta(BitPack)",FILTER_POINT,generated_full_page_access,6,6,763324.8,5504,6976,6976,6976,1024
18,"UnsignedDelta(BitPack)",FILTER_POINT,generated,0,6,771361.7,5504,6976,6976,6976,1024
18,"UnsignedDelta(BitPack)",FILTER_POINT,generated,1,6,771001.2,5504,6976,6976,6976,1024
18,"UnsignedDelta(BitPack)",FILTER_POINT,generated,2,6,771012.8,5504,6976,6976,6976,1024
18,"UnsignedDelta(BitPack)",FILTER_POINT,generated,3,6,770038.2,5504,6976,6976,6976,1024
18,"UnsignedDelta(BitPack)",FILTER_POINT,generated,4,6,770729.2,5504,6976,6976,6976,1024
18,"UnsignedDelta(BitPack)",FILTER_POINT,generated,5,6,769832.7,5504,6976,6976,6976,1024
18,"UnsignedDelta(BitPack)",FILTER_POINT,generated,6,6,771698.8,5504,6976,6976,6976,1024
18,"UnsignedDelta(BitPack)",FILTER_POINT,handwritten_monomorphized,0,1,6809286.0,5504,6976,6976,6976,1024
18,"UnsignedDelta(BitPack)",FILTER_POINT,handwritten_monomorphized,1,1,6810409.0,5504,6976,6976,6976,1024
18,"UnsignedDelta(BitPack)",FILTER_POINT,handwritten_monomorphized,2,1,6822086.0,5504,6976,6976,6976,1024
18,"UnsignedDelta(BitPack)",FILTER_POINT,handwritten_monomorphized,3,1,6820764.0,5504,6976,6976,6976,1024
18,"UnsignedDelta(BitPack)",FILTER_POINT,handwritten_monomorphized,4,1,6850609.0,5504,6976,6976,6976,1024
18,"UnsignedDelta(BitPack)",FILTER_POINT,handwritten_monomorphized,5,1,6821004.0,5504,6976,6976,6976,1024
18,"UnsignedDelta(BitPack)",FILTER_POINT,handwritten_monomorphized,6,1,6824239.0,5504,6976,6976,6976,1024
18,"UnsignedDelta(BitPack)",FILTER_50PCT,full_decode,0,37,136216.6,6976,6976,6976,6976,16384
18,"UnsignedDelta(BitPack)",FILTER_50PCT,full_decode,1,37,136334.1,6976,6976,6976,6976,16384
18,"UnsignedDelta(BitPack)",FILTER_50PCT,full_decode,2,37,136093.5,6976,6976,6976,6976,16384
18,"UnsignedDelta(BitPack)",FILTER_50PCT,full_decode,3,37,135782.5,6976,6976,6976,6976,16384
18,"UnsignedDelta(BitPack)",FILTER_50PCT,full_decode,4,37,135767.6,6976,6976,6976,6976,16384
18,"UnsignedDelta(BitPack)",FILTER_50PCT,full_decode,5,37,135902.4,6976,6976,6976,6976,16384
18,"UnsignedDelta(BitPack)",FILTER_50PCT,full_decode,6,37,135680.2,6976,6976,6976,6976,16384
18,"UnsignedDelta(BitPack)",FILTER_50PCT,fused_decode,0,40,123297.6,6976,6976,6976,6976,16384
18,"UnsignedDelta(BitPack)",FILTER_50PCT,fused_decode,1,40,123296.6,6976,6976,6976,6976,16384
18,"UnsignedDelta(BitPack)",FILTER_50PCT,fused_decode,2,40,123126.3,6976,6976,6976,6976,16384
18,"UnsignedDelta(BitPack)",FILTER_50PCT,fused_decode,3,40,123065.2,6976,6976,6976,6976,16384
18,"UnsignedDelta(BitPack)",FILTER_50PCT,fused_decode,4,40,123287.6,6976,6976,6976,6976,16384
18,"UnsignedDelta(BitPack)",FILTER_50PCT,fused_decode,5,40,123406.8,6976,6976,6976,6976,16384
18,"UnsignedDelta(BitPack)",FILTER_50PCT,fused_decode,6,40,123792.3,6976,6976,6976,6976,16384
18,"UnsignedDelta(BitPack)",FILTER_50PCT,interpreted_plan,0,1,80811717.0,6976,6976,6976,6976,16384
18,"UnsignedDelta(BitPack)",FILTER_50PCT,interpreted_plan,1,1,80825258.0,6976,6976,6976,6976,16384
18,"UnsignedDelta(BitPack)",FILTER_50PCT,interpreted_plan,2,1,80817116.0,6976,6976,6976,6976,16384
18,"UnsignedDelta(BitPack)",FILTER_50PCT,interpreted_plan,3,1,80881742.0,6976,6976,6976,6976,16384
18,"UnsignedDelta(BitPack)",FILTER_50PCT,interpreted_plan,4,1,81656830.0,6976,6976,6976,6976,16384
18,"UnsignedDelta(BitPack)",FILTER_50PCT,interpreted_plan,5,1,80876575.0,6976,6976,6976,6976,16384
18,"UnsignedDelta(BitPack)",FILTER_50PCT,interpreted_plan,6,1,81170794.0,6976,6976,6976,6976,16384
18,"UnsignedDelta(BitPack)",FILTER_50PCT,generated_full_page_access,0,7,714413.9,5888,6976,6976,6976,960
18,"UnsignedDelta(BitPack)",FILTER_50PCT,generated_full_page_access,1,7,699211.1,5888,6976,6976,6976,960
18,"UnsignedDelta(BitPack)",FILTER_50PCT,generated_full_page_access,2,7,698623.1,5888,6976,6976,6976,960
18,"UnsignedDelta(BitPack)",FILTER_50PCT,generated_full_page_access,3,7,699431.4,5888,6976,6976,6976,960
18,"UnsignedDelta(BitPack)",FILTER_50PCT,generated_full_page_access,4,7,698797.7,5888,6976,6976,6976,960
18,"UnsignedDelta(BitPack)",FILTER_50PCT,generated_full_page_access,5,7,697747.4,5888,6976,6976,6976,960
18,"UnsignedDelta(BitPack)",FILTER_50PCT,generated_full_page_access,6,7,696570.1,5888,6976,6976,6976,960
18,"UnsignedDelta(BitPack)",FILTER_50PCT,generated,0,7,706882.4,5888,6976,6976,6976,960
18,"UnsignedDelta(BitPack)",FILTER_50PCT,generated,1,7,704816.6,5888,6976,6976,6976,960
18,"UnsignedDelta(BitPack)",FILTER_50PCT,generated,2,7,706327.4,5888,6976,6976,6976,960
18,"UnsignedDelta(BitPack)",FILTER_50PCT,generated,3,7,710060.3,5888,6976,6976,6976,960
18,"UnsignedDelta(BitPack)",FILTER_50PCT,generated,4,7,705649.3,5888,6976,6976,6976,960
18,"UnsignedDelta(BitPack)",FILTER_50PCT,generated,5,7,705600.6,5888,6976,6976,6976,960
18,"UnsignedDelta(BitPack)",FILTER_50PCT,generated,6,7,706796.7,5888,6976,6976,6976,960
18,"UnsignedDelta(BitPack)",FILTER_50PCT,handwritten_monomorphized,0,1,6196582.0,5888,6976,6976,6976,960
18,"UnsignedDelta(BitPack)",FILTER_50PCT,handwritten_monomorphized,1,1,6227327.0,5888,6976,6976,6976,960
18,"UnsignedDelta(BitPack)",FILTER_50PCT,handwritten_monomorphized,2,1,6216021.0,5888,6976,6976,6976,960
18,"UnsignedDelta(BitPack)",FILTER_50PCT,handwritten_monomorphized,3,1,6211204.0,5888,6976,6976,6976,960
18,"UnsignedDelta(BitPack)",FILTER_50PCT,handwritten_monomorphized,4,1,6236441.0,5888,6976,6976,6976,960
18,"UnsignedDelta(BitPack)",FILTER_50PCT,handwritten_monomorphized,5,1,6222140.0,5888,6976,6976,6976,960
18,"UnsignedDelta(BitPack)",FILTER_50PCT,handwritten_monomorphized,6,1,6222521.0,5888,6976,6976,6976,960
