case,recipe,query,baseline,p25_ns,median_ns,p75_ns,median_over_handwritten,fused_over_baseline,logical_bytes,delivered_bytes,transferred_bytes,file_bytes,delivered_fraction,decoded_rows,planner_ns
0,"Nullable(FOR(BitPack))",GET,full_decode,881602.0,882385.0,883580.8,1097.5500,0.9871,35276,35480,35480,35728,0.993059,16384,5828.1
0,"Nullable(FOR(BitPack))",GET,fused_decode,867326.6,870980.2,872174.0,1083.3642,1.0000,35276,35480,35480,35728,0.993059,16384,5828.1
0,"Nullable(FOR(BitPack))",GET,interpreted_plan,824.4,826.4,831.6,1.0279,1053.9388,464,824,824,35728,0.023063,1,5828.1
0,"Nullable(FOR(BitPack))",GET,generated_full_page_access,433.8,434.1,434.9,0.5400,2006.4101,464,35728,35728,35728,1.000000,1,5828.1
0,"Nullable(FOR(BitPack))",GET,generated,797.5,798.5,805.0,0.9932,1090.7672,464,824,824,35728,0.023063,1,5828.1
0,"Nullable(FOR(BitPack))",GET,handwritten_monomorphized,801.5,804.0,805.5,1.0000,1083.3642,464,824,824,35728,0.023063,1,5828.1
0,"Nullable(FOR(BitPack))",SUM_1PCT,full_decode,885866.2,886337.0,887440.6,45.8414,0.9736,35276,35480,35480,35728,0.993059,16384,5872.0
0,"Nullable(FOR(BitPack))",SUM_1PCT,fused_decode,861429.8,862922.0,863338.8,44.6304,1.0000,35276,35480,35480,35728,0.993059,16384,5872.0
0,"Nullable(FOR(BitPack))",SUM_1PCT,interpreted_plan,98289.1,98343.0,98368.2,5.0863,8.7746,835,1192,1192,35728,0.033363,163,5872.0
0,"Nullable(FOR(BitPack))",SUM_1PCT,generated_full_page_access,9765.4,9770.3,9776.7,0.5053,88.3206,831,35728,35728,35728,1.000000,163,5872.0
0,"Nullable(FOR(BitPack))",SUM_1PCT,generated,10794.7,10802.1,10833.4,0.5587,79.8847,831,1128,1128,35728,0.031572,163,5872.0
0,"Nullable(FOR(BitPack))",SUM_1PCT,handwritten_monomorphized,19328.3,19334.9,19347.1,1.0000,44.6304,831,1128,1128,35728,0.031572,163,5872.0
0,"Nullable(FOR(BitPack))",SUM_70PCT,full_decode,892774.6,893645.8,894108.6,0.7315,0.9773,35276,35480,35480,35728,0.993059,16384,5874.3
0,"Nullable(FOR(BitPack))",SUM_70PCT,fused_decode,872298.0,873323.6,874541.4,0.7149,1.0000,35276,35480,35480,35728,0.993059,16384,5874.3
0,"Nullable(FOR(BitPack))",SUM_70PCT,interpreted_plan,6908863.0,6925277.0,6941061.0,5.6690,0.1261,25513,25848,25848,35728,0.723466,11703,5874.3
0,"Nullable(FOR(BitPack))",SUM_70PCT,generated_full_page_access,589514.9,589810.4,590326.1,0.4828,1.4807,25333,35728,35728,35728,1.000000,11703,5874.3
0,"Nullable(FOR(BitPack))",SUM_70PCT,generated,625888.6,626864.3,627595.3,0.5131,1.3932,25333,25656,25656,35728,0.718092,11703,5874.3
0,"Nullable(FOR(BitPack))",SUM_70PCT,handwritten_monomorphized,1220642.0,1221613.5,1223533.8,1.0000,0.7149,25333,25656,25656,35728,0.718092,11703,5874.3
0,"Nullable(FOR(BitPack))",BETWEEN_1PCT,full_decode,889337.4,889764.2,890931.8,45.0348,0.9774,35276,35480,35480,35728,0.993059,16384,6069.8
0,"Nullable(FOR(BitPack))",BETWEEN_1PCT,fused_decode,868885.0,869660.0,869732.2,44.0173,1.0000,35276,35480,35480,35728,0.993059,16384,6069.8
0,"Nullable(FOR(BitPack))",BETWEEN_1PCT,interpreted_plan,98631.6,98652.5,98690.9,4.9932,8.8154,835,1192,1192,35728,0.033363,163,6069.8
0,"Nullable(FOR(BitPack))",BETWEEN_1PCT,generated_full_page_access,10340.1,10378.3,10402.6,0.5253,83.7956,831,35728,35728,35728,1.000000,163,6069.8
0,"Nullable(FOR(BitPack))",BETWEEN_1PCT,generated,11279.4,11312.9,11325.0,0.5726,76.8733,831,1128,1128,35728,0.031572,163,6069.8
0,"Nullable(FOR(BitPack))",BETWEEN_1PCT,handwritten_monomorphized,19715.5,19757.2,19778.9,1.0000,44.0173,831,1128,1128,35728,0.031572,163,6069.8
0,"Nullable(FOR(BitPack))",BETWEEN_70PCT,full_decode,909529.8,912492.0,914587.0,0.7323,0.9780,35276,35480,35480,35728,0.993059,16384,6050.1
0,"Nullable(FOR(BitPack))",BETWEEN_70PCT,fused_decode,891544.8,892462.0,893205.4,0.7163,1.0000,35276,35480,35480,35728,0.993059,16384,6050.1
0,"Nullable(FOR(BitPack))",BETWEEN_70PCT,interpreted_plan,6917355.0,6928832.0,6934821.0,5.5608,0.1288,25513,25848,25848,35728,0.723466,11703,6050.1
0,"Nullable(FOR(BitPack))",BETWEEN_70PCT,generated_full_page_access,613212.9,614021.5,614373.2,0.4928,1.4535,25333,35728,35728,35728,1.000000,11703,6050.1
0,"Nullable(FOR(BitPack))",BETWEEN_70PCT,generated,650076.1,651259.1,652212.1,0.5227,1.3704,25333,25656,25656,35728,0.718092,11703,6050.1
0,"Nullable(FOR(BitPack))",BETWEEN_70PCT,handwritten_monomorphized,1244848.0,1246012.2,1247399.2,1.0000,0.7163,25333,25656,25656,35728,0.718092,11703,6050.1
0,"Nullable(FOR(BitPack))",FILTER_POINT,full_decode,899398.6,901455.6,904748.4,0.5285,0.9733,35276,35480,35480,35728,0.993059,16384,5882.8
0,"Nullable(FOR(BitPack))",FILTER_POINT,fused_decode,876500.4,877427.6,877528.0,0.5144,1.0000,35276,35480,35480,35728,0.993059,16384,5882.8
0,"Nullable(FOR(BitPack))",FILTER_POINT,interpreted_plan,9553099.0,9565468.0,9584086.0,5.6083,0.0917,35528,35672,35672,35728,0.998433,16384,5882.8
0,"Nullable(FOR(BitPack))",FILTER_POINT,generated_full_page_access,830968.4,831681.4,832408.4,0.4876,1.0550,35276,35728,35728,35728,1.000000,16384,5882.8
0,"Nullable(FOR(BitPack))",FILTER_POINT,generated,870998.2,871841.4,872602.6,0.5112,1.0064,35276,35480,35480,35728,0.993059,16384,5882.8
0,"Nullable(FOR(BitPack))",FILTER_POINT,handwritten_monomorphized,1705055.0,1705585.5,1709346.5,1.0000,0.5144,35276,35480,35480,35728,0.993059,16384,5882.8
0,"Nullable(FOR(BitPack))",FILTER_50PCT,full_decode,915091.8,915823.0,917135.0,0.5322,0.9779,35276,35480,35480,35728,0.993059,16384,5876.6
0,"Nullable(FOR(BitPack))",FILTER_50PCT,fused_decode,893237.4,895598.8,897233.2,0.5205,1.0000,35276,35480,35480,35728,0.993059,16384,5876.6
0,"Nullable(FOR(BitPack))",FILTER_50PCT,interpreted_plan,9572107.0,9590095.0,9617446.0,5.5731,0.0934,35528,35672,35672,35728,0.998433,16384,5876.6
0,"Nullable(FOR(BitPack))",FILTER_50PCT,generated_full_page_access,848512.6,848867.0,849383.8,0.4933,1.0551,35276,35728,35728,35728,1.000000,16384,5876.6
0,"Nullable(FOR(BitPack))",FILTER_50PCT,generated,886753.6,887653.0,888155.6,0.5158,1.0090,35276,35480,35480,35728,0.993059,16384,5876.6
0,"Nullable(FOR(BitPack))",FILTER_50PCT,handwritten_monomorphized,1716968.0,1720793.5,1722937.0,1.0000,0.5205,35276,35480,35480,35728,0.993059,16384,5876.6
1,"Patch(FOR(BitPack))",GET,full_decode,158150.9,158237.2,158505.9,121.6229,0.8976,35600,35608,35608,35648,0.998878,16384,1736.8
1,"Patch(FOR(BitPack))",GET,fused_decode,142002.0,142036.3,142151.3,109.1707,1.0000,35600,35608,35608,35648,0.998878,16384,1736.8
1,"Patch(FOR(BitPack))",GET,interpreted_plan,1352.2,1357.0,1364.3,1.0430,104.6697,631,936,936,35648,0.026257,1,1736.8
1,"Patch(FOR(BitPack))",GET,generated_full_page_access,1021.8,1025.8,1036.8,0.7884,138.4677,631,35648,35648,35648,1.000000,1,1736.8
1,"Patch(FOR(BitPack))",GET,generated,1293.2,1295.3,1297.4,0.9956,109.6520,631,936,936,35648,0.026257,1,1736.8
1,"Patch(FOR(BitPack))",GET,handwritten_monomorphized,1299.0,1301.0,1304.7,1.0000,109.1707,631,936,936,35648,0.026257,1,1736.8
1,"Patch(FOR(BitPack))",SUM_1PCT,full_decode,158106.6,158226.2,158364.1,12.8955,0.8834,35600,35608,35608,35648,0.998878,16384,1802.1
1,"Patch(FOR(BitPack))",SUM_1PCT,fused_decode,139632.7,139778.9,139918.5,11.3920,1.0000,35600,35608,35608,35648,0.998878,16384,1802.1
1,"Patch(FOR(BitPack))",SUM_1PCT,interpreted_plan,70475.2,70522.9,70551.6,5.7476,1.9820,976,1208,1208,35648,0.033887,163,1802.1
1,"Patch(FOR(BitPack))",SUM_1PCT,generated_full_page_access,2554.9,2556.9,2559.6,0.2084,54.6678,976,35648,35648,35648,1.000000,163,1802.1
1,"Patch(FOR(BitPack))",SUM_1PCT,generated,2821.1,2829.7,2834.0,0.2306,49.3966,976,1208,1208,35648,0.033887,163,1802.1
1,"Patch(FOR(BitPack))",SUM_1PCT,handwritten_monomorphized,12248.2,12269.9,12281.3,1.0000,11.3920,976,1208,1208,35648,0.033887,163,1802.1
1,"Patch(FOR(BitPack))",SUM_70PCT,full_decode,165842.2,166004.5,166125.3,0.2026,0.8797,35600,35608,35608,35648,0.998878,16384,4895.2
1,"Patch(FOR(BitPack))",SUM_70PCT,fused_decode,145916.9,146034.7,146061.9,0.1782,1.0000,35600,35608,35608,35648,0.998878,16384,4895.2
1,"Patch(FOR(BitPack))",SUM_70PCT,interpreted_plan,5354222.0,5364397.0,5370657.0,6.5477,0.0272,25603,25816,25816,35648,0.724192,11703,4895.2
1,"Patch(FOR(BitPack))",SUM_70PCT,generated_full_page_access,110723.0,110763.3,110946.3,0.1352,1.3184,25618,35648,35648,35648,1.000000,11703,4895.2
1,"Patch(FOR(BitPack))",SUM_70PCT,generated,111266.8,111335.1,111406.5,0.1359,1.3117,25618,25816,25816,35648,0.724192,11703,4895.2
1,"Patch(FOR(BitPack))",SUM_70PCT,handwritten_monomorphized,807946.0,819279.7,820449.7,1.0000,0.1782,25618,25816,25816,35648,0.724192,11703,4895.2
1,"Patch(FOR(BitPack))",BETWEEN_1PCT,full_decode,158546.0,158546.7,158587.0,12.5820,0.9817,35600,35608,35608,35648,0.998878,16384,1806.4
1,"Patch(FOR(BitPack))",BETWEEN_1PCT,fused_decode,155587.6,155648.6,155751.2,12.3520,1.0000,35600,35608,35608,35648,0.998878,16384,1806.4
1,"Patch(FOR(BitPack))",BETWEEN_1PCT,interpreted_plan,70877.2,70917.0,70994.0,5.6278,2.1948,976,1208,1208,35648,0.033887,163,1806.4
1,"Patch(FOR(BitPack))",BETWEEN_1PCT,generated_full_page_access,2826.1,2832.9,2833.6,0.2248,54.9436,976,35648,35648,35648,1.000000,163,1806.4
1,"Patch(FOR(BitPack))",BETWEEN_1PCT,generated,3114.1,3116.3,3135.0,0.2473,49.9462,976,1208,1208,35648,0.033887,163,1806.4
1,"Patch(FOR(BitPack))",BETWEEN_1PCT,handwritten_monomorphized,12583.7,12601.1,12609.4,1.0000,12.3520,976,1208,1208,35648,0.033887,163,1806.4
1,"Patch(FOR(BitPack))",BETWEEN_70PCT,full_decode,183266.5,183284.7,183499.1,0.2238,0.9549,35600,35608,35608,35648,0.998878,16384,4925.0
1,"Patch(FOR(BitPack))",BETWEEN_70PCT,fused_decode,174981.2,175021.6,175166.8,0.2137,1.0000,35600,35608,35608,35648,0.998878,16384,4925.0
1,"Patch(FOR(BitPack))",BETWEEN_70PCT,interpreted_plan,5364858.0,5365639.0,5379980.0,6.5511,0.0326,25603,25816,25816,35648,0.724192,11703,4925.0
1,"Patch(FOR(BitPack))",BETWEEN_70PCT,generated_full_page_access,126801.4,126848.3,127069.4,0.1549,1.3798,25618,35648,35648,35648,1.000000,11703,4925.0
1,"Patch(FOR(BitPack))",BETWEEN_70PCT,generated,126840.4,126892.7,127031.9,0.1549,1.3793,25618,25816,25816,35648,0.724192,11703,4925.0
1,"Patch(FOR(BitPack))",BETWEEN_70PCT,handwritten_monomorphized,817478.7,819049.2,819349.7,1.0000,0.2137,25618,25816,25816,35648,0.724192,11703,4925.0
1,"Patch(FOR(BitPack))",FILTER_POINT,full_decode,170284.9,170489.7,171106.8,0.1523,0.9483,35600,35608,35608,35648,0.998878,16384,6238.0
1,"Patch(FOR(BitPack))",FILTER_POINT,fused_decode,161571.5,161674.5,161816.7,0.1444,1.0000,35600,35608,35608,35648,0.998878,16384,6238.0
1,"Patch(FOR(BitPack))",FILTER_POINT,interpreted_plan,7582348.0,7597771.0,7610981.0,6.7860,0.0213,35580,35608,35608,35648,0.998878,16384,6238.0
1,"Patch(FOR(BitPack))",FILTER_POINT,generated_full_page_access,154628.6,154694.0,154791.7,0.1382,1.0451,35600,35648,35648,35648,1.000000,16384,6238.0
1,"Patch(FOR(BitPack))",FILTER_POINT,generated,154979.1,155131.2,155207.9,0.1386,1.0422,35600,35608,35608,35648,0.998878,16384,6238.0
1,"Patch(FOR(BitPack))",FILTER_POINT,handwritten_monomorphized,1118169.2,1119626.2,1120354.8,1.0000,0.1444,35600,35608,35608,35648,0.998878,16384,6238.0
1,"Patch(FOR(BitPack))",FILTER_50PCT,full_decode,186745.7,186780.3,186945.2,0.1643,0.9478,35600,35608,35608,35648,0.998878,16384,6191.0
1,"Patch(FOR(BitPack))",FILTER_50PCT,fused_decode,177012.8,177024.6,177179.8,0.1557,1.0000,35600,35608,35608,35648,0.998878,16384,6191.0
1,"Patch(FOR(BitPack))",FILTER_50PCT,interpreted_plan,7593655.0,7622508.0,7639153.0,6.7054,0.0232,35580,35608,35608,35648,0.998878,16384,6191.0
1,"Patch(FOR(BitPack))",FILTER_50PCT,generated_full_page_access,170494.5,170547.8,170601.1,0.1500,1.0380,35600,35648,35648,35648,1.000000,16384,6191.0
1,"Patch(FOR(BitPack))",FILTER_50PCT,generated,170729.0,170834.3,170931.3,0.1503,1.0362,35600,35608,35608,35648,0.998878,16384,6191.0
1,"Patch(FOR(BitPack))",FILTER_50PCT,handwritten_monomorphized,1135780.5,1136779.2,1138376.8,1.0000,0.1557,35600,35608,35608,35648,0.998878,16384,6191.0
2,"Nullable(Dictionary(RLE(BitPack)))",GET,full_decode,1497966.0,1499538.3,1501190.7,415.2806,1.0063,4715,4796,4796,5056,0.948576,16384,1911.4
2,"Nullable(Dictionary(RLE(BitPack)))",GET,fused_decode,1507770.3,1509049.0,1513839.7,417.9145,1.0000,4715,4796,4796,5056,0.948576,16384,1911.4
2,"Nullable(Dictionary(RLE(BitPack)))",GET,interpreted_plan,3544.0,3550.8,3561.8,0.9833,424.9906,794,984,984,5056,0.194620,1,1911.4
2,"Nullable(Dictionary(RLE(BitPack)))",GET,generated_full_page_access,2791.8,2795.8,2808.9,0.7743,539.7570,794,5056,5056,5056,1.000000,1,1911.4
2,"Nullable(Dictionary(RLE(BitPack)))",GET,generated,3604.4,3613.8,3618.6,1.0008,417.5755,794,984,984,5056,0.194620,1,1911.4
2,"Nullable(Dictionary(RLE(BitPack)))",GET,handwritten_monomorphized,3599.9,3610.9,3619.5,1.0000,417.9145,794,984,984,5056,0.194620,1,1911.4
2,"Nullable(Dictionary(RLE(BitPack)))",SUM_1PCT,full_decode,1503063.7,1503447.3,1503531.0,63.9001,1.0008,4715,4796,4796,5056,0.948576,16384,1880.4
2,"Nullable(Dictionary(RLE(BitPack)))",SUM_1PCT,fused_decode,1502933.7,1504576.0,1505634.0,63.9481,1.0000,4715,4796,4796,5056,0.948576,16384,1880.4
2,"Nullable(Dictionary(RLE(BitPack)))",SUM_1PCT,interpreted_plan,271604.3,271910.3,272118.4,11.5568,5.5334,865,1080,1080,5056,0.213608,163,1880.4
2,"Nullable(Dictionary(RLE(BitPack)))",SUM_1PCT,generated_full_page_access,21237.9,21268.8,21294.0,0.9040,70.7409,861,5056,5056,5056,1.000000,163,1880.4
2,"Nullable(Dictionary(RLE(BitPack)))",SUM_1PCT,generated,23526.7,23555.1,23570.4,1.0011,63.8747,861,1016,1016,5056,0.200949,163,1880.4
2,"Nullable(Dictionary(RLE(BitPack)))",SUM_1PCT,handwritten_monomorphized,23469.5,23528.1,23576.1,1.0000,63.9481,861,1016,1016,5056,0.200949,163,1880.4
2,"Nullable(Dictionary(RLE(BitPack)))",SUM_70PCT,full_decode,1504579.3,1505821.0,1507907.7,1.3788,0.9994,4715,4796,4796,5056,0.948576,16384,1894.5
2,"Nullable(Dictionary(RLE(BitPack)))",SUM_70PCT,fused_decode,1503611.0,1504966.7,1506111.7,1.3780,1.0000,4715,4796,4796,5056,0.948576,16384,1894.5
2,"Nullable(Dictionary(RLE(BitPack)))",SUM_70PCT,interpreted_plan,14583929.0,14591170.0,14604910.0,13.3604,0.1031,3884,4016,4016,5056,0.794304,11703,1894.5
2,"Nullable(Dictionary(RLE(BitPack)))",SUM_70PCT,generated_full_page_access,1011625.0,1012273.5,1013430.2,0.9269,1.4867,3704,5056,5056,5056,1.000000,11703,1894.5
2,"Nullable(Dictionary(RLE(BitPack)))",SUM_70PCT,generated,1089934.5,1091096.2,1092833.8,0.9991,1.3793,3704,3824,3824,5056,0.756329,11703,1894.5
2,"Nullable(Dictionary(RLE(BitPack)))",SUM_70PCT,handwritten_monomorphized,1091754.8,1092120.2,1092951.5,1.0000,1.3780,3704,3824,3824,5056,0.756329,11703,1894.5
2,"Nullable(Dictionary(RLE(BitPack)))",BETWEEN_1PCT,full_decode,1501488.0,1502492.7,1503150.3,63.3773,0.9860,4715,4796,4796,5056,0.948576,16384,1895.9
2,"Nullable(Dictionary(RLE(BitPack)))",BETWEEN_1PCT,fused_decode,1477639.0,1481428.0,1482075.7,62.4888,1.0000,4715,4796,4796,5056,0.948576,16384,1895.9
2,"Nullable(Dictionary(RLE(BitPack)))",BETWEEN_1PCT,interpreted_plan,276361.4,276581.6,277157.8,11.6666,5.3562,865,1080,1080,5056,0.213608,163,1895.9
2,"Nullable(Dictionary(RLE(BitPack)))",BETWEEN_1PCT,generated_full_page_access,21294.6,21339.6,21366.0,0.9001,69.4215,861,5056,5056,5056,1.000000,163,1895.9
2,"Nullable(Dictionary(RLE(BitPack)))",BETWEEN_1PCT,generated,23488.9,23506.3,23545.1,0.9915,63.0226,861,1016,1016,5056,0.200949,163,1895.9
2,"Nullable(Dictionary(RLE(BitPack)))",BETWEEN_1PCT,handwritten_monomorphized,23683.1,23707.1,23746.6,1.0000,62.4888,861,1016,1016,5056,0.200949,163,1895.9
2,"Nullable(Dictionary(RLE(BitPack)))",BETWEEN_70PCT,full_decode,1527677.0,1528451.3,1530845.0,1.3799,0.9721,4715,4796,4796,5056,0.948576,16384,1887.1
2,"Nullable(Dictionary(RLE(BitPack)))",BETWEEN_70PCT,fused_decode,1484041.7,1485794.3,1489553.7,1.3413,1.0000,4715,4796,4796,5056,0.948576,16384,1887.1
2,"Nullable(Dictionary(RLE(BitPack)))",BETWEEN_70PCT,interpreted_plan,14793182.0,14830547.0,14834593.0,13.3887,0.1002,3884,4016,4016,5056,0.794304,11703,1887.1
2,"Nullable(Dictionary(RLE(BitPack)))",BETWEEN_70PCT,generated_full_page_access,1019694.5,1020125.0,1022441.2,0.9209,1.4565,3704,5056,5056,5056,1.000000,11703,1887.1
2,"Nullable(Dictionary(RLE(BitPack)))",BETWEEN_70PCT,generated,1098267.0,1100740.5,1101113.5,0.9937,1.3498,3704,3824,3824,5056,0.756329,11703,1887.1
2,"Nullable(Dictionary(RLE(BitPack)))",BETWEEN_70PCT,handwritten_monomorphized,1104789.2,1107693.5,1111661.8,1.0000,1.3413,3704,3824,3824,5056,0.756329,11703,1887.1
2,"Nullable(Dictionary(RLE(BitPack)))",FILTER_POINT,full_decode,1526595.3,1527890.7,1528297.7,1.0115,0.9752,4715,4796,4796,5056,0.948576,16384,1921.3
2,"Nullable(Dictionary(RLE(BitPack)))",FILTER_POINT,fused_decode,1488698.7,1490044.3,1491780.3,0.9864,1.0000,4715,4796,4796,5056,0.948576,16384,1921.3
2,"Nullable(Dictionary(RLE(BitPack)))",FILTER_POINT,interpreted_plan,19969799.0,20004180.0,20026794.0,13.2426,0.0745,4967,4988,4988,5056,0.986551,16384,1921.3
2,"Nullable(Dictionary(RLE(BitPack)))",FILTER_POINT,generated_full_page_access,1419395.3,1422894.0,1423902.0,0.9419,1.0472,4715,5056,5056,5056,1.000000,16384,1921.3
2,"Nullable(Dictionary(RLE(BitPack)))",FILTER_POINT,generated,1496947.7,1498456.7,1500643.3,0.9920,0.9944,4715,4796,4796,5056,0.948576,16384,1921.3
2,"Nullable(Dictionary(RLE(BitPack)))",FILTER_POINT,handwritten_monomorphized,1508558.3,1510588.0,1512564.3,1.0000,0.9864,4715,4796,4796,5056,0.948576,16384,1921.3
2,"Nullable(Dictionary(RLE(BitPack)))",FILTER_50PCT,full_decode,1537555.0,1541557.7,1542876.3,1.0231,0.9675,4715,4796,4796,5056,0.948576,16384,1885.1
2,"Nullable(Dictionary(RLE(BitPack)))",FILTER_50PCT,fused_decode,1489116.3,1491382.7,1493950.0,0.9898,1.0000,4715,4796,4796,5056,0.948576,16384,1885.1
2,"Nullable(Dictionary(RLE(BitPack)))",FILTER_50PCT,interpreted_plan,19852323.0,20099582.0,20126263.0,13.3391,0.0742,4967,4988,4988,5056,0.986551,16384,1885.1
2,"Nullable(Dictionary(RLE(BitPack)))",FILTER_50PCT,generated_full_page_access,1421094.7,1424436.0,1428218.3,0.9453,1.0470,4715,5056,5056,5056,1.000000,16384,1885.1
2,"Nullable(Dictionary(RLE(BitPack)))",FILTER_50PCT,generated,1494961.7,1497151.3,1497345.0,0.9936,0.9961,4715,4796,4796,5056,0.948576,16384,1885.1
2,"Nullable(Dictionary(RLE(BitPack)))",FILTER_50PCT,handwritten_monomorphized,1503401.0,1506812.3,1510761.7,1.0000,0.9898,4715,4796,4796,5056,0.948576,16384,1885.1
3,"Frame(FOR(Delta(BitPack)))",GET,full_decode,127537.8,127788.2,127926.8,15.4857,0.8923,11208,866,866,866,1.000000,16384,2048.1
3,"Frame(FOR(Delta(BitPack)))",GET,fused_decode,113847.4,114025.4,114094.2,13.8179,1.0000,11208,866,866,866,1.000000,16384,2048.1
3,"Frame(FOR(Delta(BitPack)))",GET,interpreted_plan,8294.6,8305.7,8309.3,1.0065,13.7286,469,866,866,866,1.000000,1,2048.1
3,"Frame(FOR(Delta(BitPack)))",GET,generated_full_page_access,7823.4,7831.1,7832.1,0.9490,14.5606,469,866,866,866,1.000000,1,2048.1
3,"Frame(FOR(Delta(BitPack)))",GET,generated,7889.2,7900.0,7911.2,0.9573,14.4337,469,866,866,866,1.000000,1,2048.1
3,"Frame(FOR(Delta(BitPack)))",GET,handwritten_monomorphized,8244.4,8252.0,8269.5,1.0000,13.8179,469,866,866,866,1.000000,1,2048.1
3,"Frame(FOR(Delta(BitPack)))",SUM_1PCT,full_decode,127602.1,127894.7,127971.0,5.1296,1.0983,11208,866,866,866,1.000000,16384,2158.8
3,"Frame(FOR(Delta(BitPack)))",SUM_1PCT,fused_decode,140319.2,140462.6,140758.9,5.6337,1.0000,11208,866,866,866,1.000000,16384,2158.8
3,"Frame(FOR(Delta(BitPack)))",SUM_1PCT,interpreted_plan,796367.0,797161.7,797450.3,31.9726,0.1762,684,866,866,866,1.000000,163,2158.8
3,"Frame(FOR(Delta(BitPack)))",SUM_1PCT,generated_full_page_access,10445.4,10459.5,10473.7,0.4195,13.4292,684,866,866,866,1.000000,163,2158.8
3,"Frame(FOR(Delta(BitPack)))",SUM_1PCT,generated,10530.4,10537.5,10546.0,0.4226,13.3298,684,866,866,866,1.000000,163,2158.8
3,"Frame(FOR(Delta(BitPack)))",SUM_1PCT,handwritten_monomorphized,24922.4,24932.7,24962.9,1.0000,5.6337,684,866,866,866,1.000000,163,2158.8
3,"Frame(FOR(Delta(BitPack)))",SUM_70PCT,full_decode,135346.1,135387.2,135409.7,0.2273,1.1623,11208,866,866,866,1.000000,16384,5247.1
3,"Frame(FOR(Delta(BitPack)))",SUM_70PCT,fused_decode,157270.1,157365.9,157727.4,0.2642,1.0000,11208,866,866,866,1.000000,16384,5247.1
3,"Frame(FOR(Delta(BitPack)))",SUM_70PCT,interpreted_plan,56437705.0,56476894.0,56487769.0,94.8229,0.0028,8161,866,866,866,1.000000,11703,5247.1
3,"Frame(FOR(Delta(BitPack)))",SUM_70PCT,generated_full_page_access,118459.9,118524.8,118624.5,0.1990,1.3277,8161,866,866,866,1.000000,11703,5247.1
3,"Frame(FOR(Delta(BitPack)))",SUM_70PCT,generated,118168.5,118209.5,118429.9,0.1985,1.3312,8161,866,866,866,1.000000,11703,5247.1
3,"Frame(FOR(Delta(BitPack)))",SUM_70PCT,handwritten_monomorphized,595534.0,595604.0,596181.1,1.0000,0.2642,8161,866,866,866,1.000000,11703,5247.1
3,"Frame(FOR(Delta(BitPack)))",BETWEEN_1PCT,full_decode,128073.7,128116.4,128221.4,5.0204,0.9383,11208,866,866,866,1.000000,16384,2150.8
3,"Frame(FOR(Delta(BitPack)))",BETWEEN_1PCT,fused_decode,120147.4,120213.3,120377.0,4.7107,1.0000,11208,866,866,866,1.000000,16384,2150.8
3,"Frame(FOR(Delta(BitPack)))",BETWEEN_1PCT,interpreted_plan,796647.5,797575.5,798748.8,31.2540,0.1507,684,866,866,866,1.000000,163,2150.8
3,"Frame(FOR(Delta(BitPack)))",BETWEEN_1PCT,generated_full_page_access,10462.9,10465.7,10475.4,0.4101,11.4864,684,866,866,866,1.000000,163,2150.8
3,"Frame(FOR(Delta(BitPack)))",BETWEEN_1PCT,generated,10523.4,10528.1,10537.4,0.4126,11.4183,684,866,866,866,1.000000,163,2150.8
3,"Frame(FOR(Delta(BitPack)))",BETWEEN_1PCT,handwritten_monomorphized,25488.2,25519.1,25578.3,1.0000,4.7107,684,866,866,866,1.000000,163,2150.8
3,"Frame(FOR(Delta(BitPack)))",BETWEEN_70PCT,full_decode,152548.7,152641.9,152735.8,0.2453,0.9069,11208,866,866,866,1.000000,16384,5268.8
3,"Frame(FOR(Delta(BitPack)))",BETWEEN_70PCT,fused_decode,138334.0,138426.6,138530.1,0.2225,1.0000,11208,866,866,866,1.000000,16384,5268.8
3,"Frame(FOR(Delta(BitPack)))",BETWEEN_70PCT,interpreted_plan,56100332.0,56448842.0,56486488.0,90.7158,0.0025,8161,866,866,866,1.000000,11703,5268.8
3,"Frame(FOR(Delta(BitPack)))",BETWEEN_70PCT,generated_full_page_access,106478.7,106486.2,106662.8,0.1711,1.2999,8161,866,866,866,1.000000,11703,5268.8
3,"Frame(FOR(Delta(BitPack)))",BETWEEN_70PCT,generated,106485.6,106565.0,106672.9,0.1713,1.2990,8161,866,866,866,1.000000,11703,5268.8
3,"Frame(FOR(Delta(BitPack)))",BETWEEN_70PCT,handwritten_monomorphized,621529.0,622260.1,623239.0,1.0000,0.2225,8161,866,866,866,1.000000,11703,5268.8
3,"Frame(FOR(Delta(BitPack)))",FILTER_POINT,full_decode,139810.1,139842.7,140015.0,1.6687,0.8932,11208,866,866,866,1.000000,16384,1008.9
3,"Frame(FOR(Delta(BitPack)))",FILTER_POINT,fused_decode,124890.5,124905.9,124982.2,1.4904,1.0000,11208,866,866,866,1.000000,16384,1008.9
3,"Frame(FOR(Delta(BitPack)))",FILTER_POINT,interpreted_plan,78494190.0,78503112.0,78528581.0,936.7343,0.0016,11208,866,866,866,1.000000,16384,1008.9
3,"Frame(FOR(Delta(BitPack)))",FILTER_POINT,generated_full_page_access,22720.0,22751.2,22761.0,0.2715,5.4901,785,866,866,866,1.000000,28,1008.9
3,"Frame(FOR(Delta(BitPack)))",FILTER_POINT,generated,22787.7,22796.3,22811.0,0.2720,5.4792,785,866,866,866,1.000000,28,1008.9
3,"Frame(FOR(Delta(BitPack)))",FILTER_POINT,handwritten_monomorphized,83697.5,83805.1,83869.6,1.0000,1.4904,785,866,866,866,1.000000,28,1008.9
3,"Frame(FOR(Delta(BitPack)))",FILTER_50PCT,full_decode,156116.8,156120.8,156225.4,1.4159,0.8956,11208,866,866,866,1.000000,16384,1000.5
3,"Frame(FOR(Delta(BitPack)))",FILTER_50PCT,fused_decode,139710.0,139817.8,139835.6,1.2680,1.0000,11208,866,866,866,1.000000,16384,1000.5
3,"Frame(FOR(Delta(BitPack)))",FILTER_50PCT,interpreted_plan,78522352.0,78557114.0,78633648.0,712.4348,0.0018,11208,866,866,866,1.000000,16384,1000.5
3,"Frame(FOR(Delta(BitPack)))",FILTER_50PCT,generated_full_page_access,26881.5,26907.0,26930.3,0.2440,5.1963,913,866,866,866,1.000000,27,1000.5
3,"Frame(FOR(Delta(BitPack)))",FILTER_50PCT,generated,26958.2,26973.0,27042.8,0.2446,5.1836,913,866,866,866,1.000000,27,1000.5
3,"Frame(FOR(Delta(BitPack)))",FILTER_50PCT,handwritten_monomorphized,110201.4,110265.7,110392.8,1.0000,1.2680,913,866,866,866,1.000000,27,1000.5
4,"Patch(Dictionary(BitPack))",GET,full_decode,579744.1,579883.0,581096.1,412.5391,0.9817,4904,4912,4912,4928,0.996753,16384,1425.7
4,"Patch(Dictionary(BitPack))",GET,fused_decode,568608.8,569277.2,570184.9,404.9940,1.0000,4904,4912,4912,4928,0.996753,16384,1425.7
4,"Patch(Dictionary(BitPack))",GET,interpreted_plan,1324.2,1335.1,1342.8,0.9498,426.3832,629,720,720,4928,0.146104,1,1425.7
4,"Patch(Dictionary(BitPack))",GET,generated_full_page_access,1135.8,1138.8,1141.7,0.8101,499.9011,629,4928,4928,4928,1.000000,1,1425.7
4,"Patch(Dictionary(BitPack))",GET,generated,1396.7,1412.2,1422.0,1.0046,403.1232,629,720,720,4928,0.146104,1,1425.7
4,"Patch(Dictionary(BitPack))",GET,handwritten_monomorphized,1398.1,1405.6,1413.3,1.0000,404.9940,629,720,720,4928,0.146104,1,1425.7
4,"Patch(Dictionary(BitPack))",SUM_1PCT,full_decode,578650.1,579284.6,579810.5,43.5785,0.9887,4904,4912,4912,4928,0.996753,16384,1507.2
4,"Patch(Dictionary(BitPack))",SUM_1PCT,fused_decode,572121.5,572761.2,573109.2,43.0877,1.0000,4904,4912,4912,4928,0.996753,16384,1507.2
4,"Patch(Dictionary(BitPack))",SUM_1PCT,interpreted_plan,68311.0,68353.0,68398.8,5.1421,8.3795,694,752,752,4928,0.152597,163,1507.2
4,"Patch(Dictionary(BitPack))",SUM_1PCT,generated_full_page_access,6514.2,6527.4,6546.4,0.4910,87.7466,694,4928,4928,4928,1.000000,163,1507.2
4,"Patch(Dictionary(BitPack))",SUM_1PCT,generated,7048.0,7060.2,7064.1,0.5311,81.1258,694,752,752,4928,0.152597,163,1507.2
4,"Patch(Dictionary(BitPack))",SUM_1PCT,handwritten_monomorphized,13285.1,13292.9,13306.5,1.0000,43.0877,694,752,752,4928,0.152597,163,1507.2
4,"Patch(Dictionary(BitPack))",SUM_70PCT,full_decode,586768.4,587066.4,587264.1,0.6870,0.9855,4904,4912,4912,4928,0.996753,16384,4643.9
4,"Patch(Dictionary(BitPack))",SUM_70PCT,fused_decode,577698.6,578539.8,580073.4,0.6770,1.0000,4904,4912,4912,4928,0.996753,16384,4643.9
4,"Patch(Dictionary(BitPack))",SUM_70PCT,interpreted_plan,4875067.0,4879864.0,4892773.0,5.7104,0.1186,3698,3760,3760,4928,0.762987,11703,4643.9
4,"Patch(Dictionary(BitPack))",SUM_70PCT,generated_full_page_access,392456.7,392806.4,392957.4,0.4597,1.4728,3698,4928,4928,4928,1.000000,11703,4643.9
4,"Patch(Dictionary(BitPack))",SUM_70PCT,generated,406383.3,406631.2,406859.8,0.4758,1.4228,3698,3760,3760,4928,0.762987,11703,4643.9
4,"Patch(Dictionary(BitPack))",SUM_70PCT,handwritten_monomorphized,853141.4,854563.6,854838.0,1.0000,0.6770,3698,3760,3760,4928,0.762987,11703,4643.9
4,"Patch(Dictionary(BitPack))",BETWEEN_1PCT,full_decode,579858.1,580133.5,580837.0,42.0614,0.9956,4904,4912,4912,4928,0.996753,16384,1498.0
4,"Patch(Dictionary(BitPack))",BETWEEN_1PCT,fused_decode,577553.4,577604.8,578015.2,41.8781,1.0000,4904,4912,4912,4928,0.996753,16384,1498.0
4,"Patch(Dictionary(BitPack))",BETWEEN_1PCT,interpreted_plan,72681.3,72733.3,72863.3,5.2734,7.9414,694,752,752,4928,0.152597,163,1498.0
4,"Patch(Dictionary(BitPack))",BETWEEN_1PCT,generated_full_page_access,7017.2,7035.3,7040.0,0.5101,82.1009,694,4928,4928,4928,1.000000,163,1498.0
4,"Patch(Dictionary(BitPack))",BETWEEN_1PCT,generated,7567.0,7568.7,7586.0,0.5488,76.3154,694,752,752,4928,0.152597,163,1498.0
4,"Patch(Dictionary(BitPack))",BETWEEN_1PCT,handwritten_monomorphized,13782.8,13792.5,13814.6,1.0000,41.8781,694,752,752,4928,0.152597,163,1498.0
4,"Patch(Dictionary(BitPack))",BETWEEN_70PCT,full_decode,607638.2,608940.2,609174.4,0.6905,0.9821,4904,4912,4912,4928,0.996753,16384,4632.2
4,"Patch(Dictionary(BitPack))",BETWEEN_70PCT,fused_decode,597345.4,598040.1,598616.0,0.6781,1.0000,4904,4912,4912,4928,0.996753,16384,4632.2
4,"Patch(Dictionary(BitPack))",BETWEEN_70PCT,interpreted_plan,5204619.0,5211339.0,5212301.0,5.9093,0.1148,3698,3760,3760,4928,0.762987,11703,4632.2
4,"Patch(Dictionary(BitPack))",BETWEEN_70PCT,generated_full_page_access,416358.7,416654.6,416860.4,0.4725,1.4353,3698,4928,4928,4928,1.000000,11703,4632.2
4,"Patch(Dictionary(BitPack))",BETWEEN_70PCT,generated,429985.5,430500.8,431141.7,0.4882,1.3892,3698,3760,3760,4928,0.762987,11703,4632.2
4,"Patch(Dictionary(BitPack))",BETWEEN_70PCT,handwritten_monomorphized,880534.4,881890.4,883286.4,1.0000,0.6781,3698,3760,3760,4928,0.762987,11703,4632.2
4,"Patch(Dictionary(BitPack))",FILTER_POINT,full_decode,612586.9,612788.5,613046.4,0.4971,0.9766,4904,4912,4912,4928,0.996753,16384,5919.8
4,"Patch(Dictionary(BitPack))",FILTER_POINT,fused_decode,598369.5,598444.6,599507.4,0.4855,1.0000,4904,4912,4912,4928,0.996753,16384,5919.8
4,"Patch(Dictionary(BitPack))",FILTER_POINT,interpreted_plan,7004236.0,7024205.0,7041050.0,5.6981,0.0852,4904,4912,4912,4928,0.996753,16384,5919.8
4,"Patch(Dictionary(BitPack))",FILTER_POINT,generated_full_page_access,575409.0,575807.0,576341.5,0.4671,1.0393,4904,4928,4928,4928,1.000000,16384,5919.8
4,"Patch(Dictionary(BitPack))",FILTER_POINT,generated,598558.5,598857.8,599442.4,0.4858,0.9993,4904,4912,4912,4928,0.996753,16384,5919.8
4,"Patch(Dictionary(BitPack))",FILTER_POINT,handwritten_monomorphized,1231130.2,1232722.5,1235957.5,1.0000,0.4855,4904,4912,4912,4928,0.996753,16384,5919.8
4,"Patch(Dictionary(BitPack))",FILTER_50PCT,full_decode,622682.0,622735.8,624400.9,0.5031,0.9709,4904,4912,4912,4928,0.996753,16384,5898.8
4,"Patch(Dictionary(BitPack))",FILTER_50PCT,fused_decode,604292.0,604603.8,604665.1,0.4885,1.0000,4904,4912,4912,4928,0.996753,16384,5898.8
4,"Patch(Dictionary(BitPack))",FILTER_50PCT,interpreted_plan,6960360.0,6977416.0,6996704.0,5.6371,0.0867,4904,4912,4912,4928,0.996753,16384,5898.8
4,"Patch(Dictionary(BitPack))",FILTER_50PCT,generated_full_page_access,581175.0,581441.6,581764.8,0.4697,1.0398,4904,4928,4928,4928,1.000000,16384,5898.8
4,"Patch(Dictionary(BitPack))",FILTER_50PCT,generated,600644.1,601185.0,601303.9,0.4857,1.0057,4904,4912,4912,4928,0.996753,16384,5898.8
4,"Patch(Dictionary(BitPack))",FILTER_50PCT,handwritten_monomorphized,1235829.8,1237770.2,1238456.0,1.0000,0.4885,4904,4912,4912,4928,0.996753,16384,5898.8
5,"Nullable(Patch(FOR(Delta(BitPack))))",GET,full_decode,2003195.5,2004156.5,2006279.5,471.9414,0.9864,15133,15252,15252,15456,0.986801,16384,6342.2
5,"Nullable(Patch(FOR(Delta(BitPack))))",GET,fused_decode,1971608.0,1976881.0,1978168.0,465.5185,1.0000,15133,15252,15252,15456,0.986801,16384,6342.2
5,"Nullable(Patch(FOR(Delta(BitPack))))",GET,interpreted_plan,4517.9,4519.2,4525.6,1.0642,437.4405,925,1172,1172,15456,0.075828,1,6342.2
5,"Nullable(Patch(FOR(Delta(BitPack))))",GET,generated_full_page_access,1522.7,1523.8,1531.3,0.3588,1297.3724,925,15456,15456,15456,1.000000,1,6342.2
5,"Nullable(Patch(FOR(Delta(BitPack))))",GET,generated,2303.9,2311.2,2320.1,0.5442,855.3608,925,1172,1172,15456,0.075828,1,6342.2
5,"Nullable(Patch(FOR(Delta(BitPack))))",GET,handwritten_monomorphized,4226.9,4246.6,4250.5,1.0000,465.5185,925,1172,1172,15456,0.075828,1,6342.2
5,"Nullable(Patch(FOR(Delta(BitPack))))",SUM_1PCT,full_decode,1995909.0,1998528.0,2001637.5,29.2657,0.9927,15133,15252,15252,15456,0.986801,16384,6410.1
5,"Nullable(Patch(FOR(Delta(BitPack))))",SUM_1PCT,fused_decode,1982304.0,1983846.5,1988648.5,29.0507,1.0000,15133,15252,15252,15456,0.986801,16384,6410.1
5,"Nullable(Patch(FOR(Delta(BitPack))))",SUM_1PCT,interpreted_plan,889726.2,890529.2,890809.8,13.0406,2.2277,1224,1460,1460,15456,0.094462,163,6410.1
5,"Nullable(Patch(FOR(Delta(BitPack))))",SUM_1PCT,generated_full_page_access,20761.5,20778.8,20792.6,0.3043,95.4744,1220,15456,15456,15456,1.000000,163,6410.1
5,"Nullable(Patch(FOR(Delta(BitPack))))",SUM_1PCT,generated,22477.6,22540.4,22545.4,0.3301,88.0128,1220,1396,1396,15456,0.090321,163,6410.1
5,"Nullable(Patch(FOR(Delta(BitPack))))",SUM_1PCT,handwritten_monomorphized,68248.0,68289.2,68407.2,1.0000,29.0507,1220,1396,1396,15456,0.090321,163,6410.1
5,"Nullable(Patch(FOR(Delta(BitPack))))",SUM_70PCT,full_decode,2004632.5,2005879.0,2010796.5,0.4173,0.9997,15133,15252,15252,15456,0.986801,16384,6414.6
5,"Nullable(Patch(FOR(Delta(BitPack))))",SUM_70PCT,fused_decode,2003575.5,2005243.5,2007727.0,0.4172,1.0000,15133,15252,15252,15456,0.986801,16384,6414.6
5,"Nullable(Patch(FOR(Delta(BitPack))))",SUM_70PCT,interpreted_plan,73508500.0,73600888.0,74543805.0,15.3124,0.0272,11372,11596,11596,15456,0.750259,11703,6414.6
5,"Nullable(Patch(FOR(Delta(BitPack))))",SUM_70PCT,generated_full_page_access,1383809.0,1385541.3,1387968.7,0.2883,1.4473,11192,15456,15456,15456,1.000000,11703,6414.6
5,"Nullable(Patch(FOR(Delta(BitPack))))",SUM_70PCT,generated,1447310.7,1447697.7,1448635.7,0.3012,1.3851,11192,11404,11404,15456,0.737836,11703,6414.6
5,"Nullable(Patch(FOR(Delta(BitPack))))",SUM_70PCT,handwritten_monomorphized,4797532.0,4806635.0,4808408.0,1.0000,0.4172,11192,11404,11404,15456,0.737836,11703,6414.6
5,"Nullable(Patch(FOR(Delta(BitPack))))",BETWEEN_1PCT,full_decode,1999249.5,2000781.5,2002544.5,29.2795,0.9937,15133,15252,15252,15456,0.986801,16384,6407.8
5,"Nullable(Patch(FOR(Delta(BitPack))))",BETWEEN_1PCT,fused_decode,1985954.5,1988108.0,1989049.0,29.0941,1.0000,15133,15252,15252,15456,0.986801,16384,6407.8
5,"Nullable(Patch(FOR(Delta(BitPack))))",BETWEEN_1PCT,interpreted_plan,889029.2,890250.8,890966.0,13.0280,2.2332,1224,1460,1460,15456,0.094462,163,6407.8
5,"Nullable(Patch(FOR(Delta(BitPack))))",BETWEEN_1PCT,generated_full_page_access,21126.4,21131.4,21145.6,0.3092,94.0832,1220,15456,15456,15456,1.000000,163,6407.8
5,"Nullable(Patch(FOR(Delta(BitPack))))",BETWEEN_1PCT,generated,22894.2,22952.5,22954.6,0.3359,86.6183,1220,1396,1396,15456,0.090321,163,6407.8
5,"Nullable(Patch(FOR(Delta(BitPack))))",BETWEEN_1PCT,handwritten_monomorphized,68241.5,68333.8,68421.0,1.0000,29.0941,1220,1396,1396,15456,0.090321,163,6407.8
5,"Nullable(Patch(FOR(Delta(BitPack))))",BETWEEN_70PCT,full_decode,2026555.0,2028197.5,2030276.0,0.4194,0.9981,15133,15252,15252,15456,0.986801,16384,6420.0
5,"Nullable(Patch(FOR(Delta(BitPack))))",BETWEEN_70PCT,fused_decode,2021753.0,2024322.0,2024662.0,0.4186,1.0000,15133,15252,15252,15456,0.986801,16384,6420.0
5,"Nullable(Patch(FOR(Delta(BitPack))))",BETWEEN_70PCT,interpreted_plan,73628850.0,73734968.0,73837111.0,15.2466,0.0275,11372,11596,11596,15456,0.750259,11703,6420.0
5,"Nullable(Patch(FOR(Delta(BitPack))))",BETWEEN_70PCT,generated_full_page_access,1400514.0,1401852.7,1404666.7,0.2899,1.4440,11192,15456,15456,15456,1.000000,11703,6420.0
5,"Nullable(Patch(FOR(Delta(BitPack))))",BETWEEN_70PCT,generated,1467734.3,1471256.0,1472254.3,0.3042,1.3759,11192,11404,11404,15456,0.737836,11703,6420.0
5,"Nullable(Patch(FOR(Delta(BitPack))))",BETWEEN_70PCT,handwritten_monomorphized,4802979.0,4836169.0,4890981.0,1.0000,0.4186,11192,11404,11404,15456,0.737836,11703,6420.0
5,"Nullable(Patch(FOR(Delta(BitPack))))",FILTER_POINT,full_decode,2013195.0,2013681.0,2016240.0,0.3080,0.9920,15133,15252,15252,15456,0.986801,16384,6418.3
5,"Nullable(Patch(FOR(Delta(BitPack))))",FILTER_POINT,fused_decode,1995709.0,1997657.0,2001052.5,0.3056,1.0000,15133,15252,15252,15456,0.986801,16384,6418.3
5,"Nullable(Patch(FOR(Delta(BitPack))))",FILTER_POINT,interpreted_plan,100804888.0,100912018.0,100979428.0,15.4368,0.0198,15385,15444,15444,15456,0.999224,16384,6418.3
5,"Nullable(Patch(FOR(Delta(BitPack))))",FILTER_POINT,generated_full_page_access,1916781.0,1919861.0,1922394.5,0.2937,1.0405,15133,15456,15456,15456,1.000000,16384,6418.3
5,"Nullable(Patch(FOR(Delta(BitPack))))",FILTER_POINT,generated,1984908.0,1985363.5,1987071.0,0.3037,1.0062,15133,15252,15252,15456,0.986801,16384,6418.3
5,"Nullable(Patch(FOR(Delta(BitPack))))",FILTER_POINT,handwritten_monomorphized,6535656.0,6537128.0,6549086.0,1.0000,0.3056,15133,15252,15252,15456,0.986801,16384,6418.3
5,"Nullable(Patch(FOR(Delta(BitPack))))",FILTER_50PCT,full_decode,2027807.0,2030045.5,2034392.0,0.3099,0.9949,15133,15252,15252,15456,0.986801,16384,6429.2
5,"Nullable(Patch(FOR(Delta(BitPack))))",FILTER_50PCT,fused_decode,2015909.0,2019704.5,2020326.0,0.3083,1.0000,15133,15252,15252,15456,0.986801,16384,6429.2
5,"Nullable(Patch(FOR(Delta(BitPack))))",FILTER_50PCT,interpreted_plan,100913151.0,101033019.0,101163805.0,15.4236,0.0200,15385,15444,15444,15456,0.999224,16384,6429.2
5,"Nullable(Patch(FOR(Delta(BitPack))))",FILTER_50PCT,generated_full_page_access,1936410.5,1940702.0,1941548.0,0.2963,1.0407,15133,15456,15456,15456,1.000000,16384,6429.2
5,"Nullable(Patch(FOR(Delta(BitPack))))",FILTER_50PCT,generated,1999339.5,2004382.0,2008313.0,0.3060,1.0076,15133,15252,15252,15456,0.986801,16384,6429.2
5,"Nullable(Patch(FOR(Delta(BitPack))))",FILTER_50PCT,handwritten_monomorphized,6533633.0,6550548.0,6558951.0,1.0000,0.3083,15133,15252,15252,15456,0.986801,16384,6429.2
6,"Frame(Nullable(FOR(BitPack)))",GET,full_decode,822299.3,822758.3,822906.7,290.3737,0.9829,35340,33731,33731,33731,1.000000,16384,5909.4
6,"Frame(Nullable(FOR(BitPack)))",GET,fused_decode,807468.7,808687.2,809889.0,285.4076,1.0000,35340,33731,33731,33731,1.000000,16384,5909.4
6,"Frame(Nullable(FOR(BitPack)))",GET,interpreted_plan,2886.6,2891.4,2892.6,1.0204,279.6884,528,33731,33731,33731,1.000000,1,5909.4
6,"Frame(Nullable(FOR(BitPack)))",GET,generated_full_page_access,2754.7,2757.7,2761.4,0.9733,293.2460,528,33731,33731,33731,1.000000,1,5909.4
6,"Frame(Nullable(FOR(BitPack)))",GET,generated,2824.2,2825.6,2827.3,0.9972,286.2040,528,33731,33731,33731,1.000000,1,5909.4
6,"Frame(Nullable(FOR(BitPack)))",GET,handwritten_monomorphized,2830.8,2833.4,2837.1,1.0000,285.4076,528,33731,33731,33731,1.000000,1,5909.4
6,"Frame(Nullable(FOR(BitPack)))",SUM_1PCT,full_decode,821070.7,821618.2,822027.2,41.1372,0.9754,35340,33731,33731,33731,1.000000,16384,5951.0
6,"Frame(Nullable(FOR(BitPack)))",SUM_1PCT,fused_decode,801140.8,801391.3,802926.8,40.1244,1.0000,35340,33731,33731,33731,1.000000,16384,5951.0
6,"Frame(Nullable(FOR(BitPack)))",SUM_1PCT,interpreted_plan,92511.8,92568.0,92703.9,4.6347,8.6573,899,33731,33731,33731,1.000000,163,5951.0
6,"Frame(Nullable(FOR(BitPack)))",SUM_1PCT,generated_full_page_access,11987.7,12005.2,12017.4,0.6011,66.7537,895,33731,33731,33731,1.000000,163,5951.0
6,"Frame(Nullable(FOR(BitPack)))",SUM_1PCT,generated,12098.4,12114.2,12119.0,0.6065,66.1532,895,33731,33731,33731,1.000000,163,5951.0
6,"Frame(Nullable(FOR(BitPack)))",SUM_1PCT,handwritten_monomorphized,19938.0,19972.7,19991.2,1.0000,40.1244,895,33731,33731,33731,1.000000,163,5951.0
6,"Frame(Nullable(FOR(BitPack)))",SUM_70PCT,full_decode,830143.2,831309.0,832518.8,0.7372,0.9776,35340,33731,33731,33731,1.000000,16384,5901.7
6,"Frame(Nullable(FOR(BitPack)))",SUM_70PCT,fused_decode,809833.8,812694.8,813005.3,0.7207,1.0000,35340,33731,33731,33731,1.000000,16384,5901.7
6,"Frame(Nullable(FOR(BitPack)))",SUM_70PCT,interpreted_plan,6331832.0,6338823.0,6359262.0,5.6214,0.1282,25577,33731,33731,33731,1.000000,11703,5901.7
6,"Frame(Nullable(FOR(BitPack)))",SUM_70PCT,generated_full_page_access,573239.4,573904.2,574790.5,0.5089,1.4161,25397,33731,33731,33731,1.000000,11703,5901.7
6,"Frame(Nullable(FOR(BitPack)))",SUM_70PCT,generated,573477.4,573570.0,574088.2,0.5087,1.4169,25397,33731,33731,33731,1.000000,11703,5901.7
6,"Frame(Nullable(FOR(BitPack)))",SUM_70PCT,handwritten_monomorphized,1127029.8,1127630.8,1128614.8,1.0000,0.7207,25397,33731,33731,33731,1.000000,11703,5901.7
6,"Frame(Nullable(FOR(BitPack)))",BETWEEN_1PCT,full_decode,823507.5,824420.8,825480.7,40.3441,0.9815,35340,33731,33731,33731,1.000000,16384,5926.8
6,"Frame(Nullable(FOR(BitPack)))",BETWEEN_1PCT,fused_decode,808885.8,809179.5,809249.7,39.5983,1.0000,35340,33731,33731,33731,1.000000,16384,5926.8
6,"Frame(Nullable(FOR(BitPack)))",BETWEEN_1PCT,interpreted_plan,92897.9,92916.2,93130.9,4.5470,8.7087,899,33731,33731,33731,1.000000,163,5926.8
6,"Frame(Nullable(FOR(BitPack)))",BETWEEN_1PCT,generated_full_page_access,12503.6,12517.6,12531.6,0.6126,64.6436,895,33731,33731,33731,1.000000,163,5926.8
6,"Frame(Nullable(FOR(BitPack)))",BETWEEN_1PCT,generated,12589.3,12599.2,12610.3,0.6166,64.2246,895,33731,33731,33731,1.000000,163,5926.8
6,"Frame(Nullable(FOR(BitPack)))",BETWEEN_1PCT,handwritten_monomorphized,20406.9,20434.7,20438.1,1.0000,39.5983,895,33731,33731,33731,1.000000,163,5926.8
6,"Frame(Nullable(FOR(BitPack)))",BETWEEN_70PCT,full_decode,849828.6,850850.2,851467.0,0.7389,0.9757,35340,33731,33731,33731,1.000000,16384,5926.6
6,"Frame(Nullable(FOR(BitPack)))",BETWEEN_70PCT,fused_decode,828934.0,830150.8,830180.8,0.7210,1.0000,35340,33731,33731,33731,1.000000,16384,5926.6
6,"Frame(Nullable(FOR(BitPack)))",BETWEEN_70PCT,interpreted_plan,6359483.0,6372824.0,6381306.0,5.5346,0.1303,25577,33731,33731,33731,1.000000,11703,5926.6
6,"Frame(Nullable(FOR(BitPack)))",BETWEEN_70PCT,generated_full_page_access,596933.6,598075.4,598795.1,0.5194,1.3880,25397,33731,33731,33731,1.000000,11703,5926.6
6,"Frame(Nullable(FOR(BitPack)))",BETWEEN_70PCT,generated,597673.5,598044.0,599374.8,0.5194,1.3881,25397,33731,33731,33731,1.000000,11703,5926.6
6,"Frame(Nullable(FOR(BitPack)))",BETWEEN_70PCT,handwritten_monomorphized,1149566.2,1151446.2,1153266.5,1.0000,0.7210,25397,33731,33731,33731,1.000000,11703,5926.6
6,"Frame(Nullable(FOR(BitPack)))",FILTER_POINT,full_decode,835583.4,836633.0,837141.6,0.5270,0.9740,35340,33731,33731,33731,1.000000,16384,5958.3
6,"Frame(Nullable(FOR(BitPack)))",FILTER_POINT,fused_decode,813105.3,814863.0,815560.8,0.5133,1.0000,35340,33731,33731,33731,1.000000,16384,5958.3
6,"Frame(Nullable(FOR(BitPack)))",FILTER_POINT,interpreted_plan,8873126.0,8893186.0,8913135.0,5.6017,0.0916,35592,33731,33731,33731,1.000000,16384,5958.3
6,"Frame(Nullable(FOR(BitPack)))",FILTER_POINT,generated_full_page_access,808336.7,809922.5,810476.5,0.5102,1.0061,35340,33731,33731,33731,1.000000,16384,5958.3
6,"Frame(Nullable(FOR(BitPack)))",FILTER_POINT,generated,806695.8,807233.3,808909.2,0.5085,1.0095,35340,33731,33731,33731,1.000000,16384,5958.3
6,"Frame(Nullable(FOR(BitPack)))",FILTER_POINT,handwritten_monomorphized,1586708.7,1587583.3,1589092.3,1.0000,0.5133,35340,33731,33731,33731,1.000000,16384,5958.3
6,"Frame(Nullable(FOR(BitPack)))",FILTER_50PCT,full_decode,851282.8,852636.8,854878.2,0.5312,0.9789,35340,33731,33731,33731,1.000000,16384,5927.6
6,"Frame(Nullable(FOR(BitPack)))",FILTER_50PCT,fused_decode,834437.8,834686.0,835743.6,0.5200,1.0000,35340,33731,33731,33731,1.000000,16384,5927.6
6,"Frame(Nullable(FOR(BitPack)))",FILTER_50PCT,interpreted_plan,8879586.0,8887177.0,8916069.0,5.5367,0.0939,35592,33731,33731,33731,1.000000,16384,5927.6
6,"Frame(Nullable(FOR(BitPack)))",FILTER_50PCT,generated_full_page_access,827725.7,828418.2,828548.5,0.5161,1.0076,35340,33731,33731,33731,1.000000,16384,5927.6
6,"Frame(Nullable(FOR(BitPack)))",FILTER_50PCT,generated,826842.7,827188.2,827371.7,0.5153,1.0091,35340,33731,33731,33731,1.000000,16384,5927.6
6,"Frame(Nullable(FOR(BitPack)))",FILTER_50PCT,handwritten_monomorphized,1604925.7,1605149.3,1606017.3,1.0000,0.5200,35340,33731,33731,33731,1.000000,16384,5927.6
7,"Nullable(FOR(Delta(BitPack)))",GET,full_decode,1590988.3,1591893.0,1592066.7,519.9328,0.9932,14689,14800,14800,15008,0.986141,16384,6024.9
7,"Nullable(FOR(Delta(BitPack)))",GET,fused_decode,1578543.3,1581147.0,1582832.7,516.4230,1.0000,14689,14800,14800,15008,0.986141,16384,6024.9
7,"Nullable(FOR(Delta(BitPack)))",GET,interpreted_plan,3331.4,3351.0,3369.4,1.0945,471.8376,625,840,840,15008,0.055970,1,6024.9
7,"Nullable(FOR(Delta(BitPack)))",GET,generated_full_page_access,716.3,717.0,718.0,0.2342,2205.1712,625,15008,15008,15008,1.000000,1,6024.9
7,"Nullable(FOR(Delta(BitPack)))",GET,generated,1177.2,1178.2,1178.9,0.3848,1342.0443,625,840,840,15008,0.055970,1,6024.9
7,"Nullable(FOR(Delta(BitPack)))",GET,handwritten_monomorphized,3055.2,3061.7,3062.2,1.0000,516.4230,625,840,840,15008,0.055970,1,6024.9
7,"Nullable(FOR(Delta(BitPack)))",SUM_1PCT,full_decode,1595121.0,1596480.0,1598289.3,26.5188,0.9907,14689,14800,14800,15008,0.986141,16384,6196.6
7,"Nullable(FOR(Delta(BitPack)))",SUM_1PCT,fused_decode,1579798.3,1581627.7,1583527.0,26.2720,1.0000,14689,14800,14800,15008,0.986141,16384,6196.6
7,"Nullable(FOR(Delta(BitPack)))",SUM_1PCT,interpreted_plan,799178.0,803539.5,804709.7,13.3474,1.9683,924,1128,1128,15008,0.075160,163,6196.6
7,"Nullable(FOR(Delta(BitPack)))",SUM_1PCT,generated_full_page_access,16211.1,16229.4,16269.8,0.2696,97.4547,920,15008,15008,15008,1.000000,163,6196.6
7,"Nullable(FOR(Delta(BitPack)))",SUM_1PCT,generated,17482.6,17517.3,17525.1,0.2910,90.2894,920,1064,1064,15008,0.070896,163,6196.6
7,"Nullable(FOR(Delta(BitPack)))",SUM_1PCT,handwritten_monomorphized,60190.9,60201.9,60259.6,1.0000,26.2720,920,1064,1064,15008,0.070896,163,6196.6
7,"Nullable(FOR(Delta(BitPack)))",SUM_70PCT,full_decode,1600970.0,1602121.7,1606328.0,0.3782,0.9961,14689,14800,14800,15008,0.986141,16384,6223.0
7,"Nullable(FOR(Delta(BitPack)))",SUM_70PCT,fused_decode,1594927.7,1595872.3,1598382.7,0.3767,1.0000,14689,14800,14800,15008,0.986141,16384,6223.0
7,"Nullable(FOR(Delta(BitPack)))",SUM_70PCT,interpreted_plan,66248425.0,66302777.0,66331530.0,15.6498,0.0241,10964,11144,11144,15008,0.742537,11703,6223.0
7,"Nullable(FOR(Delta(BitPack)))",SUM_70PCT,generated_full_page_access,1098512.2,1099115.8,1101046.0,0.2594,1.4520,10784,15008,15008,15008,1.000000,11703,6223.0
7,"Nullable(FOR(Delta(BitPack)))",SUM_70PCT,generated,1145109.5,1145785.5,1146774.2,0.2704,1.3928,10784,10952,10952,15008,0.729744,11703,6223.0
7,"Nullable(FOR(Delta(BitPack)))",SUM_70PCT,handwritten_monomorphized,4234001.0,4236644.0,4238767.0,1.0000,0.3767,10784,10952,10952,15008,0.729744,11703,6223.0
7,"Nullable(FOR(Delta(BitPack)))",BETWEEN_1PCT,full_decode,1597241.0,1597855.3,1600205.3,26.2346,0.9864,14689,14800,14800,15008,0.986141,16384,6221.7
7,"Nullable(FOR(Delta(BitPack)))",BETWEEN_1PCT,fused_decode,1572764.3,1576079.7,1578860.3,25.8770,1.0000,14689,14800,14800,15008,0.986141,16384,6221.7
7,"Nullable(FOR(Delta(BitPack)))",BETWEEN_1PCT,interpreted_plan,804275.7,804941.5,805295.5,13.2160,1.9580,924,1128,1128,15008,0.075160,163,6221.7
7,"Nullable(FOR(Delta(BitPack)))",BETWEEN_1PCT,generated_full_page_access,16739.0,16744.5,16755.8,0.2749,94.1249,920,15008,15008,15008,1.000000,163,6221.7
7,"Nullable(FOR(Delta(BitPack)))",BETWEEN_1PCT,generated,17926.0,17939.7,17984.4,0.2945,87.8544,920,1064,1064,15008,0.070896,163,6221.7
7,"Nullable(FOR(Delta(BitPack)))",BETWEEN_1PCT,handwritten_monomorphized,60891.9,60906.5,60960.3,1.0000,25.8770,920,1064,1064,15008,0.070896,163,6221.7
7,"Nullable(FOR(Delta(BitPack)))",BETWEEN_70PCT,full_decode,1618552.7,1620332.3,1622378.3,0.3821,0.9891,14689,14800,14800,15008,0.986141,16384,6178.8
7,"Nullable(FOR(Delta(BitPack)))",BETWEEN_70PCT,fused_decode,1601036.7,1602749.3,1603724.0,0.3780,1.0000,14689,14800,14800,15008,0.986141,16384,6178.8
7,"Nullable(FOR(Delta(BitPack)))",BETWEEN_70PCT,interpreted_plan,66171170.0,66179743.0,66234655.0,15.6077,0.0242,10964,11144,11144,15008,0.742537,11703,6178.8
7,"Nullable(FOR(Delta(BitPack)))",BETWEEN_70PCT,generated_full_page_access,1118134.2,1119228.2,1121063.8,0.2640,1.4320,10784,15008,15008,15008,1.000000,11703,6178.8
7,"Nullable(FOR(Delta(BitPack)))",BETWEEN_70PCT,generated,1163759.8,1165349.5,1167518.0,0.2748,1.3753,10784,10952,10952,15008,0.729744,11703,6178.8
7,"Nullable(FOR(Delta(BitPack)))",BETWEEN_70PCT,handwritten_monomorphized,4233489.0,4240210.0,4244055.0,1.0000,0.3780,10784,10952,10952,15008,0.729744,11703,6178.8
7,"Nullable(FOR(Delta(BitPack)))",FILTER_POINT,full_decode,1603510.3,1605630.3,1607700.0,0.2769,0.9856,14689,14800,14800,15008,0.986141,16384,6234.2
7,"Nullable(FOR(Delta(BitPack)))",FILTER_POINT,fused_decode,1579848.3,1582429.0,1583450.3,0.2729,1.0000,14689,14800,14800,15008,0.986141,16384,6234.2
7,"Nullable(FOR(Delta(BitPack)))",FILTER_POINT,interpreted_plan,90963050.0,90998283.0,91073415.0,15.6906,0.0174,14941,14992,14992,15008,0.998934,16384,6234.2
7,"Nullable(FOR(Delta(BitPack)))",FILTER_POINT,generated_full_page_access,1532848.3,1533719.3,1538597.0,0.2645,1.0318,14689,15008,15008,15008,1.000000,16384,6234.2
7,"Nullable(FOR(Delta(BitPack)))",FILTER_POINT,generated,1573682.3,1575201.7,1577641.7,0.2716,1.0046,14689,14800,14800,15008,0.986141,16384,6234.2
7,"Nullable(FOR(Delta(BitPack)))",FILTER_POINT,handwritten_monomorphized,5792637.0,5799527.0,5802713.0,1.0000,0.2729,14689,14800,14800,15008,0.986141,16384,6234.2
7,"Nullable(FOR(Delta(BitPack)))",FILTER_50PCT,full_decode,1622565.7,1623066.3,1627926.7,0.2793,0.9886,14689,14800,14800,15008,0.986141,16384,6254.2
7,"Nullable(FOR(Delta(BitPack)))",FILTER_50PCT,fused_decode,1603741.0,1604598.7,1607867.0,0.2762,1.0000,14689,14800,14800,15008,0.986141,16384,6254.2
7,"Nullable(FOR(Delta(BitPack)))",FILTER_50PCT,interpreted_plan,90974098.0,91020337.0,91220045.0,15.6653,0.0176,14941,14992,14992,15008,0.998934,16384,6254.2
7,"Nullable(FOR(Delta(BitPack)))",FILTER_50PCT,generated_full_page_access,1550394.7,1552921.3,1557839.0,0.2673,1.0333,14689,15008,15008,15008,1.000000,16384,6254.2
7,"Nullable(FOR(Delta(BitPack)))",FILTER_50PCT,generated,1597171.0,1597775.0,1598569.7,0.2750,1.0043,14689,14800,14800,15008,0.986141,16384,6254.2
7,"Nullable(FOR(Delta(BitPack)))",FILTER_50PCT,handwritten_monomorphized,5804586.0,5810314.0,5816773.0,1.0000,0.2762,14689,14800,14800,15008,0.986141,16384,6254.2
8,"Patch(FOR(Delta(BitPack)))",GET,full_decode,188081.5,188268.0,188678.6,103.0139,0.8990,13648,13656,13656,13696,0.997079,16384,2331.2
8,"Patch(FOR(Delta(BitPack)))",GET,fused_decode,169227.1,169250.2,169317.2,92.6080,1.0000,13648,13656,13656,13696,0.997079,16384,2331.2
8,"Patch(FOR(Delta(BitPack)))",GET,interpreted_plan,1913.3,1917.0,1925.2,1.0489,88.2904,706,888,888,13696,0.064836,1,2331.2
8,"Patch(FOR(Delta(BitPack)))",GET,generated_full_page_access,1154.2,1160.0,1161.5,0.6347,145.9084,706,13696,13696,13696,1.000000,1,2331.2
8,"Patch(FOR(Delta(BitPack)))",GET,generated,1497.4,1506.7,1509.2,0.8244,112.3314,706,888,888,13696,0.064836,1,2331.2
8,"Patch(FOR(Delta(BitPack)))",GET,handwritten_monomorphized,1822.1,1827.6,1833.0,1.0000,92.6080,706,888,888,13696,0.064836,1,2331.2
8,"Patch(FOR(Delta(BitPack)))",SUM_1PCT,full_decode,187692.5,187807.3,188550.7,8.5950,0.9363,13648,13656,13656,13696,0.997079,16384,2421.4
8,"Patch(FOR(Delta(BitPack)))",SUM_1PCT,fused_decode,175677.6,175841.8,175927.6,8.0474,1.0000,13648,13656,13656,13696,0.997079,16384,2421.4
8,"Patch(FOR(Delta(BitPack)))",SUM_1PCT,interpreted_plan,937351.4,937593.6,937685.8,42.9090,0.1875,962,1144,1144,13696,0.083528,163,2421.4
8,"Patch(FOR(Delta(BitPack)))",SUM_1PCT,generated_full_page_access,4023.0,4023.3,4025.9,0.1841,43.7060,962,13696,13696,13696,1.000000,163,2421.4
8,"Patch(FOR(Delta(BitPack)))",SUM_1PCT,generated,4652.9,4657.4,4660.7,0.2131,37.7556,962,1144,1144,13696,0.083528,163,2421.4
8,"Patch(FOR(Delta(BitPack)))",SUM_1PCT,handwritten_monomorphized,21806.6,21850.8,21857.3,1.0000,8.0474,962,1144,1144,13696,0.083528,163,2421.4
8,"Patch(FOR(Delta(BitPack)))",SUM_70PCT,full_decode,195795.1,195885.6,196228.5,0.2712,0.9617,13648,13656,13656,13696,0.997079,16384,5569.9
8,"Patch(FOR(Delta(BitPack)))",SUM_70PCT,fused_decode,188133.9,188378.5,188487.5,0.2608,1.0000,13648,13656,13656,13696,0.997079,16384,5569.9
8,"Patch(FOR(Delta(BitPack)))",SUM_70PCT,interpreted_plan,67748397.0,67783860.0,67804561.0,93.8369,0.0028,9985,10072,10072,13696,0.735397,11703,5569.9
8,"Patch(FOR(Delta(BitPack)))",SUM_70PCT,generated_full_page_access,132183.8,132226.8,132319.1,0.1830,1.4247,9985,13696,13696,13696,1.000000,11703,5569.9
8,"Patch(FOR(Delta(BitPack)))",SUM_70PCT,generated,136851.0,137040.1,137109.7,0.1897,1.3746,9985,10072,10072,13696,0.735397,11703,5569.9
8,"Patch(FOR(Delta(BitPack)))",SUM_70PCT,handwritten_monomorphized,722109.7,722358.3,723171.2,1.0000,0.2608,9985,10072,10072,13696,0.735397,11703,5569.9
8,"Patch(FOR(Delta(BitPack)))",BETWEEN_1PCT,full_decode,188994.8,189103.5,189240.2,8.5517,0.9326,13648,13656,13656,13696,0.997079,16384,2389.4
8,"Patch(FOR(Delta(BitPack)))",BETWEEN_1PCT,fused_decode,176271.0,176357.9,176777.5,7.9753,1.0000,13648,13656,13656,13696,0.997079,16384,2389.4
8,"Patch(FOR(Delta(BitPack)))",BETWEEN_1PCT,interpreted_plan,937571.6,937974.2,938887.6,42.4175,0.1880,962,1144,1144,13696,0.083528,163,2389.4
8,"Patch(FOR(Delta(BitPack)))",BETWEEN_1PCT,generated_full_page_access,4307.0,4307.6,4315.4,0.1948,40.9408,962,13696,13696,13696,1.000000,163,2389.4
8,"Patch(FOR(Delta(BitPack)))",BETWEEN_1PCT,generated,4966.7,4967.2,4976.8,0.2246,35.5045,962,1144,1144,13696,0.083528,163,2389.4
8,"Patch(FOR(Delta(BitPack)))",BETWEEN_1PCT,handwritten_monomorphized,22081.8,22112.9,22128.0,1.0000,7.9753,962,1144,1144,13696,0.083528,163,2389.4
8,"Patch(FOR(Delta(BitPack)))",BETWEEN_70PCT,full_decode,213354.4,213563.8,213801.0,0.2874,0.9290,13648,13656,13656,13696,0.997079,16384,5516.1
8,"Patch(FOR(Delta(BitPack)))",BETWEEN_70PCT,fused_decode,198224.3,198394.6,198778.0,0.2670,1.0000,13648,13656,13656,13696,0.997079,16384,5516.1
8,"Patch(FOR(Delta(BitPack)))",BETWEEN_70PCT,interpreted_plan,67808147.0,67835628.0,67858722.0,91.2973,0.0029,9985,10072,10072,13696,0.735397,11703,5516.1
8,"Patch(FOR(Delta(BitPack)))",BETWEEN_70PCT,generated_full_page_access,141276.3,141333.3,141486.6,0.1902,1.4037,9985,13696,13696,13696,1.000000,11703,5516.1
8,"Patch(FOR(Delta(BitPack)))",BETWEEN_70PCT,generated,145551.7,145622.7,145782.0,0.1960,1.3624,9985,10072,10072,13696,0.735397,11703,5516.1
8,"Patch(FOR(Delta(BitPack)))",BETWEEN_70PCT,handwritten_monomorphized,742635.3,743019.2,744423.0,1.0000,0.2670,9985,10072,10072,13696,0.735397,11703,5516.1
8,"Patch(FOR(Delta(BitPack)))",FILTER_POINT,full_decode,201211.6,201553.4,201567.5,0.2007,0.9091,13648,13656,13656,13696,0.997079,16384,6865.3
8,"Patch(FOR(Delta(BitPack)))",FILTER_POINT,fused_decode,183053.3,183225.0,183367.1,0.1824,1.0000,13648,13656,13656,13696,0.997079,16384,6865.3
8,"Patch(FOR(Delta(BitPack)))",FILTER_POINT,interpreted_plan,93852237.0,93916413.0,93971516.0,93.5090,0.0020,13648,13656,13656,13696,0.997079,16384,6865.3
8,"Patch(FOR(Delta(BitPack)))",FILTER_POINT,generated_full_page_access,172904.9,173055.5,173087.7,0.1723,1.0588,13648,13696,13696,13696,1.000000,16384,6865.3
8,"Patch(FOR(Delta(BitPack)))",FILTER_POINT,generated,178210.0,178228.9,178407.4,0.1775,1.0280,13648,13656,13656,13696,0.997079,16384,6865.3
8,"Patch(FOR(Delta(BitPack)))",FILTER_POINT,handwritten_monomorphized,1003625.8,1004357.0,1004742.5,1.0000,0.1824,13648,13656,13656,13696,0.997079,16384,6865.3
8,"Patch(FOR(Delta(BitPack)))",FILTER_50PCT,full_decode,217562.6,217635.3,217781.7,0.2135,0.9201,13648,13656,13656,13696,0.997079,16384,6812.5
8,"Patch(FOR(Delta(BitPack)))",FILTER_50PCT,fused_decode,199810.3,200249.8,200523.9,0.1964,1.0000,13648,13656,13656,13696,0.997079,16384,6812.5
8,"Patch(FOR(Delta(BitPack)))",FILTER_50PCT,interpreted_plan,94122241.0,94188570.0,94216001.0,92.4005,0.0021,13648,13656,13656,13696,0.997079,16384,6812.5
8,"Patch(FOR(Delta(BitPack)))",FILTER_50PCT,generated_full_page_access,189883.1,190026.0,190350.7,0.1864,1.0538,13648,13696,13696,13696,1.000000,16384,6812.5
8,"Patch(FOR(Delta(BitPack)))",FILTER_50PCT,generated,195441.0,195465.4,195687.8,0.1918,1.0245,13648,13656,13656,13696,0.997079,16384,6812.5
8,"Patch(FOR(Delta(BitPack)))",FILTER_50PCT,handwritten_monomorphized,1018445.2,1019351.8,1021434.8,1.0000,0.1964,13648,13656,13656,13696,0.997079,16384,6812.5
9,"Frame(Dictionary(RLE(BitPack)))",GET,full_decode,71481.5,71541.4,71862.5,14.2253,0.7919,2439,625,625,625,1.000000,16384,1468.1
9,"Frame(Dictionary(RLE(BitPack)))",GET,fused_decode,56411.1,56652.2,56748.2,11.2647,1.0000,2439,625,625,625,1.000000,16384,1468.1
9,"Frame(Dictionary(RLE(BitPack)))",GET,interpreted_plan,4973.1,4979.8,4984.8,0.9902,11.3764,661,625,625,625,1.000000,1,1468.1
9,"Frame(Dictionary(RLE(BitPack)))",GET,generated_full_page_access,4952.9,4953.4,4963.7,0.9849,11.4369,661,625,625,625,1.000000,1,1468.1
9,"Frame(Dictionary(RLE(BitPack)))",GET,generated,5019.1,5024.3,5028.9,0.9990,11.2756,661,625,625,625,1.000000,1,1468.1
9,"Frame(Dictionary(RLE(BitPack)))",GET,handwritten_monomorphized,5023.0,5029.2,5034.5,1.0000,11.2647,661,625,625,625,1.000000,1,1468.1
9,"Frame(Dictionary(RLE(BitPack)))",SUM_1PCT,full_decode,71775.4,71952.5,72079.1,12.8190,0.7829,2439,625,625,625,1.000000,16384,1480.7
9,"Frame(Dictionary(RLE(BitPack)))",SUM_1PCT,fused_decode,56282.2,56330.3,56427.4,10.0358,1.0000,2439,625,625,625,1.000000,16384,1480.7
9,"Frame(Dictionary(RLE(BitPack)))",SUM_1PCT,interpreted_plan,173114.3,173268.3,173384.7,30.8693,0.3251,686,625,625,625,1.000000,163,1480.7
9,"Frame(Dictionary(RLE(BitPack)))",SUM_1PCT,generated_full_page_access,5533.4,5540.0,5545.0,0.9870,10.1679,686,625,625,625,1.000000,163,1480.7
9,"Frame(Dictionary(RLE(BitPack)))",SUM_1PCT,generated,5580.5,5583.7,5587.2,0.9948,10.0884,686,625,625,625,1.000000,163,1480.7
9,"Frame(Dictionary(RLE(BitPack)))",SUM_1PCT,handwritten_monomorphized,5606.0,5613.0,5624.0,1.0000,10.0358,686,625,625,625,1.000000,163,1480.7
9,"Frame(Dictionary(RLE(BitPack)))",SUM_70PCT,full_decode,79479.3,79604.7,79738.6,1.8398,0.7112,2439,625,625,625,1.000000,16384,1482.6
9,"Frame(Dictionary(RLE(BitPack)))",SUM_70PCT,fused_decode,56602.9,56612.9,56711.8,1.3084,1.0000,2439,625,625,625,1.000000,16384,1482.6
9,"Frame(Dictionary(RLE(BitPack)))",SUM_70PCT,interpreted_plan,7940253.0,7954375.0,7971521.0,183.8397,0.0071,2104,625,625,625,1.000000,11703,1482.6
9,"Frame(Dictionary(RLE(BitPack)))",SUM_70PCT,generated_full_page_access,43257.7,43287.7,43319.0,1.0005,1.3078,2028,625,625,625,1.000000,11703,1482.6
9,"Frame(Dictionary(RLE(BitPack)))",SUM_70PCT,generated,43253.6,43328.2,43366.2,1.0014,1.3066,2028,625,625,625,1.000000,11703,1482.6
9,"Frame(Dictionary(RLE(BitPack)))",SUM_70PCT,handwritten_monomorphized,43165.2,43268.0,43365.3,1.0000,1.3084,2028,625,625,625,1.000000,11703,1482.6
9,"Frame(Dictionary(RLE(BitPack)))",BETWEEN_1PCT,full_decode,71939.6,72231.8,72423.5,12.8569,0.8188,2439,625,625,625,1.000000,16384,1484.3
9,"Frame(Dictionary(RLE(BitPack)))",BETWEEN_1PCT,fused_decode,58929.2,59139.9,60003.1,10.5266,1.0000,2439,625,625,625,1.000000,16384,1484.3
9,"Frame(Dictionary(RLE(BitPack)))",BETWEEN_1PCT,interpreted_plan,173288.0,173681.4,173860.6,30.9144,0.3405,686,625,625,625,1.000000,163,1484.3
9,"Frame(Dictionary(RLE(BitPack)))",BETWEEN_1PCT,generated_full_page_access,5524.9,5537.4,5544.6,0.9856,10.6800,686,625,625,625,1.000000,163,1484.3
9,"Frame(Dictionary(RLE(BitPack)))",BETWEEN_1PCT,generated,5558.3,5575.3,5585.6,0.9924,10.6076,686,625,625,625,1.000000,163,1484.3
9,"Frame(Dictionary(RLE(BitPack)))",BETWEEN_1PCT,handwritten_monomorphized,5608.9,5618.1,5629.3,1.0000,10.5266,686,625,625,625,1.000000,163,1484.3
9,"Frame(Dictionary(RLE(BitPack)))",BETWEEN_70PCT,full_decode,98885.2,98962.7,99061.9,2.2369,0.6194,2439,625,625,625,1.000000,16384,1486.7
9,"Frame(Dictionary(RLE(BitPack)))",BETWEEN_70PCT,fused_decode,61083.8,61298.1,61381.4,1.3856,1.0000,2439,625,625,625,1.000000,16384,1486.7
9,"Frame(Dictionary(RLE(BitPack)))",BETWEEN_70PCT,interpreted_plan,7910559.0,7924069.0,7927965.0,179.1125,0.0077,2104,625,625,625,1.000000,11703,1486.7
9,"Frame(Dictionary(RLE(BitPack)))",BETWEEN_70PCT,generated_full_page_access,44210.4,44306.6,44331.4,1.0015,1.3835,2028,625,625,625,1.000000,11703,1486.7
9,"Frame(Dictionary(RLE(BitPack)))",BETWEEN_70PCT,generated,44165.0,44223.7,44251.4,0.9996,1.3861,2028,625,625,625,1.000000,11703,1486.7
9,"Frame(Dictionary(RLE(BitPack)))",BETWEEN_70PCT,handwritten_monomorphized,44158.8,44240.7,44288.0,1.0000,1.3856,2028,625,625,625,1.000000,11703,1486.7
9,"Frame(Dictionary(RLE(BitPack)))",FILTER_POINT,full_decode,101735.8,102070.7,102322.8,2.2127,0.5977,2439,625,625,625,1.000000,16384,1649.6
9,"Frame(Dictionary(RLE(BitPack)))",FILTER_POINT,fused_decode,60875.8,61009.3,61218.1,1.3226,1.0000,2439,625,625,625,1.000000,16384,1649.6
9,"Frame(Dictionary(RLE(BitPack)))",FILTER_POINT,interpreted_plan,11042835.0,11049395.0,11098218.0,239.5294,0.0055,2535,625,625,625,1.000000,16384,1649.6
9,"Frame(Dictionary(RLE(BitPack)))",FILTER_POINT,generated_full_page_access,45690.4,45806.4,46044.0,0.9930,1.3319,2431,625,625,625,1.000000,16384,1649.6
9,"Frame(Dictionary(RLE(BitPack)))",FILTER_POINT,generated,46047.4,46080.5,46217.0,0.9989,1.3240,2431,625,625,625,1.000000,16384,1649.6
9,"Frame(Dictionary(RLE(BitPack)))",FILTER_POINT,handwritten_monomorphized,46072.8,46129.6,46212.5,1.0000,1.3226,2431,625,625,625,1.000000,16384,1649.6
9,"Frame(Dictionary(RLE(BitPack)))",FILTER_50PCT,full_decode,110426.9,110517.0,110794.8,2.3987,0.5492,2439,625,625,625,1.000000,16384,1660.1
9,"Frame(Dictionary(RLE(BitPack)))",FILTER_50PCT,fused_decode,60482.8,60696.8,60766.1,1.3174,1.0000,2439,625,625,625,1.000000,16384,1660.1
9,"Frame(Dictionary(RLE(BitPack)))",FILTER_50PCT,interpreted_plan,11037197.0,11046951.0,11100592.0,239.7661,0.0055,2535,625,625,625,1.000000,16384,1660.1
9,"Frame(Dictionary(RLE(BitPack)))",FILTER_50PCT,generated_full_page_access,46014.5,46045.6,46153.2,0.9994,1.3182,2439,625,625,625,1.000000,16384,1660.1
9,"Frame(Dictionary(RLE(BitPack)))",FILTER_50PCT,generated,46037.8,46111.7,46181.1,1.0008,1.3163,2439,625,625,625,1.000000,16384,1660.1
9,"Frame(Dictionary(RLE(BitPack)))",FILTER_50PCT,handwritten_monomorphized,46043.1,46073.9,46138.9,1.0000,1.3174,2439,625,625,625,1.000000,16384,1660.1
10,"Nullable(Patch(Dictionary(RLE(BitPack))))",GET,full_decode,1941458.0,1943947.5,1948784.0,416.1724,0.9894,5223,5312,5312,5568,0.954023,16384,2114.2
10,"Nullable(Patch(Dictionary(RLE(BitPack))))",GET,fused_decode,1922079.0,1923251.0,1925309.5,411.7415,1.0000,5223,5312,5312,5568,0.954023,16384,2114.2
10,"Nullable(Patch(Dictionary(RLE(BitPack))))",GET,interpreted_plan,4705.6,4710.9,4714.1,1.0085,408.2523,1158,1380,1380,5568,0.247845,1,2114.2
10,"Nullable(Patch(Dictionary(RLE(BitPack))))",GET,generated_full_page_access,3579.8,3587.3,3596.7,0.7680,536.1219,1158,5568,5568,5568,1.000000,1,2114.2
10,"Nullable(Patch(Dictionary(RLE(BitPack))))",GET,generated,4670.0,4679.5,4689.3,1.0018,410.9985,1158,1380,1380,5568,0.247845,1,2114.2
10,"Nullable(Patch(Dictionary(RLE(BitPack))))",GET,handwritten_monomorphized,4666.0,4671.0,4695.9,1.0000,411.7415,1158,1380,1380,5568,0.247845,1,2114.2
10,"Nullable(Patch(Dictionary(RLE(BitPack))))",SUM_1PCT,full_decode,1942710.5,1949215.0,1953446.5,66.5619,1.0005,5223,5312,5312,5568,0.954023,16384,2121.7
10,"Nullable(Patch(Dictionary(RLE(BitPack))))",SUM_1PCT,fused_decode,1946646.0,1950101.5,1954498.0,66.5922,1.0000,5223,5312,5312,5568,0.954023,16384,2121.7
10,"Nullable(Patch(Dictionary(RLE(BitPack))))",SUM_1PCT,interpreted_plan,342890.4,343229.6,344203.1,11.7206,5.6816,1229,1476,1476,5568,0.265086,163,2121.7
10,"Nullable(Patch(Dictionary(RLE(BitPack))))",SUM_1PCT,generated_full_page_access,25878.5,25904.1,25916.8,0.8846,75.2817,1225,5568,5568,5568,1.000000,163,2121.7
10,"Nullable(Patch(Dictionary(RLE(BitPack))))",SUM_1PCT,generated,29019.1,29045.9,29081.4,0.9919,67.1387,1225,1412,1412,5568,0.253592,163,2121.7
10,"Nullable(Patch(Dictionary(RLE(BitPack))))",SUM_1PCT,handwritten_monomorphized,29246.3,29284.2,29302.3,1.0000,66.5922,1225,1412,1412,5568,0.253592,163,2121.7
10,"Nullable(Patch(Dictionary(RLE(BitPack))))",SUM_70PCT,full_decode,1957452.0,1958398.5,1965104.0,1.3710,0.9906,5223,5312,5312,5568,0.954023,16384,2153.7
10,"Nullable(Patch(Dictionary(RLE(BitPack))))",SUM_70PCT,fused_decode,1938153.5,1940071.0,1944378.0,1.3581,1.0000,5223,5312,5312,5568,0.954023,16384,2153.7
10,"Nullable(Patch(Dictionary(RLE(BitPack))))",SUM_70PCT,interpreted_plan,19356057.0,19433302.0,19437888.0,13.6042,0.0998,4356,4532,4532,5568,0.813937,11703,2153.7
10,"Nullable(Patch(Dictionary(RLE(BitPack))))",SUM_70PCT,generated_full_page_access,1299373.3,1302247.3,1306597.3,0.9116,1.4898,4176,5568,5568,5568,1.000000,11703,2153.7
10,"Nullable(Patch(Dictionary(RLE(BitPack))))",SUM_70PCT,generated,1407988.7,1410148.7,1412258.3,0.9872,1.3758,4176,4340,4340,5568,0.779454,11703,2153.7
10,"Nullable(Patch(Dictionary(RLE(BitPack))))",SUM_70PCT,handwritten_monomorphized,1428352.3,1428475.7,1430539.0,1.0000,1.3581,4176,4340,4340,5568,0.779454,11703,2153.7
10,"Nullable(Patch(Dictionary(RLE(BitPack))))",BETWEEN_1PCT,full_decode,1948143.0,1950542.0,1951578.5,66.6813,0.9910,5223,5312,5312,5568,0.954023,16384,2140.2
10,"Nullable(Patch(Dictionary(RLE(BitPack))))",BETWEEN_1PCT,fused_decode,1927252.0,1933041.0,1942910.5,66.0830,1.0000,5223,5312,5312,5568,0.954023,16384,2140.2
10,"Nullable(Patch(Dictionary(RLE(BitPack))))",BETWEEN_1PCT,interpreted_plan,342078.6,342155.8,342361.9,11.6970,5.6496,1229,1476,1476,5568,0.265086,163,2140.2
10,"Nullable(Patch(Dictionary(RLE(BitPack))))",BETWEEN_1PCT,generated_full_page_access,25956.7,25980.9,26030.2,0.8882,74.4024,1225,5568,5568,5568,1.000000,163,2140.2
10,"Nullable(Patch(Dictionary(RLE(BitPack))))",BETWEEN_1PCT,generated,29221.3,29233.5,29265.6,0.9994,66.1243,1225,1412,1412,5568,0.253592,163,2140.2
10,"Nullable(Patch(Dictionary(RLE(BitPack))))",BETWEEN_1PCT,handwritten_monomorphized,29239.6,29251.7,29265.3,1.0000,66.0830,1225,1412,1412,5568,0.253592,163,2140.2
10,"Nullable(Patch(Dictionary(RLE(BitPack))))",BETWEEN_70PCT,full_decode,1977382.0,1984502.5,1985083.5,1.3918,0.9799,5223,5312,5312,5568,0.954023,16384,2168.5
10,"Nullable(Patch(Dictionary(RLE(BitPack))))",BETWEEN_70PCT,fused_decode,1936120.5,1944648.0,1947001.5,1.3638,1.0000,5223,5312,5312,5568,0.954023,16384,2168.5
10,"Nullable(Patch(Dictionary(RLE(BitPack))))",BETWEEN_70PCT,interpreted_plan,19397227.0,19405319.0,19414373.0,13.6092,0.1002,4356,4532,4532,5568,0.813937,11703,2168.5
10,"Nullable(Patch(Dictionary(RLE(BitPack))))",BETWEEN_70PCT,generated_full_page_access,1319773.7,1321129.0,1323145.3,0.9265,1.4720,4176,5568,5568,5568,1.000000,11703,2168.5
10,"Nullable(Patch(Dictionary(RLE(BitPack))))",BETWEEN_70PCT,generated,1421862.7,1426172.7,1432538.7,1.0002,1.3635,4176,4340,4340,5568,0.779454,11703,2168.5
10,"Nullable(Patch(Dictionary(RLE(BitPack))))",BETWEEN_70PCT,handwritten_monomorphized,1422620.7,1425892.0,1427768.3,1.0000,1.3638,4176,4340,4340,5568,0.779454,11703,2168.5
10,"Nullable(Patch(Dictionary(RLE(BitPack))))",FILTER_POINT,full_decode,1979240.0,1980206.5,1980356.5,1.0240,0.9830,5223,5312,5312,5568,0.954023,16384,2232.2
10,"Nullable(Patch(Dictionary(RLE(BitPack))))",FILTER_POINT,fused_decode,1943501.5,1946460.5,1948394.0,1.0065,1.0000,5223,5312,5312,5568,0.954023,16384,2232.2
10,"Nullable(Patch(Dictionary(RLE(BitPack))))",FILTER_POINT,interpreted_plan,26406883.0,26453112.0,26473492.0,13.6793,0.0736,5475,5504,5504,5568,0.988506,16384,2232.2
10,"Nullable(Patch(Dictionary(RLE(BitPack))))",FILTER_POINT,generated_full_page_access,1834759.0,1838599.5,1839706.5,0.9508,1.0587,5223,5568,5568,5568,1.000000,16384,2232.2
10,"Nullable(Patch(Dictionary(RLE(BitPack))))",FILTER_POINT,generated,1935359.5,1939741.0,1944372.5,1.0031,1.0035,5223,5312,5312,5568,0.954023,16384,2232.2
10,"Nullable(Patch(Dictionary(RLE(BitPack))))",FILTER_POINT,handwritten_monomorphized,1929620.5,1933802.0,1937132.0,1.0000,1.0065,5223,5312,5312,5568,0.954023,16384,2232.2
10,"Nullable(Patch(Dictionary(RLE(BitPack))))",FILTER_50PCT,full_decode,1985809.5,1988313.0,1998293.5,1.0299,0.9802,5223,5312,5312,5568,0.954023,16384,2232.5
10,"Nullable(Patch(Dictionary(RLE(BitPack))))",FILTER_50PCT,fused_decode,1941703.5,1948949.5,1954297.5,1.0095,1.0000,5223,5312,5312,5568,0.954023,16384,2232.5
10,"Nullable(Patch(Dictionary(RLE(BitPack))))",FILTER_50PCT,interpreted_plan,26417969.0,26459592.0,26493642.0,13.7051,0.0737,5475,5504,5504,5568,0.988506,16384,2232.5
10,"Nullable(Patch(Dictionary(RLE(BitPack))))",FILTER_50PCT,generated_full_page_access,1835039.5,1837007.5,1837869.0,0.9515,1.0609,5223,5568,5568,5568,1.000000,16384,2232.5
10,"Nullable(Patch(Dictionary(RLE(BitPack))))",FILTER_50PCT,generated,1929901.0,1932170.0,1936180.5,1.0008,1.0087,5223,5312,5312,5568,0.954023,16384,2232.5
10,"Nullable(Patch(Dictionary(RLE(BitPack))))",FILTER_50PCT,handwritten_monomorphized,1927512.5,1930632.5,1939445.5,1.0000,1.0095,5223,5312,5312,5568,0.954023,16384,2232.5
11,"Frame(Patch(FOR(BitPack)))",GET,full_decode,158662.7,158816.1,158964.4,77.2051,0.8983,35600,35658,35658,35658,1.000000,16384,1857.6
11,"Frame(Patch(FOR(BitPack)))",GET,fused_decode,142599.5,142666.4,142808.6,69.3542,1.0000,35600,35658,35658,35658,1.000000,16384,1857.6
11,"Frame(Patch(FOR(BitPack)))",GET,interpreted_plan,2084.1,2085.8,2087.2,1.0140,68.4000,631,35658,35658,35658,1.000000,1,1857.6
11,"Frame(Patch(FOR(BitPack)))",GET,generated_full_page_access,1993.6,1996.8,1998.4,0.9707,71.4467,631,35658,35658,35658,1.000000,1,1857.6
11,"Frame(Patch(FOR(BitPack)))",GET,generated,2053.2,2054.9,2057.2,0.9989,69.4277,631,35658,35658,35658,1.000000,1,1857.6
11,"Frame(Patch(FOR(BitPack)))",GET,handwritten_monomorphized,2054.9,2057.1,2059.7,1.0000,69.3542,631,35658,35658,35658,1.000000,1,1857.6
11,"Frame(Patch(FOR(BitPack)))",SUM_1PCT,full_decode,158841.0,158943.1,159197.6,12.4346,0.8817,35600,35658,35658,35658,1.000000,16384,1912.3
11,"Frame(Patch(FOR(BitPack)))",SUM_1PCT,fused_decode,140135.2,140147.8,140241.4,10.9641,1.0000,35600,35658,35658,35658,1.000000,16384,1912.3
11,"Frame(Patch(FOR(BitPack)))",SUM_1PCT,interpreted_plan,66682.7,66740.2,66846.7,5.2213,2.0999,976,35658,35658,35658,1.000000,163,1912.3
11,"Frame(Patch(FOR(BitPack)))",SUM_1PCT,generated_full_page_access,3532.4,3538.5,3539.6,0.2768,39.6063,976,35658,35658,35658,1.000000,163,1912.3
11,"Frame(Patch(FOR(BitPack)))",SUM_1PCT,generated,3610.5,3615.9,3621.2,0.2829,38.7588,976,35658,35658,35658,1.000000,163,1912.3
11,"Frame(Patch(FOR(BitPack)))",SUM_1PCT,handwritten_monomorphized,12770.9,12782.4,12816.7,1.0000,10.9641,976,35658,35658,35658,1.000000,163,1912.3
11,"Frame(Patch(FOR(BitPack)))",SUM_70PCT,full_decode,166412.6,166456.4,166646.7,0.2151,0.8813,35600,35658,35658,35658,1.000000,16384,5020.1
11,"Frame(Patch(FOR(BitPack)))",SUM_70PCT,fused_decode,146593.9,146694.6,147073.7,0.1895,1.0000,35600,35658,35658,35658,1.000000,16384,5020.1
11,"Frame(Patch(FOR(BitPack)))",SUM_70PCT,interpreted_plan,4996680.0,5008127.0,5019604.0,6.4702,0.0293,25603,35658,35658,35658,1.000000,11703,5020.1
11,"Frame(Patch(FOR(BitPack)))",SUM_70PCT,generated_full_page_access,111769.8,111804.9,111893.2,0.1444,1.3121,25618,35658,35658,35658,1.000000,11703,5020.1
11,"Frame(Patch(FOR(BitPack)))",SUM_70PCT,generated,111760.5,111920.3,112374.6,0.1446,1.3107,25618,35658,35658,35658,1.000000,11703,5020.1
11,"Frame(Patch(FOR(BitPack)))",SUM_70PCT,handwritten_monomorphized,773187.7,774029.0,775088.8,1.0000,0.1895,25618,35658,35658,35658,1.000000,11703,5020.1
11,"Frame(Patch(FOR(BitPack)))",BETWEEN_1PCT,full_decode,159292.3,159405.7,159646.1,12.4624,0.9786,35600,35658,35658,35658,1.000000,16384,1933.5
11,"Frame(Patch(FOR(BitPack)))",BETWEEN_1PCT,fused_decode,155913.1,155998.8,156749.7,12.1960,1.0000,35600,35658,35658,35658,1.000000,16384,1933.5
11,"Frame(Patch(FOR(BitPack)))",BETWEEN_1PCT,interpreted_plan,66767.6,66829.4,66938.7,5.2247,2.3343,976,35658,35658,35658,1.000000,163,1933.5
11,"Frame(Patch(FOR(BitPack)))",BETWEEN_1PCT,generated_full_page_access,3832.3,3834.0,3836.1,0.2997,40.6888,976,35658,35658,35658,1.000000,163,1933.5
11,"Frame(Patch(FOR(BitPack)))",BETWEEN_1PCT,generated,3903.7,3910.2,3921.6,0.3057,39.8958,976,35658,35658,35658,1.000000,163,1933.5
11,"Frame(Patch(FOR(BitPack)))",BETWEEN_1PCT,handwritten_monomorphized,12787.7,12791.0,12835.0,1.0000,12.1960,976,35658,35658,35658,1.000000,163,1933.5
11,"Frame(Patch(FOR(BitPack)))",BETWEEN_70PCT,full_decode,183787.7,183922.7,184841.1,0.2374,0.9543,35600,35658,35658,35658,1.000000,16384,4965.7
11,"Frame(Patch(FOR(BitPack)))",BETWEEN_70PCT,fused_decode,175388.6,175512.8,176483.5,0.2266,1.0000,35600,35658,35658,35658,1.000000,16384,4965.7
11,"Frame(Patch(FOR(BitPack)))",BETWEEN_70PCT,interpreted_plan,4998862.0,5010561.0,5017500.0,6.4679,0.0350,25603,35658,35658,35658,1.000000,11703,4965.7
11,"Frame(Patch(FOR(BitPack)))",BETWEEN_70PCT,generated_full_page_access,127510.6,127773.6,128240.4,0.1649,1.3736,25618,35658,35658,35658,1.000000,11703,4965.7
11,"Frame(Patch(FOR(BitPack)))",BETWEEN_70PCT,generated,127527.6,127556.1,127706.8,0.1647,1.3760,25618,35658,35658,35658,1.000000,11703,4965.7
11,"Frame(Patch(FOR(BitPack)))",BETWEEN_70PCT,handwritten_monomorphized,773553.2,774678.2,777522.3,1.0000,0.2266,25618,35658,35658,35658,1.000000,11703,4965.7
11,"Frame(Patch(FOR(BitPack)))",FILTER_POINT,full_decode,171264.3,171278.1,171476.0,0.1612,0.9473,35600,35658,35658,35658,1.000000,16384,6156.4
11,"Frame(Patch(FOR(BitPack)))",FILTER_POINT,fused_decode,162159.4,162245.9,162418.1,0.1527,1.0000,35600,35658,35658,35658,1.000000,16384,6156.4
11,"Frame(Patch(FOR(BitPack)))",FILTER_POINT,interpreted_plan,7029445.0,7035483.0,7089454.0,6.6212,0.0231,35580,35658,35658,35658,1.000000,16384,6156.4
11,"Frame(Patch(FOR(BitPack)))",FILTER_POINT,generated_full_page_access,155368.3,155537.2,155783.9,0.1464,1.0431,35600,35658,35658,35658,1.000000,16384,6156.4
11,"Frame(Patch(FOR(BitPack)))",FILTER_POINT,generated,155786.3,155854.2,155958.1,0.1467,1.0410,35600,35658,35658,35658,1.000000,16384,6156.4
11,"Frame(Patch(FOR(BitPack)))",FILTER_POINT,handwritten_monomorphized,1060145.2,1062576.2,1064874.8,1.0000,0.1527,35600,35658,35658,35658,1.000000,16384,6156.4
11,"Frame(Patch(FOR(BitPack)))",FILTER_50PCT,full_decode,187894.7,188041.5,188257.6,0.1750,0.9446,35600,35658,35658,35658,1.000000,16384,6164.8
11,"Frame(Patch(FOR(BitPack)))",FILTER_50PCT,fused_decode,177434.2,177617.0,177917.8,0.1653,1.0000,35600,35658,35658,35658,1.000000,16384,6164.8
11,"Frame(Patch(FOR(BitPack)))",FILTER_50PCT,interpreted_plan,7042894.0,7048973.0,7058217.0,6.5591,0.0252,35580,35658,35658,35658,1.000000,16384,6164.8
11,"Frame(Patch(FOR(BitPack)))",FILTER_50PCT,generated_full_page_access,171297.8,171373.4,171589.3,0.1595,1.0364,35600,35658,35658,35658,1.000000,16384,6164.8
11,"Frame(Patch(FOR(BitPack)))",FILTER_50PCT,generated,171240.3,171313.2,171453.8,0.1594,1.0368,35600,35658,35658,35658,1.000000,16384,6164.8
11,"Frame(Patch(FOR(BitPack)))",FILTER_50PCT,handwritten_monomorphized,1073312.2,1074687.0,1076930.2,1.0000,0.1653,35600,35658,35658,35658,1.000000,16384,6164.8
12,"Patch(Dictionary(RLE(BitPack)))",GET,full_decode,80539.8,80657.6,80824.8,20.1355,0.8021,2895,2964,2964,3072,0.964844,16384,1771.5
12,"Patch(Dictionary(RLE(BitPack)))",GET,fused_decode,64277.9,64692.2,64766.6,16.1499,1.0000,2895,2964,2964,3072,0.964844,16384,1771.5
12,"Patch(Dictionary(RLE(BitPack)))",GET,interpreted_plan,3955.4,3963.9,3969.5,0.9896,16.3202,961,1096,1096,3072,0.356771,1,1771.5
12,"Patch(Dictionary(RLE(BitPack)))",GET,generated_full_page_access,3370.4,3373.1,3387.9,0.8421,19.1787,961,3072,3072,3072,1.000000,1,1771.5
12,"Patch(Dictionary(RLE(BitPack)))",GET,generated,4001.0,4004.6,4012.0,0.9997,16.1543,961,1096,1096,3072,0.356771,1,1771.5
12,"Patch(Dictionary(RLE(BitPack)))",GET,handwritten_monomorphized,3999.8,4005.7,4025.1,1.0000,16.1499,961,1096,1096,3072,0.356771,1,1771.5
12,"Patch(Dictionary(RLE(BitPack)))",SUM_1PCT,full_decode,80704.3,80737.9,80818.9,17.1208,0.8001,2895,2964,2964,3072,0.964844,16384,1733.4
12,"Patch(Dictionary(RLE(BitPack)))",SUM_1PCT,fused_decode,64448.7,64599.8,64648.3,13.6987,1.0000,2895,2964,2964,3072,0.964844,16384,1733.4
12,"Patch(Dictionary(RLE(BitPack)))",SUM_1PCT,interpreted_plan,247018.2,247247.6,247905.1,52.4299,0.2613,986,1096,1096,3072,0.356771,163,1733.4
12,"Patch(Dictionary(RLE(BitPack)))",SUM_1PCT,generated_full_page_access,4000.6,4004.6,4012.1,0.8492,16.1314,986,3072,3072,3072,1.000000,163,1733.4
12,"Patch(Dictionary(RLE(BitPack)))",SUM_1PCT,generated,4673.2,4674.6,4718.3,0.9913,13.8192,986,1096,1096,3072,0.356771,163,1733.4
12,"Patch(Dictionary(RLE(BitPack)))",SUM_1PCT,handwritten_monomorphized,4698.9,4715.8,4728.0,1.0000,13.6987,986,1096,1096,3072,0.356771,163,1733.4
12,"Patch(Dictionary(RLE(BitPack)))",SUM_70PCT,full_decode,88290.4,88328.1,88375.9,1.7449,0.7456,2895,2964,2964,3072,0.964844,16384,1743.0
12,"Patch(Dictionary(RLE(BitPack)))",SUM_70PCT,fused_decode,65741.7,65854.4,65958.6,1.3009,1.0000,2895,2964,2964,3072,0.964844,16384,1743.0
12,"Patch(Dictionary(RLE(BitPack)))",SUM_70PCT,interpreted_plan,13075181.0,13092395.0,13118284.0,258.6317,0.0050,2524,2624,2624,3072,0.854167,11703,1743.0
12,"Patch(Dictionary(RLE(BitPack)))",SUM_70PCT,generated_full_page_access,45855.4,45874.7,45923.2,0.9062,1.4355,2448,3072,3072,3072,1.000000,11703,1743.0
12,"Patch(Dictionary(RLE(BitPack)))",SUM_70PCT,generated,50596.4,50632.1,50667.7,1.0002,1.3006,2448,2568,2568,3072,0.835938,11703,1743.0
12,"Patch(Dictionary(RLE(BitPack)))",SUM_70PCT,handwritten_monomorphized,50564.0,50621.8,51002.5,1.0000,1.3009,2448,2568,2568,3072,0.835938,11703,1743.0
12,"Patch(Dictionary(RLE(BitPack)))",BETWEEN_1PCT,full_decode,81305.5,81446.7,81554.5,17.1302,0.8013,2895,2964,2964,3072,0.964844,16384,1751.6
12,"Patch(Dictionary(RLE(BitPack)))",BETWEEN_1PCT,fused_decode,65245.3,65266.1,65364.1,13.7270,1.0000,2895,2964,2964,3072,0.964844,16384,1751.6
12,"Patch(Dictionary(RLE(BitPack)))",BETWEEN_1PCT,interpreted_plan,253056.2,253463.2,253955.5,53.3093,0.2575,986,1096,1096,3072,0.356771,163,1751.6
12,"Patch(Dictionary(RLE(BitPack)))",BETWEEN_1PCT,generated_full_page_access,4010.5,4017.5,4035.6,0.8450,16.2455,986,3072,3072,3072,1.000000,163,1751.6
12,"Patch(Dictionary(RLE(BitPack)))",BETWEEN_1PCT,generated,4672.1,4700.8,4704.9,0.9887,13.8840,986,1096,1096,3072,0.356771,163,1751.6
12,"Patch(Dictionary(RLE(BitPack)))",BETWEEN_1PCT,handwritten_monomorphized,4750.7,4754.6,4770.3,1.0000,13.7270,986,1096,1096,3072,0.356771,163,1751.6
12,"Patch(Dictionary(RLE(BitPack)))",BETWEEN_70PCT,full_decode,107706.0,107865.4,107904.3,2.1006,0.6178,2895,2964,2964,3072,0.964844,16384,1785.9
12,"Patch(Dictionary(RLE(BitPack)))",BETWEEN_70PCT,fused_decode,66568.0,66637.7,66713.4,1.2977,1.0000,2895,2964,2964,3072,0.964844,16384,1785.9
12,"Patch(Dictionary(RLE(BitPack)))",BETWEEN_70PCT,interpreted_plan,13349650.0,13374016.0,13409159.0,260.4510,0.0050,2524,2624,2624,3072,0.854167,11703,1785.9
12,"Patch(Dictionary(RLE(BitPack)))",BETWEEN_70PCT,generated_full_page_access,47159.0,47174.0,47233.0,0.9187,1.4126,2448,3072,3072,3072,1.000000,11703,1785.9
12,"Patch(Dictionary(RLE(BitPack)))",BETWEEN_70PCT,generated,51151.1,51239.2,51318.2,0.9979,1.3005,2448,2568,2568,3072,0.835938,11703,1785.9
12,"Patch(Dictionary(RLE(BitPack)))",BETWEEN_70PCT,handwritten_monomorphized,51325.3,51349.4,51536.9,1.0000,1.2977,2448,2568,2568,3072,0.835938,11703,1785.9
12,"Patch(Dictionary(RLE(BitPack)))",FILTER_POINT,full_decode,110892.7,111006.8,111164.2,1.6443,0.6033,2895,2964,2964,3072,0.964844,16384,1782.3
12,"Patch(Dictionary(RLE(BitPack)))",FILTER_POINT,fused_decode,66803.7,66971.6,67037.0,0.9920,1.0000,2895,2964,2964,3072,0.964844,16384,1782.3
12,"Patch(Dictionary(RLE(BitPack)))",FILTER_POINT,interpreted_plan,18181833.0,18189545.0,18216015.0,269.4349,0.0037,2991,3020,3020,3072,0.983073,16384,1782.3
12,"Patch(Dictionary(RLE(BitPack)))",FILTER_POINT,generated_full_page_access,62852.6,62933.7,63128.2,0.9322,1.0642,2895,3072,3072,3072,1.000000,16384,1782.3
12,"Patch(Dictionary(RLE(BitPack)))",FILTER_POINT,generated,67101.9,67160.9,67275.2,0.9948,0.9972,2895,2964,2964,3072,0.964844,16384,1782.3
12,"Patch(Dictionary(RLE(BitPack)))",FILTER_POINT,handwritten_monomorphized,67457.4,67510.0,67855.1,1.0000,0.9920,2895,2964,2964,3072,0.964844,16384,1782.3
12,"Patch(Dictionary(RLE(BitPack)))",FILTER_50PCT,full_decode,118363.6,118521.0,118713.9,1.7715,0.5613,2895,2964,2964,3072,0.964844,16384,1799.0
12,"Patch(Dictionary(RLE(BitPack)))",FILTER_50PCT,fused_decode,66089.2,66531.2,66656.9,0.9944,1.0000,2895,2964,2964,3072,0.964844,16384,1799.0
12,"Patch(Dictionary(RLE(BitPack)))",FILTER_50PCT,interpreted_plan,18153882.0,18236887.0,18427952.0,272.5878,0.0036,2991,3020,3020,3072,0.983073,16384,1799.0
12,"Patch(Dictionary(RLE(BitPack)))",FILTER_50PCT,generated_full_page_access,61947.3,62177.7,62277.1,0.9294,1.0700,2895,3072,3072,3072,1.000000,16384,1799.0
12,"Patch(Dictionary(RLE(BitPack)))",FILTER_50PCT,generated,66062.6,66160.5,66230.9,0.9889,1.0056,2895,2964,2964,3072,0.964844,16384,1799.0
12,"Patch(Dictionary(RLE(BitPack)))",FILTER_50PCT,handwritten_monomorphized,66752.0,66902.8,67010.0,1.0000,0.9944,2895,2964,2964,3072,0.964844,16384,1799.0
13,"Nullable(Dictionary(BitPack))",GET,full_decode,1267482.3,1268083.0,1269315.0,1581.7917,0.9984,6387,6464,6464,6688,0.966507,16384,5626.9
13,"Nullable(Dictionary(BitPack))",GET,fused_decode,1264855.0,1266003.7,1269077.7,1579.1980,1.0000,6387,6464,6464,6688,0.966507,16384,5626.9
13,"Nullable(Dictionary(BitPack))",GET,interpreted_plan,807.3,810.9,811.9,1.0115,1561.2987,462,608,608,6688,0.090909,1,5626.9
13,"Nullable(Dictionary(BitPack))",GET,generated_full_page_access,440.7,441.3,442.3,0.5504,2868.9806,462,6688,6688,6688,1.000000,1,5626.9
13,"Nullable(Dictionary(BitPack))",GET,generated,787.0,790.2,791.3,0.9857,1602.1886,462,608,608,6688,0.090909,1,5626.9
13,"Nullable(Dictionary(BitPack))",GET,handwritten_monomorphized,798.3,801.7,802.6,1.0000,1579.1980,462,608,608,6688,0.090909,1,5626.9
13,"Nullable(Dictionary(BitPack))",SUM_1PCT,full_decode,1266524.3,1269044.7,1270613.7,62.9552,0.9949,6387,6464,6464,6688,0.966507,16384,5647.0
13,"Nullable(Dictionary(BitPack))",SUM_1PCT,fused_decode,1260825.7,1262621.7,1263009.0,62.6366,1.0000,6387,6464,6464,6688,0.966507,16384,5647.0
13,"Nullable(Dictionary(BitPack))",SUM_1PCT,interpreted_plan,95893.9,95953.6,95957.0,4.7601,13.1587,570,736,736,6688,0.110048,163,5647.0
13,"Nullable(Dictionary(BitPack))",SUM_1PCT,generated_full_page_access,13661.9,13685.5,13688.6,0.6789,92.2600,566,6688,6688,6688,1.000000,163,5647.0
13,"Nullable(Dictionary(BitPack))",SUM_1PCT,generated,15012.2,15036.4,15061.9,0.7459,83.9710,566,672,672,6688,0.100478,163,5647.0
13,"Nullable(Dictionary(BitPack))",SUM_1PCT,handwritten_monomorphized,20093.6,20157.9,20187.2,1.0000,62.6366,566,672,672,6688,0.100478,163,5647.0
13,"Nullable(Dictionary(BitPack))",SUM_70PCT,full_decode,1275254.0,1276669.3,1277854.3,0.9996,0.9921,6387,6464,6464,6688,0.966507,16384,5670.3
13,"Nullable(Dictionary(BitPack))",SUM_70PCT,fused_decode,1266043.7,1266570.7,1268030.0,0.9917,1.0000,6387,6464,6464,6688,0.966507,16384,5670.3
13,"Nullable(Dictionary(BitPack))",SUM_70PCT,interpreted_plan,6653343.0,6658991.0,6732532.0,5.2140,0.1902,4886,4992,4992,6688,0.746411,11703,5670.3
13,"Nullable(Dictionary(BitPack))",SUM_70PCT,generated_full_page_access,846367.6,848847.2,849890.8,0.6647,1.4921,4706,6688,6688,6688,1.000000,11703,5670.3
13,"Nullable(Dictionary(BitPack))",SUM_70PCT,generated,906058.6,906701.6,906908.0,0.7100,1.3969,4706,4800,4800,6688,0.717703,11703,5670.3
13,"Nullable(Dictionary(BitPack))",SUM_70PCT,handwritten_monomorphized,1276108.7,1277130.0,1278221.7,1.0000,0.9917,4706,4800,4800,6688,0.717703,11703,5670.3
13,"Nullable(Dictionary(BitPack))",BETWEEN_1PCT,full_decode,1266210.3,1268697.3,1270213.0,61.2904,1.0016,6387,6464,6464,6688,0.966507,16384,5664.6
13,"Nullable(Dictionary(BitPack))",BETWEEN_1PCT,fused_decode,1269572.0,1270753.7,1273174.3,61.3898,1.0000,6387,6464,6464,6688,0.966507,16384,5664.6
13,"Nullable(Dictionary(BitPack))",BETWEEN_1PCT,interpreted_plan,98740.2,98896.7,99060.8,4.7777,12.8493,570,736,736,6688,0.110048,163,5664.6
13,"Nullable(Dictionary(BitPack))",BETWEEN_1PCT,generated_full_page_access,14105.0,14117.4,14148.2,0.6820,90.0130,566,6688,6688,6688,1.000000,163,5664.6
13,"Nullable(Dictionary(BitPack))",BETWEEN_1PCT,generated,15416.4,15426.1,15466.6,0.7452,82.3770,566,672,672,6688,0.100478,163,5664.6
13,"Nullable(Dictionary(BitPack))",BETWEEN_1PCT,handwritten_monomorphized,20688.5,20699.8,20705.2,1.0000,61.3898,566,672,672,6688,0.100478,163,5664.6
13,"Nullable(Dictionary(BitPack))",BETWEEN_70PCT,full_decode,1298124.7,1299353.3,1300358.0,0.9921,0.9926,6387,6464,6464,6688,0.966507,16384,5643.6
13,"Nullable(Dictionary(BitPack))",BETWEEN_70PCT,fused_decode,1289108.0,1289802.3,1290283.0,0.9848,1.0000,6387,6464,6464,6688,0.966507,16384,5643.6
13,"Nullable(Dictionary(BitPack))",BETWEEN_70PCT,interpreted_plan,6873061.0,6885049.0,6908244.0,5.2568,0.1873,4886,4992,4992,6688,0.746411,11703,5643.6
13,"Nullable(Dictionary(BitPack))",BETWEEN_70PCT,generated_full_page_access,885986.6,887108.4,889057.2,0.6773,1.4539,4706,6688,6688,6688,1.000000,11703,5643.6
13,"Nullable(Dictionary(BitPack))",BETWEEN_70PCT,generated,938779.6,939063.8,939754.8,0.7170,1.3735,4706,4800,4800,6688,0.717703,11703,5643.6
13,"Nullable(Dictionary(BitPack))",BETWEEN_70PCT,handwritten_monomorphized,1306069.7,1309735.3,1311681.3,1.0000,0.9848,4706,4800,4800,6688,0.717703,11703,5643.6
13,"Nullable(Dictionary(BitPack))",FILTER_POINT,full_decode,1296555.7,1297367.0,1301359.3,0.7213,0.9955,6387,6464,6464,6688,0.966507,16384,5546.3
13,"Nullable(Dictionary(BitPack))",FILTER_POINT,fused_decode,1289965.7,1291518.0,1292973.7,0.7180,1.0000,6387,6464,6464,6688,0.966507,16384,5546.3
13,"Nullable(Dictionary(BitPack))",FILTER_POINT,interpreted_plan,9354566.0,9468326.0,9478801.0,5.2639,0.1364,6639,6656,6656,6688,0.995215,16384,5546.3
13,"Nullable(Dictionary(BitPack))",FILTER_POINT,generated_full_page_access,1227610.2,1228584.2,1229365.2,0.6830,1.0512,6387,6688,6688,6688,1.000000,16384,5546.3
13,"Nullable(Dictionary(BitPack))",FILTER_POINT,generated,1286333.7,1288991.0,1292079.0,0.7166,1.0020,6387,6464,6464,6688,0.966507,16384,5546.3
13,"Nullable(Dictionary(BitPack))",FILTER_POINT,handwritten_monomorphized,1798084.5,1798725.5,1802396.0,1.0000,0.7180,6387,6464,6464,6688,0.966507,16384,5546.3
13,"Nullable(Dictionary(BitPack))",FILTER_50PCT,full_decode,1301436.3,1303095.3,1304303.7,0.7101,0.9939,6387,6464,6464,6688,0.966507,16384,5566.3
13,"Nullable(Dictionary(BitPack))",FILTER_50PCT,fused_decode,1294295.3,1295116.7,1297630.7,0.7058,1.0000,6387,6464,6464,6688,0.966507,16384,5566.3
13,"Nullable(Dictionary(BitPack))",FILTER_50PCT,interpreted_plan,9327695.0,9334026.0,9339723.0,5.0867,0.1388,6639,6656,6656,6688,0.995215,16384,5566.3
13,"Nullable(Dictionary(BitPack))",FILTER_50PCT,generated_full_page_access,1232137.0,1233306.2,1233857.0,0.6721,1.0501,6387,6688,6688,6688,1.000000,16384,5566.3
13,"Nullable(Dictionary(BitPack))",FILTER_50PCT,generated,1291758.7,1292386.0,1296509.0,0.7043,1.0021,6387,6464,6464,6688,0.966507,16384,5566.3
13,"Nullable(Dictionary(BitPack))",FILTER_50PCT,handwritten_monomorphized,1832115.0,1834995.0,1835395.0,1.0000,0.7058,6387,6464,6464,6688,0.966507,16384,5566.3
14,"Frame(Nullable(Patch(FOR(Delta(BitPack)))))",GET,full_decode,1879726.5,1890062.0,1892871.0,203.3838,0.9813,15197,1777,1777,1777,1.000000,16384,6358.4
14,"Frame(Nullable(Patch(FOR(Delta(BitPack)))))",GET,fused_decode,1851694.5,1854804.0,1855580.5,199.5898,1.0000,15197,1777,1777,1777,1.000000,16384,6358.4
14,"Frame(Nullable(Patch(FOR(Delta(BitPack)))))",GET,interpreted_plan,9558.9,9564.1,9576.7,1.0292,193.9337,989,1777,1777,1777,1.000000,1,6358.4
14,"Frame(Nullable(Patch(FOR(Delta(BitPack)))))",GET,generated_full_page_access,7448.8,7461.9,7481.8,0.8029,248.5707,989,1777,1777,1777,1.000000,1,6358.4
14,"Frame(Nullable(Patch(FOR(Delta(BitPack)))))",GET,generated,7518.8,7521.6,7529.1,0.8094,246.5986,989,1777,1777,1777,1.000000,1,6358.4
14,"Frame(Nullable(Patch(FOR(Delta(BitPack)))))",GET,handwritten_monomorphized,9287.4,9293.1,9310.3,1.0000,199.5898,989,1777,1777,1777,1.000000,1,6358.4
14,"Frame(Nullable(Patch(FOR(Delta(BitPack)))))",SUM_1PCT,full_decode,1893792.5,1898244.0,1900092.0,28.3040,0.9907,15197,1777,1777,1777,1.000000,16384,6415.4
14,"Frame(Nullable(Patch(FOR(Delta(BitPack)))))",SUM_1PCT,fused_decode,1878549.5,1880612.5,1886867.0,28.0411,1.0000,15197,1777,1777,1777,1.000000,16384,6415.4
14,"Frame(Nullable(Patch(FOR(Delta(BitPack)))))",SUM_1PCT,interpreted_plan,811040.8,812379.5,812546.5,12.1131,2.3149,1288,1777,1777,1777,1.000000,163,6415.4
14,"Frame(Nullable(Patch(FOR(Delta(BitPack)))))",SUM_1PCT,generated_full_page_access,26783.5,26812.7,26850.9,0.3998,70.1390,1284,1777,1777,1777,1.000000,163,6415.4
14,"Frame(Nullable(Patch(FOR(Delta(BitPack)))))",SUM_1PCT,generated,26815.9,26830.3,26854.3,0.4001,70.0929,1284,1777,1777,1777,1.000000,163,6415.4
14,"Frame(Nullable(Patch(FOR(Delta(BitPack)))))",SUM_1PCT,handwritten_monomorphized,67036.0,67066.3,67120.9,1.0000,28.0411,1284,1777,1777,1777,1.000000,163,6415.4
14,"Frame(Nullable(Patch(FOR(Delta(BitPack)))))",SUM_70PCT,full_decode,1899841.5,1901644.0,1903266.5,0.4412,0.9977,15197,1777,1777,1777,1.000000,16384,6435.2
14,"Frame(Nullable(Patch(FOR(Delta(BitPack)))))",SUM_70PCT,fused_decode,1893011.0,1897277.5,1897633.0,0.4402,1.0000,15197,1777,1777,1777,1.000000,16384,6435.2
14,"Frame(Nullable(Patch(FOR(Delta(BitPack)))))",SUM_70PCT,interpreted_plan,66874680.0,67103851.0,67152215.0,15.5678,0.0283,11436,1777,1777,1777,1.000000,11703,6435.2
14,"Frame(Nullable(Patch(FOR(Delta(BitPack)))))",SUM_70PCT,generated_full_page_access,1362170.3,1363829.3,1367057.7,0.3164,1.3911,11256,1777,1777,1777,1.000000,11703,6435.2
14,"Frame(Nullable(Patch(FOR(Delta(BitPack)))))",SUM_70PCT,generated,1363055.0,1365885.7,1367188.0,0.3169,1.3890,11256,1777,1777,1777,1.000000,11703,6435.2
14,"Frame(Nullable(Patch(FOR(Delta(BitPack)))))",SUM_70PCT,handwritten_monomorphized,4294241.0,4310435.0,4321722.0,1.0000,0.4402,11256,1777,1777,1777,1.000000,11703,6435.2
14,"Frame(Nullable(Patch(FOR(Delta(BitPack)))))",BETWEEN_1PCT,full_decode,1894618.5,1897127.5,1900262.0,28.1509,0.9919,15197,1777,1777,1777,1.000000,16384,6445.0
14,"Frame(Nullable(Patch(FOR(Delta(BitPack)))))",BETWEEN_1PCT,fused_decode,1880532.5,1881809.5,1884123.0,27.9236,1.0000,15197,1777,1777,1777,1.000000,16384,6445.0
14,"Frame(Nullable(Patch(FOR(Delta(BitPack)))))",BETWEEN_1PCT,interpreted_plan,805749.7,809530.3,810498.3,12.0124,2.3246,1288,1777,1777,1777,1.000000,163,6445.0
14,"Frame(Nullable(Patch(FOR(Delta(BitPack)))))",BETWEEN_1PCT,generated_full_page_access,27066.2,27097.7,27136.0,0.4021,69.4453,1284,1777,1777,1777,1.000000,163,6445.0
14,"Frame(Nullable(Patch(FOR(Delta(BitPack)))))",BETWEEN_1PCT,generated,27105.8,27130.9,27178.6,0.4026,69.3603,1284,1777,1777,1777,1.000000,163,6445.0
14,"Frame(Nullable(Patch(FOR(Delta(BitPack)))))",BETWEEN_1PCT,handwritten_monomorphized,67348.1,67391.4,67441.6,1.0000,27.9236,1284,1777,1777,1777,1.000000,163,6445.0
14,"Frame(Nullable(Patch(FOR(Delta(BitPack)))))",BETWEEN_70PCT,full_decode,1925524.5,1928058.5,1931118.0,0.4455,0.9955,15197,1777,1777,1777,1.000000,16384,6448.3
14,"Frame(Nullable(Patch(FOR(Delta(BitPack)))))",BETWEEN_70PCT,fused_decode,1917372.5,1919430.5,1921534.0,0.4435,1.0000,15197,1777,1777,1777,1.000000,16384,6448.3
14,"Frame(Nullable(Patch(FOR(Delta(BitPack)))))",BETWEEN_70PCT,interpreted_plan,66818006.0,66849603.0,67135630.0,15.4469,0.0287,11436,1777,1777,1777,1.000000,11703,6448.3
14,"Frame(Nullable(Patch(FOR(Delta(BitPack)))))",BETWEEN_70PCT,generated_full_page_access,1362741.0,1363656.0,1368119.3,0.3151,1.4076,11256,1777,1777,1777,1.000000,11703,6448.3
14,"Frame(Nullable(Patch(FOR(Delta(BitPack)))))",BETWEEN_70PCT,generated,1362370.7,1363889.7,1366984.3,0.3152,1.4073,11256,1777,1777,1777,1.000000,11703,6448.3
14,"Frame(Nullable(Patch(FOR(Delta(BitPack)))))",BETWEEN_70PCT,handwritten_monomorphized,4322002.0,4327701.0,4344646.0,1.0000,0.4435,11256,1777,1777,1777,1.000000,11703,6448.3
14,"Frame(Nullable(Patch(FOR(Delta(BitPack)))))",FILTER_POINT,full_decode,1891399.0,1894573.5,1899195.0,0.3165,0.9899,15197,1777,1777,1777,1.000000,16384,6422.5
14,"Frame(Nullable(Patch(FOR(Delta(BitPack)))))",FILTER_POINT,fused_decode,1874168.0,1875515.0,1882030.0,0.3134,1.0000,15197,1777,1777,1777,1.000000,16384,6422.5
14,"Frame(Nullable(Patch(FOR(Delta(BitPack)))))",FILTER_POINT,interpreted_plan,93146774.0,93329577.0,93450788.0,15.5936,0.0201,15449,1777,1777,1777,1.000000,16384,6422.5
14,"Frame(Nullable(Patch(FOR(Delta(BitPack)))))",FILTER_POINT,generated_full_page_access,1876557.0,1878935.0,1880512.5,0.3139,0.9982,15197,1777,1777,1777,1.000000,16384,6422.5
14,"Frame(Nullable(Patch(FOR(Delta(BitPack)))))",FILTER_POINT,generated,1876917.0,1880297.5,1891168.5,0.3142,0.9975,15197,1777,1777,1777,1.000000,16384,6422.5
14,"Frame(Nullable(Patch(FOR(Delta(BitPack)))))",FILTER_POINT,handwritten_monomorphized,5983483.0,5985125.0,5988060.0,1.0000,0.3134,15197,1777,1777,1777,1.000000,16384,6422.5
14,"Frame(Nullable(Patch(FOR(Delta(BitPack)))))",FILTER_50PCT,full_decode,1929170.0,1932315.0,1939906.5,0.3226,0.9874,15197,1777,1777,1777,1.000000,16384,6365.2
14,"Frame(Nullable(Patch(FOR(Delta(BitPack)))))",FILTER_50PCT,fused_decode,1907337.5,1908019.0,1909160.0,0.3186,1.0000,15197,1777,1777,1777,1.000000,16384,6365.2
14,"Frame(Nullable(Patch(FOR(Delta(BitPack)))))",FILTER_50PCT,interpreted_plan,93164561.0,93184661.0,93309117.0,15.5578,0.0205,15449,1777,1777,1777,1.000000,16384,6365.2
14,"Frame(Nullable(Patch(FOR(Delta(BitPack)))))",FILTER_50PCT,generated_full_page_access,1878760.0,1880828.0,1881288.5,0.3140,1.0145,15197,1777,1777,1777,1.000000,16384,6365.2
14,"Frame(Nullable(Patch(FOR(Delta(BitPack)))))",FILTER_50PCT,generated,1883477.0,1884569.0,1886211.5,0.3146,1.0124,15197,1777,1777,1777,1.000000,16384,6365.2
14,"Frame(Nullable(Patch(FOR(Delta(BitPack)))))",FILTER_50PCT,handwritten_monomorphized,5982882.0,5989572.0,5997744.0,1.0000,0.3186,15197,1777,1777,1777,1.000000,16384,6365.2
15,"Nullable(UnsignedDelta(BitPack))",GET,full_decode,652053.6,652800.4,653275.3,571.4189,0.9920,10724,10784,10784,11008,0.979651,16384,5650.6
15,"Nullable(UnsignedDelta(BitPack))",GET,fused_decode,647309.3,647599.7,648001.7,566.8665,1.0000,10724,10784,10784,11008,0.979651,16384,5650.6
15,"Nullable(UnsignedDelta(BitPack))",GET,interpreted_plan,1219.1,1221.9,1232.7,1.0696,529.9816,529,736,736,11008,0.066860,1,5650.6
15,"Nullable(UnsignedDelta(BitPack))",GET,generated_full_page_access,484.2,485.0,485.1,0.4245,1335.3696,529,11008,11008,11008,1.000000,1,5650.6
15,"Nullable(UnsignedDelta(BitPack))",GET,generated,810.8,813.4,814.3,0.7120,796.2107,529,736,736,11008,0.066860,1,5650.6
15,"Nullable(UnsignedDelta(BitPack))",GET,handwritten_monomorphized,1140.5,1142.4,1144.0,1.0000,566.8665,529,736,736,11008,0.066860,1,5650.6
15,"Nullable(UnsignedDelta(BitPack))",SUM_1PCT,full_decode,652600.0,653027.7,653176.6,26.3682,1.0073,10724,10784,10784,11008,0.979651,16384,5640.0
15,"Nullable(UnsignedDelta(BitPack))",SUM_1PCT,fused_decode,657083.9,657769.3,661141.3,26.5597,1.0000,10724,10784,10784,11008,0.979651,16384,5640.0
15,"Nullable(UnsignedDelta(BitPack))",SUM_1PCT,interpreted_plan,922721.8,926180.8,926409.0,37.3977,0.7102,748,960,960,11008,0.087209,163,5640.0
15,"Nullable(UnsignedDelta(BitPack))",SUM_1PCT,generated_full_page_access,8815.6,8823.4,8829.6,0.3563,74.5481,744,11008,11008,11008,1.000000,163,5640.0
15,"Nullable(UnsignedDelta(BitPack))",SUM_1PCT,generated,9707.0,9710.1,9713.1,0.3921,67.7407,744,896,896,11008,0.081395,163,5640.0
15,"Nullable(UnsignedDelta(BitPack))",SUM_1PCT,handwritten_monomorphized,24714.9,24765.7,24788.7,1.0000,26.5597,744,896,896,11008,0.081395,163,5640.0
15,"Nullable(UnsignedDelta(BitPack))",SUM_70PCT,full_decode,659159.7,660026.9,661642.1,0.6647,1.0279,10724,10784,10784,11008,0.979651,16384,5751.2
15,"Nullable(UnsignedDelta(BitPack))",SUM_70PCT,fused_decode,675695.9,678457.1,679181.1,0.6833,1.0000,10724,10784,10784,11008,0.979651,16384,5751.2
15,"Nullable(UnsignedDelta(BitPack))",SUM_70PCT,interpreted_plan,66154597.0,66169429.0,66296098.0,66.6391,0.0103,8402,8576,8576,11008,0.779070,11703,5751.2
15,"Nullable(UnsignedDelta(BitPack))",SUM_70PCT,generated_full_page_access,442367.7,442505.2,442767.5,0.4456,1.5332,8222,11008,11008,11008,1.000000,11703,5751.2
15,"Nullable(UnsignedDelta(BitPack))",SUM_70PCT,generated,468577.5,469198.5,469898.6,0.4725,1.4460,8222,8384,8384,11008,0.761628,11703,5751.2
15,"Nullable(UnsignedDelta(BitPack))",SUM_70PCT,handwritten_monomorphized,989857.8,992952.4,993673.4,1.0000,0.6833,8222,8384,8384,11008,0.761628,11703,5751.2
15,"Nullable(UnsignedDelta(BitPack))",BETWEEN_1PCT,full_decode,652259.4,652425.4,653377.0,25.6811,0.9950,10724,10784,10784,11008,0.979651,16384,5740.7
15,"Nullable(UnsignedDelta(BitPack))",BETWEEN_1PCT,fused_decode,648937.4,649152.0,649828.7,25.5523,1.0000,10724,10784,10784,11008,0.979651,16384,5740.7
15,"Nullable(UnsignedDelta(BitPack))",BETWEEN_1PCT,interpreted_plan,924430.2,924632.4,925325.4,36.3959,0.7021,748,960,960,11008,0.087209,163,5740.7
15,"Nullable(UnsignedDelta(BitPack))",BETWEEN_1PCT,generated_full_page_access,9314.5,9320.1,9324.4,0.3669,69.6504,744,11008,11008,11008,1.000000,163,5740.7
15,"Nullable(UnsignedDelta(BitPack))",BETWEEN_1PCT,generated,10196.8,10199.5,10203.5,0.4015,63.6453,744,896,896,11008,0.081395,163,5740.7
15,"Nullable(UnsignedDelta(BitPack))",BETWEEN_1PCT,handwritten_monomorphized,25383.6,25404.9,25420.5,1.0000,25.5523,744,896,896,11008,0.081395,163,5740.7
15,"Nullable(UnsignedDelta(BitPack))",BETWEEN_70PCT,full_decode,676078.0,676291.1,676929.3,0.6656,0.9931,10724,10784,10784,11008,0.979651,16384,5747.0
15,"Nullable(UnsignedDelta(BitPack))",BETWEEN_70PCT,fused_decode,669237.9,671615.4,672489.7,0.6610,1.0000,10724,10784,10784,11008,0.979651,16384,5747.0
15,"Nullable(UnsignedDelta(BitPack))",BETWEEN_70PCT,interpreted_plan,66115569.0,66173455.0,66239755.0,65.1317,0.0101,8402,8576,8576,11008,0.779070,11703,5747.0
15,"Nullable(UnsignedDelta(BitPack))",BETWEEN_70PCT,generated_full_page_access,463364.8,463528.1,464726.8,0.4562,1.4489,8222,11008,11008,11008,1.000000,11703,5747.0
15,"Nullable(UnsignedDelta(BitPack))",BETWEEN_70PCT,generated,491892.4,492069.7,492760.7,0.4843,1.3649,8222,8384,8384,11008,0.761628,11703,5747.0
15,"Nullable(UnsignedDelta(BitPack))",BETWEEN_70PCT,handwritten_monomorphized,1015656.5,1015994.2,1018227.8,1.0000,0.6610,8222,8384,8384,11008,0.761628,11703,5747.0
15,"Nullable(UnsignedDelta(BitPack))",FILTER_POINT,full_decode,663872.7,664547.9,664779.6,4.4893,0.9853,10724,10784,10784,11008,0.979651,16384,944.5
15,"Nullable(UnsignedDelta(BitPack))",FILTER_POINT,fused_decode,654561.6,654799.1,656872.1,4.4234,1.0000,10724,10784,10784,11008,0.979651,16384,944.5
15,"Nullable(UnsignedDelta(BitPack))",FILTER_POINT,interpreted_plan,86445913.0,86559743.0,86658790.0,584.7454,0.0076,10960,10976,10976,11008,0.997093,16384,944.5
15,"Nullable(UnsignedDelta(BitPack))",FILTER_POINT,generated_full_page_access,35722.2,35753.6,35770.3,0.2415,18.3142,1295,11008,11008,11008,1.000000,27,944.5
15,"Nullable(UnsignedDelta(BitPack))",FILTER_POINT,generated,39857.2,39880.9,40007.2,0.2694,16.4189,1295,1792,1792,11008,0.162791,27,944.5
15,"Nullable(UnsignedDelta(BitPack))",FILTER_POINT,handwritten_monomorphized,147919.3,148029.8,148102.9,1.0000,4.4234,1295,1792,1792,11008,0.162791,27,944.5
15,"Nullable(UnsignedDelta(BitPack))",FILTER_50PCT,full_decode,679003.7,680803.7,681455.9,3.7560,0.9863,10724,10784,10784,11008,0.979651,16384,939.2
15,"Nullable(UnsignedDelta(BitPack))",FILTER_50PCT,fused_decode,671197.9,671492.6,672462.6,3.7047,1.0000,10724,10784,10784,11008,0.979651,16384,939.2
15,"Nullable(UnsignedDelta(BitPack))",FILTER_50PCT,interpreted_plan,86187598.0,86210182.0,86227306.0,475.6276,0.0078,10960,10976,10976,11008,0.997093,16384,939.2
15,"Nullable(UnsignedDelta(BitPack))",FILTER_50PCT,generated_full_page_access,41794.4,41844.9,41942.5,0.2309,16.0472,1347,11008,11008,11008,1.000000,28,939.2
15,"Nullable(UnsignedDelta(BitPack))",FILTER_50PCT,generated,48592.0,48678.4,48723.0,0.2686,13.7945,1347,2144,2144,11008,0.194767,28,939.2
15,"Nullable(UnsignedDelta(BitPack))",FILTER_50PCT,handwritten_monomorphized,181043.8,181255.6,181459.4,1.0000,3.7047,1347,2144,2144,11008,0.194767,28,939.2
16,"Nullable(UnsignedDelta(BitPack))",GET,full_decode,652618.7,653222.3,653507.0,575.3920,0.9959,10724,10784,10784,11008,0.979651,16384,5761.7
16,"Nullable(UnsignedDelta(BitPack))",GET,fused_decode,650469.7,650539.9,652368.3,573.0291,1.0000,10724,10784,10784,11008,0.979651,16384,5761.7
16,"Nullable(UnsignedDelta(BitPack))",GET,interpreted_plan,1191.4,1197.3,1204.0,1.0547,543.3292,529,736,736,11008,0.066860,1,5761.7
16,"Nullable(UnsignedDelta(BitPack))",GET,generated_full_page_access,481.3,482.0,482.4,0.4246,1349.6265,529,11008,11008,11008,1.000000,1,5761.7
16,"Nullable(UnsignedDelta(BitPack))",GET,generated,816.6,818.8,821.3,0.7212,794.5002,529,736,736,11008,0.066860,1,5761.7
16,"Nullable(UnsignedDelta(BitPack))",GET,handwritten_monomorphized,1125.2,1135.3,1137.0,1.0000,573.0291,529,736,736,11008,0.066860,1,5761.7
16,"Nullable(UnsignedDelta(BitPack))",SUM_1PCT,full_decode,652044.9,652455.6,654161.0,26.1555,1.0062,10724,10784,10784,11008,0.979651,16384,5789.3
16,"Nullable(UnsignedDelta(BitPack))",SUM_1PCT,fused_decode,655664.6,656485.7,656766.3,26.3170,1.0000,10724,10784,10784,11008,0.979651,16384,5789.3
16,"Nullable(UnsignedDelta(BitPack))",SUM_1PCT,interpreted_plan,923050.0,923639.0,925011.2,37.0266,0.7108,748,1024,1024,11008,0.093023,163,5789.3
16,"Nullable(UnsignedDelta(BitPack))",SUM_1PCT,generated_full_page_access,8816.1,8833.1,8841.7,0.3541,74.3214,744,11008,11008,11008,1.000000,163,5789.3
16,"Nullable(UnsignedDelta(BitPack))",SUM_1PCT,generated,9801.8,9832.9,9837.0,0.3942,66.7642,744,960,960,11008,0.087209,163,5789.3
16,"Nullable(UnsignedDelta(BitPack))",SUM_1PCT,handwritten_monomorphized,24890.7,24945.3,24956.9,1.0000,26.3170,744,960,960,11008,0.087209,163,5789.3
16,"Nullable(UnsignedDelta(BitPack))",SUM_70PCT,full_decode,659576.1,659767.9,660829.6,0.6653,1.0237,10724,10784,10784,11008,0.979651,16384,5807.3
16,"Nullable(UnsignedDelta(BitPack))",SUM_70PCT,fused_decode,674607.1,675372.7,676100.9,0.6810,1.0000,10724,10784,10784,11008,0.979651,16384,5807.3
16,"Nullable(UnsignedDelta(BitPack))",SUM_70PCT,interpreted_plan,66149772.0,66185415.0,66220788.0,66.7415,0.0102,8402,8512,8512,11008,0.773256,11703,5807.3
16,"Nullable(UnsignedDelta(BitPack))",SUM_70PCT,generated_full_page_access,441237.9,441582.0,442020.9,0.4453,1.5294,8222,11008,11008,11008,1.000000,11703,5807.3
16,"Nullable(UnsignedDelta(BitPack))",SUM_70PCT,generated,470581.6,471552.1,472161.9,0.4755,1.4322,8222,8320,8320,11008,0.755814,11703,5807.3
16,"Nullable(UnsignedDelta(BitPack))",SUM_70PCT,handwritten_monomorphized,989777.8,991668.6,994667.0,1.0000,0.6810,8222,8320,8320,11008,0.755814,11703,5807.3
16,"Nullable(UnsignedDelta(BitPack))",BETWEEN_1PCT,full_decode,652694.6,653654.4,654321.1,25.6585,0.9941,10724,10784,10784,11008,0.979651,16384,5769.7
16,"Nullable(UnsignedDelta(BitPack))",BETWEEN_1PCT,fused_decode,649754.3,649797.3,650492.7,25.5071,1.0000,10724,10784,10784,11008,0.979651,16384,5769.7
16,"Nullable(UnsignedDelta(BitPack))",BETWEEN_1PCT,interpreted_plan,923975.6,925003.0,925353.6,36.3101,0.7025,748,1024,1024,11008,0.093023,163,5769.7
16,"Nullable(UnsignedDelta(BitPack))",BETWEEN_1PCT,generated_full_page_access,9328.9,9336.4,9359.8,0.3665,69.5982,744,11008,11008,11008,1.000000,163,5769.7
16,"Nullable(UnsignedDelta(BitPack))",BETWEEN_1PCT,generated,10287.0,10298.1,10322.3,0.4042,63.0989,744,960,960,11008,0.087209,163,5769.7
16,"Nullable(UnsignedDelta(BitPack))",BETWEEN_1PCT,handwritten_monomorphized,25464.7,25475.1,25492.2,1.0000,25.5071,744,960,960,11008,0.087209,163,5769.7
16,"Nullable(UnsignedDelta(BitPack))",BETWEEN_70PCT,full_decode,676388.4,677274.0,677863.6,0.6672,0.9906,10724,10784,10784,11008,0.979651,16384,5753.4
16,"Nullable(UnsignedDelta(BitPack))",BETWEEN_70PCT,fused_decode,670156.3,670894.4,671595.4,0.6609,1.0000,10724,10784,10784,11008,0.979651,16384,5753.4
16,"Nullable(UnsignedDelta(BitPack))",BETWEEN_70PCT,interpreted_plan,66118917.0,66147329.0,66180209.0,65.1595,0.0101,8402,8512,8512,11008,0.773256,11703,5753.4
16,"Nullable(UnsignedDelta(BitPack))",BETWEEN_70PCT,generated_full_page_access,463154.5,463628.2,464892.1,0.4567,1.4471,8222,11008,11008,11008,1.000000,11703,5753.4
16,"Nullable(UnsignedDelta(BitPack))",BETWEEN_70PCT,generated,490439.2,490717.7,491104.2,0.4834,1.3672,8222,8320,8320,11008,0.755814,11703,5753.4
16,"Nullable(UnsignedDelta(BitPack))",BETWEEN_70PCT,handwritten_monomorphized,1013911.2,1015160.8,1017158.5,1.0000,0.6609,8222,8320,8320,11008,0.755814,11703,5753.4
16,"Nullable(UnsignedDelta(BitPack))",FILTER_POINT,full_decode,663949.9,664379.1,668246.3,5.5677,0.9886,10724,10784,10784,11008,0.979651,16384,941.6
16,"Nullable(UnsignedDelta(BitPack))",FILTER_POINT,fused_decode,656558.9,656810.6,657318.6,5.5042,1.0000,10724,10784,10784,11008,0.979651,16384,941.6
16,"Nullable(UnsignedDelta(BitPack))",FILTER_POINT,interpreted_plan,86142352.0,86158166.0,86331075.0,722.0271,0.0076,10960,10976,10976,11008,0.997093,16384,941.6
16,"Nullable(UnsignedDelta(BitPack))",FILTER_POINT,generated_full_page_access,29342.0,29394.3,29400.5,0.2463,22.3448,1041,11008,11008,11008,1.000000,28,941.6
16,"Nullable(UnsignedDelta(BitPack))",FILTER_POINT,generated,34508.0,34543.5,34551.9,0.2895,19.0140,1041,1792,1792,11008,0.162791,28,941.6
16,"Nullable(UnsignedDelta(BitPack))",FILTER_POINT,handwritten_monomorphized,119269.7,119328.2,119413.8,1.0000,5.5042,1041,1792,1792,11008,0.162791,28,941.6
16,"Nullable(UnsignedDelta(BitPack))",FILTER_50PCT,full_decode,678917.9,680690.6,681587.6,3.5653,0.9886,10724,10784,10784,11008,0.979651,16384,943.6
16,"Nullable(UnsignedDelta(BitPack))",FILTER_50PCT,fused_decode,672612.9,672950.6,674245.3,3.5248,1.0000,10724,10784,10784,11008,0.979651,16384,943.6
16,"Nullable(UnsignedDelta(BitPack))",FILTER_50PCT,interpreted_plan,86152838.0,86187580.0,86273019.0,451.4296,0.0078,10960,10976,10976,11008,0.997093,16384,943.6
16,"Nullable(UnsignedDelta(BitPack))",FILTER_50PCT,generated_full_page_access,43187.1,43238.4,43342.6,0.2265,15.5637,1367,11008,11008,11008,1.000000,27,943.6
16,"Nullable(UnsignedDelta(BitPack))",FILTER_50PCT,generated,51052.3,51078.6,51158.0,0.2675,13.1748,1367,2208,2208,11008,0.200581,27,943.6
16,"Nullable(UnsignedDelta(BitPack))",FILTER_50PCT,handwritten_monomorphized,190599.8,190921.4,191119.4,1.0000,3.5248,1367,2208,2208,11008,0.200581,27,943.6
17,"Dictionary(RLE(BitPack))",GET,full_decode,1467861.3,1473186.3,1480503.7,927.2914,0.9855,19424,19648,19648,19968,0.983974,16384,1886.1
17,"Dictionary(RLE(BitPack))",GET,fused_decode,1449033.7,1451831.0,1453446.7,913.8494,1.0000,19424,19648,19648,19968,0.983974,16384,1886.1
17,"Dictionary(RLE(BitPack))",GET,interpreted_plan,1604.5,1606.8,1607.3,1.0114,903.5634,490,992,992,19968,0.049679,1,1886.1
17,"Dictionary(RLE(BitPack))",GET,generated_full_page_access,1029.5,1031.0,1032.3,0.6490,1408.1132,490,19968,19968,19968,1.000000,1,1886.1
17,"Dictionary(RLE(BitPack))",GET,generated,1582.7,1583.9,1585.0,0.9970,916.6076,490,992,992,19968,0.049679,1,1886.1
17,"Dictionary(RLE(BitPack))",GET,handwritten_monomorphized,1586.6,1588.7,1593.8,1.0000,913.8494,490,992,992,19968,0.049679,1,1886.1
17,"Dictionary(RLE(BitPack))",SUM_1PCT,full_decode,1470258.3,1470679.0,1473623.7,84.2544,0.9867,19424,19648,19648,19968,0.983974,16384,1886.4
17,"Dictionary(RLE(BitPack))",SUM_1PCT,fused_decode,1447043.7,1451110.0,1452885.7,83.1333,1.0000,19424,19648,19648,19968,0.983974,16384,1886.4
17,"Dictionary(RLE(BitPack))",SUM_1PCT,interpreted_plan,174107.4,174113.5,174597.8,9.9749,8.3343,876,2752,2752,19968,0.137821,163,1886.4
17,"Dictionary(RLE(BitPack))",SUM_1PCT,generated_full_page_access,7964.8,7968.8,7982.6,0.4565,182.0999,852,19968,19968,19968,1.000000,163,1886.4
17,"Dictionary(RLE(BitPack))",SUM_1PCT,generated,17409.9,17430.3,17446.3,0.9986,83.2520,852,2624,2624,19968,0.131410,163,1886.4
17,"Dictionary(RLE(BitPack))",SUM_1PCT,handwritten_monomorphized,17447.6,17455.2,17476.4,1.0000,83.1333,852,2624,2624,19968,0.131410,163,1886.4
17,"Dictionary(RLE(BitPack))",SUM_70PCT,full_decode,1476514.3,1480860.7,1481852.7,1.0651,0.9816,19424,19648,19648,19968,0.983974,16384,1887.3
17,"Dictionary(RLE(BitPack))",SUM_70PCT,fused_decode,1449120.3,1453637.0,1454622.0,1.0455,1.0000,19424,19648,19648,19968,0.983974,16384,1887.3
17,"Dictionary(RLE(BitPack))",SUM_70PCT,interpreted_plan,12296870.0,12379252.0,12395447.0,8.9035,0.1174,16722,16896,16896,19968,0.846154,11703,1887.3
17,"Dictionary(RLE(BitPack))",SUM_70PCT,generated_full_page_access,1142433.2,1148284.2,1150452.8,0.8259,1.2659,16370,19968,19968,19968,1.000000,11703,1887.3
17,"Dictionary(RLE(BitPack))",SUM_70PCT,generated,1376127.7,1379086.0,1380310.7,0.9919,1.0541,16370,16640,16640,19968,0.833333,11703,1887.3
17,"Dictionary(RLE(BitPack))",SUM_70PCT,handwritten_monomorphized,1385805.7,1390382.7,1390446.0,1.0000,1.0455,16370,16640,16640,19968,0.833333,11703,1887.3
17,"Dictionary(RLE(BitPack))",BETWEEN_1PCT,full_decode,1472865.7,1476648.0,1477475.7,83.1372,0.9929,19424,19648,19648,19968,0.983974,16384,2021.3
17,"Dictionary(RLE(BitPack))",BETWEEN_1PCT,fused_decode,1464343.0,1466115.3,1468833.0,82.5441,1.0000,19424,19648,19648,19968,0.983974,16384,2021.3
17,"Dictionary(RLE(BitPack))",BETWEEN_1PCT,interpreted_plan,174135.7,174327.1,174524.5,9.8148,8.4101,876,2752,2752,19968,0.137821,163,2021.3
17,"Dictionary(RLE(BitPack))",BETWEEN_1PCT,generated_full_page_access,8118.8,8144.3,8145.4,0.4585,180.0169,852,19968,19968,19968,1.000000,163,2021.3
17,"Dictionary(RLE(BitPack))",BETWEEN_1PCT,generated,17642.3,17650.1,17694.7,0.9937,83.0655,852,2624,2624,19968,0.131410,163,2021.3
17,"Dictionary(RLE(BitPack))",BETWEEN_1PCT,handwritten_monomorphized,17679.5,17761.6,17814.0,1.0000,82.5441,852,2624,2624,19968,0.131410,163,2021.3
17,"Dictionary(RLE(BitPack))",BETWEEN_70PCT,full_decode,1468742.7,1474127.7,1475686.7,1.0851,0.9820,19424,19648,19648,19968,0.983974,16384,2024.1
17,"Dictionary(RLE(BitPack))",BETWEEN_70PCT,fused_decode,1445157.7,1447638.0,1448415.7,1.0656,1.0000,19424,19648,19648,19968,0.983974,16384,2024.1
17,"Dictionary(RLE(BitPack))",BETWEEN_70PCT,interpreted_plan,12325833.0,12342428.0,12343830.0,9.0853,0.1173,16722,16896,16896,19968,0.846154,11703,2024.1
17,"Dictionary(RLE(BitPack))",BETWEEN_70PCT,generated_full_page_access,1150169.8,1153204.5,1158677.5,0.8489,1.2553,16370,19968,19968,19968,1.000000,11703,2024.1
17,"Dictionary(RLE(BitPack))",BETWEEN_70PCT,generated,1350483.0,1351651.3,1354435.3,0.9950,1.0710,16370,16640,16640,19968,0.833333,11703,2024.1
17,"Dictionary(RLE(BitPack))",BETWEEN_70PCT,handwritten_monomorphized,1356091.3,1358505.0,1362197.0,1.0000,1.0656,16370,16640,16640,19968,0.833333,11703,2024.1
17,"Dictionary(RLE(BitPack))",FILTER_POINT,full_decode,1485922.0,1487531.0,1494481.3,4.7482,0.9872,19424,19648,19648,19968,0.983974,16384,2287.0
17,"Dictionary(RLE(BitPack))",FILTER_POINT,fused_decode,1464960.7,1468529.3,1470215.0,4.6875,1.0000,19424,19648,19648,19968,0.983974,16384,2287.0
17,"Dictionary(RLE(BitPack))",FILTER_POINT,interpreted_plan,15955092.0,15960760.0,15978176.0,50.9467,0.0920,19908,19912,19912,19968,0.997196,16384,2287.0
17,"Dictionary(RLE(BitPack))",FILTER_POINT,generated_full_page_access,253970.7,254080.9,254195.3,0.8110,5.7798,11384,19968,19968,19968,1.000000,16384,2287.0
17,"Dictionary(RLE(BitPack))",FILTER_POINT,generated,312002.5,312316.9,313000.7,0.9969,4.7020,11384,12288,12288,19968,0.615385,16384,2287.0
17,"Dictionary(RLE(BitPack))",FILTER_POINT,handwritten_monomorphized,313128.8,313283.7,313572.1,1.0000,4.6875,11384,12288,12288,19968,0.615385,16384,2287.0
17,"Dictionary(RLE(BitPack))",FILTER_50PCT,full_decode,1473937.3,1477192.3,1481568.7,4.5989,0.9768,19424,19648,19648,19968,0.983974,16384,2257.4
17,"Dictionary(RLE(BitPack))",FILTER_50PCT,fused_decode,1441385.7,1442854.0,1445141.0,4.4920,1.0000,19424,19648,19648,19968,0.983974,16384,2257.4
17,"Dictionary(RLE(BitPack))",FILTER_50PCT,interpreted_plan,15961411.0,15973429.0,15992828.0,49.7296,0.0903,19908,19912,19912,19968,0.997196,16384,2257.4
17,"Dictionary(RLE(BitPack))",FILTER_50PCT,generated_full_page_access,257455.4,257470.7,257631.5,0.8016,5.6040,11384,19968,19968,19968,1.000000,16384,2257.4
17,"Dictionary(RLE(BitPack))",FILTER_50PCT,generated,318542.3,319450.2,320060.1,0.9945,4.5167,11384,12288,12288,19968,0.615385,16384,2257.4
17,"Dictionary(RLE(BitPack))",FILTER_50PCT,handwritten_monomorphized,320696.2,321205.6,321373.1,1.0000,4.4920,11384,12288,12288,19968,0.615385,16384,2257.4
18,"UnsignedDelta(BitPack)",GET,full_decode,107046.9,107221.8,107465.3,156.5208,0.8952,6976,6976,6976,6976,1.000000,16384,1305.9
18,"UnsignedDelta(BitPack)",GET,fused_decode,95880.5,95982.7,96051.9,140.1142,1.0000,6976,6976,6976,6976,1.000000,16384,1305.9
18,"UnsignedDelta(BitPack)",GET,interpreted_plan,748.1,751.8,753.6,1.0974,127.6783,331,432,432,6976,0.061927,1,1305.9
18,"UnsignedDelta(BitPack)",GET,generated_full_page_access,324.4,325.1,325.4,0.4745,295.2805,331,6976,6976,6976,1.000000,1,1305.9
18,"UnsignedDelta(BitPack)",GET,generated,421.5,422.3,423.5,0.6165,227.2651,331,432,432,6976,0.061927,1,1305.9
18,"UnsignedDelta(BitPack)",GET,handwritten_monomorphized,684.7,685.0,687.2,1.0000,140.1142,331,432,432,6976,0.061927,1,1305.9
18,"UnsignedDelta(BitPack)",SUM_1PCT,full_decode,107241.4,107518.6,107691.7,6.8318,0.9261,6976,6976,6976,6976,1.000000,16384,1404.1
18,"UnsignedDelta(BitPack)",SUM_1PCT,fused_decode,99427.6,99573.9,99862.1,6.3270,1.0000,6976,6976,6976,6976,1.000000,16384,1404.1
18,"UnsignedDelta(BitPack)",SUM_1PCT,interpreted_plan,810643.7,811237.8,811892.2,51.5469,0.1227,463,592,592,6976,0.084862,163,1404.1
18,"UnsignedDelta(BitPack)",SUM_1PCT,generated_full_page_access,2200.9,2202.4,2204.9,0.1399,45.2110,463,6976,6976,6976,1.000000,163,1404.1
18,"UnsignedDelta(BitPack)",SUM_1PCT,generated,2475.2,2477.4,2480.9,0.1574,40.1937,463,592,592,6976,0.084862,163,1404.1
18,"UnsignedDelta(BitPack)",SUM_1PCT,handwritten_monomorphized,15733.8,15737.9,15754.2,1.0000,6.3270,463,592,592,6976,0.084862,163,1404.1
18,"UnsignedDelta(BitPack)",SUM_70PCT,full_decode,114729.2,114908.5,115301.0,0.2154,1.0393,6976,6976,6976,6976,1.000000,16384,4563.1
18,"UnsignedDelta(BitPack)",SUM_70PCT,fused_decode,119385.2,119421.6,119507.5,0.2238,1.0000,6976,6976,6976,6976,1.000000,16384,4563.1
18,"UnsignedDelta(BitPack)",SUM_70PCT,interpreted_plan,58242619.0,58254197.0,58322159.0,109.1930,0.0021,5091,5120,5120,6976,0.733945,11703,4563.1
18,"UnsignedDelta(BitPack)",SUM_70PCT,generated_full_page_access,66542.9,66595.8,66613.8,0.1248,1.7932,5091,6976,6976,6976,1.000000,11703,4563.1
18,"UnsignedDelta(BitPack)",SUM_70PCT,generated,71022.8,71048.6,71130.9,0.1332,1.6808,5091,5120,5120,6976,0.733945,11703,4563.1
18,"UnsignedDelta(BitPack)",SUM_70PCT,handwritten_monomorphized,532450.6,533497.7,534040.7,1.0000,0.2238,5091,5120,5120,6976,0.733945,11703,4563.1
18,"UnsignedDelta(BitPack)",BETWEEN_1PCT,full_decode,107052.7,107178.7,107693.0,6.7220,0.9448,6976,6976,6976,6976,1.000000,16384,1413.2
18,"UnsignedDelta(BitPack)",BETWEEN_1PCT,fused_decode,101174.9,101261.6,101382.2,6.3509,1.0000,6976,6976,6976,6976,1.000000,16384,1413.2
18,"UnsignedDelta(BitPack)",BETWEEN_1PCT,interpreted_plan,811104.3,811738.7,812401.3,50.9102,0.1247,463,592,592,6976,0.084862,163,1413.2
18,"UnsignedDelta(BitPack)",BETWEEN_1PCT,generated_full_page_access,2365.3,2368.7,2369.2,0.1486,42.7491,463,6976,6976,6976,1.000000,163,1413.2
18,"UnsignedDelta(BitPack)",BETWEEN_1PCT,generated,2652.4,2653.5,2661.2,0.1664,38.1615,463,592,592,6976,0.084862,163,1413.2
18,"UnsignedDelta(BitPack)",BETWEEN_1PCT,handwritten_monomorphized,15929.6,15944.5,15981.0,1.0000,6.3509,463,592,592,6976,0.084862,163,1413.2
18,"UnsignedDelta(BitPack)",BETWEEN_70PCT,full_decode,127638.8,127844.2,127979.0,0.2323,0.9159,6976,6976,6976,6976,1.000000,16384,4572.8
18,"UnsignedDelta(BitPack)",BETWEEN_70PCT,fused_decode,116988.2,117092.9,117257.9,0.2128,1.0000,6976,6976,6976,6976,1.000000,16384,4572.8
18,"UnsignedDelta(BitPack)",BETWEEN_70PCT,interpreted_plan,58231032.0,58244212.0,58273526.0,105.8474,0.0020,5091,5120,5120,6976,0.733945,11703,4572.8
18,"UnsignedDelta(BitPack)",BETWEEN_70PCT,generated_full_page_access,82204.6,82259.8,82302.7,0.1495,1.4235,5091,6976,6976,6976,1.000000,11703,4572.8
18,"UnsignedDelta(BitPack)",BETWEEN_70PCT,generated,86651.3,86724.5,86767.3,0.1576,1.3502,5091,5120,5120,6976,0.733945,11703,4572.8
18,"UnsignedDelta(BitPack)",BETWEEN_70PCT,handwritten_monomorphized,549517.2,550266.1,550665.4,1.0000,0.2128,5091,5120,5120,6976,0.733945,11703,4572.8
18,"UnsignedDelta(BitPack)",FILTER_POINT,full_decode,119828.4,119988.7,120188.0,0.0176,0.8944,6976,6976,6976,6976,1.000000,16384,707.5
18,"UnsignedDelta(BitPack)",FILTER_POINT,fused_decode,107192.2,107313.5,107356.8,0.0157,1.0000,6976,6976,6976,6976,1.000000,16384,707.5
18,"UnsignedDelta(BitPack)",FILTER_POINT,interpreted_plan,80824667.0,80850795.0,80882883.0,11.8532,0.0013,6976,6976,6976,6976,1.000000,16384,707.5
18,"UnsignedDelta(BitPack)",FILTER_POINT,generated_full_page_access,762243.0,763339.7,763863.8,0.1119,0.1406,5504,6976,6976,6976,1.000000,1024,707.5
18,"UnsignedDelta(BitPack)",FILTER_POINT,generated,770038.2,771001.2,771361.7,0.1130,0.1392,5504,6976,6976,6976,1.000000,1024,707.5
18,"UnsignedDelta(BitPack)",FILTER_POINT,handwritten_monomorphized,6810409.0,6821004.0,6824239.0,1.0000,0.0157,5504,6976,6976,6976,1.000000,1024,707.5
18,"UnsignedDelta(BitPack)",FILTER_50PCT,full_decode,135767.6,135902.4,136216.6,0.0218,0.9072,6976,6976,6976,6976,1.000000,16384,694.7
18,"UnsignedDelta(BitPack)",FILTER_50PCT,fused_decode,123126.3,123296.6,123406.8,0.0198,1.0000,6976,6976,6976,6976,1.000000,16384,694.7
18,"UnsignedDelta(BitPack)",FILTER_50PCT,interpreted_plan,80817116.0,80876575.0,81170794.0,12.9982,0.0015,6976,6976,6976,6976,1.000000,16384,694.7
18,"UnsignedDelta(BitPack)",FILTER_50PCT,generated_full_page_access,697747.4,698797.7,699431.4,0.1123,0.1764,5888,6976,6976,6976,1.000000,960,694.7
18,"UnsignedDelta(BitPack)",FILTER_50PCT,generated,705600.6,706327.4,706882.4,0.1135,0.1746,5888,6976,6976,6976,1.000000,960,694.7
18,"UnsignedDelta(BitPack)",FILTER_50PCT,handwritten_monomorphized,6211204.0,6222140.0,6227327.0,1.0000,0.0198,5888,6976,6976,6976,1.000000,960,694.7
