pair,predicate,baseline,p25_ns,median_ns,p75_ns,sum,selected_rows,logical_bytes,delivered_bytes,transferred_bytes,transfer_operations,frames_decoded,selector_decoded_rows,value_decoded_rows,selector_primitive_values_read,value_primitive_values_read,file_bytes,page_index_entries_examined,candidate_pages,boundary_order_used
0,0.1pct,generated_selective,132089.0,132158.4,132365.4,1950,17,37953,20746,20746,4,2,16384,17,16384,34,20746,0,0,false
0,0.1pct,generated_fused,326264.2,326286.2,326526.6,1950,17,55624,20746,20746,2,2,16384,16384,16384,32768,20746,0,0,false
0,0.1pct,generated_direct_selective,65904.5,65934.2,65950.7,1950,17,36097,37920,37920,20,0,16384,17,16385,183,41920,0,0,false
0,0.1pct,generated_scan_selective,132398.1,132404.7,132466.2,1950,17,37953,20746,20746,4,2,16384,17,16384,34,20746,0,0,false
0,0.1pct,parquet_full,156025.1,156025.1,156491.7,1950,17,0,39866,39866,35,0,16384,17,16384,17,39870,0,0,false
0,0.1pct,parquet_boundary_search_p4096,113916.7,113919.2,114554.6,1950,17,0,38589,38589,11,0,16384,17,16384,17,38593,4,4,false
0,0.1pct,parquet_boundary_search_p16384,95975.6,95998.1,96360.2,1950,17,0,39706,39706,5,0,16384,17,16384,17,39710,2,1,true
0,0.1pct,parquet_boundary_search,142246.4,142333.6,142594.1,1950,17,0,35305,35305,25,0,16384,17,16384,17,39870,16,16,false
0,0.1pct,parquet_row_filter,141853.0,142229.2,142481.7,1950,17,0,35305,35305,25,0,16384,17,16384,17,39870,0,0,false
0,0.1pct,parquet_page_index_filter,141620.4,141994.0,142312.9,1950,17,0,35305,35305,25,0,16384,17,16384,17,39870,16,16,false
0,1pct,generated_selective,134800.3,134801.7,134956.9,152299,165,38117,20746,20746,4,2,16384,165,16384,330,20746,0,0,false
0,1pct,generated_fused,327369.8,327493.3,327605.2,152299,165,55624,20746,20746,2,2,16384,16384,16384,32768,20746,0,0,false
0,1pct,generated_direct_selective,70588.5,70695.4,70711.1,152299,165,37319,40128,40128,35,0,16384,165,16385,700,41920,0,0,false
0,1pct,generated_scan_selective,134695.8,134729.4,134771.6,152299,165,38117,20746,20746,4,2,16384,165,16384,330,20746,0,0,false
0,1pct,parquet_full,156006.8,156984.9,157170.9,152299,165,0,39866,39866,35,0,16384,165,16384,165,39870,0,0,false
0,1pct,parquet_boundary_search_p4096,122305.5,122614.1,122705.5,152299,165,0,38589,38589,11,0,16384,165,16384,165,38593,4,4,false
0,1pct,parquet_boundary_search_p16384,100857.7,101067.5,101164.5,152299,165,0,39706,39706,5,0,16384,165,16384,165,39710,2,1,true
0,1pct,parquet_boundary_search,161869.5,161983.3,163090.4,152299,165,0,37902,37902,31,0,16384,165,16384,165,39870,16,16,false
0,1pct,parquet_row_filter,161643.5,161692.8,162060.8,152299,165,0,37902,37902,31,0,16384,165,16384,165,39870,0,0,false
0,1pct,parquet_page_index_filter,161918.1,161951.4,162070.0,152299,165,0,37902,37902,31,0,16384,165,16384,165,39870,16,16,false
0,10pct,generated_selective,157356.2,157757.7,157771.9,1927707,1638,39878,20746,20746,4,2,16384,1638,16384,3276,20746,0,0,false
0,10pct,generated_fused,330684.8,330776.7,331295.7,1927707,1638,55624,20746,20746,2,2,16384,16384,16384,32768,20746,0,0,false
0,10pct,generated_direct_selective,97076.8,97156.4,97519.4,1927707,1638,39308,41736,41736,47,0,16384,1638,16385,3523,41920,0,0,false
0,10pct,generated_scan_selective,156989.9,157318.8,157342.1,1927707,1638,39878,20746,20746,4,2,16384,1638,16384,3276,20746,0,0,false
0,10pct,parquet_full,157972.2,158245.2,158474.6,1927707,1638,0,39866,39866,35,0,16384,1638,16384,1638,39870,0,0,false
0,10pct,parquet_boundary_search_p4096,151632.7,151845.5,152759.4,1927707,1638,0,38589,38589,11,0,16384,1638,16384,1638,38593,4,4,false
0,10pct,parquet_boundary_search_p16384,130096.1,130411.5,130566.0,1927707,1638,0,39706,39706,5,0,16384,1638,16384,1638,39710,2,1,true
0,10pct,parquet_boundary_search,206688.1,206821.7,208000.1,1927707,1638,0,39866,39866,35,0,16384,1638,16384,1638,39870,16,16,false
0,10pct,parquet_row_filter,203459.9,203802.7,203839.3,1927707,1638,0,39866,39866,35,0,16384,1638,16384,1638,39870,0,0,false
0,10pct,parquet_page_index_filter,203453.3,204112.0,205565.3,1927707,1638,0,39866,39866,35,0,16384,1638,16384,1638,39870,16,16,false
0,50pct,generated_selective,250049.9,250542.0,250636.4,9800271,8193,47009,20746,20746,4,2,16384,8193,16384,16386,20746,0,0,false
0,50pct,generated_fused,340789.8,340795.8,342071.8,9800271,8193,55624,20746,20746,2,2,16384,16384,16384,32768,20746,0,0,false
0,50pct,generated_direct_selective,152357.2,152407.2,152436.4,9800271,8193,40976,41864,41864,48,0,16384,8193,16385,9175,41920,0,0,false
0,50pct,generated_scan_selective,250439.0,251164.4,251230.1,9800271,8193,47009,20746,20746,4,2,16384,8193,16384,16386,20746,0,0,false
0,50pct,parquet_full,162837.4,163194.1,163820.5,9800271,8193,0,39866,39866,35,0,16384,8193,16384,8193,39870,0,0,false
0,50pct,parquet_boundary_search_p4096,158532.6,158675.5,159371.2,9800271,8193,0,38589,38589,11,0,16384,8193,16384,8193,38593,4,4,false
0,50pct,parquet_boundary_search_p16384,134993.4,135101.4,135550.0,9800271,8193,0,39706,39706,5,0,16384,8193,16384,8193,39710,2,1,true
0,50pct,parquet_boundary_search,213158.9,213530.7,214586.7,9800271,8193,0,39866,39866,35,0,16384,8193,16384,8193,39870,16,16,false
0,50pct,parquet_row_filter,209545.8,210604.0,210956.8,9800271,8193,0,39866,39866,35,0,16384,8193,16384,8193,39870,0,0,false
0,50pct,parquet_page_index_filter,213390.3,213629.6,213703.0,9800271,8193,0,39866,39866,35,0,16384,8193,16384,8193,39870,16,16,false
1,0.1pct,generated_selective,129984.5,130101.3,130270.9,30078,17,38637,20768,20768,4,2,16384,17,16384,177,20768,0,0,false
1,0.1pct,generated_fused,158103.2,158235.1,158291.8,30078,17,43806,20768,20768,2,2,16384,16384,16384,3125,20768,0,0,false
1,0.1pct,generated_direct_selective,67273.4,67304.1,67319.7,30078,17,36085,37368,37368,23,0,16384,17,16385,177,41712,0,0,false
1,0.1pct,generated_scan_selective,129804.2,129913.7,130006.5,30078,17,38637,20768,20768,4,2,16384,17,16384,177,20768,0,0,false
1,0.1pct,parquet_full,155078.8,155085.4,155440.1,30078,17,0,39255,39255,35,0,16384,17,16384,17,39259,0,0,false
1,0.1pct,parquet_boundary_search_p4096,113566.4,113872.1,114078.4,30078,17,0,37995,37995,11,0,16384,17,16384,17,37999,4,4,false
1,0.1pct,parquet_boundary_search_p16384,95249.5,95416.2,95678.6,30078,17,0,39089,39089,5,0,16384,17,16384,17,39093,2,1,true
1,0.1pct,parquet_boundary_search,143569.5,143686.5,143809.0,30078,17,0,35120,35120,25,0,16384,17,16384,17,39259,16,16,false
1,0.1pct,parquet_row_filter,142643.4,142653.4,142721.4,30078,17,0,35120,35120,25,0,16384,17,16384,17,39259,0,0,false
1,0.1pct,parquet_page_index_filter,143314.4,143519.7,143637.7,30078,17,0,35120,35120,25,0,16384,17,16384,17,39259,16,16,false
1,1pct,generated_selective,133837.4,133855.2,134132.1,266642,165,39578,20768,20768,4,2,16384,165,16384,623,20768,0,0,false
1,1pct,generated_fused,158308.5,158634.1,158756.7,266642,165,43806,20768,20768,2,2,16384,16384,16384,3125,20768,0,0,false
1,1pct,generated_direct_selective,69801.0,69829.1,69862.6,266642,165,37026,39560,39560,42,0,16384,165,16385,623,41712,0,0,false
1,1pct,generated_scan_selective,133908.9,134059.9,134068.4,266642,165,39578,20768,20768,4,2,16384,165,16384,623,20768,0,0,false
1,1pct,parquet_full,154571.2,154738.2,154999.3,266642,165,0,39255,39255,35,0,16384,165,16384,165,39259,0,0,false
1,1pct,parquet_boundary_search_p4096,122070.2,122219.1,122248.6,266642,165,0,37995,37995,11,0,16384,165,16384,165,37999,4,4,false
1,1pct,parquet_boundary_search_p16384,99610.6,99678.1,99731.4,266642,165,0,39089,39089,5,0,16384,165,16384,165,39093,2,1,true
1,1pct,parquet_boundary_search,162839.1,162897.4,163358.9,266642,165,0,37422,37422,31,0,16384,165,16384,165,39259,16,16,false
1,1pct,parquet_row_filter,161534.2,161726.2,161787.9,266642,165,0,37422,37422,31,0,16384,165,16384,165,39259,0,0,false
1,1pct,parquet_page_index_filter,162653.3,163067.3,163260.9,266642,165,0,37422,37422,31,0,16384,165,16384,165,39259,16,16,false
1,10pct,generated_selective,159310.1,159389.3,159744.8,2675664,1638,41746,20768,20768,4,2,16384,1638,16384,3360,20768,0,0,false
1,10pct,generated_fused,160838.8,160842.5,161177.5,2675664,1638,43806,20768,20768,2,2,16384,16384,16384,3125,20768,0,0,false
1,10pct,generated_direct_selective,95878.4,95895.9,95967.6,2675664,1638,39194,41296,41296,58,0,16384,1638,16385,3360,41712,0,0,false
1,10pct,generated_scan_selective,159581.2,159884.2,159948.5,2675664,1638,41746,20768,20768,4,2,16384,1638,16384,3360,20768,0,0,false
1,10pct,parquet_full,156815.4,157317.0,157421.3,2675664,1638,0,39255,39255,35,0,16384,1638,16384,1638,39259,0,0,false
1,10pct,parquet_boundary_search_p4096,147284.6,148312.8,148326.9,2675664,1638,0,37995,37995,11,0,16384,1638,16384,1638,37999,4,4,false
1,10pct,parquet_boundary_search_p16384,124076.9,124206.4,124538.9,2675664,1638,0,39089,39089,5,0,16384,1638,16384,1638,39093,2,1,true
1,10pct,parquet_boundary_search,198818.6,200141.7,200655.8,2675664,1638,0,39255,39255,35,0,16384,1638,16384,1638,39259,16,16,false
1,10pct,parquet_row_filter,196401.8,196638.2,196711.3,2675664,1638,0,39255,39255,35,0,16384,1638,16384,1638,39259,0,0,false
1,10pct,parquet_page_index_filter,198525.9,198551.4,199865.7,2675664,1638,0,39255,39255,35,0,16384,1638,16384,1638,39259,16,16,false
1,50pct,generated_selective,215933.1,216060.0,216422.8,13286683,8193,43545,20768,20768,4,2,16384,8193,16384,9235,20768,0,0,false
1,50pct,generated_fused,165741.5,166753.2,166826.9,13286683,8193,43806,20768,20768,2,2,16384,16384,16384,3125,20768,0,0,false
1,50pct,generated_direct_selective,153677.4,153824.3,154128.9,13286683,8193,40993,41596,41596,61,0,16384,8193,16385,9235,41712,0,0,false
1,50pct,generated_scan_selective,216052.1,216588.6,217060.3,13286683,8193,43545,20768,20768,4,2,16384,8193,16384,9235,20768,0,0,false
1,50pct,parquet_full,160859.8,161843.0,162105.0,13286683,8193,0,39255,39255,35,0,16384,8193,16384,8193,39259,0,0,false
1,50pct,parquet_boundary_search_p4096,157234.4,157736.0,157826.2,13286683,8193,0,37995,37995,11,0,16384,8193,16384,8193,37999,4,4,false
1,50pct,parquet_boundary_search_p16384,133385.3,133436.1,134084.9,13286683,8193,0,39089,39089,5,0,16384,8193,16384,8193,39093,2,1,true
1,50pct,parquet_boundary_search,213574.0,213590.7,213616.2,13286683,8193,0,39255,39255,35,0,16384,8193,16384,8193,39259,16,16,false
1,50pct,parquet_row_filter,208154.8,208320.6,208532.0,13286683,8193,0,39255,39255,35,0,16384,8193,16384,8193,39259,0,0,false
1,50pct,parquet_page_index_filter,211674.6,211987.2,212734.9,13286683,8193,0,39255,39255,35,0,16384,8193,16384,8193,39259,16,16,false
2,0.1pct,generated_selective,120989.7,121139.2,121226.7,0,17,37832,18109,18109,4,1,16384,17,16384,34,18165,0,0,false
2,0.1pct,generated_fused,223398.0,223504.4,223913.8,0,17,37832,18165,18165,2,1,16384,16384,16384,32768,18165,0,0,false
2,0.1pct,generated_direct_selective,64349.6,64356.6,64376.3,0,17,35344,35344,35344,5,0,16384,17,16385,34,35456,0,0,false
2,0.1pct,generated_scan_selective,120696.9,120698.1,120788.2,0,17,37832,18109,18109,4,1,16384,17,16384,34,18165,0,0,false
2,0.1pct,parquet_full,124769.3,124846.8,125045.7,0,17,0,33292,33292,35,0,16384,17,16384,17,33296,0,0,false
2,0.1pct,parquet_boundary_search_p4096,90514.5,90618.4,90647.0,0,17,0,32468,32468,11,0,16384,17,16384,17,32472,4,4,false
2,0.1pct,parquet_boundary_search_p16384,70309.8,70376.0,70392.1,0,17,0,33699,33699,5,0,16384,17,16384,17,33703,2,1,true
2,0.1pct,parquet_boundary_search,131858.0,131956.7,132435.5,0,17,0,32902,32902,25,0,16384,17,16384,17,33296,16,16,false
2,0.1pct,parquet_row_filter,131328.5,131527.4,131717.1,0,17,0,32902,32902,25,0,16384,17,16384,17,33296,0,0,false
2,0.1pct,parquet_page_index_filter,131816.5,131934.7,131970.1,0,17,0,32902,32902,25,0,16384,17,16384,17,33296,16,16,false
2,1pct,generated_selective,123195.6,123217.5,123297.0,0,165,37832,18109,18109,4,1,16384,165,16384,330,18165,0,0,false
2,1pct,generated_fused,225050.5,225234.5,225270.8,0,165,37832,18165,18165,2,1,16384,16384,16384,32768,18165,0,0,false
2,1pct,generated_direct_selective,66162.3,66169.7,66185.3,0,165,35344,35344,35344,5,0,16384,165,16385,330,35456,0,0,false
2,1pct,generated_scan_selective,123315.8,123385.9,123516.1,0,165,37832,18109,18109,4,1,16384,165,16384,330,18165,0,0,false
2,1pct,parquet_full,125024.4,125041.1,125109.9,0,165,0,33292,33292,35,0,16384,165,16384,165,33296,0,0,false
2,1pct,parquet_boundary_search_p4096,93908.1,94672.1,94718.4,0,165,0,32468,32468,11,0,16384,165,16384,165,32472,4,4,false
2,1pct,parquet_boundary_search_p16384,73172.4,73381.3,73494.0,0,165,0,33699,33699,5,0,16384,165,16384,165,33703,2,1,true
2,1pct,parquet_boundary_search,137535.8,137683.7,137843.9,0,165,0,33136,33136,31,0,16384,165,16384,165,33296,16,16,false
2,1pct,parquet_row_filter,135268.8,135874.7,136156.6,0,165,0,33136,33136,31,0,16384,165,16384,165,33296,0,0,false
2,1pct,parquet_page_index_filter,136742.4,136898.4,136902.7,0,165,0,33136,33136,31,0,16384,165,16384,165,33296,16,16,false
2,10pct,generated_selective,136469.1,136662.4,136806.1,0,1638,37832,18109,18109,4,1,16384,1638,16384,3276,18165,0,0,false
2,10pct,generated_fused,228414.2,228505.6,228986.4,0,1638,37832,18165,18165,2,1,16384,16384,16384,32768,18165,0,0,false
2,10pct,generated_direct_selective,79354.3,79491.0,79493.7,0,1638,35344,35344,35344,5,0,16384,1638,16385,3276,35456,0,0,false
2,10pct,generated_scan_selective,136740.3,136853.3,136954.9,0,1638,37832,18109,18109,4,1,16384,1638,16384,3276,18165,0,0,false
2,10pct,parquet_full,126946.6,127012.7,127383.9,0,1638,0,33292,33292,35,0,16384,1638,16384,1638,33296,0,0,false
2,10pct,parquet_boundary_search_p4096,108961.8,109057.9,109202.2,0,1638,0,32468,32468,11,0,16384,1638,16384,1638,32472,4,4,false
2,10pct,parquet_boundary_search_p16384,88076.5,88309.3,88636.4,0,1638,0,33699,33699,5,0,16384,1638,16384,1638,33703,2,1,true
2,10pct,parquet_boundary_search,156156.2,156315.5,156327.2,0,1638,0,33292,33292,35,0,16384,1638,16384,1638,33296,16,16,false
2,10pct,parquet_row_filter,154377.2,154407.9,154545.1,0,1638,0,33292,33292,35,0,16384,1638,16384,1638,33296,0,0,false
2,10pct,parquet_page_index_filter,155981.7,156034.3,156232.1,0,1638,0,33292,33292,35,0,16384,1638,16384,1638,33296,16,16,false
2,50pct,generated_selective,193438.4,193590.6,193621.7,0,8193,37832,18109,18109,4,1,16384,8193,16384,16386,18165,0,0,false
2,50pct,generated_fused,237141.1,237261.2,237278.8,0,8193,37832,18165,18165,2,1,16384,16384,16384,32768,18165,0,0,false
2,50pct,generated_direct_selective,134078.5,134250.1,134374.6,0,8193,35344,35344,35344,5,0,16384,8193,16385,16386,35456,0,0,false
2,50pct,generated_scan_selective,193877.9,194018.0,194763.7,0,8193,37832,18109,18109,4,1,16384,8193,16384,16386,18165,0,0,false
2,50pct,parquet_full,132438.1,132444.6,132601.3,0,8193,0,33292,33292,35,0,16384,8193,16384,8193,33296,0,0,false
2,50pct,parquet_boundary_search_p4096,132448.1,132576.2,133207.1,0,8193,0,32468,32468,11,0,16384,8193,16384,8193,32472,4,4,false
2,50pct,parquet_boundary_search_p16384,111889.2,112220.8,112454.1,0,8193,0,33699,33699,5,0,16384,8193,16384,8193,33703,2,1,true
2,50pct,parquet_boundary_search,179176.3,179637.9,179965.6,0,8193,0,33292,33292,35,0,16384,8193,16384,8193,33296,16,16,false
2,50pct,parquet_row_filter,175924.1,176213.6,176413.9,0,8193,0,33292,33292,35,0,16384,8193,16384,8193,33296,0,0,false
2,50pct,parquet_page_index_filter,178849.5,179348.4,179643.4,0,8193,0,33292,33292,35,0,16384,8193,16384,8193,33296,16,16,false
3,0.1pct,generated_selective,42264.7,42274.7,42308.4,26638,16,2550,21452,21452,4,2,27,16,3268,310,21452,0,0,false
3,0.1pct,generated_fused,289708.5,289761.8,289973.8,26638,16,33209,21452,21452,2,2,27,16384,3268,32952,21452,0,0,false
3,0.1pct,generated_direct_selective,1177.5,1178.0,1179.8,26638,16,862,5136,5136,20,0,27,16,54,65,72768,0,0,false
3,0.1pct,generated_scan_selective,104777.8,104875.8,104973.9,26638,16,14142,21452,21452,4,2,16384,16,16384,310,21452,0,0,false
3,0.1pct,parquet_full,92851.4,93310.1,93339.1,26638,16,0,26741,26741,35,0,16384,16,16384,16,26745,0,0,false
3,0.1pct,parquet_boundary_search_p4096,41920.1,41920.1,41956.3,26638,16,0,12889,12889,7,0,8192,16,8192,16,24896,5,2,true
3,0.1pct,parquet_boundary_search_p16384,78956.5,78997.8,79029.0,26638,16,0,24510,24510,5,0,16384,16,16384,16,24514,2,1,true
3,0.1pct,parquet_boundary_search,21787.8,21807.6,21837.0,26638,16,0,4665,4665,7,0,2048,16,2048,16,26745,7,2,true
3,0.1pct,parquet_row_filter,67620.1,67694.7,67723.1,26638,16,0,5337,5337,21,0,16384,16,16384,16,26745,0,0,false
3,0.1pct,parquet_page_index_filter,21570.9,21601.3,21614.1,26638,16,0,4665,4665,7,0,2048,16,2048,16,26745,16,2,false
3,1pct,generated_selective,42890.9,42914.0,42971.0,266162,163,2421,21452,21452,4,2,27,163,2988,521,21452,0,0,false
3,1pct,generated_fused,289857.0,289937.2,289950.5,266162,163,32942,21452,21452,2,2,27,16384,2988,32952,21452,0,0,false
3,1pct,generated_direct_selective,2995.4,2996.0,2996.9,266162,163,1132,5136,5136,20,0,27,163,54,350,72768,0,0,false
3,1pct,generated_scan_selective,106247.8,106255.1,106317.9,266162,163,14280,21452,21452,4,2,16384,163,16384,521,21452,0,0,false
3,1pct,parquet_full,93375.0,93465.6,93667.3,266162,163,0,26741,26741,35,0,16384,163,16384,163,26745,0,0,false
3,1pct,parquet_boundary_search_p4096,42138.7,42202.3,42326.4,266162,163,0,12889,12889,7,0,8192,163,8192,163,24896,5,2,true
3,1pct,parquet_boundary_search_p16384,78919.3,79210.6,79379.2,266162,163,0,24510,24510,5,0,16384,163,16384,163,24514,2,1,true
3,1pct,parquet_boundary_search,22182.7,22226.6,22257.2,266162,163,0,4665,4665,7,0,2048,163,2048,163,26745,7,2,true
3,1pct,parquet_row_filter,67888.1,67898.8,68070.8,266162,163,0,5337,5337,21,0,16384,163,16384,163,26745,0,0,false
3,1pct,parquet_page_index_filter,22064.8,22074.4,22129.6,266162,163,0,4665,4665,7,0,2048,163,2048,163,26745,16,2,false
3,10pct,generated_selective,60012.2,60060.8,60208.0,2465906,1638,5078,21452,21452,4,2,28,1638,2717,3506,21452,0,0,false
3,10pct,generated_fused,291683.2,292118.7,292940.0,2465906,1638,32734,21452,21452,2,2,28,16384,2717,32952,21452,0,0,false
3,10pct,generated_direct_selective,21281.7,21294.5,21321.9,2465906,1638,3903,8336,8336,27,0,28,1638,56,3304,72768,0,0,false
3,10pct,generated_scan_selective,125570.5,125636.7,125754.9,2465906,1638,17145,21452,21452,4,2,16384,1638,16384,3506,21452,0,0,false
3,10pct,parquet_full,94125.3,94211.0,94424.2,2465906,1638,0,26741,26741,35,0,16384,1638,16384,1638,26745,0,0,false
3,10pct,parquet_boundary_search_p4096,44187.2,44255.1,44420.6,2465906,1638,0,12889,12889,7,0,8192,1638,8192,1638,24896,5,2,true
3,10pct,parquet_boundary_search_p16384,80996.6,81212.8,81563.7,2465906,1638,0,24510,24510,5,0,16384,1638,16384,1638,24514,2,1,true
3,10pct,parquet_boundary_search,24307.4,24340.6,24368.5,2465906,1638,0,4665,4665,7,0,2048,1638,2048,1638,26745,7,2,true
3,10pct,parquet_row_filter,70172.1,70240.1,70374.2,2465906,1638,0,5337,5337,21,0,16384,1638,16384,1638,26745,0,0,false
3,10pct,parquet_page_index_filter,24249.0,24251.2,24311.4,2465906,1638,0,4665,4665,7,0,2048,1638,2048,1638,26745,16,2,false
3,50pct,generated_selective,139591.0,139643.9,139698.3,14705956,8192,16946,21452,21452,4,2,28,8192,3015,16568,21452,0,0,false
3,50pct,generated_fused,305512.0,306333.2,306834.0,14705956,8192,32530,21452,21452,2,2,28,16384,3015,32952,21452,0,0,false
3,50pct,generated_direct_selective,102461.7,102531.3,102567.2,14705956,8192,16162,20304,20304,52,0,28,8192,56,16387,72768,0,0,false
3,50pct,generated_scan_selective,210734.1,210841.0,210895.6,14705956,8192,29217,21452,21452,4,2,16384,8192,16384,16568,21452,0,0,false
3,50pct,parquet_full,94293.6,94323.1,94402.2,14705956,8192,0,26741,26741,35,0,16384,8192,16384,8192,26745,0,0,false
3,50pct,parquet_boundary_search_p4096,56430.5,56509.7,56570.9,14705956,8192,0,12889,12889,7,0,8192,8192,8192,8192,24896,5,2,true
3,50pct,parquet_boundary_search_p16384,93432.2,93620.5,93870.4,14705956,8192,0,24510,24510,5,0,16384,8192,16384,8192,24514,2,1,true
3,50pct,parquet_boundary_search,64014.1,64028.1,64157.3,14705956,8192,0,14236,14236,19,0,8192,8192,8192,8192,26745,8,8,true
3,50pct,parquet_row_filter,90436.2,90480.8,90505.9,14705956,8192,0,14620,14620,27,0,16384,8192,16384,8192,26745,0,0,false
3,50pct,parquet_page_index_filter,63977.8,64095.9,64127.0,14705956,8192,0,14236,14236,19,0,8192,8192,8192,8192,26745,16,8,false
4,0.1pct,generated_selective,37647.7,37725.3,37741.8,146,16,2452,15014,15014,4,2,27,16,3268,310,15014,0,0,false
4,0.1pct,generated_fused,285492.9,285558.6,285706.0,146,16,27066,15014,15014,2,2,27,16384,3268,32952,15014,0,0,false
4,0.1pct,generated_direct_selective,1178.1,1178.4,1179.2,146,16,854,5008,5008,20,0,27,16,54,65,64576,0,0,false
4,0.1pct,generated_scan_selective,100123.5,100170.4,100212.1,146,16,14044,15014,15014,4,2,16384,16,16384,310,15014,0,0,false
4,0.1pct,parquet_full,84722.4,85005.9,85084.3,146,16,0,19567,19567,35,0,16384,16,16384,16,19571,0,0,false
4,0.1pct,parquet_boundary_search_p4096,46137.1,46170.5,46174.0,146,16,0,8879,8879,7,0,8192,16,8192,16,17195,5,2,true
4,0.1pct,parquet_boundary_search_p16384,75548.8,75561.5,75786.1,146,16,0,16625,16625,5,0,16384,16,16384,16,16629,2,1,true
4,0.1pct,parquet_boundary_search,17632.1,17683.5,17706.9,146,16,0,3918,3918,7,0,2048,16,2048,16,19571,7,2,true
4,0.1pct,parquet_row_filter,63516.6,63657.2,63691.7,146,16,0,4590,4590,21,0,16384,16,16384,16,19571,0,0,false
4,0.1pct,parquet_page_index_filter,17643.1,17651.1,17652.9,146,16,0,3918,3918,7,0,2048,16,2048,16,19571,16,2,false
4,1pct,generated_selective,38137.5,38178.1,38182.2,10558,163,2295,15014,15014,4,2,27,163,2988,521,15014,0,0,false
4,1pct,generated_fused,285082.3,285286.9,285611.6,10558,163,26799,15014,15014,2,2,27,16384,2988,32952,15014,0,0,false
4,1pct,generated_direct_selective,2907.6,2908.4,2915.7,10558,163,1050,5008,5008,20,0,27,163,54,350,64576,0,0,false
4,1pct,generated_scan_selective,101595.2,101776.0,101973.6,10558,163,14154,15014,15014,4,2,16384,163,16384,521,15014,0,0,false
4,1pct,parquet_full,84294.8,84701.9,84719.8,10558,163,0,19567,19567,35,0,16384,163,16384,163,19571,0,0,false
4,1pct,parquet_boundary_search_p4096,46272.3,46454.0,46457.4,10558,163,0,8879,8879,7,0,8192,163,8192,163,17195,5,2,true
4,1pct,parquet_boundary_search_p16384,75979.8,76196.7,76276.4,10558,163,0,16625,16625,5,0,16384,163,16384,163,16629,2,1,true
4,1pct,parquet_boundary_search,17797.3,17843.5,17895.5,10558,163,0,3918,3918,7,0,2048,163,2048,163,19571,7,2,true
4,1pct,parquet_row_filter,63785.8,63787.7,63831.0,10558,163,0,4590,4590,21,0,16384,163,16384,163,19571,0,0,false
4,1pct,parquet_page_index_filter,17798.5,17799.6,17818.1,10558,163,0,3918,3918,7,0,2048,163,2048,163,19571,16,2,false
4,10pct,generated_selective,55286.6,55335.3,55519.7,205490,1638,4388,15014,15014,4,2,28,1638,2717,3506,15014,0,0,false
4,10pct,generated_fused,287266.5,287543.5,287683.8,205490,1638,26591,15014,15014,2,2,28,16384,2717,32952,15014,0,0,false
4,10pct,generated_direct_selective,20569.4,20581.8,20584.9,205490,1638,3085,7440,7440,27,0,28,1638,56,3304,64576,0,0,false
4,10pct,generated_scan_selective,121161.2,121239.6,121367.2,205490,1638,16455,15014,15014,4,2,16384,1638,16384,3506,15014,0,0,false
4,10pct,parquet_full,84932.3,84935.8,84983.2,205490,1638,0,19567,19567,35,0,16384,1638,16384,1638,19571,0,0,false
4,10pct,parquet_boundary_search_p4096,48639.5,48677.6,48850.6,205490,1638,0,8879,8879,7,0,8192,1638,8192,1638,17195,5,2,true
4,10pct,parquet_boundary_search_p16384,77921.4,78206.2,78223.4,205490,1638,0,16625,16625,5,0,16384,1638,16384,1638,16629,2,1,true
4,10pct,parquet_boundary_search,20141.4,20174.3,20266.3,205490,1638,0,3918,3918,7,0,2048,1638,2048,1638,19571,7,2,true
4,10pct,parquet_row_filter,65994.4,66305.2,66381.6,205490,1638,0,4590,4590,21,0,16384,1638,16384,1638,19571,0,0,false
4,10pct,parquet_page_index_filter,20038.3,20084.7,20135.8,205490,1638,0,3918,3918,7,0,2048,1638,2048,1638,19571,16,2,false
4,50pct,generated_selective,135097.1,135464.9,135482.0,972716,8192,13875,15014,15014,4,2,28,8192,3015,16568,15014,0,0,false
4,50pct,generated_fused,301566.2,301795.0,302021.8,972716,8192,26387,15014,15014,2,2,28,16384,3015,32952,15014,0,0,false
4,50pct,generated_direct_selective,98896.4,99027.1,99098.8,972716,8192,12067,16208,16208,52,0,28,8192,56,16387,64576,0,0,false
4,50pct,generated_scan_selective,206181.8,206536.9,206712.6,972716,8192,26146,15014,15014,4,2,16384,8192,16384,16568,15014,0,0,false
4,50pct,parquet_full,85285.2,85344.9,85384.9,972716,8192,0,19567,19567,35,0,16384,8192,16384,8192,19571,0,0,false
4,50pct,parquet_boundary_search_p4096,60240.2,60272.1,60281.1,972716,8192,0,8879,8879,7,0,8192,8192,8192,8192,17195,5,2,true
4,50pct,parquet_boundary_search_p16384,90731.5,90945.1,91003.3,972716,8192,0,16625,16625,5,0,16384,8192,16384,8192,16629,2,1,true
4,50pct,parquet_boundary_search,58249.0,58265.7,58469.3,972716,8192,0,10489,10489,19,0,8192,8192,8192,8192,19571,8,8,true
4,50pct,parquet_row_filter,84642.7,84807.7,84868.7,972716,8192,0,10873,10873,27,0,16384,8192,16384,8192,19571,0,0,false
4,50pct,parquet_page_index_filter,58055.6,58224.4,58362.8,972716,8192,0,10489,10489,19,0,8192,8192,8192,8192,19571,16,8,false
5,0.1pct,generated_selective,17469.6,17489.7,17500.0,0,4,2678,2845,2845,4,2,23,4,2428,5,2845,0,0,false
5,0.1pct,generated_fused,37138.4,37145.8,37165.4,0,4,22173,2845,2845,2,2,23,4730,2428,4731,2845,0,0,false
5,0.1pct,generated_direct_selective,882.9,883.1,883.3,0,4,908,4528,4528,17,0,23,4,46,31,18400,0,0,false
5,0.1pct,generated_scan_selective,28505.5,28536.3,28584.5,0,4,7893,2845,2845,4,2,4730,4,4730,5,2845,0,0,false
5,0.1pct,parquet_full,31681.4,31702.4,31794.7,0,4,0,5024,5024,13,0,4730,4,4730,4,5028,0,0,false
5,0.1pct,parquet_boundary_search_p4096,25762.7,25782.0,25847.6,0,4,0,3939,3939,5,0,4096,4,4096,4,4531,4,1,true
5,0.1pct,parquet_boundary_search_p16384,28759.7,28817.6,28836.7,0,4,0,4357,4357,5,0,4730,4,4730,4,4361,2,1,true
5,0.1pct,parquet_boundary_search,12860.5,12887.2,12904.0,0,4,0,1710,1710,5,0,1024,4,1024,4,5028,4,1,true
5,0.1pct,parquet_row_filter,25267.9,25308.4,25335.8,0,4,0,1906,1906,9,0,4730,4,4730,4,5028,0,0,false
5,0.1pct,parquet_page_index_filter,12824.9,12826.8,12860.3,0,4,0,1710,1710,5,0,1024,4,1024,4,5028,5,1,false
5,1pct,generated_selective,17277.8,17312.6,17315.2,0,47,2756,2845,2845,4,2,23,47,2330,48,2845,0,0,false
5,1pct,generated_fused,36782.1,36799.9,36801.9,0,47,22073,2845,2845,2,2,23,4730,2330,4731,2845,0,0,false
5,1pct,generated_direct_selective,871.7,872.9,873.1,0,47,908,4528,4528,17,0,23,47,46,31,18400,0,0,false
5,1pct,generated_scan_selective,28690.2,28724.3,28731.5,0,47,8071,2845,2845,4,2,4730,47,4730,48,2845,0,0,false
5,1pct,parquet_full,31669.0,31715.8,31756.0,0,47,0,5024,5024,13,0,4730,47,4730,47,5028,0,0,false
5,1pct,parquet_boundary_search_p4096,26128.8,26151.1,26154.3,0,47,0,3939,3939,5,0,4096,47,4096,47,4531,4,1,true
5,1pct,parquet_boundary_search_p16384,28972.8,28994.9,29026.2,0,47,0,4357,4357,5,0,4730,47,4730,47,4361,2,1,true
5,1pct,parquet_boundary_search,13136.5,13149.3,13152.5,0,47,0,1710,1710,5,0,1024,47,1024,47,5028,4,1,true
5,1pct,parquet_row_filter,25639.0,25659.6,25664.7,0,47,0,1906,1906,9,0,4730,47,4730,47,5028,0,0,false
5,1pct,parquet_page_index_filter,12995.0,13023.2,13065.0,0,47,0,1710,1710,5,0,1024,47,1024,47,5028,5,1,false
5,10pct,generated_selective,18418.5,18432.2,18432.6,9944054162,483,4338,2845,2845,4,2,24,483,2176,484,2845,0,0,false
5,10pct,generated_fused,36417.6,36428.3,36448.7,9944054162,483,21856,2845,2845,2,2,24,4730,2176,4731,2845,0,0,false
5,10pct,generated_direct_selective,1747.5,1750.6,1753.2,9944054162,483,1134,4656,4656,18,0,24,483,48,112,18400,0,0,false
5,10pct,generated_scan_selective,30817.3,30819.0,30876.4,9944054162,483,9870,2845,2845,4,2,4730,483,4730,484,2845,0,0,false
5,10pct,parquet_full,30918.4,30969.5,31187.7,9944054162,483,0,5024,5024,13,0,4730,483,4730,483,5028,0,0,false
5,10pct,parquet_boundary_search_p4096,26757.4,26763.0,26796.8,9944054162,483,0,3939,3939,5,0,4096,483,4096,483,4531,4,1,true
5,10pct,parquet_boundary_search_p16384,29611.3,29670.5,29684.0,9944054162,483,0,4357,4357,5,0,4730,483,4730,483,4361,2,1,true
5,10pct,parquet_boundary_search,13759.0,13786.6,13847.5,9944054162,483,0,1710,1710,5,0,1024,483,1024,483,5028,4,1,true
5,10pct,parquet_row_filter,26387.2,26422.7,26471.5,9944054162,483,0,1906,1906,9,0,4730,483,4730,483,5028,0,0,false
5,10pct,parquet_page_index_filter,13775.7,13789.0,13819.6,9944054162,483,0,1710,1710,5,0,1024,483,1024,483,5028,5,1,false
5,50pct,generated_selective,30184.1,30199.6,30212.2,180619064060,2365,11730,2845,2845,4,2,24,2365,3405,2366,2845,0,0,false
5,50pct,generated_fused,41894.4,41923.6,41929.1,180619064060,2365,21485,2845,2845,2,2,24,4730,3405,4731,2845,0,0,false
5,50pct,generated_direct_selective,12046.8,12061.4,12067.3,180619064060,2365,3709,7856,7856,32,0,24,2365,48,1072,18400,0,0,false
5,50pct,generated_scan_selective,39546.2,39607.6,39629.9,180619064060,2365,17633,2845,2845,4,2,4730,2365,4730,2366,2845,0,0,false
5,50pct,parquet_full,32031.5,32096.3,32176.8,180619064060,2365,0,5024,5024,13,0,4730,2365,4730,2365,5028,0,0,false
5,50pct,parquet_boundary_search_p4096,29926.2,29982.1,30090.4,180619064060,2365,0,3939,3939,5,0,4096,2365,4096,2365,4531,4,1,true
5,50pct,parquet_boundary_search_p16384,32953.3,32987.2,33081.7,180619064060,2365,0,4357,4357,5,0,4730,2365,4730,2365,4361,2,1,true
5,50pct,parquet_boundary_search,28515.5,28569.8,28614.4,180619064060,2365,0,3815,3815,9,0,3072,2365,3072,2365,5028,5,3,true
5,50pct,parquet_row_filter,34249.5,34318.6,34423.6,180619064060,2365,0,3913,3913,11,0,4730,2365,4730,2365,5028,0,0,false
5,50pct,parquet_page_index_filter,28462.0,28520.5,28566.9,180619064060,2365,0,3815,3815,9,0,3072,2365,3072,2365,5028,5,3,false
6,0.1pct,generated_selective,29970.0,30000.2,30019.0,0,4,2717,3988,3988,4,2,23,4,4648,5,3988,0,0,false
6,0.1pct,generated_fused,46473.5,46477.0,46480.3,0,4,19835,3988,3988,2,2,23,4032,4648,4033,3988,0,0,false
6,0.1pct,generated_direct_selective,900.0,901.8,901.9,0,4,927,4544,4544,17,0,23,4,46,36,20096,0,0,false
6,0.1pct,generated_scan_selective,29835.2,29835.7,29836.1,0,4,5818,3988,3988,4,2,4032,4,4032,5,3988,0,0,false
6,0.1pct,parquet_full,28362.4,28375.8,28410.0,0,4,0,6507,6507,11,0,4032,4,4032,4,6511,0,0,false
6,0.1pct,parquet_boundary_search_p4096,25407.4,25438.1,25498.5,0,4,0,5976,5976,5,0,4032,4,4032,4,5980,2,1,true
6,0.1pct,parquet_boundary_search_p16384,25508.8,25515.9,25537.2,0,4,0,5976,5976,5,0,4032,4,4032,4,5980,2,1,true
6,0.1pct,parquet_boundary_search,12727.8,12750.5,12751.1,0,4,0,1856,1856,5,0,1024,4,1024,4,6511,5,1,true
6,0.1pct,parquet_row_filter,22318.6,22330.2,22342.5,0,4,0,2003,2003,8,0,4032,4,4032,4,6511,0,0,false
6,0.1pct,parquet_page_index_filter,12755.8,12766.7,12785.9,0,4,0,1856,1856,5,0,1024,4,1024,4,6511,4,1,false
6,1pct,generated_selective,29850.3,29861.3,29881.7,0,40,2819,3988,3988,4,2,23,40,4573,41,3988,0,0,false
6,1pct,generated_fused,46172.8,46191.7,46259.4,0,40,19785,3988,3988,2,2,23,4032,4573,4033,3988,0,0,false
6,1pct,generated_direct_selective,905.5,905.9,908.6,0,40,933,4544,4544,17,0,23,40,46,36,20096,0,0,false
6,1pct,generated_scan_selective,30069.4,30071.2,30078.5,0,40,5970,3988,3988,4,2,4032,40,4032,41,3988,0,0,false
6,1pct,parquet_full,28375.4,28384.3,28427.3,0,40,0,6507,6507,11,0,4032,40,4032,40,6511,0,0,false
6,1pct,parquet_boundary_search_p4096,25630.7,25684.6,25788.9,0,40,0,5976,5976,5,0,4032,40,4032,40,5980,2,1,true
6,1pct,parquet_boundary_search_p16384,25573.4,25591.5,25659.0,0,40,0,5976,5976,5,0,4032,40,4032,40,5980,2,1,true
6,1pct,parquet_boundary_search,12951.3,12962.2,12974.5,0,40,0,1856,1856,5,0,1024,40,1024,40,6511,5,1,true
6,1pct,parquet_row_filter,22496.5,22586.2,22625.8,0,40,0,2003,2003,8,0,4032,40,4032,40,6511,0,0,false
6,1pct,parquet_page_index_filter,12870.4,12899.3,12904.8,0,40,0,1856,1856,5,0,1024,40,1024,40,6511,4,1,false
6,10pct,generated_selective,22731.4,22758.0,22772.3,116065735014,403,4020,3988,3988,4,2,23,403,2702,404,3988,0,0,false
6,10pct,generated_fused,37863.6,37899.6,37900.3,116065735014,403,19442,3988,3988,2,2,23,4032,2702,4033,3988,0,0,false
6,10pct,generated_direct_selective,4755.6,4761.5,4763.5,116065735014,403,1894,5600,5600,22,0,23,403,46,393,20096,0,0,false
6,10pct,generated_scan_selective,31691.8,31695.0,31704.0,116065735014,403,7514,3988,3988,4,2,4032,403,4032,404,3988,0,0,false
6,10pct,parquet_full,27522.6,27585.3,27618.4,116065735014,403,0,6507,6507,11,0,4032,403,4032,403,6511,0,0,false
6,10pct,parquet_boundary_search_p4096,26153.9,26210.7,26229.5,116065735014,403,0,5976,5976,5,0,4032,403,4032,403,5980,2,1,true
6,10pct,parquet_boundary_search_p16384,26109.3,26136.6,26211.7,116065735014,403,0,5976,5976,5,0,4032,403,4032,403,5980,2,1,true
6,10pct,parquet_boundary_search,19076.8,19078.9,19092.4,116065735014,403,0,3567,3567,7,0,2048,403,2048,403,6511,5,2,true
6,10pct,parquet_row_filter,25169.1,25196.2,25234.6,116065735014,403,0,3665,3665,9,0,4032,403,4032,403,6511,0,0,false
6,10pct,parquet_page_index_filter,18895.5,18897.8,18932.7,116065735014,403,0,3567,3567,7,0,2048,403,2048,403,6511,4,2,false
6,50pct,generated_selective,37324.9,37361.6,37434.1,423263374950,2016,11279,3988,3988,4,2,23,2016,4579,2017,3988,0,0,false
6,50pct,generated_fused,47101.4,47104.5,47117.9,423263374950,2016,19847,3988,3988,2,2,23,4032,4579,4033,3988,0,0,false
6,50pct,generated_direct_selective,16363.8,16377.4,16386.1,423263374950,2016,4854,9040,9040,38,0,23,2016,46,1472,20096,0,0,false
6,50pct,generated_scan_selective,38896.8,38908.8,38934.7,423263374950,2016,14368,3988,3988,4,2,4032,2016,4032,2017,3988,0,0,false
6,50pct,parquet_full,28345.7,28427.6,28886.0,423263374950,2016,0,6507,6507,11,0,4032,2016,4032,2016,6511,0,0,false
6,50pct,parquet_boundary_search_p4096,28461.6,28491.0,28570.5,423263374950,2016,0,5976,5976,5,0,4032,2016,4032,2016,5980,2,1,true
6,50pct,parquet_boundary_search_p16384,28509.5,28515.2,28545.4,423263374950,2016,0,5976,5976,5,0,4032,2016,4032,2016,5980,2,1,true
6,50pct,parquet_boundary_search,27077.6,27084.3,27244.0,423263374950,2016,0,4905,4905,9,0,3072,2016,3072,2016,6511,5,3,true
6,50pct,parquet_row_filter,30395.5,30416.3,30417.5,423263374950,2016,0,4954,4954,10,0,4032,2016,4032,2016,6511,0,0,false
6,50pct,parquet_page_index_filter,27156.7,27168.1,27248.3,423263374950,2016,0,4905,4905,9,0,3072,2016,3072,2016,6511,4,3,false
7,0.1pct,generated_selective,32600.2,32634.2,32659.5,8701600,4,2715,13655,13655,4,2,23,4,4648,5,13655,0,0,false
7,0.1pct,generated_fused,49235.2,49250.7,49326.6,8701600,4,18827,13655,13655,2,2,23,4032,4648,4033,13655,0,0,false
7,0.1pct,generated_direct_selective,637.4,638.0,639.8,8701600,4,618,4064,4064,14,0,23,4,46,5,27776,0,0,false
7,0.1pct,generated_scan_selective,31894.6,31906.5,31929.5,8701600,4,5816,13655,13655,4,2,4032,4,4032,5,13655,0,0,false
7,0.1pct,parquet_full,22618.3,22668.8,22680.1,8701600,4,0,13507,13507,11,0,4032,4,4032,4,13511,0,0,false
7,0.1pct,parquet_boundary_search_p4096,21675.8,21714.5,21750.5,8701600,4,0,13069,13069,5,0,4032,4,4032,4,13073,2,1,true
7,0.1pct,parquet_boundary_search_p16384,21741.8,21758.2,21789.8,8701600,4,0,13069,13069,5,0,4032,4,4032,4,13073,2,1,true
7,0.1pct,parquet_boundary_search,12168.0,12190.1,12219.6,8701600,4,0,4421,4421,5,0,1024,4,1024,4,13511,5,1,true
7,0.1pct,parquet_row_filter,21713.5,21740.6,21784.3,8701600,4,0,4579,4579,8,0,4032,4,4032,4,13511,0,0,false
7,0.1pct,parquet_page_index_filter,12081.1,12086.7,12087.6,8701600,4,0,4421,4421,5,0,1024,4,1024,4,13511,4,1,false
7,1pct,generated_selective,32458.1,32458.7,32506.0,97169050,40,2809,13655,13655,4,2,23,40,4573,41,13655,0,0,false
7,1pct,generated_fused,48975.0,49051.1,49077.7,97169050,40,18777,13655,13655,2,2,23,4032,4573,4033,13655,0,0,false
7,1pct,generated_direct_selective,772.5,773.3,773.5,97169050,40,768,4064,4064,14,0,23,40,46,41,27776,0,0,false
7,1pct,generated_scan_selective,32114.3,32121.3,32144.9,97169050,40,5960,13655,13655,4,2,4032,40,4032,41,13655,0,0,false
7,1pct,parquet_full,21972.2,21979.3,22018.9,97169050,40,0,13507,13507,11,0,4032,40,4032,40,13511,0,0,false
7,1pct,parquet_boundary_search_p4096,21857.2,21872.3,21937.3,97169050,40,0,13069,13069,5,0,4032,40,4032,40,13073,2,1,true
7,1pct,parquet_boundary_search_p16384,21798.3,21814.7,21916.8,97169050,40,0,13069,13069,5,0,4032,40,4032,40,13073,2,1,true
7,1pct,parquet_boundary_search,12235.4,12253.9,12258.0,97169050,40,0,4421,4421,5,0,1024,40,1024,40,13511,5,1,true
7,1pct,parquet_row_filter,21719.0,21732.4,21763.3,97169050,40,0,4579,4579,8,0,4032,40,4032,40,13511,0,0,false
7,1pct,parquet_page_index_filter,12136.1,12176.5,12199.2,97169050,40,0,4421,4421,5,0,1024,40,1024,40,13511,4,1,false
7,10pct,generated_selective,26574.2,26591.3,26606.6,1031478178,403,3918,13655,13655,4,2,23,403,2702,404,13655,0,0,false
7,10pct,generated_fused,41927.9,41943.8,41945.1,1031478178,403,18434,13655,13655,2,2,23,4032,2702,4033,13655,0,0,false
7,10pct,generated_direct_selective,2146.9,2151.6,2154.5,1031478178,403,2218,5600,5600,14,0,23,403,46,404,27776,0,0,false
7,10pct,generated_scan_selective,33788.0,33796.8,33814.7,1031478178,403,7412,13655,13655,4,2,4032,403,4032,404,13655,0,0,false
7,10pct,parquet_full,22169.7,22200.0,22240.1,1031478178,403,0,13507,13507,11,0,4032,403,4032,403,13511,0,0,false
7,10pct,parquet_boundary_search_p4096,22291.1,22317.7,22365.6,1031478178,403,0,13069,13069,5,0,4032,403,4032,403,13073,2,1,true
7,10pct,parquet_boundary_search_p16384,22289.3,22300.7,22332.0,1031478178,403,0,13069,13069,5,0,4032,403,4032,403,13073,2,1,true
7,10pct,parquet_boundary_search,16751.4,16771.1,16773.2,1031478178,403,0,7355,7355,7,0,2048,403,2048,403,13511,5,2,true
7,10pct,parquet_row_filter,22819.5,22852.5,22858.4,1031478178,403,0,7464,7464,9,0,4032,403,4032,403,13511,0,0,false
7,10pct,parquet_page_index_filter,16645.4,16653.2,16680.1,1031478178,403,0,7355,7355,7,0,2048,403,2048,403,13511,4,2,false
7,50pct,generated_selective,39921.5,39943.2,39959.2,12948315171,2016,10775,13655,13655,4,2,23,2016,4579,2017,13655,0,0,false
7,50pct,generated_fused,49707.9,49751.4,49758.9,12948315171,2016,18839,13655,13655,2,2,23,4032,4579,4033,13655,0,0,false
7,50pct,generated_direct_selective,8125.3,8125.8,8130.0,12948315171,2016,8668,12592,12592,15,0,23,2016,46,2017,27776,0,0,false
7,50pct,generated_scan_selective,41279.1,41296.0,41347.3,12948315171,2016,13864,13655,13655,4,2,4032,2016,4032,2017,13655,0,0,false
7,50pct,parquet_full,22958.1,23016.8,23080.8,12948315171,2016,0,13507,13507,11,0,4032,2016,4032,2016,13511,0,0,false
7,50pct,parquet_boundary_search_p4096,24779.4,24899.5,24904.4,12948315171,2016,0,13069,13069,5,0,4032,2016,4032,2016,13073,2,1,true
7,50pct,parquet_boundary_search_p16384,24784.9,24826.1,24862.0,12948315171,2016,0,13069,13069,5,0,4032,2016,4032,2016,13073,2,1,true
7,50pct,parquet_boundary_search,23677.5,23825.3,23871.5,12948315171,2016,0,10854,10854,9,0,3072,2016,3072,2016,13511,5,3,true
7,50pct,parquet_row_filter,26767.2,26850.2,26907.1,12948315171,2016,0,10903,10903,10,0,4032,2016,4032,2016,13511,0,0,false
7,50pct,parquet_page_index_filter,23678.5,23867.3,23869.5,12948315171,2016,0,10854,10854,9,0,3072,2016,3072,2016,13511,4,3,false
8,0.1pct,generated_selective,26297.5,26302.2,26312.0,26520,4,2683,5306,5306,4,2,23,4,2428,8,5306,0,0,false
8,0.1pct,generated_fused,81440.6,81447.7,81478.5,26520,4,13030,5306,5306,2,2,23,4730,2428,9460,5306,0,0,false
8,0.1pct,generated_direct_selective,667.7,668.8,671.0,26520,4,625,3896,3896,16,0,23,4,46,8,23408,0,0,false
8,0.1pct,generated_scan_selective,38233.0,38279.2,38298.4,26520,4,7898,5306,5306,4,2,4730,4,4730,8,5306,0,0,false
8,0.1pct,parquet_full,37883.4,37915.4,37950.6,26520,4,0,12612,12612,13,0,4730,4,4730,4,12616,0,0,false
8,0.1pct,parquet_boundary_search_p4096,29664.5,29758.2,29792.0,26520,4,0,10405,10405,5,0,4096,4,4096,4,12076,4,1,true
8,0.1pct,parquet_boundary_search_p16384,31398.4,31413.1,31448.0,26520,4,0,12326,12326,5,0,4730,4,4730,4,12330,2,1,true
8,0.1pct,parquet_boundary_search,14652.4,14677.9,14697.0,26520,4,0,3512,3512,5,0,1024,4,1024,4,12616,4,1,true
8,0.1pct,parquet_row_filter,27210.3,27214.8,27235.4,26520,4,0,3708,3708,9,0,4730,4,4730,4,12616,0,0,false
8,0.1pct,parquet_page_index_filter,14526.2,14538.4,14540.8,26520,4,0,3512,3512,5,0,1024,4,1024,4,12616,5,1,false
8,1pct,generated_selective,26405.9,26438.2,26444.5,334800,47,2676,5306,5306,4,2,23,47,2330,94,5306,0,0,false
8,1pct,generated_fused,81087.1,81103.8,81194.0,334800,47,12930,5306,5306,2,2,23,4730,2330,9460,5306,0,0,false
8,1pct,generated_direct_selective,1209.0,1214.2,1215.6,334800,47,718,3960,3960,17,0,23,47,46,94,23408,0,0,false
8,1pct,generated_scan_selective,38811.4,38832.0,38879.7,334800,47,7991,5306,5306,4,2,4730,47,4730,94,5306,0,0,false
8,1pct,parquet_full,36685.6,36695.5,36788.6,334800,47,0,12612,12612,13,0,4730,47,4730,47,12616,0,0,false
8,1pct,parquet_boundary_search_p4096,29765.3,29775.9,29805.3,334800,47,0,10405,10405,5,0,4096,47,4096,47,12076,4,1,true
8,1pct,parquet_boundary_search_p16384,31348.0,31435.3,31514.9,334800,47,0,12326,12326,5,0,4730,47,4730,47,12330,2,1,true
8,1pct,parquet_boundary_search,14528.5,14586.0,14590.2,334800,47,0,3512,3512,5,0,1024,47,1024,47,12616,4,1,true
8,1pct,parquet_row_filter,27080.2,27148.5,27196.2,334800,47,0,3708,3708,9,0,4730,47,4730,47,12616,0,0,false
8,1pct,parquet_page_index_filter,14499.3,14582.7,14674.6,334800,47,0,3512,3512,5,0,1024,47,1024,47,12616,5,1,false
8,10pct,generated_selective,30316.8,30326.9,30344.3,2533014540,484,3265,5306,5306,4,2,23,484,2078,968,5306,0,0,false
8,10pct,generated_fused,80233.4,80268.4,80332.3,2533014540,484,12708,5306,5306,2,2,23,4730,2078,9460,5306,0,0,false
8,10pct,generated_direct_selective,6263.4,6268.8,6269.0,2533014540,484,1530,5880,5880,37,0,23,484,46,968,23408,0,0,false
8,10pct,generated_scan_selective,44156.3,44247.7,44311.7,2533014540,484,8802,5306,5306,4,2,4730,484,4730,968,5306,0,0,false
8,10pct,parquet_full,36991.8,37001.2,37109.3,2533014540,484,0,12612,12612,13,0,4730,484,4730,484,12616,0,0,false
8,10pct,parquet_boundary_search_p4096,30421.1,30521.0,30563.5,2533014540,484,0,10405,10405,5,0,4096,484,4096,484,12076,4,1,true
8,10pct,parquet_boundary_search_p16384,32183.9,32223.0,32227.7,2533014540,484,0,12326,12326,5,0,4730,484,4730,484,12330,2,1,true
8,10pct,parquet_boundary_search,15338.5,15383.3,15394.1,2533014540,484,0,3512,3512,5,0,1024,484,1024,484,12616,4,1,true
8,10pct,parquet_row_filter,27929.3,27980.0,28022.1,2533014540,484,0,3708,3708,9,0,4730,484,4730,484,12616,0,0,false
8,10pct,parquet_page_index_filter,15380.2,15423.8,15494.9,2533014540,484,0,3512,3512,5,0,1024,484,1024,484,12616,5,1,false
8,50pct,generated_selective,56910.0,56954.9,56980.7,35029220800,2365,7746,5306,5306,4,2,24,2365,3405,4730,5306,0,0,false
8,50pct,generated_fused,86930.5,86944.4,86972.7,35029220800,2365,12342,5306,5306,2,2,24,4730,3405,9460,5306,0,0,false
8,50pct,generated_direct_selective,28228.6,28247.9,28268.6,35029220800,2365,6381,11384,11384,84,0,24,2365,48,4730,23408,0,0,false
8,50pct,generated_scan_selective,66911.1,66943.5,67038.3,35029220800,2365,13649,5306,5306,4,2,4730,2365,4730,4730,5306,0,0,false
8,50pct,parquet_full,38098.8,38136.9,38163.5,35029220800,2365,0,12612,12612,13,0,4730,2365,4730,2365,12616,0,0,false
8,50pct,parquet_boundary_search_p4096,34069.0,34086.4,34135.6,35029220800,2365,0,10405,10405,5,0,4096,2365,4096,2365,12076,4,1,true
8,50pct,parquet_boundary_search_p16384,35770.6,35794.8,35885.7,35029220800,2365,0,12326,12326,5,0,4730,2365,4730,2365,12330,2,1,true
8,50pct,parquet_boundary_search,32122.2,32226.1,32229.0,35029220800,2365,0,8796,8796,9,0,3072,2365,3072,2365,12616,5,3,true
8,50pct,parquet_row_filter,37926.9,38000.3,38018.6,35029220800,2365,0,8894,8894,11,0,4730,2365,4730,2365,12616,0,0,false
8,50pct,parquet_page_index_filter,31955.8,31979.3,32000.8,35029220800,2365,0,8796,8796,9,0,3072,2365,3072,2365,12616,5,3,false
9,0.1pct,generated_selective,25313.7,25329.9,25383.9,511,4,2705,5347,5347,4,2,23,4,4648,5,5347,0,0,false
9,0.1pct,generated_fused,42012.9,42017.5,42028.6,511,4,7739,5347,5347,2,2,23,4032,4648,4033,5347,0,0,false
9,0.1pct,generated_direct_selective,619.6,621.9,625.1,511,4,608,3712,3712,14,0,23,4,46,5,16512,0,0,false
9,0.1pct,generated_scan_selective,24667.9,24681.2,24701.9,511,4,5806,5347,5347,4,2,4032,4,4032,5,5347,0,0,false
9,0.1pct,parquet_full,22045.3,22090.5,22093.9,511,4,0,5991,5991,11,0,4032,4,4032,4,5995,0,0,false
9,0.1pct,parquet_boundary_search_p4096,21760.7,21792.3,21848.6,511,4,0,5554,5554,5,0,4032,4,4032,4,5558,2,1,true
9,0.1pct,parquet_boundary_search_p16384,21677.4,21681.6,21736.2,511,4,0,5554,5554,5,0,4032,4,4032,4,5558,2,1,true
9,0.1pct,parquet_boundary_search,11830.5,11835.9,11859.7,511,4,0,2138,2138,5,0,1024,4,1024,4,5995,5,1,true
9,0.1pct,parquet_row_filter,22008.1,22036.8,22101.0,511,4,0,2338,2338,8,0,4032,4,4032,4,5995,0,0,false
9,0.1pct,parquet_page_index_filter,11882.2,11895.9,11938.8,511,4,0,2138,2138,5,0,1024,4,1024,4,5995,4,1,false
9,1pct,generated_selective,25273.8,25278.8,25281.2,3202,40,2699,5347,5347,4,2,23,40,4573,41,5347,0,0,false
9,1pct,generated_fused,41838.2,41847.4,41867.9,3202,40,7689,5347,5347,2,2,23,4032,4573,4033,5347,0,0,false
9,1pct,generated_direct_selective,796.1,798.5,799.0,3202,40,658,3712,3712,14,0,23,40,46,41,16512,0,0,false
9,1pct,generated_scan_selective,24876.2,24882.2,24896.8,3202,40,5850,5347,5347,4,2,4032,40,4032,41,5347,0,0,false
9,1pct,parquet_full,22048.4,22106.6,22139.4,3202,40,0,5991,5991,11,0,4032,40,4032,40,5995,0,0,false
9,1pct,parquet_boundary_search_p4096,21881.3,21884.6,21889.9,3202,40,0,5554,5554,5,0,4032,40,4032,40,5558,2,1,true
9,1pct,parquet_boundary_search_p16384,21906.4,21913.9,21991.4,3202,40,0,5554,5554,5,0,4032,40,4032,40,5558,2,1,true
9,1pct,parquet_boundary_search,12060.1,12063.4,12149.8,3202,40,0,2138,2138,5,0,1024,40,1024,40,5995,5,1,true
9,1pct,parquet_row_filter,22162.1,22178.1,22218.1,3202,40,0,2338,2338,8,0,4032,40,4032,40,5995,0,0,false
9,1pct,parquet_page_index_filter,12007.7,12009.7,12029.4,3202,40,0,2138,2138,5,0,1024,40,1024,40,5995,4,1,false
9,10pct,generated_selective,19496.7,19501.5,19518.4,29982,403,2811,5347,5347,4,2,23,403,2702,404,5347,0,0,false
9,10pct,generated_fused,34801.0,34827.5,34828.2,29982,403,7346,5347,5347,2,2,23,4032,2702,4033,5347,0,0,false
9,10pct,generated_direct_selective,2187.3,2192.4,2195.3,29982,403,1111,4192,4192,14,0,23,403,46,404,16512,0,0,false
9,10pct,generated_scan_selective,26599.7,26608.3,26613.8,29982,403,6305,5347,5347,4,2,4032,403,4032,404,5347,0,0,false
9,10pct,parquet_full,21293.5,21314.5,21346.4,29982,403,0,5991,5991,11,0,4032,403,4032,403,5995,0,0,false
9,10pct,parquet_boundary_search_p4096,22502.4,22524.5,22676.9,29982,403,0,5554,5554,5,0,4032,403,4032,403,5558,2,1,true
9,10pct,parquet_boundary_search_p16384,22495.0,22536.5,22542.1,29982,403,0,5554,5554,5,0,4032,403,4032,403,5558,2,1,true
9,10pct,parquet_boundary_search,16694.9,16801.2,16815.4,29982,403,0,3442,3442,7,0,2048,403,2048,403,5995,5,2,true
9,10pct,parquet_row_filter,23274.7,23325.7,23358.5,29982,403,0,3558,3558,9,0,4032,403,4032,403,5995,0,0,false
9,10pct,parquet_page_index_filter,16712.9,16738.6,16751.3,29982,403,0,3442,3442,7,0,2048,403,2048,403,5995,4,2,false
9,50pct,generated_selective,32680.9,32683.2,32718.1,121749,2016,5231,5347,5347,4,2,23,2016,4579,2017,5347,0,0,false
9,50pct,generated_fused,42556.4,42565.8,42600.1,121749,2016,7751,5347,5347,2,2,23,4032,4579,4033,5347,0,0,false
9,50pct,generated_direct_selective,8125.4,8135.5,8139.0,121749,2016,3124,6608,6608,15,0,23,2016,46,2017,16512,0,0,false
9,50pct,generated_scan_selective,34008.5,34030.2,34030.9,121749,2016,8320,5347,5347,4,2,4032,2016,4032,2017,5347,0,0,false
9,50pct,parquet_full,22033.4,22038.4,22092.4,121749,2016,0,5991,5991,11,0,4032,2016,4032,2016,5995,0,0,false
9,50pct,parquet_boundary_search_p4096,24713.1,24713.6,24758.7,121749,2016,0,5554,5554,5,0,4032,2016,4032,2016,5558,2,1,true
9,50pct,parquet_boundary_search_p16384,24575.7,24626.1,24629.2,121749,2016,0,5554,5554,5,0,4032,2016,4032,2016,5558,2,1,true
9,50pct,parquet_boundary_search,23085.3,23128.7,23143.7,121749,2016,0,4762,4762,9,0,3072,2016,3072,2016,5995,5,3,true
9,50pct,parquet_row_filter,26316.5,26349.4,26402.2,121749,2016,0,4811,4811,10,0,4032,2016,4032,2016,5995,0,0,false
9,50pct,parquet_page_index_filter,23373.3,23377.0,23401.7,121749,2016,0,4762,4762,9,0,3072,2016,3072,2016,5995,4,3,false
10,0.1pct,generated_selective,16453.5,16481.9,16500.7,56405898,1,1784,5132,5132,4,2,20,1,2200,110,5132,0,0,false
10,0.1pct,generated_fused,24981.1,24997.2,25029.5,56405898,1,6053,5132,5132,2,2,20,1243,2200,1243,5132,0,0,false
10,0.1pct,generated_direct_selective,537.4,538.2,539.4,56405898,1,590,2832,2832,11,0,20,1,40,2,8480,0,0,false
10,0.1pct,generated_scan_selective,12380.1,12382.5,12383.8,56405898,1,2647,5132,5132,4,2,1243,1,1243,110,5132,0,0,false
10,0.1pct,parquet_full,12052.4,12057.4,12129.9,56405898,1,0,5112,5112,7,0,1243,1,1243,1,5116,0,0,false
10,0.1pct,parquet_boundary_search_p4096,13140.8,13155.5,13181.0,56405898,1,0,4982,4982,5,0,1243,1,1243,1,4986,2,1,true
10,0.1pct,parquet_boundary_search_p16384,13117.5,13120.2,13137.5,56405898,1,0,4982,4982,5,0,1243,1,1243,1,4986,2,1,true
10,0.1pct,parquet_boundary_search,11514.5,11527.4,11545.1,56405898,1,0,4304,4304,5,0,1024,1,1024,1,5116,4,1,true
10,0.1pct,parquet_row_filter,13094.0,13168.2,13173.3,56405898,1,0,4347,4347,6,0,1243,1,1243,1,5116,0,0,false
10,0.1pct,parquet_page_index_filter,11503.8,11509.3,11519.0,56405898,1,0,4304,4304,5,0,1024,1,1024,1,5116,2,1,false
10,1pct,generated_selective,15736.2,15754.1,15794.0,713746114,12,1793,5132,5132,4,2,19,12,2063,115,5132,0,0,false
10,1pct,generated_fused,24314.5,24326.4,24340.3,713746114,12,6043,5132,5132,2,2,19,1243,2063,1243,5132,0,0,false
10,1pct,generated_direct_selective,579.9,583.7,584.2,713746114,12,636,2832,2832,11,0,19,12,38,13,8480,0,0,false
10,1pct,generated_scan_selective,12778.1,12782.3,12782.8,713746114,12,2666,5132,5132,4,2,1243,12,1243,115,5132,0,0,false
10,1pct,parquet_full,11994.1,12038.3,12064.4,713746114,12,0,5112,5112,7,0,1243,12,1243,12,5116,0,0,false
10,1pct,parquet_boundary_search_p4096,13221.5,13252.6,13299.7,713746114,12,0,4982,4982,5,0,1243,12,1243,12,4986,2,1,true
10,1pct,parquet_boundary_search_p16384,13275.8,13285.9,13322.0,713746114,12,0,4982,4982,5,0,1243,12,1243,12,4986,2,1,true
10,1pct,parquet_boundary_search,11630.7,11638.6,11662.7,713746114,12,0,4304,4304,5,0,1024,12,1024,12,5116,4,1,true
10,1pct,parquet_row_filter,13213.0,13219.3,13224.7,713746114,12,0,4347,4347,6,0,1243,12,1243,12,5116,0,0,false
10,1pct,parquet_page_index_filter,11548.1,11569.2,11588.6,713746114,12,0,4304,4304,5,0,1024,12,1024,12,5116,2,1,false
10,10pct,generated_selective,18166.7,18208.4,18214.6,5997398414,124,2014,5132,5132,4,2,20,124,2391,171,5132,0,0,false
10,10pct,generated_fused,26729.3,26787.5,26791.0,5997398414,124,6054,5132,5132,2,2,20,1243,2391,1243,5132,0,0,false
10,10pct,generated_direct_selective,1012.9,1017.5,1019.0,5997398414,124,1059,3008,3008,10,0,20,124,40,125,8480,0,0,false
10,10pct,generated_scan_selective,13110.9,13115.1,13130.2,5997398414,124,2876,5132,5132,4,2,1243,124,1243,171,5132,0,0,false
10,10pct,parquet_full,12126.9,12158.9,12161.8,5997398414,124,0,5112,5112,7,0,1243,124,1243,124,5116,0,0,false
10,10pct,parquet_boundary_search_p4096,13522.8,13549.1,13562.9,5997398414,124,0,4982,4982,5,0,1243,124,1243,124,4986,2,1,true
10,10pct,parquet_boundary_search_p16384,13593.2,13612.1,13664.0,5997398414,124,0,4982,4982,5,0,1243,124,1243,124,4986,2,1,true
10,10pct,parquet_boundary_search,11867.3,11903.5,11915.4,5997398414,124,0,4304,4304,5,0,1024,124,1024,124,5116,4,1,true
10,10pct,parquet_row_filter,13533.7,13556.6,13570.2,5997398414,124,0,4347,4347,6,0,1243,124,1243,124,5116,0,0,false
10,10pct,parquet_page_index_filter,11836.4,11838.7,11841.7,5997398414,124,0,4304,4304,5,0,1024,124,1024,124,5116,2,1,false
10,50pct,generated_selective,21166.7,21168.3,21192.8,21092643372,621,3917,5132,5132,4,2,21,621,2529,676,5132,0,0,false
10,50pct,generated_fused,28342.0,28384.5,28431.8,21092643372,621,6054,5132,5132,2,2,21,1243,2529,1243,5132,0,0,false
10,50pct,generated_direct_selective,2916.8,2917.9,2919.0,21092643372,621,2923,4928,4928,10,0,21,621,42,622,8480,0,0,false
10,50pct,generated_scan_selective,15908.3,15929.1,15930.4,21092643372,621,4779,5132,5132,4,2,1243,621,1243,676,5132,0,0,false
10,50pct,parquet_full,12413.6,12460.9,12551.6,21092643372,621,0,5112,5112,7,0,1243,621,1243,621,5116,0,0,false
10,50pct,parquet_boundary_search_p4096,14245.0,14263.1,14362.9,21092643372,621,0,4982,4982,5,0,1243,621,1243,621,4986,2,1,true
10,50pct,parquet_boundary_search_p16384,14219.3,14260.1,14268.1,21092643372,621,0,4982,4982,5,0,1243,621,1243,621,4986,2,1,true
10,50pct,parquet_boundary_search,12714.7,12726.0,12750.6,21092643372,621,0,4304,4304,5,0,1024,621,1024,621,5116,4,1,true
10,50pct,parquet_row_filter,14295.8,14319.4,14398.5,21092643372,621,0,4347,4347,6,0,1243,621,1243,621,5116,0,0,false
10,50pct,parquet_page_index_filter,12631.9,12636.2,12652.6,21092643372,621,0,4304,4304,5,0,1024,621,1024,621,5116,2,1,false
11,0.1pct,generated_selective,27638.6,27640.7,27698.7,182914,10,2665,19358,19358,4,2,25,10,1996,45,19358,0,0,false
11,0.1pct,generated_fused,101980.9,102003.2,102037.1,182914,10,23455,19358,19358,2,2,25,10320,1996,10320,19358,0,0,false
11,0.1pct,generated_direct_selective,722.6,724.6,726.4,182914,10,640,5184,5184,16,0,25,10,50,11,53776,0,0,false
11,0.1pct,generated_scan_selective,70198.6,70246.2,70359.5,182914,10,16503,19358,19358,4,2,10320,10,10320,45,19358,0,0,false
11,0.1pct,parquet_full,48015.8,48019.6,48060.9,182914,10,0,20307,20307,25,0,10320,10,10320,10,20311,0,0,false
11,0.1pct,parquet_boundary_search_p4096,20874.3,20878.9,20947.0,182914,10,0,8149,8149,5,0,4096,10,4096,10,19217,4,1,true
11,0.1pct,parquet_boundary_search_p16384,43261.0,43413.4,43457.5,182914,10,0,18917,18917,5,0,10320,10,10320,10,18921,2,1,true
11,0.1pct,parquet_boundary_search,11487.1,11493.9,11510.4,182914,10,0,3222,3222,5,0,1024,10,1024,10,20311,6,1,true
11,0.1pct,parquet_row_filter,42636.6,42687.3,42734.4,182914,10,0,3705,3705,15,0,10320,10,10320,10,20311,0,0,false
11,0.1pct,parquet_page_index_filter,11543.4,11557.7,11660.1,182914,10,0,3222,3222,5,0,1024,10,1024,10,20311,11,1,false
11,1pct,generated_selective,33789.5,33795.9,33841.5,1719974,103,3036,19358,19358,4,2,26,103,3189,347,19358,0,0,false
11,1pct,generated_fused,107083.6,107085.8,107091.9,1719974,103,23216,19358,19358,2,2,26,10320,3189,10320,19358,0,0,false
11,1pct,generated_direct_selective,1082.3,1087.1,1088.2,1719974,103,834,5440,5440,16,0,26,103,52,104,53776,0,0,false
11,1pct,generated_scan_selective,71698.0,71796.3,71798.6,1719974,103,17113,19358,19358,4,2,10320,103,10320,347,19358,0,0,false
11,1pct,parquet_full,45113.3,45163.2,45249.6,1719974,103,0,20307,20307,25,0,10320,103,10320,103,20311,0,0,false
11,1pct,parquet_boundary_search_p4096,21006.9,21018.5,21058.1,1719974,103,0,8149,8149,5,0,4096,103,4096,103,19217,4,1,true
11,1pct,parquet_boundary_search_p16384,43104.9,43128.1,43137.0,1719974,103,0,18917,18917,5,0,10320,103,10320,103,18921,2,1,true
11,1pct,parquet_boundary_search,16263.1,16296.6,16313.7,1719974,103,0,5109,5109,7,0,2048,103,2048,103,20311,7,2,true
11,1pct,parquet_row_filter,43773.7,43806.2,43909.9,1719974,103,0,5543,5543,16,0,10320,103,10320,103,20311,0,0,false
11,1pct,parquet_page_index_filter,16241.0,16248.1,16291.1,1719974,103,0,5109,5109,7,0,2048,103,2048,103,20311,11,2,false
11,10pct,generated_selective,33792.4,33836.6,33873.9,16551387,1032,4851,19358,19358,4,2,27,1032,2336,1068,19358,0,0,false
11,10pct,generated_fused,105529.5,105529.5,105551.1,16551387,1032,23571,19358,19358,2,2,27,10320,2336,10320,19358,0,0,false
11,10pct,generated_direct_selective,4572.4,4575.8,4576.1,16551387,1032,2694,7232,7232,16,0,27,1032,54,1033,53776,0,0,false
11,10pct,generated_scan_selective,75471.8,75588.1,75627.4,16551387,1032,18573,19358,19358,4,2,10320,1032,10320,1068,19358,0,0,false
11,10pct,parquet_full,45641.6,45694.8,45769.7,16551387,1032,0,20307,20307,25,0,10320,1032,10320,1032,20311,0,0,false
11,10pct,parquet_boundary_search_p4096,22615.9,22619.4,22700.5,16551387,1032,0,8149,8149,5,0,4096,1032,4096,1032,19217,4,1,true
11,10pct,parquet_boundary_search_p16384,44952.0,44965.7,45143.5,16551387,1032,0,18917,18917,5,0,10320,1032,10320,1032,18921,2,1,true
11,10pct,parquet_boundary_search,17896.8,17939.4,17972.6,16551387,1032,0,5109,5109,7,0,2048,1032,2048,1032,20311,7,2,true
11,10pct,parquet_row_filter,45474.1,45525.3,45593.1,16551387,1032,0,5543,5543,16,0,10320,1032,10320,1032,20311,0,0,false
11,10pct,parquet_page_index_filter,17884.2,17910.4,17930.4,16551387,1032,0,5109,5109,7,0,2048,1032,2048,1032,20311,11,2,false
11,50pct,generated_selective,53021.5,53022.3,53086.4,80404463,5160,13639,19358,19358,4,2,26,5160,2519,5180,19358,0,0,false
11,50pct,generated_fused,114742.2,114778.2,114876.0,80404463,5160,24039,19358,19358,2,2,26,10320,2519,10320,19358,0,0,false
11,50pct,generated_direct_selective,19841.4,19845.3,19850.1,80404463,5160,10948,16224,16224,18,0,26,5160,52,5161,53776,0,0,false
11,50pct,generated_scan_selective,97038.6,97051.2,97218.4,80404463,5160,26893,19358,19358,4,2,10320,5160,10320,5180,19358,0,0,false
11,50pct,parquet_full,48672.1,48692.1,48780.8,80404463,5160,0,20307,20307,25,0,10320,5160,10320,5160,20311,0,0,false
11,50pct,parquet_boundary_search_p4096,45398.2,45509.7,45521.4,80404463,5160,0,15351,15351,7,0,8192,5160,8192,5160,19217,4,2,true
11,50pct,parquet_boundary_search_p16384,52006.2,52143.7,52214.1,80404463,5160,0,18917,18917,5,0,10320,5160,10320,5160,18921,2,1,true
11,50pct,parquet_boundary_search,42102.1,42186.8,42197.0,80404463,5160,0,12616,12616,15,0,6144,5160,6144,5160,20311,7,6,true
11,50pct,parquet_row_filter,56388.8,56437.4,56512.8,80404463,5160,0,12854,12854,20,0,10320,5160,10320,5160,20311,0,0,false
11,50pct,parquet_page_index_filter,42021.6,42053.8,42111.5,80404463,5160,0,12616,12616,15,0,6144,5160,6144,5160,20311,11,6,false
12,0.1pct,generated_selective,28173.5,28195.6,28208.4,779,2,2805,6034,6034,4,2,21,2,3477,227,6034,0,0,false
12,0.1pct,generated_fused,45425.7,45434.6,45443.0,779,2,6845,6034,6034,2,2,21,2500,3477,2500,6034,0,0,false
12,0.1pct,generated_direct_selective,588.5,592.1,593.2,779,2,605,3312,3312,12,0,21,2,42,3,12160,0,0,false
12,0.1pct,generated_scan_selective,25254.5,25254.7,25263.5,779,2,6730,6034,6034,4,2,2500,2,2500,227,6034,0,0,false
12,0.1pct,parquet_full,25172.5,25177.1,25189.7,779,2,0,7124,7124,9,0,2500,2,2500,2,7128,0,0,false
12,0.1pct,parquet_boundary_search_p4096,24132.1,24163.5,24251.5,779,2,0,6674,6674,5,0,2500,2,2500,2,6678,2,1,true
12,0.1pct,parquet_boundary_search_p16384,24183.4,24214.7,24224.1,779,2,0,6674,6674,5,0,2500,2,2500,2,6678,2,1,true
12,0.1pct,parquet_boundary_search,15221.8,15247.5,15284.4,779,2,0,3281,3281,5,0,1024,2,1024,2,7128,4,1,true
12,0.1pct,parquet_row_filter,25629.3,25631.9,25642.8,779,2,0,4894,4894,7,0,2500,2,2500,2,7128,0,0,false
12,0.1pct,parquet_page_index_filter,15146.5,15152.0,15157.0,779,2,0,3281,3281,5,0,1024,2,1024,2,7128,3,1,false
12,1pct,generated_selective,31092.8,31101.4,31176.3,8500,25,2784,6034,6034,4,2,23,25,4136,238,6034,0,0,false
12,1pct,generated_fused,48349.9,48368.2,48416.8,8500,25,6805,6034,6034,2,2,23,2500,4136,2500,6034,0,0,false
12,1pct,generated_direct_selective,754.7,757.7,757.9,8500,25,650,3312,3312,12,0,23,25,46,26,12160,0,0,false
12,1pct,generated_scan_selective,25325.1,25346.2,25380.8,8500,25,6749,6034,6034,4,2,2500,25,2500,238,6034,0,0,false
12,1pct,parquet_full,25004.2,25133.1,25146.2,8500,25,0,7124,7124,9,0,2500,25,2500,25,7128,0,0,false
12,1pct,parquet_boundary_search_p4096,24127.0,24148.0,24253.7,8500,25,0,6674,6674,5,0,2500,25,2500,25,6678,2,1,true
12,1pct,parquet_boundary_search_p16384,24115.3,24124.9,24157.0,8500,25,0,6674,6674,5,0,2500,25,2500,25,6678,2,1,true
12,1pct,parquet_boundary_search,15356.4,15373.7,15374.9,8500,25,0,3281,3281,5,0,1024,25,1024,25,7128,4,1,true
12,1pct,parquet_row_filter,25756.9,25785.9,25851.3,8500,25,0,4894,4894,7,0,2500,25,2500,25,7128,0,0,false
12,1pct,parquet_page_index_filter,15206.5,15223.3,15256.2,8500,25,0,3281,3281,5,0,1024,25,1024,25,7128,3,1,false
12,10pct,generated_selective,23806.9,23807.5,23816.0,84588,250,2926,6034,6034,4,2,22,250,2303,351,6034,0,0,false
12,10pct,generated_fused,40953.1,40971.3,40975.7,84588,250,6742,6034,6034,2,2,22,2500,2303,2500,6034,0,0,false
12,10pct,generated_direct_selective,1595.1,1595.5,1600.8,84588,250,1016,3728,3728,12,0,22,250,44,251,12160,0,0,false
12,10pct,generated_scan_selective,26053.2,26069.1,26088.0,84588,250,6954,6034,6034,4,2,2500,250,2500,351,6034,0,0,false
12,10pct,parquet_full,25270.5,25295.1,25364.6,84588,250,0,7124,7124,9,0,2500,250,2500,250,7128,0,0,false
12,10pct,parquet_boundary_search_p4096,24470.0,24478.4,24539.5,84588,250,0,6674,6674,5,0,2500,250,2500,250,6678,2,1,true
12,10pct,parquet_boundary_search_p16384,24531.8,24618.4,24622.7,84588,250,0,6674,6674,5,0,2500,250,2500,250,6678,2,1,true
12,10pct,parquet_boundary_search,15513.8,15536.8,15710.1,84588,250,0,3281,3281,5,0,1024,250,1024,250,7128,4,1,true
12,10pct,parquet_row_filter,26018.0,26046.9,26079.4,84588,250,0,4894,4894,7,0,2500,250,2500,250,7128,0,0,false
12,10pct,parquet_page_index_filter,15616.6,15621.1,15659.6,84588,250,0,3281,3281,5,0,1024,250,1024,250,7128,3,1,false
12,50pct,generated_selective,28193.0,28258.0,28282.2,475636,1250,4949,6034,6034,4,2,22,1250,2229,1363,6034,0,0,false
12,50pct,generated_fused,42677.9,42692.8,42700.5,475636,1250,6966,6034,6034,2,2,22,2500,2229,2500,6034,0,0,false
12,50pct,generated_direct_selective,5295.7,5301.3,5303.9,475636,1250,2638,5392,5392,12,0,22,1250,44,1251,12160,0,0,false
12,50pct,generated_scan_selective,31496.0,31503.3,31505.7,475636,1250,8753,6034,6034,4,2,2500,1250,2500,1363,6034,0,0,false
12,50pct,parquet_full,25907.7,25951.4,25980.2,475636,1250,0,7124,7124,9,0,2500,1250,2500,1250,7128,0,0,false
12,50pct,parquet_boundary_search_p4096,25914.1,25941.1,26104.3,475636,1250,0,6674,6674,5,0,2500,1250,2500,1250,6678,2,1,true
12,50pct,parquet_boundary_search_p16384,25981.5,26019.7,26092.9,475636,1250,0,6674,6674,5,0,2500,1250,2500,1250,6678,2,1,true
12,50pct,parquet_boundary_search,25924.4,25935.7,25952.8,475636,1250,0,5873,5873,7,0,2048,1250,2048,1250,7128,4,2,true
12,50pct,parquet_row_filter,29022.1,29139.3,29143.5,475636,1250,0,6395,6395,8,0,2500,1250,2500,1250,7128,0,0,false
12,50pct,parquet_page_index_filter,25819.2,25912.7,25943.8,475636,1250,0,5873,5873,7,0,2048,1250,2048,1250,7128,3,2,false
13,0.1pct,generated_selective,19883.5,19894.1,19900.2,1114,2,2187,6158,6158,4,2,21,2,1720,58,6158,0,0,false
13,0.1pct,generated_fused,35363.8,35366.7,35371.5,1114,2,5925,6158,6158,2,2,21,2162,1720,2162,6158,0,0,false
13,0.1pct,generated_direct_selective,584.1,585.2,585.6,1114,2,604,3312,3312,12,0,21,2,42,3,10432,0,0,false
13,0.1pct,generated_scan_selective,22552.2,22555.6,22560.0,1114,2,5668,6158,6158,4,2,2162,2,2162,58,6158,0,0,false
13,0.1pct,parquet_full,24185.3,24200.8,24224.5,1114,2,0,7158,7158,9,0,2162,2,2162,2,7162,0,0,false
13,0.1pct,parquet_boundary_search_p4096,22894.1,22932.4,22949.1,1114,2,0,6777,6777,5,0,2162,2,2162,2,6781,2,1,true
13,0.1pct,parquet_boundary_search_p16384,22840.8,22884.7,22888.2,1114,2,0,6777,6777,5,0,2162,2,2162,2,6781,2,1,true
13,0.1pct,parquet_boundary_search,15202.2,15210.6,15224.1,1114,2,0,3642,3642,5,0,1024,2,1024,2,7162,4,1,true
13,0.1pct,parquet_row_filter,24194.2,24210.1,24245.9,1114,2,0,5264,5264,7,0,2162,2,2162,2,7162,0,0,false
13,0.1pct,parquet_page_index_filter,15138.3,15163.2,15179.1,1114,2,0,3642,3642,5,0,1024,2,1024,2,7162,3,1,false
13,1pct,generated_selective,19779.3,19782.8,19807.5,8698,21,2156,6158,6158,4,2,21,21,1680,67,6158,0,0,false
13,1pct,generated_fused,35237.6,35250.8,35266.7,8698,21,5878,6158,6158,2,2,21,2162,1680,2162,6158,0,0,false
13,1pct,generated_direct_selective,692.7,694.8,695.6,8698,21,636,3312,3312,12,0,21,21,42,22,10432,0,0,false
13,1pct,generated_scan_selective,22638.8,22668.6,22694.5,8698,21,5684,6158,6158,4,2,2162,21,2162,67,6158,0,0,false
13,1pct,parquet_full,24185.9,24195.3,24197.2,8698,21,0,7158,7158,9,0,2162,21,2162,21,7162,0,0,false
13,1pct,parquet_boundary_search_p4096,22892.0,22932.0,22955.6,8698,21,0,6777,6777,5,0,2162,21,2162,21,6781,2,1,true
13,1pct,parquet_boundary_search_p16384,22902.8,22909.4,22961.3,8698,21,0,6777,6777,5,0,2162,21,2162,21,6781,2,1,true
13,1pct,parquet_boundary_search,15181.6,15192.4,15210.9,8698,21,0,3642,3642,5,0,1024,21,1024,21,7162,4,1,true
13,1pct,parquet_row_filter,24151.1,24217.7,24251.3,8698,21,0,5264,5264,7,0,2162,21,2162,21,7162,0,0,false
13,1pct,parquet_page_index_filter,15246.5,15249.8,15257.9,8698,21,0,3642,3642,5,0,1024,21,1024,21,7162,3,1,false
13,10pct,generated_selective,28944.3,28948.5,28950.4,67603,216,2665,6158,6158,4,2,22,216,3465,421,6158,0,0,false
13,10pct,generated_fused,43194.2,43245.1,43261.7,67603,216,5761,6158,6158,2,2,22,2162,3465,2162,6158,0,0,false
13,10pct,generated_direct_selective,1467.0,1470.6,1470.8,67603,216,959,3360,3360,11,0,22,216,44,217,10432,0,0,false
13,10pct,generated_scan_selective,24380.0,24381.5,24403.8,67603,216,6310,6158,6158,4,2,2162,216,2162,421,6158,0,0,false
13,10pct,parquet_full,24052.0,24110.8,24116.8,67603,216,0,7158,7158,9,0,2162,216,2162,216,7162,0,0,false
13,10pct,parquet_boundary_search_p4096,23110.9,23198.4,23257.6,67603,216,0,6777,6777,5,0,2162,216,2162,216,6781,2,1,true
13,10pct,parquet_boundary_search_p16384,23032.8,23057.2,23087.7,67603,216,0,6777,6777,5,0,2162,216,2162,216,6781,2,1,true
13,10pct,parquet_boundary_search,24134.9,24162.4,24180.9,67603,216,0,6780,6780,7,0,2048,216,2048,216,7162,4,2,true
13,10pct,parquet_row_filter,25667.2,25676.6,25732.2,67603,216,0,6973,6973,8,0,2162,216,2162,216,7162,0,0,false
13,10pct,parquet_page_index_filter,24099.6,24119.1,24119.3,67603,216,0,6780,6780,7,0,2048,216,2048,216,7162,3,2,false
13,50pct,generated_selective,25404.9,25411.1,25430.4,363853,1081,4072,6158,6158,4,2,22,1081,1867,1109,6158,0,0,false
13,50pct,generated_fused,38275.2,38279.2,38280.0,363853,1081,5943,6158,6158,2,2,22,2162,1867,2162,6158,0,0,false
13,50pct,generated_direct_selective,4675.8,4680.3,4686.9,363853,1081,2366,4976,4976,12,0,22,1081,44,1082,10432,0,0,false
13,50pct,generated_scan_selective,28202.3,28217.5,28247.4,363853,1081,7535,6158,6158,4,2,2162,1081,2162,1109,6158,0,0,false
13,50pct,parquet_full,24309.2,24348.0,24351.1,363853,1081,0,7158,7158,9,0,2162,1081,2162,1081,7162,0,0,false
13,50pct,parquet_boundary_search_p4096,24818.0,24826.5,24901.9,363853,1081,0,6777,6777,5,0,2162,1081,2162,1081,6781,2,1,true
13,50pct,parquet_boundary_search_p16384,24795.7,24803.3,24805.9,363853,1081,0,6777,6777,5,0,2162,1081,2162,1081,6781,2,1,true
13,50pct,parquet_boundary_search,25847.6,25861.6,25883.7,363853,1081,0,6780,6780,7,0,2048,1081,2048,1081,7162,4,2,true
13,50pct,parquet_row_filter,27448.3,27528.1,27547.2,363853,1081,0,6973,6973,8,0,2162,1081,2162,1081,7162,0,0,false
13,50pct,parquet_page_index_filter,25801.1,25806.0,25818.1,363853,1081,0,6780,6780,7,0,2048,1081,2048,1081,7162,3,2,false
14,0.1pct,generated_selective,26547.7,26574.9,26597.1,722,2,2954,4293,4293,4,2,21,2,3241,4,4293,0,0,false
14,0.1pct,generated_fused,54312.3,54328.3,54351.1,722,2,6716,4293,4293,2,2,21,2380,3241,4760,4293,0,0,false
14,0.1pct,generated_direct_selective,565.1,566.2,568.7,722,2,599,3072,3072,12,0,21,2,42,3,10672,0,0,false
14,0.1pct,generated_scan_selective,24145.1,24150.2,24169.6,722,2,6668,4293,4293,4,2,2380,2,2380,4,4293,0,0,false
14,0.1pct,parquet_full,23759.5,23915.8,23966.3,722,2,0,6102,6102,9,0,2380,2,2380,2,6106,0,0,false
14,0.1pct,parquet_boundary_search_p4096,22739.9,22747.6,22784.4,722,2,0,5692,5692,5,0,2380,2,2380,2,5696,2,1,true
14,0.1pct,parquet_boundary_search_p16384,22595.9,22617.5,22629.4,722,2,0,5692,5692,5,0,2380,2,2380,2,5696,2,1,true
14,0.1pct,parquet_boundary_search,14942.7,14943.6,14963.2,722,2,0,2997,2997,5,0,1024,2,1024,2,6106,4,1,true
14,0.1pct,parquet_row_filter,24506.8,24574.3,24577.0,722,2,0,4079,4079,7,0,2380,2,2380,2,6106,0,0,false
14,0.1pct,parquet_page_index_filter,14864.5,14904.2,14971.8,722,2,0,2997,2997,5,0,1024,2,1024,2,6106,3,1,false
14,1pct,generated_selective,26684.1,26725.5,26726.8,7927,23,3053,4293,4293,4,2,21,23,3192,46,4293,0,0,false
14,1pct,generated_fused,54149.1,54210.0,54306.2,7927,23,6658,4293,4293,2,2,21,2380,3192,4760,4293,0,0,false
14,1pct,generated_direct_selective,674.7,680.7,684.2,7927,23,635,3072,3072,12,0,21,23,42,24,10672,0,0,false
14,1pct,generated_scan_selective,24447.7,24456.2,24456.8,7927,23,6825,4293,4293,4,2,2380,23,2380,46,4293,0,0,false
14,1pct,parquet_full,23553.0,23572.5,23794.2,7927,23,0,6102,6102,9,0,2380,23,2380,23,6106,0,0,false
14,1pct,parquet_boundary_search_p4096,22810.0,22839.6,22910.1,7927,23,0,5692,5692,5,0,2380,23,2380,23,5696,2,1,true
14,1pct,parquet_boundary_search_p16384,22712.3,22723.8,22773.2,7927,23,0,5692,5692,5,0,2380,23,2380,23,5696,2,1,true
14,1pct,parquet_boundary_search,15036.1,15040.4,15065.2,7927,23,0,2997,2997,5,0,1024,23,1024,23,6106,4,1,true
14,1pct,parquet_row_filter,24562.9,24585.9,24618.0,7927,23,0,4079,4079,7,0,2380,23,2380,23,6106,0,0,false
14,1pct,parquet_page_index_filter,14944.6,15008.6,15031.3,7927,23,0,2997,2997,5,0,1024,23,1024,23,6106,3,1,false
14,10pct,generated_selective,23441.3,23442.5,23443.5,92436,238,3524,4293,4293,4,2,22,238,1773,476,4293,0,0,false
14,10pct,generated_fused,48415.6,48443.3,48458.3,92436,238,6378,4293,4293,2,2,22,2380,1773,4760,4293,0,0,false
14,10pct,generated_direct_selective,1527.5,1536.5,1537.4,92436,238,959,3120,3120,11,0,22,238,44,239,10672,0,0,false
14,10pct,generated_scan_selective,27235.5,27235.5,27255.6,92436,238,7576,4293,4293,4,2,2380,238,2380,476,4293,0,0,false
14,10pct,parquet_full,23861.5,23905.5,23957.2,92436,238,0,6102,6102,9,0,2380,238,2380,238,6106,0,0,false
14,10pct,parquet_boundary_search_p4096,23266.9,23310.9,23320.3,92436,238,0,5692,5692,5,0,2380,238,2380,238,5696,2,1,true
14,10pct,parquet_boundary_search_p16384,23165.4,23218.9,23252.8,92436,238,0,5692,5692,5,0,2380,238,2380,238,5696,2,1,true
14,10pct,parquet_boundary_search,15473.9,15484.4,15551.0,92436,238,0,2997,2997,5,0,1024,238,1024,238,6106,4,1,true
14,10pct,parquet_row_filter,25042.7,25043.5,25077.1,92436,238,0,4079,4079,7,0,2380,238,2380,238,6106,0,0,false
14,10pct,parquet_page_index_filter,15427.3,15427.5,15481.7,92436,238,0,2997,2997,5,0,1024,238,1024,238,6106,3,1,false
14,50pct,generated_selective,39610.1,39633.7,39641.1,505888,1190,5603,4293,4293,4,2,22,1190,2968,2380,4293,0,0,false
14,50pct,generated_fused,53770.2,53792.4,53844.1,505888,1190,7073,4293,4293,2,2,22,2380,2968,4760,4293,0,0,false
14,50pct,generated_direct_selective,5100.6,5108.4,5109.4,505888,1190,2389,5136,5136,13,0,22,1190,44,1191,10672,0,0,false
14,50pct,generated_scan_selective,39181.6,39204.5,39223.0,505888,1190,8960,4293,4293,4,2,2380,1190,2380,2380,4293,0,0,false
14,50pct,parquet_full,24484.5,24506.0,24531.5,505888,1190,0,6102,6102,9,0,2380,1190,2380,1190,6106,0,0,false
14,50pct,parquet_boundary_search_p4096,24874.5,24994.2,24998.4,505888,1190,0,5692,5692,5,0,2380,1190,2380,1190,5696,2,1,true
14,50pct,parquet_boundary_search_p16384,24922.0,24968.7,24979.4,505888,1190,0,5692,5692,5,0,2380,1190,2380,1190,5696,2,1,true
14,50pct,parquet_boundary_search,25748.9,25839.3,25865.6,505888,1190,0,5386,5386,7,0,2048,1190,2048,1190,6106,4,2,true
14,50pct,parquet_row_filter,28022.8,28028.3,28102.3,505888,1190,0,5580,5580,8,0,2380,1190,2380,1190,6106,0,0,false
14,50pct,parquet_page_index_filter,25675.7,25694.6,25696.1,505888,1190,0,5386,5386,7,0,2048,1190,2048,1190,6106,3,2,false
15,0.1pct,generated_selective,25873.9,25874.7,25973.4,600,2,2609,5128,5128,4,2,21,2,3477,4,5128,0,0,false
15,0.1pct,generated_fused,55125.6,55151.4,55163.1,600,2,8011,5128,5128,2,2,21,2500,3477,5000,5128,0,0,false
15,0.1pct,generated_direct_selective,566.6,567.0,570.8,600,2,599,3088,3088,12,0,21,2,42,3,11520,0,0,false
15,0.1pct,generated_scan_selective,23105.6,23124.8,23128.5,600,2,6969,5128,5128,4,2,2500,2,2500,4,5128,0,0,false
15,0.1pct,parquet_full,25923.6,25935.6,26016.0,600,2,0,6316,6316,9,0,2500,2,2500,2,6320,0,0,false
15,0.1pct,parquet_boundary_search_p4096,23116.4,23143.7,23168.0,600,2,0,5973,5973,5,0,2500,2,2500,2,5977,2,1,true
15,0.1pct,parquet_boundary_search_p16384,23053.7,23057.5,23065.8,600,2,0,5973,5973,5,0,2500,2,2500,2,5977,2,1,true
15,0.1pct,parquet_boundary_search,15161.0,15166.4,15184.4,600,2,0,3003,3003,5,0,1024,2,1024,2,6320,4,1,true
15,0.1pct,parquet_row_filter,26797.9,26822.3,26826.0,600,2,0,4023,4023,7,0,2500,2,2500,2,6320,0,0,false
15,0.1pct,parquet_page_index_filter,15144.7,15151.1,15151.2,600,2,0,3003,3003,5,0,1024,2,1024,2,6320,3,1,false
15,1pct,generated_selective,29043.3,29106.8,29121.6,5630,25,2751,5128,5128,4,2,23,25,4136,50,5128,0,0,false
15,1pct,generated_fused,57947.9,57956.7,58049.5,5630,25,7967,5128,5128,2,2,23,2500,4136,5000,5128,0,0,false
15,1pct,generated_direct_selective,735.2,736.2,736.4,5630,25,644,3088,3088,12,0,23,25,46,26,11520,0,0,false
15,1pct,generated_scan_selective,23436.5,23443.5,23455.9,5630,25,7155,5128,5128,4,2,2500,25,2500,50,5128,0,0,false
15,1pct,parquet_full,25797.5,25819.4,25907.4,5630,25,0,6316,6316,9,0,2500,25,2500,25,6320,0,0,false
15,1pct,parquet_boundary_search_p4096,23190.1,23200.9,23252.0,5630,25,0,5973,5973,5,0,2500,25,2500,25,5977,2,1,true
15,1pct,parquet_boundary_search_p16384,23136.7,23203.5,23226.2,5630,25,0,5973,5973,5,0,2500,25,2500,25,5977,2,1,true
15,1pct,parquet_boundary_search,15304.0,15308.2,15308.8,5630,25,0,3003,3003,5,0,1024,25,1024,25,6320,4,1,true
15,1pct,parquet_row_filter,26917.3,26938.9,27011.9,5630,25,0,4023,4023,7,0,2500,25,2500,25,6320,0,0,false
15,1pct,parquet_page_index_filter,15257.1,15279.0,15286.2,5630,25,0,3003,3003,5,0,1024,25,1024,25,6320,3,1,false
15,10pct,generated_selective,23929.4,23948.5,23970.0,159580,250,3975,5128,5128,4,2,22,250,2303,500,5128,0,0,false
15,10pct,generated_fused,50382.8,50430.3,50466.8,159580,250,7898,5128,5128,2,2,22,2500,2303,5000,5128,0,0,false
15,10pct,generated_direct_selective,1575.3,1578.8,1581.5,159580,250,1011,3504,3504,12,0,22,250,44,251,11520,0,0,false
15,10pct,generated_scan_selective,26153.7,26156.5,26158.9,159580,250,8448,5128,5128,4,2,2500,250,2500,500,5128,0,0,false
15,10pct,parquet_full,26040.4,26045.9,26083.6,159580,250,0,6316,6316,9,0,2500,250,2500,250,6320,0,0,false
15,10pct,parquet_boundary_search_p4096,23505.3,23569.4,23597.6,159580,250,0,5973,5973,5,0,2500,250,2500,250,5977,2,1,true
15,10pct,parquet_boundary_search_p16384,23489.3,23494.7,23540.2,159580,250,0,5973,5973,5,0,2500,250,2500,250,5977,2,1,true
15,10pct,parquet_boundary_search,15573.4,15603.9,15607.5,159580,250,0,3003,3003,5,0,1024,250,1024,250,6320,4,1,true
15,10pct,parquet_row_filter,27286.1,27296.1,27296.2,159580,250,0,4023,4023,7,0,2500,250,2500,250,6320,0,0,false
15,10pct,parquet_page_index_filter,15470.8,15529.0,15540.0,159580,250,0,3003,3003,5,0,1024,250,1024,250,6320,3,1,false
15,50pct,generated_selective,34784.3,34832.5,34837.3,794556,1250,6229,5128,5128,4,2,22,1250,2229,2500,5128,0,0,false
15,50pct,generated_fused,50574.9,50597.3,50602.1,794556,1250,8147,5128,5128,2,2,22,2500,2229,5000,5128,0,0,false
15,50pct,generated_direct_selective,5296.4,5298.0,5309.9,794556,1250,2629,5168,5168,12,0,22,1250,44,1251,11520,0,0,false
15,50pct,generated_scan_selective,38055.8,38132.2,38133.8,794556,1250,10453,5128,5128,4,2,2500,1250,2500,2500,5128,0,0,false
15,50pct,parquet_full,26871.8,26962.0,27125.2,794556,1250,0,6316,6316,9,0,2500,1250,2500,1250,6320,0,0,false
15,50pct,parquet_boundary_search_p4096,24984.1,25003.6,25029.5,794556,1250,0,5973,5973,5,0,2500,1250,2500,1250,5977,2,1,true
15,50pct,parquet_boundary_search_p16384,24978.9,25107.7,25128.1,794556,1250,0,5973,5973,5,0,2500,1250,2500,1250,5977,2,1,true
15,50pct,parquet_boundary_search,25479.0,25492.4,25544.7,794556,1250,0,5333,5333,7,0,2048,1250,2048,1250,6320,4,2,true
15,50pct,parquet_row_filter,29914.9,29947.7,29987.9,794556,1250,0,5564,5564,8,0,2500,1250,2500,1250,6320,0,0,false
15,50pct,parquet_page_index_filter,25387.2,25429.9,25452.2,794556,1250,0,5333,5333,7,0,2048,1250,2048,1250,6320,3,2,false
16,0.1pct,generated_selective,25903.4,25928.9,25956.2,160,2,2609,3984,3984,4,2,21,2,3477,4,3984,0,0,false
16,0.1pct,generated_fused,55271.0,55301.9,55329.7,160,2,4937,3984,3984,2,2,21,2500,3477,5000,3984,0,0,false
16,0.1pct,generated_direct_selective,565.5,568.0,570.1,160,2,598,2992,2992,12,0,21,2,42,3,9600,0,0,false
16,0.1pct,generated_scan_selective,23015.4,23030.1,23048.6,160,2,6969,3984,3984,4,2,2500,2,2500,4,3984,0,0,false
16,0.1pct,parquet_full,23430.4,23438.8,23477.6,160,2,0,4751,4751,9,0,2500,2,2500,2,4755,0,0,false
16,0.1pct,parquet_boundary_search_p4096,22913.9,22920.7,22953.4,160,2,0,4344,4344,5,0,2500,2,2500,2,4348,2,1,true
16,0.1pct,parquet_boundary_search_p16384,22981.9,22983.5,23007.6,160,2,0,4344,4344,5,0,2500,2,2500,2,4348,2,1,true
16,0.1pct,parquet_boundary_search,14739.5,14747.0,14775.5,160,2,0,2338,2338,5,0,1024,2,1024,2,4755,4,1,true
16,0.1pct,parquet_row_filter,24757.2,24840.7,24904.8,160,2,0,3506,3506,7,0,2500,2,2500,2,4755,0,0,false
16,0.1pct,parquet_page_index_filter,14742.7,14770.5,14804.6,160,2,0,2338,2338,5,0,1024,2,1024,2,4755,3,1,false
16,1pct,generated_selective,28919.3,28924.6,28947.2,2037,25,2710,3984,3984,4,2,23,25,4136,50,3984,0,0,false
16,1pct,generated_fused,58106.1,58122.2,58123.4,2037,25,4893,3984,3984,2,2,23,2500,4136,5000,3984,0,0,false
16,1pct,generated_direct_selective,746.7,747.5,748.9,2037,25,626,2992,2992,12,0,23,25,46,26,9600,0,0,false
16,1pct,generated_scan_selective,23344.2,23352.9,23355.6,2037,25,7114,3984,3984,4,2,2500,25,2500,50,3984,0,0,false
16,1pct,parquet_full,23601.0,23606.5,23628.6,2037,25,0,4751,4751,9,0,2500,25,2500,25,4755,0,0,false
16,1pct,parquet_boundary_search_p4096,23094.2,23215.7,23318.7,2037,25,0,4344,4344,5,0,2500,25,2500,25,4348,2,1,true
16,1pct,parquet_boundary_search_p16384,23120.4,23137.6,23168.9,2037,25,0,4344,4344,5,0,2500,25,2500,25,4348,2,1,true
16,1pct,parquet_boundary_search,14867.9,14918.2,14951.3,2037,25,0,2338,2338,5,0,1024,25,1024,25,4755,4,1,true
16,1pct,parquet_row_filter,24937.7,24941.4,24983.3,2037,25,0,3506,3506,7,0,2500,25,2500,25,4755,0,0,false
16,1pct,parquet_page_index_filter,14863.9,14891.1,14944.9,2037,25,0,2338,2338,5,0,1024,25,1024,25,4755,3,1,false
16,10pct,generated_selective,23866.4,23872.0,23900.6,20816,250,3002,3984,3984,4,2,22,250,2303,500,3984,0,0,false
16,10pct,generated_fused,50438.3,50459.4,50468.3,20816,250,4824,3984,3984,2,2,22,2500,2303,5000,3984,0,0,false
16,10pct,generated_direct_selective,1595.8,1606.7,1609.7,20816,250,824,3216,3216,12,0,22,250,44,251,9600,0,0,false
16,10pct,generated_scan_selective,26106.2,26106.6,26130.9,20816,250,7475,3984,3984,4,2,2500,250,2500,500,3984,0,0,false
16,10pct,parquet_full,23772.8,23834.2,23849.3,20816,250,0,4751,4751,9,0,2500,250,2500,250,4755,0,0,false
16,10pct,parquet_boundary_search_p4096,23450.2,23507.2,23540.5,20816,250,0,4344,4344,5,0,2500,250,2500,250,4348,2,1,true
16,10pct,parquet_boundary_search_p16384,23476.7,23490.2,23538.9,20816,250,0,4344,4344,5,0,2500,250,2500,250,4348,2,1,true
16,10pct,parquet_boundary_search,15143.7,15178.8,15182.3,20816,250,0,2338,2338,5,0,1024,250,1024,250,4755,4,1,true
16,10pct,parquet_row_filter,25263.6,25267.7,25267.7,20816,250,0,3506,3506,7,0,2500,250,2500,250,4755,0,0,false
16,10pct,parquet_page_index_filter,15146.4,15165.6,15195.5,20816,250,0,2338,2338,5,0,1024,250,1024,250,4755,3,1,false
16,50pct,generated_selective,34836.0,34842.5,34875.5,103380,1250,4081,3984,3984,4,2,22,1250,2229,2500,3984,0,0,false
16,50pct,generated_fused,50893.3,50911.6,50921.8,103380,1250,5073,3984,3984,2,2,22,2500,2229,5000,3984,0,0,false
16,50pct,generated_direct_selective,5276.1,5282.1,5289.6,103380,1250,1692,4112,4112,12,0,22,1250,44,1251,9600,0,0,false
16,50pct,generated_scan_selective,37925.2,37937.3,37985.7,103380,1250,8305,3984,3984,4,2,2500,1250,2500,2500,3984,0,0,false
16,50pct,parquet_full,24358.6,24388.6,24424.9,103380,1250,0,4751,4751,9,0,2500,1250,2500,1250,4755,0,0,false
16,50pct,parquet_boundary_search_p4096,24790.7,24816.0,24925.1,103380,1250,0,4344,4344,5,0,2500,1250,2500,1250,4348,2,1,true
16,50pct,parquet_boundary_search_p16384,24765.3,24779.3,24820.0,103380,1250,0,4344,4344,5,0,2500,1250,2500,1250,4348,2,1,true
16,50pct,parquet_boundary_search,24893.9,24925.0,24969.6,103380,1250,0,4103,4103,7,0,2048,1250,2048,1250,4755,4,2,true
16,50pct,parquet_row_filter,27698.4,27727.5,27736.9,103380,1250,0,4347,4347,8,0,2500,1250,2500,1250,4755,0,0,false
16,50pct,parquet_page_index_filter,24926.2,24935.4,24943.1,103380,1250,0,4103,4103,7,0,2048,1250,2048,1250,4755,3,2,false
17,0.1pct,generated_selective,14688.0,14697.0,14707.8,71,1,1730,2182,2182,4,2,20,1,1552,52,2182,0,0,false
17,0.1pct,generated_fused,22722.9,22752.0,22758.5,71,1,2703,2182,2182,2,2,20,1127,1552,1127,2182,0,0,false
17,0.1pct,generated_direct_selective,522.7,522.7,526.7,71,1,585,2240,2240,10,0,20,1,40,2,4528,0,0,false
17,0.1pct,generated_scan_selective,13005.1,13008.9,13023.6,71,1,2978,2182,2182,4,2,1127,1,1127,52,2182,0,0,false
17,0.1pct,parquet_full,15366.3,15403.4,15404.0,71,1,0,2777,2777,7,0,1127,1,1127,1,2781,0,0,false
17,0.1pct,parquet_boundary_search_p4096,16649.4,16674.9,16691.6,71,1,0,2651,2651,5,0,1127,1,1127,1,2655,2,1,true
17,0.1pct,parquet_boundary_search_p16384,16603.4,16608.5,16626.0,71,1,0,2651,2651,5,0,1127,1,1127,1,2655,2,1,true
17,0.1pct,parquet_boundary_search,15228.8,15234.2,15274.5,71,1,0,2562,2562,5,0,1024,1,1024,1,2781,4,1,true
17,0.1pct,parquet_row_filter,16860.7,16928.3,16957.9,71,1,0,2653,2653,6,0,1127,1,1127,1,2781,0,0,false
17,0.1pct,parquet_page_index_filter,15222.1,15249.2,15284.2,71,1,0,2562,2562,5,0,1024,1,1024,1,2781,2,1,false
17,1pct,generated_selective,14366.4,14370.3,14371.9,743,11,1720,2182,2182,4,2,19,11,1478,57,2182,0,0,false
17,1pct,generated_fused,22369.9,22373.4,22391.2,743,11,2689,2182,2182,2,2,19,1127,1478,1127,2182,0,0,false
17,1pct,generated_direct_selective,575.5,580.1,580.4,743,11,593,2240,2240,10,0,19,11,38,12,4528,0,0,false
17,1pct,generated_scan_selective,13059.5,13068.3,13070.0,743,11,2982,2182,2182,4,2,1127,11,1127,57,2182,0,0,false
17,1pct,parquet_full,15500.1,15506.2,15520.4,743,11,0,2777,2777,7,0,1127,11,1127,11,2781,0,0,false
17,1pct,parquet_boundary_search_p4096,16690.6,16728.8,16792.9,743,11,0,2651,2651,5,0,1127,11,1127,11,2655,2,1,true
17,1pct,parquet_boundary_search_p16384,16688.9,16720.6,16728.9,743,11,0,2651,2651,5,0,1127,11,1127,11,2655,2,1,true
17,1pct,parquet_boundary_search,15388.4,15423.0,15428.1,743,11,0,2562,2562,5,0,1024,11,1024,11,2781,4,1,true
17,1pct,parquet_row_filter,16976.6,17025.7,17027.1,743,11,0,2653,2653,6,0,1127,11,1127,11,2781,0,0,false
17,1pct,parquet_page_index_filter,15314.7,15325.4,15351.7,743,11,0,2562,2562,5,0,1024,11,1024,11,2781,2,1,false
17,10pct,generated_selective,20504.9,20505.9,20507.8,7480,112,1906,2182,2182,4,2,19,112,2659,363,2182,0,0,false
17,10pct,generated_fused,27405.2,27410.1,27421.6,7480,112,2599,2182,2182,2,2,19,1127,2659,1127,2182,0,0,false
17,10pct,generated_direct_selective,985.5,987.7,988.6,7480,112,682,2352,2352,10,0,19,112,38,113,4528,0,0,false
17,10pct,generated_scan_selective,14488.3,14501.3,14532.6,7480,112,3258,2182,2182,4,2,1127,112,1127,363,2182,0,0,false
17,10pct,parquet_full,15512.7,15528.9,15540.3,7480,112,0,2777,2777,7,0,1127,112,1127,112,2781,0,0,false
17,10pct,parquet_boundary_search_p4096,16768.8,16802.7,16840.2,7480,112,0,2651,2651,5,0,1127,112,1127,112,2655,2,1,true
17,10pct,parquet_boundary_search_p16384,16764.9,16777.3,16797.4,7480,112,0,2651,2651,5,0,1127,112,1127,112,2655,2,1,true
17,10pct,parquet_boundary_search,15445.0,15472.1,15495.1,7480,112,0,2562,2562,5,0,1024,112,1024,112,2781,4,1,true
17,10pct,parquet_row_filter,16990.1,17010.3,17014.5,7480,112,0,2653,2653,6,0,1127,112,1127,112,2781,0,0,false
17,10pct,parquet_page_index_filter,15390.1,15404.9,15428.1,7480,112,0,2562,2562,5,0,1024,112,1024,112,2781,2,1,false
17,50pct,generated_selective,17281.1,17304.5,17316.2,36761,563,2216,2182,2182,4,2,21,563,1546,589,2182,0,0,false
17,50pct,generated_fused,23967.4,23995.3,24026.4,36761,563,2703,2182,2182,2,2,21,1127,1546,1127,2182,0,0,false
17,50pct,generated_direct_selective,2732.0,2732.1,2732.9,36761,563,1082,3008,3008,11,0,21,563,42,564,4528,0,0,false
17,50pct,generated_scan_selective,15947.5,15965.6,15972.6,36761,563,3464,2182,2182,4,2,1127,563,1127,589,2182,0,0,false
17,50pct,parquet_full,15847.9,15865.0,15913.6,36761,563,0,2777,2777,7,0,1127,563,1127,563,2781,0,0,false
17,50pct,parquet_boundary_search_p4096,17647.4,17703.4,17713.9,36761,563,0,2651,2651,5,0,1127,563,1127,563,2655,2,1,true
17,50pct,parquet_boundary_search_p16384,17667.1,17671.2,17699.7,36761,563,0,2651,2651,5,0,1127,563,1127,563,2655,2,1,true
17,50pct,parquet_boundary_search,16481.0,16482.8,16499.2,36761,563,0,2562,2562,5,0,1024,563,1024,563,2781,4,1,true
17,50pct,parquet_row_filter,17735.4,17742.7,17748.7,36761,563,0,2653,2653,6,0,1127,563,1127,563,2781,0,0,false
17,50pct,parquet_page_index_filter,16386.3,16419.2,16420.8,36761,563,0,2562,2562,5,0,1024,563,1024,563,2781,2,1,false
18,0.1pct,generated_selective,25667.5,25687.4,25722.3,133,2,2749,3576,3576,4,2,21,2,3414,224,3576,0,0,false
18,0.1pct,generated_fused,42976.5,43044.8,43061.6,133,2,4809,3576,3576,2,2,21,2495,3414,2495,3576,0,0,false
18,0.1pct,generated_direct_selective,568.3,568.9,569.1,133,2,598,2992,2992,12,0,21,2,42,3,9600,0,0,false
18,0.1pct,generated_scan_selective,23023.0,23036.6,23049.4,133,2,7142,3576,3576,4,2,2495,2,2495,224,3576,0,0,false
18,0.1pct,parquet_full,24595.4,24605.4,24607.7,133,2,0,4379,4379,9,0,2495,2,2495,2,4383,0,0,false
18,0.1pct,parquet_boundary_search_p4096,22950.9,22957.1,23029.4,133,2,0,4017,4017,5,0,2495,2,2495,2,4021,2,1,true
18,0.1pct,parquet_boundary_search_p16384,22858.8,22892.0,22925.7,133,2,0,4017,4017,5,0,2495,2,2495,2,4021,2,1,true
18,0.1pct,parquet_boundary_search,15122.7,15135.2,15215.5,133,2,0,2193,2193,5,0,1024,2,1024,2,4383,4,1,true
18,0.1pct,parquet_row_filter,25111.9,25137.9,25144.3,133,2,0,3228,3228,7,0,2495,2,2495,2,4383,0,0,false
18,0.1pct,parquet_page_index_filter,15065.6,15114.3,15139.5,133,2,0,2193,2193,5,0,1024,2,1024,2,4383,3,1,false
18,1pct,generated_selective,27527.4,27536.1,27566.2,1539,24,2724,3576,3576,4,2,22,24,3833,235,3576,0,0,false
18,1pct,generated_fused,44890.3,44913.3,44920.6,1539,24,4774,3576,3576,2,2,22,2495,3833,2495,3576,0,0,false
18,1pct,generated_direct_selective,727.1,730.7,731.5,1539,24,624,2992,2992,12,0,22,24,44,25,9600,0,0,false
18,1pct,generated_scan_selective,23123.3,23158.5,23182.2,1539,24,7152,3576,3576,4,2,2495,24,2495,235,3576,0,0,false
18,1pct,parquet_full,24577.4,24587.6,24640.2,1539,24,0,4379,4379,9,0,2495,24,2495,24,4383,0,0,false
18,1pct,parquet_boundary_search_p4096,22938.4,22964.5,23024.3,1539,24,0,4017,4017,5,0,2495,24,2495,24,4021,2,1,true
18,1pct,parquet_boundary_search_p16384,22914.4,22930.8,22934.1,1539,24,0,4017,4017,5,0,2495,24,2495,24,4021,2,1,true
18,1pct,parquet_boundary_search,15089.5,15144.8,15155.8,1539,24,0,2193,2193,5,0,1024,24,1024,24,4383,4,1,true
18,1pct,parquet_row_filter,24962.6,24991.5,25002.9,1539,24,0,3228,3228,7,0,2495,24,2495,24,4383,0,0,false
18,1pct,parquet_page_index_filter,15071.1,15083.8,15129.7,1539,24,0,2193,2193,5,0,1024,24,1024,24,4383,3,1,false
18,10pct,generated_selective,21905.1,21915.9,21951.3,16242,249,2764,3576,3576,4,2,23,249,2339,348,3576,0,0,false
18,10pct,generated_fused,39146.2,39154.6,39157.2,16242,249,4707,3576,3576,2,2,23,2495,2339,2495,3576,0,0,false
18,10pct,generated_direct_selective,1608.7,1609.7,1614.9,16242,249,822,3216,3216,12,0,23,249,46,250,9600,0,0,false
18,10pct,generated_scan_selective,23913.5,23915.2,23960.0,16242,249,7259,3576,3576,4,2,2495,249,2495,348,3576,0,0,false
18,10pct,parquet_full,24659.0,24790.6,24794.6,16242,249,0,4379,4379,9,0,2495,249,2495,249,4383,0,0,false
18,10pct,parquet_boundary_search_p4096,23400.8,23469.5,23544.0,16242,249,0,4017,4017,5,0,2495,249,2495,249,4021,2,1,true
18,10pct,parquet_boundary_search_p16384,23305.3,23419.1,23424.0,16242,249,0,4017,4017,5,0,2495,249,2495,249,4021,2,1,true
18,10pct,parquet_boundary_search,15578.1,15640.7,15684.7,16242,249,0,2193,2193,5,0,1024,249,1024,249,4383,4,1,true
18,10pct,parquet_row_filter,25390.7,25413.7,25499.1,16242,249,0,3228,3228,7,0,2495,249,2495,249,4383,0,0,false
18,10pct,parquet_page_index_filter,15517.4,15577.8,15607.7,16242,249,0,2193,2193,5,0,1024,249,1024,249,4383,3,1,false
18,50pct,generated_selective,27332.8,27337.2,27392.7,80054,1247,4013,3576,3576,4,2,23,1247,2498,1359,3576,0,0,false
18,50pct,generated_fused,41891.6,41920.4,41954.0,80054,1247,5039,3576,3576,2,2,23,2495,2498,2495,3576,0,0,false
18,50pct,generated_direct_selective,5281.6,5290.9,5295.4,80054,1247,1698,4448,4448,13,0,23,1247,46,1248,9600,0,0,false
18,50pct,generated_scan_selective,29346.9,29349.6,29400.6,80054,1247,8176,3576,3576,4,2,2495,1247,2495,1359,3576,0,0,false
18,50pct,parquet_full,24501.4,24510.0,24597.7,80054,1247,0,4379,4379,9,0,2495,1247,2495,1247,4383,0,0,false
18,50pct,parquet_boundary_search_p4096,25102.8,25134.4,25151.1,80054,1247,0,4017,4017,5,0,2495,1247,2495,1247,4021,2,1,true
18,50pct,parquet_boundary_search_p16384,24993.3,25024.4,25097.4,80054,1247,0,4017,4017,5,0,2495,1247,2495,1247,4021,2,1,true
18,50pct,parquet_boundary_search,25619.8,25647.6,25683.4,80054,1247,0,3740,3740,7,0,2048,1247,2048,1247,4383,4,2,true
18,50pct,parquet_row_filter,28192.6,28200.1,28249.5,80054,1247,0,3980,3980,8,0,2495,1247,2495,1247,4383,0,0,false
18,50pct,parquet_page_index_filter,25591.8,25594.5,25690.8,80054,1247,0,3740,3740,7,0,2048,1247,2048,1247,4383,3,2,false
19,0.1pct,generated_selective,32863.0,32873.7,32888.3,403,15,2786,19504,19504,4,2,27,15,2390,22,19504,0,0,false
19,0.1pct,generated_fused,147907.5,148062.3,148078.5,403,15,31010,19504,19504,2,2,27,15902,2390,15902,19504,0,0,false
19,0.1pct,generated_direct_selective,918.0,920.1,921.3,403,15,739,5416,5416,21,0,27,15,54,30,71632,0,0,false
19,0.1pct,generated_scan_selective,102181.3,102193.9,102263.5,403,15,21005,19504,19504,4,2,15902,15,15902,22,19504,0,0,false
19,0.1pct,parquet_full,72818.2,72900.9,72905.0,403,15,0,22864,22864,35,0,15902,15,15902,15,22868,0,0,false
19,0.1pct,parquet_boundary_search_p4096,22850.0,22869.0,22875.1,403,15,0,5998,5998,5,0,4096,15,4096,15,21169,5,1,true
19,0.1pct,parquet_boundary_search_p16384,60161.9,60235.9,60442.4,403,15,0,20721,20721,5,0,15902,15,15902,15,20725,2,1,true
19,0.1pct,parquet_boundary_search,12482.5,12504.9,12514.3,403,15,0,2930,2930,5,0,1024,15,1024,15,22868,8,1,true
19,0.1pct,parquet_row_filter,60420.1,60440.4,60788.4,403,15,0,3665,3665,20,0,15902,15,15902,15,22868,0,0,false
19,0.1pct,parquet_page_index_filter,12405.1,12457.7,12484.2,403,15,0,2930,2930,5,0,1024,15,1024,15,22868,16,1,false
19,1pct,generated_selective,38650.8,38699.7,38700.9,7092,159,2964,19504,19504,4,2,27,159,3398,350,19504,0,0,false
19,1pct,generated_fused,152656.1,152863.4,152867.9,7092,159,30607,19504,19504,2,2,27,15902,3398,15902,19504,0,0,false
19,1pct,generated_direct_selective,2621.3,2622.3,2623.2,7092,159,1323,6408,6408,34,0,27,159,54,318,71632,0,0,false
19,1pct,generated_scan_selective,104045.1,104073.1,104142.6,7092,159,21586,19504,19504,4,2,15902,159,15902,350,19504,0,0,false
19,1pct,parquet_full,72265.9,72296.3,72340.8,7092,159,0,22864,22864,35,0,15902,159,15902,159,22868,0,0,false
19,1pct,parquet_boundary_search_p4096,23162.2,23201.3,23261.9,7092,159,0,5998,5998,5,0,4096,159,4096,159,21169,5,1,true
19,1pct,parquet_boundary_search_p16384,60322.1,60350.0,60451.1,7092,159,0,20721,20721,5,0,15902,159,15902,159,20725,2,1,true
19,1pct,parquet_boundary_search,12775.8,12802.3,12818.1,7092,159,0,2930,2930,5,0,1024,159,1024,159,22868,8,1,true
19,1pct,parquet_row_filter,60608.5,60748.4,60873.2,7092,159,0,3665,3665,20,0,15902,159,15902,159,22868,0,0,false
19,1pct,parquet_page_index_filter,12778.9,12801.8,12822.8,7092,159,0,2930,2930,5,0,1024,159,1024,159,22868,16,1,false
19,10pct,generated_selective,43571.4,43597.7,43621.0,88270,1590,5297,19504,19504,4,2,28,1590,2911,1834,19504,0,0,false
19,10pct,generated_fused,153654.5,153665.3,153685.3,88270,1590,30301,19504,19504,2,2,28,15902,2911,15902,19504,0,0,false
19,10pct,generated_direct_selective,19251.9,19337.7,19411.6,88270,1590,3976,10552,10552,64,0,28,1590,56,3180,71632,0,0,false
19,10pct,generated_scan_selective,111809.1,111822.6,111842.6,88270,1590,24225,19504,19504,4,2,15902,1590,15902,1834,19504,0,0,false
19,10pct,parquet_full,69402.8,69536.9,69575.2,88270,1590,0,22864,22864,35,0,15902,1590,15902,1590,22868,0,0,false
19,10pct,parquet_boundary_search_p4096,37762.4,37816.0,37946.0,88270,1590,0,11485,11485,7,0,8192,1590,8192,1590,21169,5,2,true
19,10pct,parquet_boundary_search_p16384,62407.8,62438.7,62575.5,88270,1590,0,20721,20721,5,0,15902,1590,15902,1590,20725,2,1,true
19,10pct,parquet_boundary_search,22954.7,22961.2,23022.4,88270,1590,0,5507,5507,9,0,3072,1590,3072,1590,22868,8,3,true
19,10pct,parquet_row_filter,64343.7,64364.7,64428.7,88270,1590,0,6144,6144,22,0,15902,1590,15902,1590,22868,0,0,false
19,10pct,parquet_page_index_filter,22984.4,23032.7,23089.5,88270,1590,0,5507,5507,9,0,3072,1590,3072,1590,22868,16,3,false
19,50pct,generated_selective,74320.8,74361.6,74369.7,675121,7951,17176,19504,19504,4,2,26,7951,3441,8086,19504,0,0,false
19,50pct,generated_fused,168828.9,168881.8,169055.6,675121,7951,31071,19504,19504,2,2,26,15902,3441,15902,19504,0,0,false
19,50pct,generated_direct_selective,93039.7,93040.6,93088.3,675121,7951,14087,20432,20432,96,0,26,7951,52,15902,71632,0,0,false
19,50pct,generated_scan_selective,144876.0,144954.5,144998.5,675121,7951,35334,19504,19504,4,2,15902,7951,15902,8086,19504,0,0,false
19,50pct,parquet_full,72926.1,73089.4,73188.7,675121,7951,0,22864,22864,35,0,15902,7951,15902,7951,22868,0,0,false
19,50pct,parquet_boundary_search_p4096,64678.1,64787.3,65035.3,675121,7951,0,16484,16484,9,0,12288,7951,12288,7951,21169,5,3,true
19,50pct,parquet_boundary_search_p16384,73222.1,73824.9,73829.0,675121,7951,0,20721,20721,5,0,15902,7951,15902,7951,20725,2,1,true
19,50pct,parquet_boundary_search,61945.5,62005.3,62173.7,675121,7951,0,14068,14068,21,0,9216,7951,9216,7951,22868,8,9,true
19,50pct,parquet_row_filter,83380.0,83467.5,83628.6,675121,7951,0,14411,14411,28,0,15902,7951,15902,7951,22868,0,0,false
19,50pct,parquet_page_index_filter,61887.1,61888.7,61911.7,675121,7951,0,14068,14068,21,0,9216,7951,9216,7951,22868,16,9,false
20,0.1pct,generated_selective,38600.7,38608.0,38639.4,456,15,3099,14348,14348,4,2,27,15,4761,30,14348,0,0,false
20,0.1pct,generated_fused,223122.8,223550.0,223671.3,456,15,20603,14348,14348,2,2,27,15831,4761,31662,14348,0,0,false
20,0.1pct,generated_direct_selective,904.8,905.0,905.5,456,15,733,5752,5752,22,0,27,15,54,30,63872,0,0,false
20,0.1pct,generated_scan_selective,97786.4,97795.4,97813.9,456,15,20982,14348,14348,4,2,15831,15,15831,30,14348,0,0,false
20,0.1pct,parquet_full,66699.8,66747.4,66753.3,456,15,0,18329,18329,35,0,15831,15,15831,15,18333,0,0,false
20,0.1pct,parquet_boundary_search_p4096,22466.0,22475.3,22490.8,456,15,0,4837,4837,5,0,4096,15,4096,15,16606,5,1,true
20,0.1pct,parquet_boundary_search_p16384,59282.6,59304.5,59422.2,456,15,0,16159,16159,5,0,15831,15,15831,15,16163,2,1,true
20,0.1pct,parquet_boundary_search,12120.7,12193.1,12285.1,456,15,0,2695,2695,5,0,1024,15,1024,15,18333,8,1,true
20,0.1pct,parquet_row_filter,60594.4,60687.0,60733.0,456,15,0,3430,3430,20,0,15831,15,15831,15,18333,0,0,false
20,0.1pct,parquet_page_index_filter,12135.3,12246.1,12266.2,456,15,0,2695,2695,5,0,1024,15,1024,15,18333,16,1,false
20,1pct,generated_selective,33992.2,33994.0,33994.5,6990,158,3284,14348,14348,4,2,27,158,3209,316,14348,0,0,false
20,1pct,generated_fused,216845.6,217005.8,217032.4,6990,158,20229,14348,14348,2,2,27,15831,3209,31662,14348,0,0,false
20,1pct,generated_direct_selective,2580.4,2581.2,2582.2,6990,158,1291,6328,6328,29,0,27,158,54,316,63872,0,0,false
20,1pct,generated_scan_selective,99440.3,99509.4,99628.1,6990,158,21541,14348,14348,4,2,15831,158,15831,316,14348,0,0,false
20,1pct,parquet_full,62177.9,62338.1,62458.3,6990,158,0,18329,18329,35,0,15831,158,15831,158,18333,0,0,false
20,1pct,parquet_boundary_search_p4096,22905.1,22936.2,23042.9,6990,158,0,4837,4837,5,0,4096,158,4096,158,16606,5,1,true
20,1pct,parquet_boundary_search_p16384,59668.7,59758.8,59801.0,6990,158,0,16159,16159,5,0,15831,158,15831,158,16163,2,1,true
20,1pct,parquet_boundary_search,12608.4,12644.9,12694.4,6990,158,0,2695,2695,5,0,1024,158,1024,158,18333,8,1,true
20,1pct,parquet_row_filter,60824.1,60868.9,61032.2,6990,158,0,3430,3430,20,0,15831,158,15831,158,18333,0,0,false
20,1pct,parquet_page_index_filter,12591.1,12592.5,12643.9,6990,158,0,2695,2695,5,0,1024,158,1024,158,18333,16,1,false
20,10pct,generated_selective,49638.4,49693.2,49708.2,85399,1583,5201,14348,14348,4,2,28,1583,3188,3166,14348,0,0,false
20,10pct,generated_fused,217297.3,217559.9,217586.7,85399,1583,20217,14348,14348,2,2,28,15831,3188,31662,14348,0,0,false
20,10pct,generated_direct_selective,19108.5,19115.7,19125.9,85399,1583,3228,8568,8568,40,0,28,1583,56,3166,63872,0,0,false
20,10pct,generated_scan_selective,116443.6,116522.0,116562.1,85399,1583,23470,14348,14348,4,2,15831,1583,15831,3166,14348,0,0,false
20,10pct,parquet_full,63057.6,63185.2,63210.1,85399,1583,0,18329,18329,35,0,15831,1583,15831,1583,18333,0,0,false
20,10pct,parquet_boundary_search_p4096,37439.8,37453.6,37561.3,85399,1583,0,9079,9079,7,0,8192,1583,8192,1583,16606,5,2,true
20,10pct,parquet_boundary_search_p16384,61174.5,61281.0,61347.3,85399,1583,0,16159,16159,5,0,15831,1583,15831,1583,16163,2,1,true
20,10pct,parquet_boundary_search,22460.6,22465.6,22477.9,85399,1583,0,4853,4853,9,0,3072,1583,3072,1583,18333,8,3,true
20,10pct,parquet_row_filter,63871.4,63915.6,63956.0,85399,1583,0,5490,5490,22,0,15831,1583,15831,1583,18333,0,0,false
20,10pct,parquet_page_index_filter,22297.0,22382.6,22466.4,85399,1583,0,4853,4853,9,0,3072,1583,3072,1583,18333,16,3,false
20,50pct,generated_selective,121463.0,121496.1,121706.4,429689,7915,12275,14348,14348,4,2,27,7915,3388,15830,14348,0,0,false
20,50pct,generated_fused,221592.8,221634.1,222181.2,429689,7915,20415,14348,14348,2,2,27,15831,3388,31662,14348,0,0,false
20,50pct,generated_direct_selective,92523.2,92549.9,92561.9,429689,7915,10102,15528,15528,46,0,27,7915,54,15830,63872,0,0,false
20,50pct,generated_scan_selective,191706.8,191934.1,192071.4,429689,7915,30346,14348,14348,4,2,15831,7915,15831,15830,14348,0,0,false
20,50pct,parquet_full,67218.8,67302.8,67384.6,429689,7915,0,18329,18329,35,0,15831,7915,15831,7915,18333,0,0,false
20,50pct,parquet_boundary_search_p4096,64001.8,64020.1,64138.6,429689,7915,0,13216,13216,9,0,12288,7915,12288,7915,16606,5,3,true
20,50pct,parquet_boundary_search_p16384,72699.5,72782.2,73030.4,429689,7915,0,16159,16159,5,0,15831,7915,15831,7915,16163,2,1,true
20,50pct,parquet_boundary_search,58466.6,58571.9,58608.0,429689,7915,0,11506,11506,21,0,9216,7915,9216,7915,18333,8,9,true
20,50pct,parquet_row_filter,79507.4,79575.1,79674.0,429689,7915,0,11849,11849,28,0,15831,7915,15831,7915,18333,0,0,false
20,50pct,parquet_page_index_filter,58476.9,58537.0,58562.8,429689,7915,0,11506,11506,21,0,9216,7915,9216,7915,18333,16,9,false
21,0.1pct,generated_selective,37895.0,37922.3,37926.9,75,15,2763,8303,8303,4,2,27,15,2390,16,8303,0,0,false
21,0.1pct,generated_fused,102808.1,102814.3,103117.9,75,15,18650,8303,8303,2,2,27,15902,2390,15903,8303,0,0,false
21,0.1pct,generated_direct_selective,914.0,916.4,916.9,75,15,675,5160,5160,18,0,27,15,54,30,58960,0,0,false
21,0.1pct,generated_scan_selective,106968.9,107066.3,107100.8,75,15,20982,8303,8303,4,2,15902,15,15902,16,8303,0,0,false
21,0.1pct,parquet_full,65610.6,65641.7,65912.8,75,15,0,12906,12906,35,0,15902,15,15902,15,12910,0,0,false
21,0.1pct,parquet_boundary_search_p4096,22567.3,22610.7,22661.3,75,15,0,3591,3591,5,0,4096,15,4096,15,11105,5,1,true
21,0.1pct,parquet_boundary_search_p16384,67303.8,67306.6,67526.6,75,15,0,10381,10381,5,0,15902,15,15902,15,10385,2,1,true
21,0.1pct,parquet_boundary_search,12211.0,12333.9,12356.4,75,15,0,2369,2369,5,0,1024,15,1024,15,12910,8,1,true
21,0.1pct,parquet_row_filter,60239.5,60256.7,60296.8,75,15,0,3104,3104,20,0,15902,15,15902,15,12910,0,0,false
21,0.1pct,parquet_page_index_filter,12286.2,12296.2,12314.2,75,15,0,2369,2369,5,0,1024,15,1024,15,12910,16,1,false
21,1pct,generated_selective,42735.7,42762.0,42782.5,1440,159,2504,8303,8303,4,2,27,159,3398,160,8303,0,0,false
21,1pct,generated_fused,107288.8,107310.6,107421.8,1440,159,18247,8303,8303,2,2,27,15902,3398,15903,8303,0,0,false
21,1pct,generated_direct_selective,2626.4,2630.4,2638.3,1440,159,971,5448,5448,21,0,27,159,54,318,58960,0,0,false
21,1pct,generated_scan_selective,107831.9,107901.4,108033.3,1440,159,21126,8303,8303,4,2,15902,159,15902,160,8303,0,0,false
21,1pct,parquet_full,65321.1,65546.1,65602.8,1440,159,0,12906,12906,35,0,15902,159,15902,159,12910,0,0,false
21,1pct,parquet_boundary_search_p4096,23028.9,23062.5,23063.0,1440,159,0,3591,3591,5,0,4096,159,4096,159,11105,5,1,true
21,1pct,parquet_boundary_search_p16384,67340.1,67382.6,67609.1,1440,159,0,10381,10381,5,0,15902,159,15902,159,10385,2,1,true
21,1pct,parquet_boundary_search,12725.2,12751.4,12751.8,1440,159,0,2369,2369,5,0,1024,159,1024,159,12910,8,1,true
21,1pct,parquet_row_filter,60775.0,60784.7,60962.8,1440,159,0,3104,3104,20,0,15902,159,15902,159,12910,0,0,false
21,1pct,parquet_page_index_filter,12649.4,12660.5,12662.8,1440,159,0,2369,2369,5,0,1024,159,1024,159,12910,16,1,false
21,10pct,generated_selective,46045.9,46070.8,46083.6,8907,1590,3629,8303,8303,4,2,28,1590,2911,1591,8303,0,0,false
21,10pct,generated_fused,105598.6,105709.3,105835.6,8907,1590,17941,8303,8303,2,2,28,15902,2911,15903,8303,0,0,false
21,10pct,generated_direct_selective,19168.2,19172.2,19200.7,8907,1590,2109,6968,6968,22,0,28,1590,56,3180,58960,0,0,false
21,10pct,generated_scan_selective,113837.9,114001.2,114064.8,8907,1590,22557,8303,8303,4,2,15902,1590,15902,1591,8303,0,0,false
21,10pct,parquet_full,65768.1,65794.8,65985.7,8907,1590,0,12906,12906,35,0,15902,1590,15902,1590,12910,0,0,false
21,10pct,parquet_boundary_search_p4096,37391.3,37489.9,37505.3,8907,1590,0,6358,6358,7,0,8192,1590,8192,1590,11105,5,2,true
21,10pct,parquet_boundary_search_p16384,69330.5,69453.2,69563.0,8907,1590,0,10381,10381,5,0,15902,1590,15902,1590,10385,2,1,true
21,10pct,parquet_boundary_search,22503.7,22577.3,22582.6,8907,1590,0,3843,3843,9,0,3072,1590,3072,1590,12910,8,3,true
21,10pct,parquet_row_filter,63883.0,64145.3,64170.5,8907,1590,0,4480,4480,22,0,15902,1590,15902,1590,12910,0,0,false
21,10pct,parquet_page_index_filter,22435.9,22453.7,22491.7,8907,1590,0,3843,3843,9,0,3072,1590,3072,1590,12910,16,3,false
21,50pct,generated_selective,71897.2,71904.6,71916.9,29529,7951,10760,8303,8303,4,2,26,7951,3441,7952,8303,0,0,false
21,50pct,generated_fused,110127.2,110183.1,110259.1,29529,7951,18711,8303,8303,2,2,26,15902,3441,15903,8303,0,0,false
21,50pct,generated_direct_selective,92930.0,93013.9,93031.1,29529,7951,6919,11696,11696,23,0,26,7951,52,15902,58960,0,0,false
21,50pct,generated_scan_selective,142133.4,142145.5,142173.4,29529,7951,28918,8303,8303,4,2,15902,7951,15902,7952,8303,0,0,false
21,50pct,parquet_full,65237.9,65279.0,65362.1,29529,7951,0,12906,12906,35,0,15902,7951,15902,7951,12910,0,0,false
21,50pct,parquet_boundary_search_p4096,63735.4,63791.3,63850.7,29529,7951,0,8885,8885,9,0,12288,7951,12288,7951,11105,5,3,true
21,50pct,parquet_boundary_search_p16384,80610.6,80735.8,80784.2,29529,7951,0,10381,10381,5,0,15902,7951,15902,7951,10385,2,1,true
21,50pct,parquet_boundary_search,58057.2,58159.4,58392.6,29529,7951,0,8362,8362,21,0,9216,7951,9216,7951,12910,8,9,true
21,50pct,parquet_row_filter,79824.4,80037.2,80053.1,29529,7951,0,8705,8705,28,0,15902,7951,15902,7951,12910,0,0,false
21,50pct,parquet_page_index_filter,57869.8,58062.2,58075.1,29529,7951,0,8362,8362,21,0,9216,7951,9216,7951,12910,16,9,false
22,0.1pct,generated_selective,37368.5,37414.3,37435.6,2,15,2820,4396,4396,4,2,27,15,4803,30,4396,0,0,false
22,0.1pct,generated_fused,221617.1,221665.0,222038.9,2,15,12879,4396,4396,2,2,27,15853,4803,31706,4396,0,0,false
22,0.1pct,generated_direct_selective,917.6,917.6,919.9,2,15,640,5448,5448,18,0,27,15,54,30,56320,0,0,false
22,0.1pct,generated_scan_selective,96425.8,96433.8,96473.9,2,15,20917,4396,4396,4,2,15853,15,15853,30,4396,0,0,false
22,0.1pct,parquet_full,77336.1,77374.2,77435.4,2,15,0,8728,8728,35,0,15853,15,15853,15,8732,0,0,false
22,0.1pct,parquet_boundary_search_p4096,25976.3,26018.1,26068.7,2,15,0,2238,2238,5,0,4096,15,4096,15,6382,5,1,true
22,0.1pct,parquet_boundary_search_p16384,67602.2,67708.2,67732.7,2,15,0,5572,5572,5,0,15853,15,15853,15,5576,2,1,true
22,0.1pct,parquet_boundary_search,12854.9,12881.1,12883.4,2,15,0,2070,2070,5,0,1024,15,1024,15,8732,8,1,true
22,0.1pct,parquet_row_filter,60410.7,60512.0,60536.9,2,15,0,2805,2805,20,0,15853,15,15853,15,8732,0,0,false
22,0.1pct,parquet_page_index_filter,12851.2,12855.2,12885.8,2,15,0,2070,2070,5,0,1024,15,1024,15,8732,16,1,false
22,1pct,generated_selective,32779.2,32783.7,32831.6,276,158,2643,4396,4396,4,2,27,158,3261,316,4396,0,0,false
22,1pct,generated_fused,215765.0,215898.7,216370.3,276,158,12508,4396,4396,2,2,27,15853,3261,31706,4396,0,0,false
22,1pct,generated_direct_selective,2626.0,2626.3,2629.0,276,158,837,5592,5592,19,0,27,158,54,316,56320,0,0,false
22,1pct,generated_scan_selective,98149.4,98154.9,98325.1,276,158,21111,4396,4396,4,2,15853,158,15853,316,4396,0,0,false
22,1pct,parquet_full,76736.0,76778.9,76974.8,276,158,0,8728,8728,35,0,15853,158,15853,158,8732,0,0,false
22,1pct,parquet_boundary_search_p4096,26075.5,26160.6,26223.4,276,158,0,2238,2238,5,0,4096,158,4096,158,6382,5,1,true
22,1pct,parquet_boundary_search_p16384,67851.9,67892.7,68102.6,276,158,0,5572,5572,5,0,15853,158,15853,158,5576,2,1,true
22,1pct,parquet_boundary_search,13073.3,13094.6,13111.6,276,158,0,2070,2070,5,0,1024,158,1024,158,8732,8,1,true
22,1pct,parquet_row_filter,60845.4,60866.7,60880.2,276,158,0,2805,2805,20,0,15853,158,15853,158,8732,0,0,false
22,1pct,parquet_page_index_filter,13027.5,13063.4,13089.1,276,158,0,2070,2070,5,0,1024,158,1024,158,8732,16,1,false
22,10pct,generated_selective,48682.8,48742.9,48757.1,913,1585,3551,4396,4396,4,2,28,1585,3240,3170,4396,0,0,false
22,10pct,generated_fused,216422.7,216457.2,216591.8,913,1585,12524,4396,4396,2,2,28,15853,3240,31706,4396,0,0,false
22,10pct,generated_direct_selective,19130.9,19131.9,19132.9,913,1585,1731,6552,6552,19,0,28,1585,56,3170,56320,0,0,false
22,10pct,generated_scan_selective,115726.2,115753.2,115765.1,913,1585,22003,4396,4396,4,2,15853,1585,15853,3170,4396,0,0,false
22,10pct,parquet_full,77776.8,77786.4,77812.4,913,1585,0,8728,8728,35,0,15853,1585,15853,1585,8732,0,0,false
22,10pct,parquet_boundary_search_p4096,44133.5,44138.1,44414.0,913,1585,0,3649,3649,7,0,8192,1585,8192,1585,6382,5,2,true
22,10pct,parquet_boundary_search_p16384,70140.9,70515.9,70545.2,913,1585,0,5572,5572,5,0,15853,1585,15853,1585,5576,2,1,true
22,10pct,parquet_boundary_search,25473.4,25506.0,25565.9,913,1585,0,2861,2861,9,0,3072,1585,3072,1585,8732,8,3,true
22,10pct,parquet_row_filter,66467.0,66574.4,66749.6,913,1585,0,3498,3498,22,0,15853,1585,15853,1585,8732,0,0,false
22,10pct,parquet_page_index_filter,25416.4,25455.7,25526.9,913,1585,0,2861,2861,9,0,3072,1585,3072,1585,8732,16,3,false
22,50pct,generated_selective,120123.5,120349.4,120359.4,3070,7926,8220,4396,4396,4,2,27,7926,3449,15852,4396,0,0,false
22,50pct,generated_fused,220149.3,220178.3,220773.6,3070,7926,13214,4396,4396,2,2,27,15853,3449,31706,4396,0,0,false
22,50pct,generated_direct_selective,92674.4,92692.0,92745.0,3070,7926,5710,10520,10520,20,0,27,7926,54,15852,56320,0,0,false
22,50pct,generated_scan_selective,190772.4,190828.5,190842.6,3070,7926,25982,4396,4396,4,2,15853,7926,15853,15852,4396,0,0,false
22,50pct,parquet_full,77261.2,77407.4,77463.1,3070,7926,0,8728,8728,35,0,15853,7926,15853,7926,8732,0,0,false
22,50pct,parquet_boundary_search_p4096,74076.2,74220.3,74367.0,3070,7926,0,5024,5024,9,0,12288,7926,12288,7926,6382,5,3,true
22,50pct,parquet_boundary_search_p16384,81068.8,81270.3,81335.5,3070,7926,0,5572,5572,5,0,15853,7926,15853,7926,5576,2,1,true
22,50pct,parquet_boundary_search,65294.7,65306.0,65411.2,3070,7926,0,5621,5621,21,0,9216,7926,9216,7926,8732,8,9,true
22,50pct,parquet_row_filter,87008.8,87067.1,87113.5,3070,7926,0,5964,5964,28,0,15853,7926,15853,7926,8732,0,0,false
22,50pct,parquet_page_index_filter,65303.0,65370.8,65425.6,3070,7926,0,5621,5621,21,0,9216,7926,9216,7926,8732,16,9,false
23,0.1pct,generated_selective,35891.6,35899.6,35920.7,383,15,3099,11946,11946,4,2,27,15,4790,30,11946,0,0,false
23,0.1pct,generated_fused,220020.3,220107.1,220467.7,383,15,20053,11946,11946,2,2,27,15833,4790,31666,11946,0,0,false
23,0.1pct,generated_direct_selective,906.3,907.2,907.5,383,15,718,5688,5688,21,0,27,15,54,30,63360,0,0,false
23,0.1pct,generated_scan_selective,95079.4,95110.9,95218.7,383,15,20969,11946,11946,4,2,15833,15,15833,30,11946,0,0,false
23,0.1pct,parquet_full,69122.7,69134.1,69261.9,383,15,0,17011,17011,35,0,15833,15,15833,15,17015,0,0,false
23,0.1pct,parquet_boundary_search_p4096,22559.8,22590.5,22701.5,383,15,0,4571,4571,5,0,4096,15,4096,15,15315,5,1,true
23,0.1pct,parquet_boundary_search_p16384,59338.5,59353.8,59398.2,383,15,0,14870,14870,5,0,15833,15,15833,15,14874,2,1,true
23,0.1pct,parquet_boundary_search,12435.4,12451.1,12515.2,383,15,0,2622,2622,5,0,1024,15,1024,15,17015,8,1,true
23,0.1pct,parquet_row_filter,60223.9,60411.3,60620.1,383,15,0,3357,3357,20,0,15833,15,15833,15,17015,0,0,false
23,0.1pct,parquet_page_index_filter,12337.8,12361.7,12377.4,383,15,0,2622,2622,5,0,1024,15,1024,15,17015,16,1,false
23,1pct,generated_selective,31245.6,31272.7,31290.0,4293,158,3229,11946,11946,4,2,27,158,3238,316,11946,0,0,false
23,1pct,generated_fused,214114.8,214133.8,214545.4,4293,158,19680,11946,11946,2,2,27,15833,3238,31666,11946,0,0,false
23,1pct,generated_direct_selective,2596.1,2602.4,2603.9,4293,158,1223,6328,6328,29,0,27,158,54,316,63360,0,0,false
23,1pct,generated_scan_selective,96747.8,96805.8,96809.9,4293,158,21472,11946,11946,4,2,15833,158,15833,316,11946,0,0,false
23,1pct,parquet_full,64552.6,64640.0,64816.7,4293,158,0,17011,17011,35,0,15833,158,15833,158,17015,0,0,false
23,1pct,parquet_boundary_search_p4096,22894.2,22904.7,22940.7,4293,158,0,4571,4571,5,0,4096,158,4096,158,15315,5,1,true
23,1pct,parquet_boundary_search_p16384,59640.5,59758.8,59764.1,4293,158,0,14870,14870,5,0,15833,158,15833,158,14874,2,1,true
23,1pct,parquet_boundary_search,12837.3,12883.2,12893.2,4293,158,0,2622,2622,5,0,1024,158,1024,158,17015,8,1,true
23,1pct,parquet_row_filter,60733.7,60749.6,61061.4,4293,158,0,3357,3357,20,0,15833,158,15833,158,17015,0,0,false
23,1pct,parquet_page_index_filter,12793.2,12804.7,12814.0,4293,158,0,2622,2622,5,0,1024,158,1024,158,17015,16,1,false
23,10pct,generated_selective,47244.3,47300.5,47333.8,36090,1583,4953,11946,11946,4,2,28,1583,3229,3166,11946,0,0,false
23,10pct,generated_fused,214656.8,214674.6,214739.0,36090,1583,19667,11946,11946,2,2,28,15833,3229,31666,11946,0,0,false
23,10pct,generated_direct_selective,19147.4,19153.8,19158.5,36090,1583,2965,8248,8248,35,0,28,1583,56,3166,63360,0,0,false
23,10pct,generated_scan_selective,113963.5,114055.4,114068.3,36090,1583,23209,11946,11946,4,2,15833,1583,15833,3166,11946,0,0,false
23,10pct,parquet_full,65435.2,65583.8,65604.8,36090,1583,0,17011,17011,35,0,15833,1583,15833,1583,17015,0,0,false
23,10pct,parquet_boundary_search_p4096,37267.9,37279.4,37320.3,36090,1583,0,8343,8343,7,0,8192,1583,8192,1583,15315,5,2,true
23,10pct,parquet_boundary_search_p16384,61573.4,61638.8,61790.9,36090,1583,0,14870,14870,5,0,15833,1583,15833,1583,14874,2,1,true
23,10pct,parquet_boundary_search,22724.0,22746.2,22753.8,36090,1583,0,4587,4587,9,0,3072,1583,3072,1583,17015,8,3,true
23,10pct,parquet_row_filter,63977.4,64135.3,64159.7,36090,1583,0,5224,5224,22,0,15833,1583,15833,1583,17015,0,0,false
23,10pct,parquet_page_index_filter,22771.2,22808.6,22821.0,36090,1583,0,4587,4587,9,0,3072,1583,3072,1583,17015,16,3,false
23,50pct,generated_selective,118282.8,118375.4,118403.6,147537,7916,11991,11946,11946,4,2,26,7916,3323,15832,11946,0,0,false
23,50pct,generated_fused,218020.7,218336.7,218385.6,147537,7916,20188,11946,11946,2,2,26,15833,3323,31666,11946,0,0,false
23,50pct,generated_direct_selective,92634.8,92679.1,92697.7,147537,7916,9472,14960,14960,38,0,26,7916,52,15832,63360,0,0,false
23,50pct,generated_scan_selective,189059.9,189097.9,189135.0,147537,7916,29726,11946,11946,4,2,15833,7916,15833,15832,11946,0,0,false
23,50pct,parquet_full,68789.7,68809.4,69040.5,147537,7916,0,17011,17011,35,0,15833,7916,15833,7916,17015,0,0,false
23,50pct,parquet_boundary_search_p4096,64269.7,64316.3,64415.1,147537,7916,0,12116,12116,9,0,12288,7916,12288,7916,15315,5,3,true
23,50pct,parquet_boundary_search_p16384,73147.6,73158.3,73247.0,147537,7916,0,14870,14870,5,0,15833,7916,15833,7916,14874,2,1,true
23,50pct,parquet_boundary_search,58579.8,58642.6,58714.8,147537,7916,0,10534,10534,21,0,9216,7916,9216,7916,17015,8,9,true
23,50pct,parquet_row_filter,80308.5,80365.7,80613.5,147537,7916,0,10877,10877,28,0,15833,7916,15833,7916,17015,0,0,false
23,50pct,parquet_page_index_filter,58586.2,58638.3,58644.8,147537,7916,0,10534,10534,21,0,9216,7916,9216,7916,17015,16,9,false
24,0.1pct,generated_selective,35041.6,35051.6,35058.4,302,15,2828,12435,12435,4,2,27,15,4654,30,12435,0,0,false
24,0.1pct,generated_fused,219747.8,219765.4,219852.3,302,15,19935,12435,12435,2,2,27,15842,4654,31684,12435,0,0,false
24,0.1pct,generated_direct_selective,903.6,904.4,905.5,302,15,717,5752,5752,22,0,27,15,54,30,63488,0,0,false
24,0.1pct,generated_scan_selective,95120.0,95181.5,95212.5,302,15,20980,12435,12435,4,2,15842,15,15842,30,12435,0,0,false
24,0.1pct,parquet_full,66034.5,66107.9,66164.0,302,15,0,16877,16877,35,0,15842,15,15842,15,16881,0,0,false
24,0.1pct,parquet_boundary_search_p4096,22374.8,22380.8,22508.7,302,15,0,4644,4644,5,0,4096,15,4096,15,15151,5,1,true
24,0.1pct,parquet_boundary_search_p16384,58889.9,58957.0,59002.2,302,15,0,14706,14706,5,0,15842,15,15842,15,14710,2,1,true
24,0.1pct,parquet_boundary_search,12146.3,12169.0,12278.0,302,15,0,2663,2663,5,0,1024,15,1024,15,16881,8,1,true
24,0.1pct,parquet_row_filter,60178.5,60197.0,60214.9,302,15,0,3398,3398,20,0,15842,15,15842,15,16881,0,0,false
24,0.1pct,parquet_page_index_filter,12261.8,12289.2,12314.6,302,15,0,2663,2663,5,0,1024,15,1024,15,16881,16,1,false
24,1pct,generated_selective,30499.8,30545.7,30547.7,3612,158,2902,12435,12435,4,2,27,158,3125,316,12435,0,0,false
24,1pct,generated_fused,213916.8,213962.3,214016.9,3612,158,19570,12435,12435,2,2,27,15842,3125,31684,12435,0,0,false
24,1pct,generated_direct_selective,2633.7,2633.9,2636.4,3612,158,1161,6264,6264,28,0,27,158,54,316,63488,0,0,false
24,1pct,generated_scan_selective,96849.9,96853.9,96862.9,3612,158,21419,12435,12435,4,2,15842,158,15842,316,12435,0,0,false
24,1pct,parquet_full,61840.0,61872.6,61895.8,3612,158,0,16877,16877,35,0,15842,158,15842,158,16881,0,0,false
24,1pct,parquet_boundary_search_p4096,22769.2,22868.4,22936.6,3612,158,0,4644,4644,5,0,4096,158,4096,158,15151,5,1,true
24,1pct,parquet_boundary_search_p16384,59262.0,59341.5,59403.4,3612,158,0,14706,14706,5,0,15842,158,15842,158,14710,2,1,true
24,1pct,parquet_boundary_search,12637.4,12638.1,12641.2,3612,158,0,2663,2663,5,0,1024,158,1024,158,16881,8,1,true
24,1pct,parquet_row_filter,60754.6,60786.3,60871.4,3612,158,0,3398,3398,20,0,15842,158,15842,158,16881,0,0,false
24,1pct,parquet_page_index_filter,12559.9,12577.5,12623.9,3612,158,0,2663,2663,5,0,1024,158,1024,158,16881,16,1,false
24,10pct,generated_selective,46613.0,46619.7,46652.6,35763,1584,4696,12435,12435,4,2,28,1584,3099,3168,12435,0,0,false
24,10pct,generated_fused,214559.9,214718.0,214778.0,35763,1584,19578,12435,12435,2,2,28,15842,3099,31684,12435,0,0,false
24,10pct,generated_direct_selective,19134.7,19145.8,19165.2,35763,1584,2950,8312,8312,36,0,28,1584,56,3168,63488,0,0,false
24,10pct,generated_scan_selective,113884.5,113887.5,114097.8,35763,1584,23205,12435,12435,4,2,15842,1584,15842,3168,12435,0,0,false
24,10pct,parquet_full,62552.0,62558.6,62573.6,35763,1584,0,16877,16877,35,0,15842,1584,15842,1584,16881,0,0,false
24,10pct,parquet_boundary_search_p4096,37122.2,37165.6,37169.3,35763,1584,0,8482,8482,7,0,8192,1584,8192,1584,15151,5,2,true
24,10pct,parquet_boundary_search_p16384,61432.8,61505.2,61522.1,35763,1584,0,14706,14706,5,0,15842,1584,15842,1584,14710,2,1,true
24,10pct,parquet_boundary_search,22398.9,22407.5,22422.6,35763,1584,0,4708,4708,9,0,3072,1584,3072,1584,16881,8,3,true
24,10pct,parquet_row_filter,63772.4,63864.5,63929.0,35763,1584,0,5345,5345,22,0,15842,1584,15842,1584,16881,0,0,false
24,10pct,parquet_page_index_filter,22225.1,22226.9,22269.2,35763,1584,0,4708,4708,9,0,3072,1584,3072,1584,16881,16,3,false
24,50pct,generated_selective,119205.9,119245.2,119334.1,170006,7921,12332,12435,12435,4,2,27,7921,3555,15842,12435,0,0,false
24,50pct,generated_fused,219944.7,220443.1,220503.2,170006,7921,20413,12435,12435,2,2,27,15842,3555,31684,12435,0,0,false
24,50pct,generated_direct_selective,92442.1,92445.9,92464.6,170006,7921,9748,14736,14736,39,0,27,7921,54,15842,63488,0,0,false
24,50pct,generated_scan_selective,189322.2,189333.2,189395.4,170006,7921,30006,12435,12435,4,2,15842,7921,15842,15842,12435,0,0,false
24,50pct,parquet_full,66065.4,66073.3,66206.3,170006,7921,0,16877,16877,35,0,15842,7921,15842,7921,16881,0,0,false
24,50pct,parquet_boundary_search_p4096,64006.4,64135.3,64153.4,170006,7921,0,12100,12100,9,0,12288,7921,12288,7921,15151,5,3,true
24,50pct,parquet_boundary_search_p16384,72590.1,72643.9,72707.3,170006,7921,0,14706,14706,5,0,15842,7921,15842,7921,14710,2,1,true
24,50pct,parquet_boundary_search,58430.8,58568.8,58571.6,170006,7921,0,10648,10648,21,0,9216,7921,9216,7921,16881,8,9,true
24,50pct,parquet_row_filter,80053.5,80080.2,80459.1,170006,7921,0,10991,10991,28,0,15842,7921,15842,7921,16881,0,0,false
24,50pct,parquet_page_index_filter,58339.4,58346.1,58395.6,170006,7921,0,10648,10648,21,0,9216,7921,9216,7921,16881,16,9,false
25,0.1pct,generated_selective,38470.5,38480.5,38496.8,56,15,2737,8844,8844,4,2,27,15,2784,16,8844,0,0,false
25,0.1pct,generated_fused,103562.3,103674.6,103735.7,56,15,18615,8844,8844,2,2,27,15893,2784,15894,8844,0,0,false
25,0.1pct,generated_direct_selective,928.6,929.2,930.6,56,15,685,5176,5176,18,0,27,15,54,30,61152,0,0,false
25,0.1pct,generated_scan_selective,107264.4,107366.8,107473.6,56,15,20971,8844,8844,4,2,15893,15,15893,16,8844,0,0,false
25,0.1pct,parquet_full,66652.9,66660.8,66834.6,56,15,0,14336,14336,35,0,15893,15,15893,15,14340,0,0,false
25,0.1pct,parquet_boundary_search_p4096,22577.6,22583.8,22622.8,56,15,0,3791,3791,5,0,4096,15,4096,15,12592,5,1,true
25,0.1pct,parquet_boundary_search_p16384,59235.8,59292.5,59379.2,56,15,0,12147,12147,5,0,15893,15,15893,15,12151,2,1,true
25,0.1pct,parquet_boundary_search,12335.8,12350.2,12351.4,56,15,0,2433,2433,5,0,1024,15,1024,15,14340,8,1,true
25,0.1pct,parquet_row_filter,60571.9,60607.9,60773.4,56,15,0,3168,3168,20,0,15893,15,15893,15,14340,0,0,false
25,0.1pct,parquet_page_index_filter,12129.7,12143.4,12151.0,56,15,0,2433,2433,5,0,1024,15,1024,15,14340,16,1,false
25,1pct,generated_selective,41167.6,41203.3,41203.3,648,158,2454,8844,8844,4,2,27,158,3280,159,8844,0,0,false
25,1pct,generated_fused,105683.9,105707.1,105808.8,648,158,18189,8844,8844,2,2,27,15893,3280,15894,8844,0,0,false
25,1pct,generated_direct_selective,2617.5,2617.7,2622.2,648,158,891,5352,5352,19,0,27,158,54,316,61152,0,0,false
25,1pct,generated_scan_selective,107978.6,108038.1,108135.3,648,158,21114,8844,8844,4,2,15893,158,15893,159,8844,0,0,false
25,1pct,parquet_full,61973.4,62113.6,62132.0,648,158,0,14336,14336,35,0,15893,158,15893,158,14340,0,0,false
25,1pct,parquet_boundary_search_p4096,22993.1,23013.7,23033.3,648,158,0,3791,3791,5,0,4096,158,4096,158,12592,5,1,true
25,1pct,parquet_boundary_search_p16384,59384.0,59385.8,59737.2,648,158,0,12147,12147,5,0,15893,158,15893,158,12151,2,1,true
25,1pct,parquet_boundary_search,12601.6,12682.4,12726.0,648,158,0,2433,2433,5,0,1024,158,1024,158,14340,8,1,true
25,1pct,parquet_row_filter,60867.1,60885.9,60890.8,648,158,0,3168,3168,20,0,15893,158,15893,158,14340,0,0,false
25,1pct,parquet_page_index_filter,12673.9,12704.2,12709.5,648,158,0,2433,2433,5,0,1024,158,1024,158,14340,16,1,false
25,10pct,generated_selective,44366.8,44402.3,44468.3,6924,1589,3567,8844,8844,4,2,28,1589,2785,1590,8844,0,0,false
25,10pct,generated_fused,104072.9,104085.2,104161.4,6924,1589,17871,8844,8844,2,2,28,15893,2785,15894,8844,0,0,false
25,10pct,generated_direct_selective,19228.4,19247.2,19267.9,6924,1589,2229,7256,7256,23,0,28,1589,56,3178,61152,0,0,false
25,10pct,generated_scan_selective,114320.5,114474.8,114481.2,6924,1589,22545,8844,8844,4,2,15893,1589,15893,1590,8844,0,0,false
25,10pct,parquet_full,63734.6,63766.1,63792.2,6924,1589,0,14336,14336,35,0,15893,1589,15893,1589,14340,0,0,false
25,10pct,parquet_boundary_search_p4096,37421.8,37451.0,37463.4,6924,1589,0,6782,6782,7,0,8192,1589,8192,1589,12592,5,2,true
25,10pct,parquet_boundary_search_p16384,61419.4,61455.4,61470.1,6924,1589,0,12147,12147,5,0,15893,1589,15893,1589,12151,2,1,true
25,10pct,parquet_boundary_search,22864.0,22866.3,22933.7,6924,1589,0,3867,3867,9,0,3072,1589,3072,1589,14340,8,3,true
25,10pct,parquet_row_filter,64270.4,64338.5,64478.7,6924,1589,0,4504,4504,22,0,15893,1589,15893,1589,14340,0,0,false
25,10pct,parquet_page_index_filter,22820.3,22832.4,22857.6,6924,1589,0,3867,3867,9,0,3072,1589,3072,1589,14340,16,3,false
25,50pct,generated_selective,70477.6,70538.8,70577.8,33808,7946,10702,8844,8844,4,2,26,7946,3328,7947,8844,0,0,false
25,50pct,generated_fused,108784.4,108944.2,109065.9,33808,7946,18649,8844,8844,2,2,26,15893,3328,15894,8844,0,0,false
25,50pct,generated_direct_selective,93011.1,93111.2,93175.1,33808,7946,7955,12872,12872,25,0,26,7946,52,15892,61152,0,0,false
25,50pct,generated_scan_selective,142418.1,142463.9,142601.2,33808,7946,28902,8844,8844,4,2,15893,7946,15893,7947,8844,0,0,false
25,50pct,parquet_full,66521.3,66592.7,66686.0,33808,7946,0,14336,14336,35,0,15893,7946,15893,7946,14340,0,0,false
25,50pct,parquet_boundary_search_p4096,63752.7,63792.8,63811.1,33808,7946,0,9573,9573,9,0,12288,7946,12288,7946,12592,5,3,true
25,50pct,parquet_boundary_search_p16384,72259.2,72345.3,72457.7,33808,7946,0,12147,12147,5,0,15893,7946,15893,7946,12151,2,1,true
25,50pct,parquet_boundary_search,58478.4,58624.1,58628.0,33808,7946,0,8833,8833,21,0,9216,7946,9216,7946,14340,8,9,true
25,50pct,parquet_row_filter,80165.2,80354.6,80429.5,33808,7946,0,9176,9176,28,0,15893,7946,15893,7946,14340,0,0,false
25,50pct,parquet_page_index_filter,58652.8,58671.8,58680.8,33808,7946,0,8833,8833,21,0,9216,7946,9216,7946,14340,16,9,false
26,0.1pct,generated_selective,35719.1,35725.5,35726.0,510,15,2917,10949,10949,4,2,27,15,4775,30,10949,0,0,false
26,0.1pct,generated_fused,219926.5,220259.5,220273.4,510,15,19929,10949,10949,2,2,27,15851,4775,31702,10949,0,0,false
26,0.1pct,generated_direct_selective,911.3,911.4,912.7,510,15,751,6008,6008,26,0,27,15,54,30,63424,0,0,false
26,0.1pct,generated_scan_selective,95040.8,95127.0,95149.5,510,15,21023,10949,10949,4,2,15851,15,15851,30,10949,0,0,false
26,0.1pct,parquet_full,73241.9,73287.3,73451.8,510,15,0,17549,17549,35,0,15851,15,15851,15,17553,0,0,false
26,0.1pct,parquet_boundary_search_p4096,26560.8,26563.1,26643.2,510,15,0,4965,4965,5,0,4096,15,4096,15,15934,5,1,true
26,0.1pct,parquet_boundary_search_p16384,59164.9,59287.2,59328.5,510,15,0,15558,15558,5,0,15851,15,15851,15,15562,2,1,true
26,0.1pct,parquet_boundary_search,12294.1,12313.2,12426.7,510,15,0,2751,2751,5,0,1024,15,1024,15,17553,8,1,true
26,0.1pct,parquet_row_filter,59947.9,60103.9,60243.5,510,15,0,3486,3486,20,0,15851,15,15851,15,17553,0,0,false
26,0.1pct,parquet_page_index_filter,12338.8,12365.5,12381.7,510,15,0,2751,2751,5,0,1024,15,1024,15,17553,16,1,false
26,1pct,generated_selective,31096.2,31155.2,31167.1,2741,158,2920,10949,10949,4,2,27,158,3233,316,10949,0,0,false
26,1pct,generated_fused,213678.6,213785.4,213885.6,2741,158,19557,10949,10949,2,2,27,15851,3233,31702,10949,0,0,false
26,1pct,generated_direct_selective,2594.3,2596.8,2598.5,2741,158,1126,6328,6328,29,0,27,158,54,316,63424,0,0,false
26,1pct,generated_scan_selective,96928.0,96954.1,96983.6,2741,158,21398,10949,10949,4,2,15851,158,15851,316,10949,0,0,false
26,1pct,parquet_full,68673.5,68701.7,68709.3,2741,158,0,17549,17549,35,0,15851,158,15851,158,17553,0,0,false
26,1pct,parquet_boundary_search_p4096,26749.9,26759.0,26825.4,2741,158,0,4965,4965,5,0,4096,158,4096,158,15934,5,1,true
26,1pct,parquet_boundary_search_p16384,59287.5,59434.4,59478.1,2741,158,0,15558,15558,5,0,15851,158,15851,158,15562,2,1,true
26,1pct,parquet_boundary_search,12591.6,12595.9,12604.2,2741,158,0,2751,2751,5,0,1024,158,1024,158,17553,8,1,true
26,1pct,parquet_row_filter,60223.7,60262.6,60284.1,2741,158,0,3486,3486,20,0,15851,158,15851,158,17553,0,0,false
26,1pct,parquet_page_index_filter,12557.9,12598.9,12621.1,2741,158,0,2751,2751,5,0,1024,158,1024,158,17553,16,1,false
26,10pct,generated_selective,47232.6,47232.6,47237.1,25471,1585,4730,10949,10949,4,2,28,1585,3212,3170,10949,0,0,false
26,10pct,generated_fused,215032.9,215150.8,215159.8,25471,1585,19572,10949,10949,2,2,28,15851,3212,31702,10949,0,0,false
26,10pct,generated_direct_selective,19141.7,19150.7,19166.1,25471,1585,2923,8248,8248,35,0,28,1585,56,3170,63424,0,0,false
26,10pct,generated_scan_selective,113822.6,113846.2,113993.5,25471,1585,23193,10949,10949,4,2,15851,1585,15851,3170,10949,0,0,false
26,10pct,parquet_full,69491.1,69599.1,69640.2,25471,1585,0,17549,17549,35,0,15851,1585,15851,1585,17553,0,0,false
26,10pct,parquet_boundary_search_p4096,41430.5,41458.6,41678.5,25471,1585,0,8997,8997,7,0,8192,1585,8192,1585,15934,5,2,true
26,10pct,parquet_boundary_search_p16384,61439.4,61536.1,61581.5,25471,1585,0,15558,15558,5,0,15851,1585,15851,1585,15562,2,1,true
26,10pct,parquet_boundary_search,22854.3,22895.0,22904.8,25471,1585,0,4902,4902,9,0,3072,1585,3072,1585,17553,8,3,true
26,10pct,parquet_row_filter,63914.4,63924.7,63933.4,25471,1585,0,5539,5539,22,0,15851,1585,15851,1585,17553,0,0,false
26,10pct,parquet_page_index_filter,22754.7,22755.1,22811.1,25471,1585,0,4902,4902,9,0,3072,1585,3072,1585,17553,16,3,false
26,50pct,generated_selective,119697.9,119744.8,119928.8,97685,7925,12053,10949,10949,4,2,27,7925,3661,15850,10949,0,0,false
26,50pct,generated_fused,219979.1,219998.0,220155.0,97685,7925,20099,10949,10949,2,2,27,15851,3661,31702,10949,0,0,false
26,50pct,generated_direct_selective,92473.1,92502.7,92577.6,97685,7925,9720,15032,15032,39,0,27,7925,54,15850,63424,0,0,false
26,50pct,generated_scan_selective,189161.0,189359.4,189441.4,97685,7925,29989,10949,10949,4,2,15851,7925,15851,15850,10949,0,0,false
26,50pct,parquet_full,72861.0,72891.9,72943.5,97685,7925,0,17549,17549,35,0,15851,7925,15851,7925,17553,0,0,false
26,50pct,parquet_boundary_search_p4096,67760.7,67845.3,67872.6,97685,7925,0,12536,12536,9,0,12288,7925,12288,7925,15934,5,3,true
26,50pct,parquet_boundary_search_p16384,72648.7,72815.6,72853.4,97685,7925,0,15558,15558,5,0,15851,7925,15851,7925,15562,2,1,true
26,50pct,parquet_boundary_search,63640.7,63663.0,63880.1,97685,7925,0,11155,11155,21,0,9216,7925,9216,7925,17553,8,9,true
26,50pct,parquet_row_filter,85562.0,85730.0,85791.8,97685,7925,0,11498,11498,28,0,15851,7925,15851,7925,17553,0,0,false
26,50pct,parquet_page_index_filter,63691.9,63700.5,63712.2,97685,7925,0,11155,11155,21,0,9216,7925,9216,7925,17553,16,9,false
27,0.1pct,generated_selective,35756.3,35780.7,35902.7,4,15,2541,5972,5972,4,2,27,15,4363,30,5972,0,0,false
27,0.1pct,generated_fused,220137.1,220271.8,220425.3,4,15,12595,5972,5972,2,2,27,15858,4363,31716,5972,0,0,false
27,0.1pct,generated_direct_selective,924.6,925.1,925.9,4,15,644,5080,5080,17,0,27,15,54,30,56320,0,0,false
27,0.1pct,generated_scan_selective,96589.6,96596.0,96636.6,4,15,20923,5972,5972,4,2,15858,15,15858,30,5972,0,0,false
27,0.1pct,parquet_full,77514.4,77594.9,77796.4,4,15,0,10715,10715,35,0,15858,15,15858,15,10719,0,0,false
27,0.1pct,parquet_boundary_search_p4096,25555.7,25610.1,25666.1,4,15,0,2896,2896,5,0,4096,15,4096,15,8565,5,1,true
27,0.1pct,parquet_boundary_search_p16384,67483.0,67565.9,67766.2,4,15,0,7801,7801,5,0,15858,15,15858,15,7805,2,1,true
27,0.1pct,parquet_boundary_search,12195.6,12197.6,12223.1,4,15,0,2238,2238,5,0,1024,15,1024,15,10719,8,1,true
27,0.1pct,parquet_row_filter,59873.8,59889.3,59913.9,4,15,0,2973,2973,20,0,15858,15,15858,15,10719,0,0,false
27,0.1pct,parquet_page_index_filter,12077.2,12104.1,12104.4,4,15,0,2238,2238,5,0,1024,15,1024,15,10719,16,1,false
27,1pct,generated_selective,32314.9,32362.0,32374.7,104,158,2305,5972,5972,4,2,27,158,3085,316,5972,0,0,false
27,1pct,generated_fused,215194.1,215323.2,215499.1,104,158,12230,5972,5972,2,2,27,15858,3085,31716,5972,0,0,false
27,1pct,generated_direct_selective,2624.5,2627.5,2628.4,104,158,775,5160,5160,17,0,27,158,54,316,56320,0,0,false
27,1pct,generated_scan_selective,98290.1,98334.6,98347.1,104,158,21052,5972,5972,4,2,15858,158,15858,316,5972,0,0,false
27,1pct,parquet_full,77207.2,77244.8,77351.6,104,158,0,10715,10715,35,0,15858,158,15858,158,10719,0,0,false
27,1pct,parquet_boundary_search_p4096,26001.0,26034.4,26066.3,104,158,0,2896,2896,5,0,4096,158,4096,158,8565,5,1,true
27,1pct,parquet_boundary_search_p16384,67603.6,67734.8,68003.4,104,158,0,7801,7801,5,0,15858,158,15858,158,7805,2,1,true
27,1pct,parquet_boundary_search,12518.1,12539.9,12603.5,104,158,0,2238,2238,5,0,1024,158,1024,158,10719,8,1,true
27,1pct,parquet_row_filter,59995.2,60141.2,60196.7,104,158,0,2973,2973,20,0,15858,158,15858,158,10719,0,0,false
27,1pct,parquet_page_index_filter,12481.8,12531.7,12536.1,104,158,0,2238,2238,5,0,1024,158,1024,158,10719,16,1,false
27,10pct,generated_selective,49291.8,49317.8,49331.1,1273,1585,3545,5972,5972,4,2,28,1585,3312,3170,5972,0,0,false
27,10pct,generated_fused,217028.1,217209.4,217690.1,1273,1585,12554,5972,5972,2,2,28,15858,3312,31716,5972,0,0,false
27,10pct,generated_direct_selective,19104.5,19108.6,19116.3,1273,1585,1695,6552,6552,19,0,28,1585,56,3170,56320,0,0,false
27,10pct,generated_scan_selective,115339.0,115367.9,115418.5,1273,1585,21968,5972,5972,4,2,15858,1585,15858,3170,5972,0,0,false
27,10pct,parquet_full,73797.0,73926.4,74002.6,1273,1585,0,10715,10715,35,0,15858,1585,15858,1585,10719,0,0,false
27,10pct,parquet_boundary_search_p4096,44100.1,44146.3,44186.6,1273,1585,0,4854,4854,7,0,8192,1585,8192,1585,8565,5,2,true
27,10pct,parquet_boundary_search_p16384,70309.1,70394.6,70461.5,1273,1585,0,7801,7801,5,0,15858,1585,15858,1585,7805,2,1,true
27,10pct,parquet_boundary_search,24591.1,24597.4,24630.4,1273,1585,0,3313,3313,9,0,3072,1585,3072,1585,10719,8,3,true
27,10pct,parquet_row_filter,66120.0,66211.5,66238.8,1273,1585,0,3950,3950,22,0,15858,1585,15858,1585,10719,0,0,false
27,10pct,parquet_page_index_filter,24467.2,24528.8,24550.7,1273,1585,0,3313,3313,9,0,3072,1585,3072,1585,10719,16,3,false
27,50pct,generated_selective,120776.9,120944.1,120986.7,7016,7929,8265,5972,5972,4,2,26,7929,3392,15858,5972,0,0,false
27,50pct,generated_fused,220601.2,221087.4,221472.4,7016,7929,13244,5972,5972,2,2,26,15858,3392,31716,5972,0,0,false
27,50pct,generated_direct_selective,92826.0,92926.2,92947.6,7016,7929,5719,10512,10512,20,0,26,7929,52,15858,56320,0,0,false
27,50pct,generated_scan_selective,191057.9,191210.1,191324.3,7016,7929,25998,5972,5972,4,2,15858,7929,15858,15858,5972,0,0,false
27,50pct,parquet_full,77187.1,77220.3,77238.4,7016,7929,0,10715,10715,35,0,15858,7929,15858,7929,10719,0,0,false
27,50pct,parquet_boundary_search_p4096,73932.5,73975.1,74055.6,7016,7929,0,6796,6796,9,0,12288,7929,12288,7929,8565,5,3,true
27,50pct,parquet_boundary_search_p16384,80873.5,80923.6,81357.6,7016,7929,0,7801,7801,5,0,15858,7929,15858,7929,7805,2,1,true
27,50pct,parquet_boundary_search,64493.5,64695.1,64743.9,7016,7929,0,6837,6837,21,0,9216,7929,9216,7929,10719,8,9,true
27,50pct,parquet_row_filter,86378.0,86543.0,86571.7,7016,7929,0,7180,7180,28,0,15858,7929,15858,7929,10719,0,0,false
27,50pct,parquet_page_index_filter,64367.6,64469.0,64571.1,7016,7929,0,6837,6837,21,0,9216,7929,9216,7929,10719,16,9,false
28,0.1pct,generated_selective,42924.9,42934.5,43021.0,8,15,2580,8078,8078,4,2,27,15,3703,16,8078,0,0,false
28,0.1pct,generated_fused,107700.1,107717.8,107883.1,8,15,18431,8078,8078,2,2,27,15866,3703,15867,8078,0,0,false
28,0.1pct,generated_direct_selective,788.1,788.4,790.0,8,15,642,5200,5200,17,0,27,15,54,16,62144,0,0,false
28,0.1pct,generated_scan_selective,106311.8,106397.6,106568.3,8,15,20930,8078,8078,4,2,15866,15,15866,16,8078,0,0,false
28,0.1pct,parquet_full,77227.1,77288.0,77414.6,8,15,0,15048,15048,35,0,15866,15,15866,15,15052,0,0,false
28,0.1pct,parquet_boundary_search_p4096,26327.6,26331.2,26360.7,8,15,0,3943,3943,5,0,4096,15,4096,15,13296,5,1,true
28,0.1pct,parquet_boundary_search_p16384,61703.6,61746.5,61747.4,8,15,0,12837,12837,5,0,15866,15,15866,15,12841,2,1,true
28,0.1pct,parquet_boundary_search,14162.5,14310.6,14355.1,8,15,0,2504,2504,5,0,1024,15,1024,15,15052,8,1,true
28,0.1pct,parquet_row_filter,62273.5,62352.6,62439.5,8,15,0,3239,3239,20,0,15866,15,15866,15,15052,0,0,false
28,0.1pct,parquet_page_index_filter,14247.5,14270.3,14323.1,8,15,0,2504,2504,5,0,1024,15,1024,15,15052,16,1,false
28,1pct,generated_selective,41430.7,41444.3,41445.6,1197,158,2366,8078,8078,4,2,27,158,3193,159,8078,0,0,false
28,1pct,generated_fused,106123.8,106386.9,106486.6,1197,158,18074,8078,8078,2,2,27,15866,3193,15867,8078,0,0,false
28,1pct,generated_direct_selective,1350.6,1350.7,1350.9,1197,158,785,5200,5200,17,0,27,158,54,159,62144,0,0,false
28,1pct,generated_scan_selective,107010.7,107017.4,107020.1,1197,158,21073,8078,8078,4,2,15866,158,15866,159,8078,0,0,false
28,1pct,parquet_full,73084.9,73194.7,73291.5,1197,158,0,15048,15048,35,0,15866,158,15866,158,15052,0,0,false
28,1pct,parquet_boundary_search_p4096,26699.3,26731.8,26817.2,1197,158,0,3943,3943,5,0,4096,158,4096,158,13296,5,1,true
28,1pct,parquet_boundary_search_p16384,61831.2,61878.7,61997.6,1197,158,0,12837,12837,5,0,15866,158,15866,158,12841,2,1,true
28,1pct,parquet_boundary_search,14662.2,14668.3,14680.0,1197,158,0,2504,2504,5,0,1024,158,1024,158,15052,8,1,true
28,1pct,parquet_row_filter,62298.0,62464.1,62589.1,1197,158,0,3239,3239,20,0,15866,158,15866,158,15052,0,0,false
28,1pct,parquet_page_index_filter,14604.9,14619.1,14698.1,1197,158,0,2504,2504,5,0,1024,158,1024,158,15052,16,1,false
28,10pct,generated_selective,46771.2,46841.5,46877.0,6951,1586,4041,8078,8078,4,2,28,1586,3178,1587,8078,0,0,false
28,10pct,generated_fused,106580.6,106679.6,106704.4,6951,1586,18321,8078,8078,2,2,28,15866,3178,15867,8078,0,0,false
28,10pct,generated_direct_selective,6637.0,6642.8,6649.9,6951,1586,2212,7104,7104,18,0,28,1586,56,1587,62144,0,0,false
28,10pct,generated_scan_selective,113403.2,113512.8,113539.3,6951,1586,22501,8078,8078,4,2,15866,1586,15866,1587,8078,0,0,false
28,10pct,parquet_full,73707.2,73740.0,73996.1,6951,1586,0,15048,15048,35,0,15866,1586,15866,1586,15052,0,0,false
28,10pct,parquet_boundary_search_p4096,41502.7,41550.9,41727.4,6951,1586,0,7085,7085,7,0,8192,1586,8192,1586,13296,5,2,true
28,10pct,parquet_boundary_search_p16384,64061.4,64062.8,64088.7,6951,1586,0,12837,12837,5,0,15866,1586,15866,1586,12841,2,1,true
28,10pct,parquet_boundary_search,24721.7,24750.4,24777.2,6951,1586,0,4000,4000,9,0,3072,1586,3072,1586,15052,8,3,true
28,10pct,parquet_row_filter,66356.3,66459.1,66487.1,6951,1586,0,4637,4637,22,0,15866,1586,15866,1586,15052,0,0,false
28,10pct,parquet_page_index_filter,24687.6,24703.8,24749.1,6951,1586,0,4000,4000,9,0,3072,1586,3072,1586,15052,16,3,false
28,50pct,generated_selective,70558.8,70559.9,70618.1,35499,7933,10835,8078,8078,4,2,26,7933,3240,7934,8078,0,0,false
28,50pct,generated_fused,109217.3,109285.8,109444.3,35499,7933,18768,8078,8078,2,2,26,15866,3240,15867,8078,0,0,false
28,50pct,generated_direct_selective,30194.6,30195.0,30228.4,35499,7933,8554,13008,13008,17,0,26,7933,52,7934,62144,0,0,false
28,50pct,generated_scan_selective,141666.3,141718.5,141744.2,35499,7933,28848,8078,8078,4,2,15866,7933,15866,7934,8078,0,0,false
28,50pct,parquet_full,77106.2,77219.6,77447.9,35499,7933,0,15048,15048,35,0,15866,7933,15866,7933,15052,0,0,false
28,50pct,parquet_boundary_search_p4096,72549.3,72646.5,72721.0,35499,7933,0,10514,10514,9,0,12288,7933,12288,7933,13296,5,3,true
28,50pct,parquet_boundary_search_p16384,75347.0,75409.7,75424.0,35499,7933,0,12837,12837,5,0,15866,7933,15866,7933,12841,2,1,true
28,50pct,parquet_boundary_search,64224.4,64228.1,64420.1,35499,7933,0,9388,9388,21,0,9216,7933,9216,7933,15052,8,9,true
28,50pct,parquet_row_filter,85944.7,86028.3,86098.4,35499,7933,0,9731,9731,28,0,15866,7933,15866,7933,15052,0,0,false
28,50pct,parquet_page_index_filter,63855.5,63974.7,64147.9,35499,7933,0,9388,9388,21,0,9216,7933,9216,7933,15052,16,9,false
29,0.1pct+1pct+10pct,generated_selective,191290.7,191667.9,191987.2,26010156760,3720,20448,51720,51720,125,1,16384,3720,16384,5612,54464,0,0,false
29,0.1pct+1pct+10pct,generated_fused,172726.6,172779.5,173017.1,26010156760,3720,58440,54464,54464,2,1,16384,16384,16384,16385,54464,0,0,false
29,0.1pct+1pct+10pct,generated_direct_selective,157063.3,157221.9,157229.3,26010156760,3720,19880,55184,55184,126,0,16384,3720,16385,5612,57984,0,0,false
29,0.1pct+1pct+10pct,generated_scan_selective,190878.6,191105.9,192120.5,26010156760,3720,20448,51720,51720,125,1,16384,3720,16384,5612,54464,0,0,false
29,0.1pct+1pct+10pct,parquet_full,83562.3,83648.8,83680.6,26010156760,3720,0,58811,58811,35,0,16384,3720,16384,3720,58815,0,0,false
29,0.1pct+1pct+10pct,parquet_boundary_search_p4096,147377.5,147586.2,148462.9,26010156760,3720,0,56866,56866,11,0,16384,3720,16384,3720,56870,4,4,false
29,0.1pct+1pct+10pct,parquet_boundary_search_p16384,141715.6,142027.5,142064.7,26010156760,3720,0,56277,56277,5,0,16384,3720,16384,3720,56281,2,1,true
29,0.1pct+1pct+10pct,parquet_boundary_search,156033.5,156391.5,156472.4,26010156760,3720,0,58811,58811,35,0,16384,3720,16384,3720,58815,16,16,false
29,0.1pct+1pct+10pct,parquet_row_filter,139465.1,139587.4,139749.9,26010156760,3720,0,58811,58811,35,0,16384,3720,16384,3720,58815,0,0,false
29,0.1pct+1pct+10pct,parquet_page_index_filter,155513.5,155694.7,155730.5,26010156760,3720,0,58811,58811,35,0,16384,3720,16384,3720,58815,16,16,false
29,50pct,generated_selective,224558.5,224712.5,227098.5,70675249901,10088,39552,54408,54408,132,1,16384,10088,16384,11837,54464,0,0,false
29,50pct,generated_fused,178576.3,178624.5,178694.6,70675249901,10088,58440,54464,54464,2,1,16384,16384,16384,16385,54464,0,0,false
29,50pct,generated_direct_selective,187868.1,188007.2,188106.4,70675249901,10088,38984,57872,57872,133,0,16384,10088,16385,11837,57984,0,0,false
29,50pct,generated_scan_selective,224301.9,224843.9,225606.2,70675249901,10088,39552,54408,54408,132,1,16384,10088,16384,11837,54464,0,0,false
29,50pct,parquet_full,88474.8,88583.5,88586.4,70675249901,10088,0,58811,58811,35,0,16384,10088,16384,10088,58815,0,0,false
29,50pct,parquet_boundary_search_p4096,158289.5,158352.4,158524.5,70675249901,10088,0,56866,56866,11,0,16384,10088,16384,10088,56870,4,4,false
29,50pct,parquet_boundary_search_p16384,152385.5,152403.8,152663.4,70675249901,10088,0,56277,56277,5,0,16384,10088,16384,10088,56281,2,1,true
29,50pct,parquet_boundary_search,166659.4,166762.2,167394.0,70675249901,10088,0,58811,58811,35,0,16384,10088,16384,10088,58815,16,16,false
29,50pct,parquet_row_filter,150879.9,151465.8,151733.7,70675249901,10088,0,58811,58811,35,0,16384,10088,16384,10088,58815,0,0,false
29,50pct,parquet_page_index_filter,166969.8,167615.3,167682.6,70675249901,10088,0,58811,58811,35,0,16384,10088,16384,10088,58815,16,16,false
30,0.1pct+1pct+10pct,generated_selective,186028.3,186426.0,186576.2,9353,9353,5940,761,761,4,2,16384,9353,16388,18706,761,0,0,false
30,0.1pct+1pct+10pct,generated_fused,277037.3,277350.6,278163.3,9353,9353,6824,761,761,2,2,16384,16384,16388,32768,761,0,0,false
30,0.1pct+1pct+10pct,generated_direct_selective,935.1,936.2,936.2,9353,9353,1028,1088,1088,10,0,16384,9353,30,51,1136,0,0,false
30,0.1pct+1pct+10pct,generated_scan_selective,298470.0,299009.0,299267.8,9353,9353,5940,761,761,4,2,16384,9353,32768,18706,761,0,0,false
30,0.1pct+1pct+10pct,parquet_full,65294.4,65334.1,65338.1,9353,9353,0,3066,3066,35,0,16384,9353,16384,9353,3070,0,0,false
30,0.1pct+1pct+10pct,parquet_boundary_search_p4096,74959.1,75026.1,75100.1,9353,9353,0,1393,1393,11,0,16384,9353,16384,9353,1397,5,4,true
30,0.1pct+1pct+10pct,parquet_boundary_search_p16384,73692.1,73707.7,74064.9,9353,9353,0,934,934,5,0,16384,9353,16384,9353,938,2,1,true
30,0.1pct+1pct+10pct,parquet_boundary_search,77757.5,77902.6,77950.6,9353,9353,0,2802,2802,29,0,14336,9353,14336,9353,3070,16,14,false
30,0.1pct+1pct+10pct,parquet_row_filter,83010.6,83174.0,83256.4,9353,9353,0,2884,2884,31,0,16384,9353,16384,9353,3070,0,0,false
30,0.1pct+1pct+10pct,parquet_page_index_filter,77965.9,78058.4,78110.5,9353,9353,0,2802,2802,29,0,14336,9353,14336,9353,3070,16,14,false
30,50pct,generated_selective,243007.4,243340.2,243520.5,13723,13723,6486,761,761,4,2,16384,13723,16387,27446,761,0,0,false
30,50pct,generated_fused,282445.8,283365.7,283534.3,13723,13723,6824,761,761,2,2,16384,16384,16387,32768,761,0,0,false
30,50pct,generated_direct_selective,789.4,790.0,793.6,13723,13723,1028,1088,1088,10,0,16384,13723,29,40,1136,0,0,false
30,50pct,generated_scan_selective,350732.6,351133.4,352247.2,13723,13723,6486,761,761,4,2,16384,13723,32768,27446,761,0,0,false
30,50pct,parquet_full,66592.7,66776.8,66813.4,13723,13723,0,3066,3066,35,0,16384,13723,16384,13723,3070,0,0,false
30,50pct,parquet_boundary_search_p4096,83044.7,83116.9,83312.5,13723,13723,0,1393,1393,11,0,16384,13723,16384,13723,1397,5,4,true
30,50pct,parquet_boundary_search_p16384,80147.1,80164.8,80260.9,13723,13723,0,934,934,5,0,16384,13723,16384,13723,938,2,1,true
30,50pct,parquet_boundary_search,93431.7,93465.6,93949.6,13723,13723,0,3066,3066,35,0,16384,13723,16384,13723,3070,16,16,false
30,50pct,parquet_row_filter,92377.8,92593.3,92635.3,13723,13723,0,3066,3066,35,0,16384,13723,16384,13723,3070,0,0,false
30,50pct,parquet_page_index_filter,93323.0,93447.0,93659.7,13723,13723,0,3066,3066,35,0,16384,13723,16384,13723,3070,16,16,false
31,0.1pct+1pct+10pct,generated_selective,155308.2,155430.1,155573.6,6522920954,9353,32827,6105,6105,4,2,16384,9353,16388,9358,6105,0,0,false
31,0.1pct+1pct+10pct,generated_fused,191430.9,191627.8,191877.1,6522920954,9353,53920,6105,6105,2,2,16384,16384,16388,16385,6105,0,0,false
31,0.1pct+1pct+10pct,generated_direct_selective,31770.4,31771.6,31807.1,6522920954,9353,8472,10268,10268,61,0,16384,9353,30,3171,13856,0,0,false
31,0.1pct+1pct+10pct,generated_scan_selective,267132.6,267168.3,267815.0,6522920954,9353,32827,6105,6105,4,2,16384,9353,32768,9358,6105,0,0,false
31,0.1pct+1pct+10pct,parquet_full,107183.7,107276.6,107341.2,6522920954,9353,0,12494,12494,35,0,16384,9353,16384,9353,12498,0,0,false
31,0.1pct+1pct+10pct,parquet_boundary_search_p4096,106894.9,107254.9,107314.4,6522920954,9353,0,10374,10374,11,0,16384,9353,16384,9353,10378,5,4,true
31,0.1pct+1pct+10pct,parquet_boundary_search_p16384,111493.1,111510.0,111613.2,6522920954,9353,0,9685,9685,5,0,16384,9353,16384,9353,9689,2,1,true
31,0.1pct+1pct+10pct,parquet_boundary_search,108759.4,108798.9,109004.2,6522920954,9353,0,9991,9991,29,0,14336,9353,14336,9353,12498,16,14,false
31,0.1pct+1pct+10pct,parquet_row_filter,114408.8,114516.6,114768.2,6522920954,9353,0,10073,10073,31,0,16384,9353,16384,9353,12498,0,0,false
31,0.1pct+1pct+10pct,parquet_page_index_filter,108552.4,108758.8,108779.9,6522920954,9353,0,9991,9991,29,0,14336,9353,14336,9353,12498,16,14,false
31,50pct,generated_selective,175674.6,175827.6,176066.2,12262447509,13723,45937,6105,6105,4,2,16384,13723,16387,13727,6105,0,0,false
31,50pct,generated_fused,197713.9,197742.9,197748.9,12262447509,13723,53920,6105,6105,2,2,16384,16384,16387,16385,6105,0,0,false
31,50pct,generated_direct_selective,42227.2,42240.0,42254.1,12262447509,13723,10912,12316,12316,73,0,16384,13723,29,4229,13856,0,0,false
31,50pct,generated_scan_selective,285133.9,285365.6,285398.4,12262447509,13723,45937,6105,6105,4,2,16384,13723,32768,13727,6105,0,0,false
31,50pct,parquet_full,109519.9,109536.7,109700.3,12262447509,13723,0,12494,12494,35,0,16384,13723,16384,13723,12498,0,0,false
31,50pct,parquet_boundary_search_p4096,116320.2,116623.2,116795.4,12262447509,13723,0,10374,10374,11,0,16384,13723,16384,13723,10378,5,4,true
31,50pct,parquet_boundary_search_p16384,116730.9,117347.4,118387.1,12262447509,13723,0,9685,9685,5,0,16384,13723,16384,13723,9689,2,1,true
31,50pct,parquet_boundary_search,135111.4,135155.8,135497.1,12262447509,13723,0,12494,12494,35,0,16384,13723,16384,13723,12498,16,16,false
31,50pct,parquet_row_filter,134254.9,134441.8,134904.5,12262447509,13723,0,12494,12494,35,0,16384,13723,16384,13723,12498,0,0,false
31,50pct,parquet_page_index_filter,135026.3,135376.9,135419.8,12262447509,13723,0,12494,12494,35,0,16384,13723,16384,13723,12498,16,16,false
32,0.1pct+1pct,generated_selective,1336049.0,1337762.0,1339624.0,19334,2904,29208,13731,13731,4,2,16384,2904,16385,264152,13731,0,0,false
32,0.1pct+1pct,generated_fused,228816.1,228872.5,229160.4,19334,2904,29768,13731,13731,2,2,16384,16384,16385,16384,13731,0,0,false
32,0.1pct+1pct,generated_direct_selective,158180.0,158448.8,159053.8,19334,2904,16446,23160,23160,134,0,16384,2904,16385,5808,23360,0,0,false
32,0.1pct+1pct,generated_scan_selective,1330841.0,1331312.0,1335799.0,19334,2904,29208,13731,13731,4,2,16384,2904,16385,264152,13731,0,0,false
32,0.1pct+1pct,parquet_full,84440.5,84552.4,84931.2,19334,2904,0,19672,19672,35,0,16384,2904,16384,2904,19676,0,0,false
32,0.1pct+1pct,parquet_boundary_search_p4096,153523.0,154110.6,155051.2,19334,2904,0,17601,17601,11,0,16384,2904,16384,2904,17605,4,4,false
32,0.1pct+1pct,parquet_boundary_search_p16384,152318.7,153496.5,154109.0,19334,2904,0,16796,16796,5,0,16384,2904,16384,2904,16800,2,1,true
32,0.1pct+1pct,parquet_boundary_search,159304.2,159688.9,160192.2,19334,2904,0,19672,19672,35,0,16384,2904,16384,2904,19676,16,16,false
32,0.1pct+1pct,parquet_row_filter,141408.0,142058.3,144328.1,19334,2904,0,19672,19672,35,0,16384,2904,16384,2904,19676,0,0,false
32,0.1pct+1pct,parquet_page_index_filter,158932.0,159460.2,159512.0,19334,2904,0,19672,19672,35,0,16384,2904,16384,2904,19676,16,16,false
32,10pct,generated_selective,1826443.0,1827755.0,1845892.0,35329,5412,29423,13731,13731,4,2,16384,5412,16385,367559,13731,0,0,false
32,10pct,generated_fused,236282.0,236375.1,236541.1,35329,5412,29768,13731,13731,2,2,16384,16384,16385,16384,13731,0,0,false
32,10pct,generated_direct_selective,218254.0,218992.6,219348.1,35329,5412,18588,23160,23160,134,0,16384,5412,16385,10824,23360,0,0,false
32,10pct,generated_scan_selective,1821746.0,1824339.0,1829887.0,35329,5412,29423,13731,13731,4,2,16384,5412,16385,367559,13731,0,0,false
32,10pct,parquet_full,85392.7,85650.4,86095.6,35329,5412,0,19672,19672,35,0,16384,5412,16384,5412,19676,0,0,false
32,10pct,parquet_boundary_search_p4096,174917.7,176580.2,177221.2,35329,5412,0,17601,17601,11,0,16384,5412,16384,5412,17605,4,4,false
32,10pct,parquet_boundary_search_p16384,174606.7,174768.7,174825.2,35329,5412,0,16796,16796,5,0,16384,5412,16384,5412,16800,2,1,true
32,10pct,parquet_boundary_search,181282.2,181692.8,182223.5,35329,5412,0,19672,19672,35,0,16384,5412,16384,5412,19676,16,16,false
32,10pct,parquet_row_filter,155595.5,156038.0,157766.1,35329,5412,0,19672,19672,35,0,16384,5412,16384,5412,19676,0,0,false
32,10pct,parquet_page_index_filter,181207.2,181510.6,182835.5,35329,5412,0,19672,19672,35,0,16384,5412,16384,5412,19676,16,16,false
32,50pct,generated_selective,1321177.0,1323079.0,1323811.0,63797,9943,29543,13731,13731,4,2,16384,9943,16385,258378,13731,0,0,false
32,50pct,generated_fused,243491.4,243764.7,246919.4,63797,9943,29768,13731,13731,2,2,16384,16384,16385,16384,13731,0,0,false
32,50pct,generated_direct_selective,259024.6,260378.3,260920.3,63797,9943,20615,23160,23160,124,0,16384,9943,16385,19886,23360,0,0,false
32,50pct,generated_scan_selective,1315769.0,1316259.0,1316399.0,63797,9943,29543,13731,13731,4,2,16384,9943,16385,258378,13731,0,0,false
32,50pct,parquet_full,87508.1,87777.0,87957.8,63797,9943,0,19672,19672,35,0,16384,9943,16384,9943,19676,0,0,false
32,50pct,parquet_boundary_search_p4096,167069.9,167257.5,167330.4,63797,9943,0,17601,17601,11,0,16384,9943,16384,9943,17605,4,4,false
32,50pct,parquet_boundary_search_p16384,164201.5,164988.6,164991.8,63797,9943,0,16796,16796,5,0,16384,9943,16384,9943,16800,2,1,true
32,50pct,parquet_boundary_search,175117.5,175736.5,176628.8,63797,9943,0,19672,19672,35,0,16384,9943,16384,9943,19676,16,16,false
32,50pct,parquet_row_filter,155190.6,155753.1,156862.4,63797,9943,0,19672,19672,35,0,16384,9943,16384,9943,19676,0,0,false
32,50pct,parquet_page_index_filter,172126.6,172504.5,173183.6,63797,9943,0,19672,19672,35,0,16384,9943,16384,9943,19676,16,16,false
33,0.1pct+1pct,generated_selective,156625.2,156792.9,158881.1,12039,2904,15517,7869,7869,4,2,16384,2904,16385,4946,7869,0,0,false
33,0.1pct+1pct,generated_fused,154179.8,154193.2,154227.4,12039,2904,19088,7869,7869,2,2,16384,16384,16385,16385,7869,0,0,false
33,0.1pct+1pct,generated_direct_selective,487023.8,487702.2,487747.2,12039,2904,13130,13172,13172,8,0,16384,2904,16385,48739,13232,0,0,false
33,0.1pct+1pct,generated_scan_selective,156564.2,156727.0,156783.8,12039,2904,15517,7869,7869,4,2,16384,2904,16385,4946,7869,0,0,false
33,0.1pct+1pct,parquet_full,71070.2,71083.3,71096.0,12039,2904,0,11772,11772,35,0,16384,2904,16384,2904,11776,0,0,false
33,0.1pct+1pct,parquet_boundary_search_p4096,138109.8,138218.3,138240.6,12039,2904,0,9968,9968,11,0,16384,2904,16384,2904,9972,4,4,false
33,0.1pct+1pct,parquet_boundary_search_p16384,139790.6,139798.4,140556.7,12039,2904,0,9308,9308,5,0,16384,2904,16384,2904,9312,2,1,true
33,0.1pct+1pct,parquet_boundary_search,144616.4,144881.4,145079.4,12039,2904,0,11772,11772,35,0,16384,2904,16384,2904,11776,16,16,false
33,0.1pct+1pct,parquet_row_filter,127546.6,127649.6,128858.6,12039,2904,0,11772,11772,35,0,16384,2904,16384,2904,11776,0,0,false
33,0.1pct+1pct,parquet_page_index_filter,144404.5,144477.8,145637.2,12039,2904,0,11772,11772,35,0,16384,2904,16384,2904,11776,16,16,false
33,10pct,generated_selective,197284.0,197493.3,201297.8,22775,5412,16804,7869,7869,4,2,16384,5412,16385,8285,7869,0,0,false
33,10pct,generated_fused,157302.8,157393.0,157397.1,22775,5412,19088,7869,7869,2,2,16384,16384,16385,16385,7869,0,0,false
33,10pct,generated_direct_selective,663980.0,664420.7,665536.0,22775,5412,13130,13172,13172,8,0,16384,5412,16385,69003,13232,0,0,false
33,10pct,generated_scan_selective,197377.6,197546.7,197612.3,22775,5412,16804,7869,7869,4,2,16384,5412,16385,8285,7869,0,0,false
33,10pct,parquet_full,73706.1,75268.0,75611.9,22775,5412,0,11772,11772,35,0,16384,5412,16384,5412,11776,0,0,false
33,10pct,parquet_boundary_search_p4096,158483.5,158558.2,158874.1,22775,5412,0,9968,9968,11,0,16384,5412,16384,5412,9972,4,4,false
33,10pct,parquet_boundary_search_p16384,161303.8,161435.8,161507.5,22775,5412,0,9308,9308,5,0,16384,5412,16384,5412,9312,2,1,true
33,10pct,parquet_boundary_search,165138.0,165256.4,165671.5,22775,5412,0,11772,11772,35,0,16384,5412,16384,5412,11776,16,16,false
33,10pct,parquet_row_filter,142408.1,142913.1,143606.3,22775,5412,0,11772,11772,35,0,16384,5412,16384,5412,11776,0,0,false
33,10pct,parquet_page_index_filter,166247.8,166350.5,167125.8,22775,5412,0,11772,11772,35,0,16384,5412,16384,5412,11776,16,16,false
33,50pct,generated_selective,197976.2,198179.9,198314.6,41961,9943,17802,7869,7869,4,2,16384,9943,16385,11919,7869,0,0,false
33,50pct,generated_fused,158190.0,158278.5,158457.1,41961,9943,19088,7869,7869,2,2,16384,16384,16385,16385,7869,0,0,false
33,50pct,generated_direct_selective,489247.0,489352.2,490035.5,41961,9943,13130,13172,13172,8,0,16384,9943,16385,48727,13232,0,0,false
33,50pct,generated_scan_selective,197721.3,197778.2,198038.6,41961,9943,17802,7869,7869,4,2,16384,9943,16385,11919,7869,0,0,false
33,50pct,parquet_full,77203.0,77227.6,77679.2,41961,9943,0,11772,11772,35,0,16384,9943,16384,9943,11776,0,0,false
33,50pct,parquet_boundary_search_p4096,151117.8,151177.8,152071.8,41961,9943,0,9968,9968,11,0,16384,9943,16384,9943,9972,4,4,false
33,50pct,parquet_boundary_search_p16384,152528.2,153861.0,155317.0,41961,9943,0,9308,9308,5,0,16384,9943,16384,9943,9312,2,1,true
33,50pct,parquet_boundary_search,158247.6,158348.7,159588.8,41961,9943,0,11772,11772,35,0,16384,9943,16384,9943,11776,16,16,false
33,50pct,parquet_row_filter,140201.3,140309.2,141371.5,41961,9943,0,11772,11772,35,0,16384,9943,16384,9943,11776,0,0,false
33,50pct,parquet_page_index_filter,157261.2,158708.2,158820.2,41961,9943,0,11772,11772,35,0,16384,9943,16384,9943,11776,16,16,false
34,0.1pct,generated_selective,180380.7,180386.3,180470.9,33,17,29529,54813,54813,4,2,16384,17,16409,34,54813,0,0,false
34,0.1pct,generated_fused,247551.9,248281.6,248458.9,33,17,31560,54813,54813,2,2,16384,16384,16409,16385,54813,0,0,false
34,0.1pct,generated_direct_selective,64317.8,64374.1,64436.4,33,17,29409,30576,30576,36,0,16384,17,16409,34,97856,0,0,false
34,0.1pct,generated_scan_selective,303101.8,303377.2,303654.3,33,17,95857,54813,54813,4,2,16384,17,32768,34,54813,0,0,false
34,0.1pct,parquet_full,171854.4,171935.5,172287.7,33,17,0,71999,71999,35,0,16384,17,16384,17,72003,0,0,false
34,0.1pct,parquet_boundary_search_p4096,105106.7,105229.1,105355.9,33,17,0,51855,51855,8,0,12288,17,12288,17,69294,4,3,false
34,0.1pct,parquet_boundary_search_p16384,132583.4,132657.8,132833.0,33,17,0,68580,68580,5,0,16384,17,16384,17,68584,2,1,true
34,0.1pct,parquet_boundary_search,98715.2,98818.9,98942.6,33,17,0,40754,40754,17,0,9216,17,9216,17,72003,16,9,false
34,0.1pct,parquet_row_filter,156258.0,156358.9,156775.4,33,17,0,69850,69850,24,0,16384,17,16384,17,72003,0,0,false
34,0.1pct,parquet_page_index_filter,98806.4,98915.9,99001.6,33,17,0,40754,40754,17,0,9216,17,9216,17,72003,16,9,false
34,1pct,generated_selective,186044.4,186060.4,186074.4,292,164,29671,54813,54813,4,2,16384,164,16409,322,54813,0,0,false
34,1pct,generated_fused,249242.9,249304.2,249467.0,292,164,31568,54813,54813,2,2,16384,16384,16409,16385,54813,0,0,false
34,1pct,generated_direct_selective,70349.2,70373.5,70434.0,292,164,29551,31040,31040,65,0,16384,164,16409,328,97856,0,0,false
34,1pct,generated_scan_selective,309474.7,309943.8,310018.8,292,164,95991,54813,54813,4,2,16384,164,32768,322,54813,0,0,false
34,1pct,parquet_full,171432.0,171866.3,171984.5,292,164,0,71999,71999,35,0,16384,164,16384,164,72003,0,0,false
34,1pct,parquet_boundary_search_p4096,126214.2,126231.5,126566.7,292,164,0,51855,51855,8,0,12288,164,12288,164,69294,4,3,false
34,1pct,parquet_boundary_search_p16384,153642.4,153765.1,153852.7,292,164,0,68580,68580,5,0,16384,164,16384,164,68584,2,1,true
34,1pct,parquet_boundary_search,122986.7,123134.9,123456.1,292,164,0,40942,40942,18,0,9216,164,9216,164,72003,16,9,false
34,1pct,parquet_row_filter,179789.0,180401.9,180404.9,292,164,0,70038,70038,25,0,16384,164,16384,164,72003,0,0,false
34,1pct,parquet_page_index_filter,122340.6,122578.4,122786.8,292,164,0,40942,40942,18,0,9216,164,9216,164,72003,16,9,false
34,10pct,generated_selective,230101.8,230170.8,230821.6,2945,1639,30214,54813,54813,4,2,16384,1639,16409,2914,54813,0,0,false
34,10pct,generated_fused,254598.0,255090.3,255641.0,2945,1639,31568,54813,54813,2,2,16384,16384,16409,16385,54813,0,0,false
34,10pct,generated_direct_selective,119158.9,119173.2,119346.7,2945,1639,30094,31152,31152,69,0,16384,1639,16409,3278,97856,0,0,false
34,10pct,generated_scan_selective,351017.2,351357.6,351401.6,2945,1639,96534,54813,54813,4,2,16384,1639,32768,2914,54813,0,0,false
34,10pct,parquet_full,168493.9,168716.9,169136.7,2945,1639,0,71999,71999,35,0,16384,1639,16384,1639,72003,0,0,false
34,10pct,parquet_boundary_search_p4096,141047.5,141089.6,141252.1,2945,1639,0,51855,51855,8,0,12288,1639,12288,1639,69294,4,3,false
34,10pct,parquet_boundary_search_p16384,167301.2,167442.2,167505.6,2945,1639,0,68580,68580,5,0,16384,1639,16384,1639,68584,2,1,true
34,10pct,parquet_boundary_search,140465.1,140605.4,140917.3,2945,1639,0,41144,41144,19,0,9216,1639,9216,1639,72003,16,9,false
34,10pct,parquet_row_filter,187705.9,188797.5,188857.6,2945,1639,0,70240,70240,26,0,16384,1639,16384,1639,72003,0,0,false
34,10pct,parquet_page_index_filter,140688.9,141236.7,141383.1,2945,1639,0,41144,41144,19,0,9216,1639,9216,1639,72003,16,9,false
34,50pct,generated_selective,290109.0,290566.3,291142.3,14777,8195,31447,54813,54813,4,2,16384,8195,16410,10232,54813,0,0,false
34,50pct,generated_fused,268591.9,269228.6,269860.9,14777,8195,31576,54813,54813,2,2,16384,16384,16410,16385,54813,0,0,false
34,50pct,generated_direct_selective,227918.5,227918.5,227957.2,14777,8195,31327,32464,32464,111,0,16384,8195,16410,16390,97856,0,0,false
34,50pct,generated_scan_selective,408904.2,411000.0,412039.0,14777,8195,97759,54813,54813,4,2,16384,8195,32768,10232,54813,0,0,false
34,50pct,parquet_full,172788.5,173367.6,173654.4,14777,8195,0,71999,71999,35,0,16384,8195,16384,8195,72003,0,0,false
34,50pct,parquet_boundary_search_p4096,210876.7,212004.9,213553.9,14777,8195,0,69290,69290,11,0,16384,8195,16384,8195,69294,4,4,false
34,50pct,parquet_boundary_search_p16384,200567.9,200614.6,201151.0,14777,8195,0,68580,68580,5,0,16384,8195,16384,8195,68584,2,1,true
34,50pct,parquet_boundary_search,252982.7,253150.1,254609.6,14777,8195,0,71999,71999,35,0,16384,8195,16384,8195,72003,16,16,false
34,50pct,parquet_row_filter,236480.0,236649.1,236870.8,14777,8195,0,71999,71999,35,0,16384,8195,16384,8195,72003,0,0,false
34,50pct,parquet_page_index_filter,251571.4,251925.6,252012.0,14777,8195,0,71999,71999,35,0,16384,8195,16384,8195,72003,16,16,false
35,0.1pct,generated_selective,184155.5,184232.7,184347.8,20,17,29534,57672,57672,4,2,16384,17,16409,34,57672,0,0,false
35,0.1pct,generated_fused,251145.9,251248.7,251323.1,20,17,35656,57672,57672,2,2,16384,16384,16409,16385,57672,0,0,false
35,0.1pct,generated_direct_selective,64328.2,64391.8,64394.7,20,17,29414,31064,31064,36,0,16384,17,16409,34,101952,0,0,false
35,0.1pct,generated_scan_selective,306852.5,306977.7,307067.8,20,17,95862,57672,57672,4,2,16384,17,32768,34,57672,0,0,false
35,0.1pct,parquet_full,168885.4,169013.8,169249.6,20,17,0,76253,76253,35,0,16384,17,16384,17,76257,0,0,false
35,0.1pct,parquet_boundary_search_p4096,105850.6,106413.7,106469.8,20,17,0,53865,53865,8,0,12288,17,12288,17,73271,4,3,false
35,0.1pct,parquet_boundary_search_p16384,135714.5,135727.4,136223.1,20,17,0,72373,72373,5,0,16384,17,16384,17,72377,2,1,true
35,0.1pct,parquet_boundary_search,98050.2,98226.9,98301.1,20,17,0,42124,42124,17,0,9216,17,9216,17,76257,16,9,false
35,0.1pct,parquet_row_filter,155491.0,155850.7,155875.8,20,17,0,71220,71220,24,0,16384,17,16384,17,76257,0,0,false
35,0.1pct,parquet_page_index_filter,98037.6,98227.5,98508.4,20,17,0,42124,42124,17,0,9216,17,9216,17,76257,16,9,false
35,1pct,generated_selective,190021.3,190043.3,190188.6,243,164,29721,57672,57672,4,2,16384,164,16409,322,57672,0,0,false
35,1pct,generated_fused,252523.6,252640.9,252911.1,243,164,35664,57672,57672,2,2,16384,16384,16409,16385,57672,0,0,false
35,1pct,generated_direct_selective,70502.5,70640.0,70971.4,243,164,29641,32456,32456,65,0,16384,164,16409,328,101952,0,0,false
35,1pct,generated_scan_selective,313524.0,313631.0,313769.5,243,164,96041,57672,57672,4,2,16384,164,32768,322,57672,0,0,false
35,1pct,parquet_full,165378.4,165622.4,166216.9,243,164,0,76253,76253,35,0,16384,164,16384,164,76257,0,0,false
35,1pct,parquet_boundary_search_p4096,128678.5,129577.9,129927.1,243,164,0,53865,53865,8,0,12288,164,12288,164,73271,4,3,false
35,1pct,parquet_boundary_search_p16384,158437.0,158836.0,159090.6,243,164,0,72373,72373,5,0,16384,164,16384,164,72377,2,1,true
35,1pct,parquet_boundary_search,123807.3,123836.7,123960.8,243,164,0,42569,42569,18,0,9216,164,9216,164,76257,16,9,false
35,1pct,parquet_row_filter,181432.5,181507.6,182187.6,243,164,0,71665,71665,25,0,16384,164,16384,164,76257,0,0,false
35,1pct,parquet_page_index_filter,123417.8,123575.5,124250.9,243,164,0,42569,42569,18,0,9216,164,9216,164,76257,16,9,false
35,10pct,generated_selective,234134.0,234184.1,236980.9,2533,1639,31071,57672,57672,4,2,16384,1639,16409,2914,57672,0,0,false
35,10pct,generated_fused,258785.7,258883.0,259396.7,2533,1639,35664,57672,57672,2,2,16384,16384,16409,16385,57672,0,0,false
35,10pct,generated_direct_selective,120605.8,121242.1,121486.5,2533,1639,30991,32664,32664,69,0,16384,1639,16409,3278,101952,0,0,false
35,10pct,generated_scan_selective,356541.6,358426.2,361210.6,2533,1639,97391,57672,57672,4,2,16384,1639,32768,2914,57672,0,0,false
35,10pct,parquet_full,166631.2,166678.5,166800.5,2533,1639,0,76253,76253,35,0,16384,1639,16384,1639,76257,0,0,false
35,10pct,parquet_boundary_search_p4096,142113.4,142680.6,143286.6,2533,1639,0,53865,53865,8,0,12288,1639,12288,1639,73271,4,3,false
35,10pct,parquet_boundary_search_p16384,170100.8,170614.4,170619.8,2533,1639,0,72373,72373,5,0,16384,1639,16384,1639,72377,2,1,true
35,10pct,parquet_boundary_search,139367.9,139515.9,140627.6,2533,1639,0,43022,43022,19,0,9216,1639,9216,1639,76257,16,9,false
35,10pct,parquet_row_filter,187608.7,188684.4,188765.4,2533,1639,0,72118,72118,26,0,16384,1639,16384,1639,76257,0,0,false
35,10pct,parquet_page_index_filter,139542.7,140235.2,141420.8,2533,1639,0,43022,43022,19,0,9216,1639,9216,1639,76257,16,9,false
35,50pct,generated_selective,294579.2,294739.3,295897.7,12901,8195,34121,57672,57672,4,2,16384,8195,16410,10232,57672,0,0,false
35,50pct,generated_fused,273201.6,273277.6,273540.7,12901,8195,35672,57672,57672,2,2,16384,16384,16410,16385,57672,0,0,false
35,50pct,generated_direct_selective,227341.4,227817.1,227837.1,12901,8195,34041,36600,36600,111,0,16384,8195,16410,16390,101952,0,0,false
35,50pct,generated_scan_selective,421227.8,421923.8,424545.2,12901,8195,100433,57672,57672,4,2,16384,8195,32768,10232,57672,0,0,false
35,50pct,parquet_full,171421.0,171617.6,171983.6,12901,8195,0,76253,76253,35,0,16384,8195,16384,8195,76257,0,0,false
35,50pct,parquet_boundary_search_p4096,214845.9,215106.2,216299.1,12901,8195,0,73267,73267,11,0,16384,8195,16384,8195,73271,4,4,false
35,50pct,parquet_boundary_search_p16384,203276.3,203589.0,204699.6,12901,8195,0,72373,72373,5,0,16384,8195,16384,8195,72377,2,1,true
35,50pct,parquet_boundary_search,251246.0,251300.3,252020.0,12901,8195,0,76253,76253,35,0,16384,8195,16384,8195,76257,16,16,false
35,50pct,parquet_row_filter,234239.1,234840.1,235179.4,12901,8195,0,76253,76253,35,0,16384,8195,16384,8195,76257,0,0,false
35,50pct,parquet_page_index_filter,251447.7,251696.6,252281.9,12901,8195,0,76253,76253,35,0,16384,8195,16384,8195,76257,16,16,false
36,0.1pct,generated_selective,40187.5,40220.8,40223.4,65,19,1864,7063,7063,4,2,27,19,3300,20,7063,0,0,false
36,0.1pct,generated_fused,107141.4,107725.6,108291.4,65,19,8000,7063,7063,2,2,27,16384,3300,16385,7063,0,0,false
36,0.1pct,generated_direct_selective,6707.4,6716.8,6721.8,65,19,1983,5024,5024,38,0,27,19,732,38,31552,0,0,false
36,0.1pct,generated_scan_selective,108870.7,108950.8,109045.9,65,19,13456,7063,7063,4,2,16384,19,16384,20,7063,0,0,false
36,0.1pct,parquet_full,148681.7,148885.1,149325.8,65,19,0,11710,11710,35,0,16384,19,16384,19,11714,0,0,false
36,0.1pct,parquet_boundary_search_p4096,53674.8,53811.9,53927.1,65,19,0,4716,4716,7,0,8192,19,8192,19,8526,5,2,true
36,0.1pct,parquet_boundary_search_p16384,87099.0,87141.3,87318.8,65,19,0,7386,7386,5,0,16384,19,16384,19,7390,2,1,true
36,0.1pct,parquet_boundary_search,26383.6,26436.5,26441.5,65,19,0,2896,2896,7,0,2048,19,2048,19,11714,7,2,true
36,0.1pct,parquet_row_filter,115422.1,115638.9,115825.7,65,19,0,7326,7326,21,0,16384,19,16384,19,11714,0,0,false
36,0.1pct,parquet_page_index_filter,26338.9,26363.9,26365.7,65,19,0,2896,2896,7,0,2048,19,2048,19,11714,16,2,false
36,1pct,generated_selective,40044.8,40148.7,40151.1,501,167,1650,7063,7063,4,2,27,167,2983,168,7063,0,0,false
36,1pct,generated_fused,106525.5,106952.2,108661.4,501,167,7730,7063,7063,2,2,27,16384,2983,16385,7063,0,0,false
36,1pct,generated_direct_selective,8861.2,8874.4,8892.4,501,167,1921,4896,4896,36,0,27,167,763,334,31552,0,0,false
36,1pct,generated_scan_selective,109932.3,110187.1,110195.4,501,167,13512,7063,7063,4,2,16384,167,16384,168,7063,0,0,false
36,1pct,parquet_full,144032.5,144178.8,144513.2,501,167,0,11710,11710,35,0,16384,167,16384,167,11714,0,0,false
36,1pct,parquet_boundary_search_p4096,54162.2,54356.9,54370.8,501,167,0,4716,4716,7,0,8192,167,8192,167,8526,5,2,true
36,1pct,parquet_boundary_search_p16384,87595.6,87846.4,87882.4,501,167,0,7386,7386,5,0,16384,167,16384,167,7390,2,1,true
36,1pct,parquet_boundary_search,26552.7,26556.4,26632.1,501,167,0,2896,2896,7,0,2048,167,2048,167,11714,7,2,true
36,1pct,parquet_row_filter,115710.2,115767.3,116068.9,501,167,0,7326,7326,21,0,16384,167,16384,167,11714,0,0,false
36,1pct,parquet_page_index_filter,26579.9,26609.5,26700.4,501,167,0,2896,2896,7,0,2048,167,2048,167,11714,16,2,false
36,10pct,generated_selective,43982.2,43996.9,44000.9,4840,1645,1985,7063,7063,4,2,27,1645,2610,1646,7063,0,0,false
36,10pct,generated_fused,106568.4,106636.9,107218.3,4840,1645,7512,7063,7063,2,2,27,16384,2610,16385,7063,0,0,false
36,10pct,generated_direct_selective,26010.5,26031.8,26041.2,4840,1645,2638,5824,5824,38,0,27,1645,770,3290,31552,0,0,false
36,10pct,generated_scan_selective,116191.5,116288.1,116348.8,4840,1645,14065,7063,7063,4,2,16384,1645,16384,1646,7063,0,0,false
36,10pct,parquet_full,144815.2,144948.4,145533.2,4840,1645,0,11710,11710,35,0,16384,1645,16384,1645,11714,0,0,false
36,10pct,parquet_boundary_search_p4096,56754.9,56907.7,56941.2,4840,1645,0,4716,4716,7,0,8192,1645,8192,1645,8526,5,2,true
36,10pct,parquet_boundary_search_p16384,89877.2,90002.8,90218.2,4840,1645,0,7386,7386,5,0,16384,1645,16384,1645,7390,2,1,true
36,10pct,parquet_boundary_search,28911.5,28923.7,29036.6,4840,1645,0,2896,2896,7,0,2048,1645,2048,1645,11714,7,2,true
36,10pct,parquet_row_filter,118298.2,118414.1,118728.3,4840,1645,0,7326,7326,21,0,16384,1645,16384,1645,11714,0,0,false
36,10pct,parquet_page_index_filter,28874.0,28876.3,28990.0,4840,1645,0,2896,2896,7,0,2048,1645,2048,1645,11714,16,2,false
36,50pct,generated_selective,70739.0,70744.1,70843.1,24472,8193,4442,7063,7063,4,2,28,8193,3270,8194,7063,0,0,false
36,50pct,generated_fused,110384.1,110450.8,110520.9,24472,8193,7513,7063,7063,2,2,28,16384,3270,16385,7063,0,0,false
36,50pct,generated_direct_selective,101219.8,101262.1,101294.2,24472,8193,4990,8208,8208,37,0,28,8193,698,16386,31552,0,0,false
36,50pct,generated_scan_selective,145302.8,145328.2,145409.2,24472,8193,16521,7063,7063,4,2,16384,8193,16384,8194,7063,0,0,false
36,50pct,parquet_full,149551.5,149797.2,149813.4,24472,8193,0,11710,11710,35,0,16384,8193,16384,8193,11714,0,0,false
36,50pct,parquet_boundary_search_p4096,91268.5,91397.2,91413.0,24472,8193,0,6615,6615,9,0,12288,8193,12288,8193,8526,5,3,true
36,50pct,parquet_boundary_search_p16384,100424.5,100471.4,100679.1,24472,8193,0,7386,7386,5,0,16384,8193,16384,8193,7390,2,1,true
36,50pct,parquet_boundary_search,103437.9,103588.7,103751.6,24472,8193,0,7325,7325,21,0,9216,8193,9216,8193,11714,8,9,true
36,50pct,parquet_row_filter,147394.4,147659.4,147705.5,24472,8193,0,9529,9529,28,0,16384,8193,16384,8193,11714,0,0,false
36,50pct,parquet_page_index_filter,103610.3,103679.8,103851.7,24472,8193,0,7325,7325,21,0,9216,8193,9216,8193,11714,16,9,false
37,0.1pct,generated_selective,30017.9,30019.9,30030.8,517,19,1807,4257,4257,5,1,27,19,3300,20,16409,0,0,false
37,0.1pct,generated_fused,96943.6,97139.9,97161.9,517,19,14080,16409,16409,2,1,27,16384,3300,16385,16409,0,0,false
37,0.1pct,generated_direct_selective,6575.1,6575.2,6580.4,517,19,1942,5072,5072,38,0,27,19,732,20,37696,0,0,false
37,0.1pct,generated_scan_selective,98768.8,98799.9,99002.8,517,19,13399,4257,4257,5,1,16384,19,16384,20,16409,0,0,false
37,0.1pct,parquet_full,117049.2,117204.2,117325.5,517,19,0,21939,21939,35,0,16384,19,16384,19,21943,0,0,false
37,0.1pct,parquet_boundary_search_p4096,47059.9,47070.9,47115.5,517,19,0,10257,10257,7,0,8192,19,8192,19,19623,5,2,true
37,0.1pct,parquet_boundary_search_p16384,77736.7,77758.4,77957.0,517,19,0,18841,18841,5,0,16384,19,16384,19,18845,2,1,true
37,0.1pct,parquet_boundary_search,22402.9,22448.3,22497.4,517,19,0,4181,4181,7,0,2048,19,2048,19,21943,7,2,true
37,0.1pct,parquet_row_filter,111693.0,111918.6,112316.3,517,19,0,8611,8611,21,0,16384,19,16384,19,21943,0,0,false
37,0.1pct,parquet_page_index_filter,22524.2,22601.3,22603.1,517,19,0,4181,4181,7,0,2048,19,2048,19,21943,16,2,false
37,1pct,generated_selective,29512.5,29528.5,29571.0,4327,167,1648,4257,4257,5,1,27,167,2983,168,16409,0,0,false
37,1pct,generated_fused,95930.1,95940.6,96119.9,4327,167,13810,16409,16409,2,1,27,16384,2983,16385,16409,0,0,false
37,1pct,generated_direct_selective,7423.1,7432.5,7439.3,4327,167,1935,4944,4944,36,0,27,167,763,168,37696,0,0,false
37,1pct,generated_scan_selective,99524.9,99674.6,99701.6,4327,167,13510,4257,4257,5,1,16384,167,16384,168,16409,0,0,false
37,1pct,parquet_full,112593.8,112877.1,113059.8,4327,167,0,21939,21939,35,0,16384,167,16384,167,21943,0,0,false
37,1pct,parquet_boundary_search_p4096,47321.1,47340.6,47493.8,4327,167,0,10257,10257,7,0,8192,167,8192,167,19623,5,2,true
37,1pct,parquet_boundary_search_p16384,78204.6,78275.5,78316.8,4327,167,0,18841,18841,5,0,16384,167,16384,167,18845,2,1,true
37,1pct,parquet_boundary_search,22749.8,22785.1,22851.4,4327,167,0,4181,4181,7,0,2048,167,2048,167,21943,7,2,true
37,1pct,parquet_row_filter,112405.8,112508.9,112620.8,4327,167,0,8611,8611,21,0,16384,167,16384,167,21943,0,0,false
37,1pct,parquet_page_index_filter,22744.0,22792.4,22855.3,4327,167,0,4181,4181,7,0,2048,167,2048,167,21943,16,2,false
37,10pct,generated_selective,33493.1,33532.2,33535.7,42792,1645,2538,5409,5409,5,1,27,1645,2610,1646,16409,0,0,false
37,10pct,generated_fused,95842.9,96338.6,96389.2,42792,1645,13592,16409,16409,2,1,27,16384,2610,16385,16409,0,0,false
37,10pct,generated_direct_selective,13072.2,13081.4,13086.1,42792,1645,3207,6448,6448,38,0,27,1645,770,1646,37696,0,0,false
37,10pct,generated_scan_selective,106386.9,106439.3,106459.8,42792,1645,14618,5409,5409,5,1,16384,1645,16384,1646,16409,0,0,false
37,10pct,parquet_full,114003.5,114148.5,114226.8,42792,1645,0,21939,21939,35,0,16384,1645,16384,1645,21943,0,0,false
37,10pct,parquet_boundary_search_p4096,49568.3,49599.4,49730.5,42792,1645,0,10257,10257,7,0,8192,1645,8192,1645,19623,5,2,true
37,10pct,parquet_boundary_search_p16384,80533.8,80570.1,80611.9,42792,1645,0,18841,18841,5,0,16384,1645,16384,1645,18845,2,1,true
37,10pct,parquet_boundary_search,25171.2,25198.5,25229.4,42792,1645,0,4181,4181,7,0,2048,1645,2048,1645,21943,7,2,true
37,10pct,parquet_row_filter,114786.5,115081.0,115153.5,42792,1645,0,8611,8611,21,0,16384,1645,16384,1645,21943,0,0,false
37,10pct,parquet_page_index_filter,25154.3,25160.3,25174.0,42792,1645,0,4181,4181,7,0,2048,1645,2048,1645,21943,16,2,false
37,50pct,generated_selective,60119.0,60148.7,60196.2,211770,8193,7450,10305,10305,5,1,28,8193,3270,8194,16409,0,0,false
37,50pct,generated_fused,100242.9,100253.0,100483.4,211770,8193,13593,16409,16409,2,1,28,16384,3270,16385,16409,0,0,false
37,50pct,generated_direct_selective,36719.2,36734.8,36740.5,211770,8193,8014,11280,11280,37,0,28,8193,698,8194,37696,0,0,false
37,50pct,generated_scan_selective,135240.2,135406.1,135663.7,211770,8193,19529,10305,10305,5,1,16384,8193,16384,8194,16409,0,0,false
37,50pct,parquet_full,118102.6,118145.6,118535.6,211770,8193,0,21939,21939,35,0,16384,8193,16384,8193,21943,0,0,false
37,50pct,parquet_boundary_search_p4096,80620.2,80822.7,80997.3,211770,8193,0,14938,14938,9,0,12288,8193,12288,8193,19623,5,3,true
37,50pct,parquet_boundary_search_p16384,90586.0,90587.8,90591.9,211770,8193,0,18841,18841,5,0,16384,8193,16384,8193,18845,2,1,true
37,50pct,parquet_boundary_search,85802.3,85926.8,85967.3,211770,8193,0,13071,13071,21,0,9216,8193,9216,8193,21943,8,9,true
37,50pct,parquet_row_filter,129941.8,130270.9,130323.7,211770,8193,0,15275,15275,28,0,16384,8193,16384,8193,21943,0,0,false
37,50pct,parquet_page_index_filter,85800.1,85945.6,86066.2,211770,8193,0,13071,13071,21,0,9216,8193,9216,8193,21943,16,9,false
38,0.1pct,generated_selective,119421.8,119532.6,119590.2,51,16,25412,34876,34876,4,2,16384,16,16406,32,34876,0,0,false
38,0.1pct,generated_fused,187620.7,187828.0,187863.1,51,16,31536,34876,34876,2,2,16384,16384,16406,16385,34876,0,0,false
38,0.1pct,generated_direct_selective,60963.1,60993.8,61059.8,51,16,25324,26760,26760,33,0,16384,16,16406,32,51328,0,0,false
38,0.1pct,generated_scan_selective,245390.9,245442.2,245638.8,51,16,45220,34876,34876,4,2,16384,16,32768,32,34876,0,0,false
38,0.1pct,parquet_full,176297.5,176809.1,176900.2,51,16,0,61893,61893,35,0,16384,16,16384,16,61897,0,0,false
38,0.1pct,parquet_boundary_search_p4096,154648.9,154781.6,155448.4,51,16,0,56539,56539,11,0,16384,16,16384,16,56543,4,4,false
38,0.1pct,parquet_boundary_search_p16384,136532.9,136533.6,136543.6,51,16,0,57398,57398,5,0,16384,16,16384,16,57402,2,1,true
38,0.1pct,parquet_boundary_search,178459.0,178625.3,178626.2,51,16,0,60326,60326,30,0,16384,16,16384,16,61897,16,16,false
38,0.1pct,parquet_row_filter,177851.5,177959.0,178335.0,51,16,0,60326,60326,30,0,16384,16,16384,16,61897,0,0,false
38,0.1pct,parquet_page_index_filter,178318.6,178329.5,178512.5,51,16,0,60326,60326,30,0,16384,16,16384,16,61897,16,16,false
38,1pct,generated_selective,124488.8,124512.6,124646.5,482,169,25580,34876,34876,4,2,16384,169,16405,311,34876,0,0,false
38,1pct,generated_fused,188951.7,189269.1,189782.0,482,169,31536,34876,34876,2,2,16384,16384,16405,16385,34876,0,0,false
38,1pct,generated_direct_selective,66534.0,66572.7,66576.9,482,169,25500,29832,29832,97,0,16384,169,16405,338,51328,0,0,false
38,1pct,generated_scan_selective,251407.7,251739.6,251977.0,482,169,45388,34876,34876,4,2,16384,169,32768,311,34876,0,0,false
38,1pct,parquet_full,177372.6,177525.6,177582.1,482,169,0,61893,61893,35,0,16384,169,16384,169,61897,0,0,false
38,1pct,parquet_boundary_search_p4096,187465.5,189329.3,191115.0,482,169,0,56539,56539,11,0,16384,169,16384,169,56543,4,4,false
38,1pct,parquet_boundary_search_p16384,168431.1,168964.6,169155.8,482,169,0,57398,57398,5,0,16384,169,16384,169,57402,2,1,true
38,1pct,parquet_boundary_search,223186.4,224077.8,225315.9,482,169,0,61893,61893,35,0,16384,169,16384,169,61897,16,16,false
38,1pct,parquet_row_filter,220090.3,221204.2,221277.8,482,169,0,61893,61893,35,0,16384,169,16384,169,61897,0,0,false
38,1pct,parquet_page_index_filter,223953.8,224125.4,224274.4,482,169,0,61893,61893,35,0,16384,169,16384,169,61897,16,16,false
38,10pct,generated_selective,150443.5,150504.4,150748.7,4841,1641,26472,34876,34876,4,2,16384,1641,16405,2227,34876,0,0,false
38,10pct,generated_fused,192386.9,192477.0,192657.2,4841,1641,31536,34876,34876,2,2,16384,16384,16405,16385,34876,0,0,false
38,10pct,generated_direct_selective,100530.9,100599.5,100639.0,4841,1641,26392,32312,32312,148,0,16384,1641,16405,3282,51328,0,0,false
38,10pct,generated_scan_selective,278385.1,278516.7,279637.0,4841,1641,46280,34876,34876,4,2,16384,1641,32768,2227,34876,0,0,false
38,10pct,parquet_full,177941.6,178070.1,178295.8,4841,1641,0,61893,61893,35,0,16384,1641,16384,1641,61897,0,0,false
38,10pct,parquet_boundary_search_p4096,185335.3,185570.7,186001.3,4841,1641,0,56539,56539,11,0,16384,1641,16384,1641,56543,4,4,false
38,10pct,parquet_boundary_search_p16384,164315.8,165505.9,165620.3,4841,1641,0,57398,57398,5,0,16384,1641,16384,1641,57402,2,1,true
38,10pct,parquet_boundary_search,225389.8,225755.2,226511.5,4841,1641,0,61893,61893,35,0,16384,1641,16384,1641,61897,16,16,false
38,10pct,parquet_row_filter,219030.0,219131.2,219299.2,4841,1641,0,61893,61893,35,0,16384,1641,16384,1641,61897,0,0,false
38,10pct,parquet_page_index_filter,223981.4,225019.1,225973.1,4841,1641,0,61893,61893,35,0,16384,1641,16384,1641,61897,16,16,false
38,50pct,generated_selective,221272.4,221592.8,221744.2,24571,8193,29423,34876,34876,4,2,16384,8193,16406,9405,34876,0,0,false
38,50pct,generated_fused,208469.7,208792.4,208832.4,24571,8193,31544,34876,34876,2,2,16384,16384,16406,16385,34876,0,0,false
38,50pct,generated_direct_selective,224885.2,225342.1,225756.5,24571,8193,29343,32312,32312,148,0,16384,8193,16406,16386,51328,0,0,false
38,50pct,generated_scan_selective,357100.2,357270.6,358498.4,24571,8193,49223,34876,34876,4,2,16384,8193,32768,9405,34876,0,0,false
38,50pct,parquet_full,182287.7,182356.8,182525.1,24571,8193,0,61893,61893,35,0,16384,8193,16384,8193,61897,0,0,false
38,50pct,parquet_boundary_search_p4096,214845.1,214881.5,216799.4,24571,8193,0,56539,56539,11,0,16384,8193,16384,8193,56543,4,4,false
38,50pct,parquet_boundary_search_p16384,194191.5,194872.6,195607.7,24571,8193,0,57398,57398,5,0,16384,8193,16384,8193,57402,2,1,true
38,50pct,parquet_boundary_search,252416.3,253689.6,254413.6,24571,8193,0,61893,61893,35,0,16384,8193,16384,8193,61897,16,16,false
38,50pct,parquet_row_filter,241019.4,241428.8,241531.4,24571,8193,0,61893,61893,35,0,16384,8193,16384,8193,61897,0,0,false
38,50pct,parquet_page_index_filter,252404.7,252570.7,252765.4,24571,8193,0,61893,61893,35,0,16384,8193,16384,8193,61897,16,16,false
39,0.1pct,generated_selective,109556.2,109652.4,109654.7,484,16,25354,33318,33318,19,1,16384,16,16406,32,44222,0,0,false
39,0.1pct,generated_fused,177509.2,177522.0,177560.3,484,16,37616,44222,44222,2,1,16384,16384,16406,16385,44222,0,0,false
39,0.1pct,generated_direct_selective,60915.5,60981.6,61011.9,484,16,25290,27432,27432,33,0,16384,16,16406,32,57472,0,0,false
39,0.1pct,generated_scan_selective,235744.0,236219.6,236222.2,484,16,45162,33318,33318,19,1,16384,16,32768,32,44222,0,0,false
39,0.1pct,parquet_full,145070.1,145119.5,145339.8,484,16,0,72116,72116,35,0,16384,16,16384,16,72120,0,0,false
39,0.1pct,parquet_boundary_search_p4096,139861.4,139889.3,140787.1,484,16,0,67629,67629,11,0,16384,16,16384,16,67633,4,4,false
39,0.1pct,parquet_boundary_search_p16384,126087.3,126194.1,126818.4,484,16,0,68848,68848,5,0,16384,16,16384,16,68852,2,1,true
39,0.1pct,parquet_boundary_search,155006.1,155629.6,155956.7,484,16,0,67356,67356,30,0,16384,16,16384,16,72120,16,16,false
39,0.1pct,parquet_row_filter,154659.8,154759.2,154911.1,484,16,0,67356,67356,30,0,16384,16,16384,16,72120,0,0,false
39,0.1pct,parquet_page_index_filter,155037.8,155424.2,155517.7,484,16,0,67356,67356,30,0,16384,16,16384,16,72120,16,16,false
39,1pct,generated_selective,114950.8,115046.8,115097.5,4147,169,25572,39462,39462,83,1,16384,169,16405,311,44222,0,0,false
39,1pct,generated_fused,179186.3,179302.8,179382.9,4147,169,37616,44222,44222,2,1,16384,16384,16405,16385,44222,0,0,false
39,1pct,generated_direct_selective,66020.1,66027.5,66116.3,4147,169,25508,33576,33576,97,0,16384,169,16405,311,57472,0,0,false
39,1pct,generated_scan_selective,241889.4,241904.4,242013.2,4147,169,45380,39462,39462,83,1,16384,169,32768,311,44222,0,0,false
39,1pct,parquet_full,145275.1,145325.2,145503.1,4147,169,0,72116,72116,35,0,16384,169,16384,169,72120,0,0,false
39,1pct,parquet_boundary_search_p4096,172890.5,173372.1,173899.3,4147,169,0,67629,67629,11,0,16384,169,16384,169,67633,4,4,false
39,1pct,parquet_boundary_search_p16384,157527.5,159418.5,159855.5,4147,169,0,68848,68848,5,0,16384,169,16384,169,68852,2,1,true
39,1pct,parquet_boundary_search,188865.6,189847.1,191442.4,4147,169,0,72116,72116,35,0,16384,169,16384,169,72120,16,16,false
39,1pct,parquet_row_filter,190040.4,190086.4,190895.7,4147,169,0,72116,72116,35,0,16384,169,16384,169,72120,0,0,false
39,1pct,parquet_page_index_filter,190977.7,190988.8,191394.4,4147,169,0,72116,72116,35,0,16384,169,16384,169,72120,16,16,false
39,10pct,generated_selective,140980.9,141134.8,141689.1,41746,1641,26992,44166,44166,132,1,16384,1641,16405,2227,44222,0,0,false
39,10pct,generated_fused,183165.1,183290.2,183366.3,41746,1641,37616,44222,44222,2,1,16384,16384,16405,16385,44222,0,0,false
39,10pct,generated_direct_selective,92179.3,92371.1,92372.5,41746,1641,26928,38408,38408,148,0,16384,1641,16405,2227,57472,0,0,false
39,10pct,generated_scan_selective,271879.7,271882.4,273075.7,41746,1641,46800,44166,44166,132,1,16384,1641,32768,2227,44222,0,0,false
39,10pct,parquet_full,146338.2,146421.4,146473.8,41746,1641,0,72116,72116,35,0,16384,1641,16384,1641,72120,0,0,false
39,10pct,parquet_boundary_search_p4096,170321.2,170562.5,170612.5,41746,1641,0,67629,67629,11,0,16384,1641,16384,1641,67633,4,4,false
39,10pct,parquet_boundary_search_p16384,154584.7,154681.4,155390.8,41746,1641,0,68848,68848,5,0,16384,1641,16384,1641,68852,2,1,true
39,10pct,parquet_boundary_search,192279.7,192312.8,193697.9,41746,1641,0,72116,72116,35,0,16384,1641,16384,1641,72120,16,16,false
39,10pct,parquet_row_filter,186050.4,187250.2,187621.7,41746,1641,0,72116,72116,35,0,16384,1641,16384,1641,72120,0,0,false
39,10pct,parquet_page_index_filter,192227.6,192556.1,192791.4,41746,1641,0,72116,72116,35,0,16384,1641,16384,1641,72120,16,16,false
39,50pct,generated_selective,219571.9,219690.9,221251.0,209960,8193,32384,44166,44166,132,1,16384,8193,16406,9405,44222,0,0,false
39,50pct,generated_fused,197017.8,197228.1,197377.4,209960,8193,37624,44222,44222,2,1,16384,16384,16406,16385,44222,0,0,false
39,50pct,generated_direct_selective,166490.9,166552.8,166722.2,209960,8193,32320,38408,38408,148,0,16384,8193,16406,9405,57472,0,0,false
39,50pct,generated_scan_selective,355592.0,355598.0,359239.6,209960,8193,52184,44166,44166,132,1,16384,8193,32768,9405,44222,0,0,false
39,50pct,parquet_full,149711.5,149785.8,150192.2,209960,8193,0,72116,72116,35,0,16384,8193,16384,8193,72120,0,0,false
39,50pct,parquet_boundary_search_p4096,199666.6,199804.6,200071.6,209960,8193,0,67629,67629,11,0,16384,8193,16384,8193,67633,4,4,false
39,50pct,parquet_boundary_search_p16384,184141.6,184341.8,184908.7,209960,8193,0,68848,68848,5,0,16384,8193,16384,8193,68852,2,1,true
39,50pct,parquet_boundary_search,222827.2,222979.9,223579.5,209960,8193,0,72116,72116,35,0,16384,8193,16384,8193,72120,16,16,false
39,50pct,parquet_row_filter,210719.7,211031.3,211644.4,209960,8193,0,72116,72116,35,0,16384,8193,16384,8193,72120,0,0,false
39,50pct,parquet_page_index_filter,221177.1,221520.1,223168.9,209960,8193,0,72116,72116,35,0,16384,8193,16384,8193,72120,16,16,false
