column,page_size,page,rows,nulls,monotone_non_null,distinct_non_null,max_rank_displacement,unique_non_null
0,1024,0,1024,0,true,false,0,3
0,1024,1,1024,0,true,false,0,1
0,1024,2,1024,0,true,false,0,1
0,1024,3,1024,0,true,false,0,1
0,1024,4,1024,0,true,false,0,1
0,1024,5,1024,0,true,false,0,1
0,1024,6,1024,0,true,false,0,1
0,1024,7,1024,0,true,false,0,1
0,1024,8,1024,0,true,false,0,1
0,1024,9,1024,0,true,false,0,1
0,1024,10,1024,0,true,false,0,1
0,1024,11,1024,0,true,false,0,1
0,1024,12,1024,0,true,false,0,1
0,1024,13,1024,0,true,false,0,1
0,1024,14,1024,0,true,false,0,1
0,1024,15,1024,0,true,false,0,1
0,1024,16,1024,0,true,false,0,1
0,1024,17,1024,0,true,false,0,1
0,1024,18,1024,0,true,false,0,1
0,1024,19,1024,0,true,false,0,1
0,1024,20,1024,0,true,false,0,1
0,1024,21,1024,0,true,false,0,1
0,1024,22,1024,0,true,false,0,1
0,1024,23,1024,0,true,false,0,1
0,1024,24,1024,0,true,false,0,1
0,1024,25,1024,0,true,false,0,1
0,1024,26,1024,0,true,false,0,1
0,1024,27,1024,0,true,false,0,1
0,1024,28,1024,0,true,false,0,1
0,1024,29,1024,0,true,false,0,1
0,1024,30,1024,0,true,false,0,1
0,1024,31,1024,0,true,false,0,1
0,1024,32,1024,0,true,false,0,1
0,1024,33,1024,0,true,false,0,1
0,1024,34,1024,0,true,false,0,1
0,1024,35,1024,0,true,false,0,1
0,1024,36,1024,0,true,false,0,1
0,1024,37,1024,0,true,false,0,1
0,1024,38,1024,0,true,false,0,1
0,1024,39,1024,0,true,false,0,1
0,1024,40,1024,0,true,false,0,1
0,1024,41,1024,0,true,false,0,1
0,1024,42,1024,0,true,false,0,1
0,1024,43,1024,0,true,false,0,1
0,1024,44,1024,0,true,false,0,1
0,1024,45,1024,0,true,false,0,1
0,1024,46,1024,0,true,false,0,1
0,1024,47,1024,0,true,false,0,1
0,1024,48,1024,0,true,false,0,1
0,1024,49,1024,0,true,false,0,1
0,1024,50,1024,0,true,false,0,1
0,1024,51,1024,0,true,false,0,1
0,1024,52,1024,0,true,false,0,1
0,1024,53,1024,0,true,false,0,1
0,1024,54,1024,0,true,false,0,1
0,1024,55,1024,0,true,false,0,1
0,1024,56,1024,0,true,false,0,1
0,1024,57,1024,0,true,false,0,1
0,1024,58,1024,0,true,false,0,1
0,1024,59,1024,0,true,false,0,1
0,1024,60,1024,0,true,false,0,1
0,1024,61,1024,0,true,false,0,1
0,1024,62,1024,0,true,false,0,1
0,1024,63,1024,0,true,false,0,1
0,16384,0,16384,0,true,false,0,3
0,16384,1,16384,0,true,false,0,1
0,16384,2,16384,0,true,false,0,1
0,16384,3,16384,0,true,false,0,1
1,1024,0,1024,0,false,false,987,28
1,1024,1,1024,0,false,false,861,32
1,1024,2,1024,0,false,false,1014,18
1,1024,3,1024,0,false,false,936,29
1,1024,4,1024,0,false,false,922,25
1,1024,5,1024,0,false,false,960,30
1,1024,6,1024,0,false,false,863,26
1,1024,7,1024,0,false,false,709,21
1,1024,8,1024,0,false,false,883,23
1,1024,9,1024,0,false,false,952,30
1,1024,10,1024,0,false,false,846,27
1,1024,11,1024,0,false,false,858,28
1,1024,12,1024,0,false,false,1008,30
1,1024,13,1024,0,false,false,983,25
1,1024,14,1024,0,false,false,755,23
1,1024,15,1024,0,false,false,977,34
1,1024,16,1024,0,false,false,914,25
1,1024,17,1024,0,false,false,927,25
1,1024,18,1024,0,false,false,979,31
1,1024,19,1024,0,false,false,983,25
1,1024,20,1024,0,false,false,817,26
1,1024,21,1024,0,false,false,987,37
1,1024,22,1024,0,false,false,914,33
1,1024,23,1024,0,false,false,970,31
1,1024,24,1024,0,false,false,636,18
1,1024,25,1024,0,false,false,882,28
1,1024,26,1024,0,false,false,929,27
1,1024,27,1024,0,false,false,990,23
1,1024,28,1024,0,false,false,896,26
1,1024,29,1024,0,false,false,787,23
1,1024,30,1024,0,false,false,851,21
1,1024,31,1024,0,false,false,862,26
1,1024,32,1024,0,false,false,981,30
1,1024,33,1024,0,false,false,855,30
1,1024,34,1024,0,false,false,942,19
1,1024,35,1024,0,false,false,867,26
1,1024,36,1024,0,false,false,752,21
1,1024,37,1024,0,false,false,783,29
1,1024,38,1024,0,false,false,917,39
1,1024,39,1024,0,false,false,853,26
1,1024,40,1024,0,false,false,883,18
1,1024,41,1024,0,false,false,986,28
1,1024,42,1024,0,false,false,866,37
1,1024,43,1024,0,false,false,827,20
1,1024,44,1024,0,false,false,951,35
1,1024,45,1024,0,false,false,953,31
1,1024,46,1024,0,false,false,853,38
1,1024,47,1024,0,false,false,911,22
1,1024,48,1024,0,false,false,959,25
1,1024,49,1024,0,false,false,748,24
1,1024,50,1024,0,false,false,1017,19
1,1024,51,1024,0,false,false,1022,32
1,1024,52,1024,0,false,false,733,24
1,1024,53,1024,0,false,false,933,37
1,1024,54,1024,0,false,false,948,26
1,1024,55,1024,0,false,false,988,15
1,1024,56,1024,0,false,false,990,24
1,1024,57,1024,0,false,false,852,37
1,1024,58,1024,0,false,false,957,41
1,1024,59,1024,0,false,false,852,29
1,1024,60,1024,0,false,false,873,31
1,1024,61,1024,0,false,false,924,18
1,1024,62,1024,0,false,false,904,26
1,1024,63,1024,0,false,false,971,36
1,16384,0,16384,0,false,false,16316,169
1,16384,1,16384,0,false,false,15876,151
1,16384,2,16384,0,false,false,15822,175
1,16384,3,16384,0,false,false,15628,177
2,1024,0,1024,0,false,false,1003,17
2,1024,1,1024,0,false,false,946,18
2,1024,2,1024,0,false,false,954,13
2,1024,3,1024,0,false,false,964,18
2,1024,4,1024,0,false,false,959,15
2,1024,5,1024,0,false,false,853,20
2,1024,6,1024,0,false,false,935,14
2,1024,7,1024,0,false,false,965,18
2,1024,8,1024,0,false,false,732,14
2,1024,9,1024,0,false,false,948,16
2,1024,10,1024,0,false,false,866,13
2,1024,11,1024,0,false,false,881,16
2,1024,12,1024,0,false,false,809,18
2,1024,13,1024,0,false,false,798,19
2,1024,14,1024,0,false,false,777,16
2,1024,15,1024,0,false,false,892,19
2,1024,16,1024,0,false,false,1002,15
2,1024,17,1024,0,false,false,1003,21
2,1024,18,1024,0,false,false,874,17
2,1024,19,1024,0,false,false,912,18
2,1024,20,1024,0,false,false,933,15
2,1024,21,1024,0,false,false,949,17
2,1024,22,1024,0,false,false,953,12
2,1024,23,1024,0,false,false,954,16
2,1024,24,1024,0,false,false,934,13
2,1024,25,1024,0,false,false,957,18
2,1024,26,1024,0,false,false,874,11
2,1024,27,1024,0,false,false,869,18
2,1024,28,1024,0,false,false,999,11
2,1024,29,1024,0,false,false,962,18
2,1024,30,1024,0,false,false,914,12
2,1024,31,1024,0,false,false,1001,11
2,1024,32,1024,0,false,false,949,15
2,1024,33,1024,0,false,false,911,17
2,1024,34,1024,0,false,false,978,16
2,1024,35,1024,0,false,false,838,11
2,1024,36,1024,0,false,false,875,15
2,1024,37,1024,0,false,false,1004,15
2,1024,38,1024,0,false,false,998,16
2,1024,39,1024,0,false,false,906,12
2,1024,40,1024,0,false,false,927,12
2,1024,41,1024,0,false,false,972,16
2,1024,42,1024,0,false,false,968,20
2,1024,43,1024,0,false,false,1009,14
2,1024,44,1024,0,false,false,913,17
2,1024,45,1024,0,false,false,985,17
2,1024,46,1024,0,false,false,906,24
2,1024,47,1024,0,false,false,983,13
2,1024,48,1024,0,false,false,910,16
2,1024,49,1024,0,false,false,833,15
2,1024,50,1024,0,false,false,723,13
2,1024,51,1024,0,false,false,859,16
2,1024,52,1024,0,false,false,994,14
2,1024,53,1024,0,false,false,891,19
2,1024,54,1024,0,false,false,866,13
2,1024,55,1024,0,false,false,799,10
2,1024,56,1024,0,false,false,899,19
2,1024,57,1024,0,false,false,971,12
2,1024,58,1024,0,false,false,999,19
2,1024,59,1024,0,false,false,878,15
2,1024,60,1024,0,false,false,910,16
2,1024,61,1024,0,false,false,999,20
2,1024,62,1024,0,false,false,849,17
2,1024,63,1024,0,false,false,953,15
2,16384,0,16384,0,false,false,16291,79
2,16384,1,16384,0,false,false,16032,63
2,16384,2,16384,0,false,false,16272,78
2,16384,3,16384,0,false,false,16303,86
3,1024,0,1024,0,false,false,1003,16
3,1024,1,1024,0,false,false,974,17
3,1024,2,1024,0,false,false,806,12
3,1024,3,1024,0,false,false,961,20
3,1024,4,1024,0,false,false,959,15
3,1024,5,1024,0,false,false,857,19
3,1024,6,1024,0,false,false,935,15
3,1024,7,1024,0,false,false,965,18
3,1024,8,1024,0,false,false,718,14
3,1024,9,1024,0,false,false,916,15
3,1024,10,1024,0,false,false,866,16
3,1024,11,1024,0,false,false,816,16
3,1024,12,1024,0,false,false,809,18
3,1024,13,1024,0,false,false,731,19
3,1024,14,1024,0,false,false,731,18
3,1024,15,1024,0,false,false,892,20
3,1024,16,1024,0,false,false,776,18
3,1024,17,1024,0,false,false,1001,19
3,1024,18,1024,0,false,false,805,17
3,1024,19,1024,0,false,false,857,18
3,1024,20,1024,0,false,false,969,15
3,1024,21,1024,0,false,false,959,16
3,1024,22,1024,0,false,false,963,14
3,1024,23,1024,0,false,false,994,18
3,1024,24,1024,0,false,false,942,15
3,1024,25,1024,0,false,false,799,20
3,1024,26,1024,0,false,false,874,9
3,1024,27,1024,0,false,false,940,28
3,1024,28,1024,0,false,false,816,12
3,1024,29,1024,0,false,false,932,16
3,1024,30,1024,0,false,false,924,14
3,1024,31,1024,0,false,false,742,12
3,1024,32,1024,0,false,false,969,18
3,1024,33,1024,0,false,false,911,20
3,1024,34,1024,0,false,false,792,15
3,1024,35,1024,0,false,false,959,10
3,1024,36,1024,0,false,false,933,15
3,1024,37,1024,0,false,false,925,19
3,1024,38,1024,0,false,false,982,16
3,1024,39,1024,0,false,false,912,16
3,1024,40,1024,0,false,false,765,10
3,1024,41,1024,0,false,false,813,15
3,1024,42,1024,0,false,false,868,18
3,1024,43,1024,0,false,false,1009,13
3,1024,44,1024,0,false,false,891,17
3,1024,45,1024,0,false,false,779,18
3,1024,46,1024,0,false,false,920,27
3,1024,47,1024,0,false,false,983,17
3,1024,48,1024,0,false,false,768,19
3,1024,49,1024,0,false,false,803,16
3,1024,50,1024,0,false,false,819,14
3,1024,51,1024,0,false,false,827,17
3,1024,52,1024,0,false,false,978,16
3,1024,53,1024,0,false,false,830,20
3,1024,54,1024,0,false,false,894,13
3,1024,55,1024,0,false,false,721,9
3,1024,56,1024,0,false,false,908,22
3,1024,57,1024,0,false,false,857,17
3,1024,58,1024,0,false,false,1001,20
3,1024,59,1024,0,false,false,860,16
3,1024,60,1024,0,false,false,837,18
3,1024,61,1024,0,false,false,1017,24
3,1024,62,1024,0,false,false,739,17
3,1024,63,1024,0,false,false,953,17
3,16384,0,16384,0,false,false,16051,74
3,16384,1,16384,0,false,false,15128,85
3,16384,2,16384,0,false,false,16336,93
3,16384,3,16384,0,false,false,16311,94
4,1024,0,1024,0,false,false,1001,57
4,1024,1,1024,0,false,false,1015,53
4,1024,2,1024,0,false,false,1014,45
4,1024,3,1024,0,false,false,971,45
4,1024,4,1024,0,false,false,959,45
4,1024,5,1024,0,false,false,908,62
4,1024,6,1024,0,false,false,963,54
4,1024,7,1024,0,false,false,961,50
4,1024,8,1024,0,false,false,953,54
4,1024,9,1024,0,false,false,940,56
4,1024,10,1024,0,false,false,958,59
4,1024,11,1024,0,false,false,941,51
4,1024,12,1024,0,false,false,801,60
4,1024,13,1024,0,false,false,980,59
4,1024,14,1024,0,false,false,888,49
4,1024,15,1024,0,false,false,961,54
4,1024,16,1024,0,false,false,930,58
4,1024,17,1024,0,false,false,945,65
4,1024,18,1024,0,false,false,912,86
4,1024,19,1024,0,false,false,939,55
4,1024,20,1024,0,false,false,930,51
4,1024,21,1024,0,false,false,990,53
4,1024,22,1024,0,false,false,802,56
4,1024,23,1024,0,false,false,994,42
4,1024,24,1024,0,false,false,965,36
4,1024,25,1024,0,false,false,973,56
4,1024,26,1024,0,false,false,908,49
4,1024,27,1024,0,false,false,958,56
4,1024,28,1024,0,false,false,938,37
4,1024,29,1024,0,false,false,886,47
4,1024,30,1024,0,false,false,976,57
4,1024,31,1024,0,false,false,927,43
4,1024,32,1024,0,false,false,777,47
4,1024,33,1024,0,false,false,901,64
4,1024,34,1024,0,false,false,1002,41
4,1024,35,1024,0,false,false,973,42
4,1024,36,1024,0,false,false,909,46
4,1024,37,1024,0,false,false,968,58
4,1024,38,1024,0,false,false,996,52
4,1024,39,1024,0,false,false,938,47
4,1024,40,1024,0,false,false,854,40
4,1024,41,1024,0,false,false,996,58
4,1024,42,1024,0,false,false,978,55
4,1024,43,1024,0,false,false,1009,45
4,1024,44,1024,0,false,false,901,61
4,1024,45,1024,0,false,false,907,57
4,1024,46,1024,0,false,false,970,76
4,1024,47,1024,0,false,false,989,57
4,1024,48,1024,0,false,false,979,46
4,1024,49,1024,0,false,false,860,48
4,1024,50,1024,0,false,false,982,47
4,1024,51,1024,0,false,false,923,45
4,1024,52,1024,0,false,false,987,49
4,1024,53,1024,0,false,false,1006,72
4,1024,54,1024,0,false,false,922,39
4,1024,55,1024,0,false,false,896,40
4,1024,56,1024,0,false,false,1017,64
4,1024,57,1024,0,false,false,956,52
4,1024,58,1024,0,false,false,999,69
4,1024,59,1024,0,false,false,901,54
4,1024,60,1024,0,false,false,1004,67
4,1024,61,1024,0,false,false,905,56
4,1024,62,1024,0,false,false,931,47
4,1024,63,1024,0,false,false,964,70
4,16384,0,16384,0,false,false,15870,347
4,16384,1,16384,0,false,false,16238,363
4,16384,2,16384,0,false,false,16292,363
4,16384,3,16384,0,false,false,16248,384
5,1024,0,1024,0,false,false,1003,2
5,1024,1,1024,0,false,false,853,2
5,1024,2,1024,0,false,false,49,2
5,1024,3,1024,0,false,false,134,2
5,1024,4,1024,0,false,false,959,2
5,1024,5,1024,0,false,false,537,2
5,1024,6,1024,0,false,false,935,2
5,1024,7,1024,0,false,false,965,2
5,1024,8,1024,0,true,false,0,1
5,1024,9,1024,0,false,false,865,2
5,1024,10,1024,0,false,false,866,2
5,1024,11,1024,0,false,false,99,2
5,1024,12,1024,0,false,false,809,2
5,1024,13,1024,0,false,false,162,2
5,1024,14,1024,0,false,false,253,2
5,1024,15,1024,0,false,false,623,2
5,1024,16,1024,0,false,false,741,2
5,1024,17,1024,0,false,false,945,2
5,1024,18,1024,0,false,false,657,2
5,1024,19,1024,0,false,false,174,2
5,1024,20,1024,0,true,false,0,1
5,1024,21,1024,0,true,false,0,1
5,1024,22,1024,0,true,false,0,1
5,1024,23,1024,0,true,false,0,1
5,1024,24,1024,0,true,false,0,1
5,1024,25,1024,0,false,false,82,2
5,1024,26,1024,0,true,false,0,1
5,1024,27,1024,0,false,false,379,2
5,1024,28,1024,0,false,false,697,2
5,1024,29,1024,0,false,false,799,2
5,1024,30,1024,0,true,false,0,1
5,1024,31,1024,0,true,false,0,1
5,1024,32,1024,0,true,false,0,1
5,1024,33,1024,0,true,false,0,1
5,1024,34,1024,0,false,false,467,2
5,1024,35,1024,0,true,false,0,1
5,1024,36,1024,0,false,false,683,2
5,1024,37,1024,0,true,false,0,1
5,1024,38,1024,0,true,false,0,1
5,1024,39,1024,0,true,false,0,1
5,1024,40,1024,0,false,false,432,2
5,1024,41,1024,0,true,false,0,1
5,1024,42,1024,0,true,false,0,1
5,1024,43,1024,0,true,false,0,1
5,1024,44,1024,0,true,false,0,1
5,1024,45,1024,0,true,false,0,1
5,1024,46,1024,0,true,false,0,1
5,1024,47,1024,0,true,false,0,1
5,1024,48,1024,0,true,false,0,1
5,1024,49,1024,0,true,false,0,1
5,1024,50,1024,0,true,false,0,1
5,1024,51,1024,0,true,false,0,1
5,1024,52,1024,0,true,false,0,1
5,1024,53,1024,0,true,false,0,1
5,1024,54,1024,0,false,false,831,2
5,1024,55,1024,0,true,false,0,1
5,1024,56,1024,0,true,false,0,1
5,1024,57,1024,0,true,false,0,1
5,1024,58,1024,0,true,false,0,1
5,1024,59,1024,0,false,false,640,2
5,1024,60,1024,0,true,false,0,1
5,1024,61,1024,0,true,false,0,1
5,1024,62,1024,0,true,false,0,1
5,1024,63,1024,0,true,false,0,1
5,16384,0,16384,0,false,false,15804,2
5,16384,1,16384,0,false,false,14081,2
5,16384,2,16384,0,false,false,8618,2
5,16384,3,16384,0,false,false,11903,2
6,1024,0,1024,0,false,false,979,5
6,1024,1,1024,0,false,false,967,6
6,1024,2,1024,0,false,false,828,4
6,1024,3,1024,0,false,false,918,9
6,1024,4,1024,0,false,false,1004,6
6,1024,5,1024,0,false,false,982,7
6,1024,6,1024,0,false,false,965,6
6,1024,7,1024,0,false,false,927,7
6,1024,8,1024,0,false,false,863,5
6,1024,9,1024,0,false,false,950,5
6,1024,10,1024,0,false,false,944,5
6,1024,11,1024,0,false,false,913,6
6,1024,12,1024,0,false,false,978,6
6,1024,13,1024,0,false,false,969,6
6,1024,14,1024,0,false,false,859,5
6,1024,15,1024,0,false,false,903,7
6,1024,16,1024,0,false,false,895,7
6,1024,17,1024,0,false,false,789,6
6,1024,18,1024,0,false,false,974,5
6,1024,19,1024,0,false,false,899,8
6,1024,20,1024,0,false,false,988,8
6,1024,21,1024,0,false,false,962,8
6,1024,22,1024,0,false,false,985,7
6,1024,23,1024,0,false,false,918,6
6,1024,24,1024,0,false,false,896,7
6,1024,25,1024,0,false,false,929,7
6,1024,26,1024,0,false,false,946,5
6,1024,27,1024,0,false,false,955,9
6,1024,28,1024,0,false,false,1003,6
6,1024,29,1024,0,false,false,906,7
6,1024,30,1024,0,false,false,936,9
6,1024,31,1024,0,false,false,956,6
6,1024,32,1024,0,false,false,875,6
6,1024,33,1024,0,false,false,991,5
6,1024,34,1024,0,false,false,549,7
6,1024,35,1024,0,false,false,920,7
6,1024,36,1024,0,false,false,912,5
6,1024,37,1024,0,false,false,1004,8
6,1024,38,1024,0,false,false,964,9
6,1024,39,1024,0,false,false,898,5
6,1024,40,1024,0,false,false,926,6
6,1024,41,1024,0,false,false,919,6
6,1024,42,1024,0,false,false,1020,8
6,1024,43,1024,0,false,false,952,7
6,1024,44,1024,0,false,false,921,8
6,1024,45,1024,0,false,false,987,6
6,1024,46,1024,0,false,false,905,7
6,1024,47,1024,0,false,false,975,9
6,1024,48,1024,0,false,false,966,6
6,1024,49,1024,0,false,false,894,8
6,1024,50,1024,0,false,false,826,5
6,1024,51,1024,0,false,false,950,7
6,1024,52,1024,0,false,false,986,7
6,1024,53,1024,0,false,false,991,7
6,1024,54,1024,0,false,false,910,6
6,1024,55,1024,0,false,false,1012,6
6,1024,56,1024,0,false,false,958,7
6,1024,57,1024,0,false,false,909,8
6,1024,58,1024,0,false,false,941,7
6,1024,59,1024,0,false,false,961,7
6,1024,60,1024,0,false,false,944,7
6,1024,61,1024,0,false,false,911,8
6,1024,62,1024,0,false,false,977,5
6,1024,63,1024,0,false,false,973,8
6,16384,0,16384,0,false,false,15797,13
6,16384,1,16384,0,false,false,16002,14
6,16384,2,16384,0,false,false,15957,15
6,16384,3,16384,0,false,false,15973,13
7,1024,0,1024,0,true,false,0,1
7,1024,1,1024,0,true,false,0,1
7,1024,2,1024,0,true,false,0,1
7,1024,3,1024,0,true,false,0,1
7,1024,4,1024,0,true,false,0,1
7,1024,5,1024,0,true,false,0,1
7,1024,6,1024,0,true,false,0,1
7,1024,7,1024,0,true,false,0,1
7,1024,8,1024,0,true,false,0,1
7,1024,9,1024,0,true,false,0,1
7,1024,10,1024,0,true,false,0,1
7,1024,11,1024,0,true,false,0,1
7,1024,12,1024,0,true,false,0,1
7,1024,13,1024,0,true,false,0,1
7,1024,14,1024,0,true,false,0,1
7,1024,15,1024,0,true,false,0,1
7,1024,16,1024,0,true,false,0,1
7,1024,17,1024,0,true,false,0,1
7,1024,18,1024,0,true,false,0,1
7,1024,19,1024,0,true,false,0,1
7,1024,20,1024,0,true,false,0,1
7,1024,21,1024,0,true,false,0,1
7,1024,22,1024,0,true,false,0,1
7,1024,23,1024,0,true,false,0,1
7,1024,24,1024,0,true,false,0,1
7,1024,25,1024,0,true,false,0,1
7,1024,26,1024,0,true,false,0,1
7,1024,27,1024,0,true,false,0,1
7,1024,28,1024,0,true,false,0,1
7,1024,29,1024,0,true,false,0,1
7,1024,30,1024,0,true,false,0,1
7,1024,31,1024,0,true,false,0,1
7,1024,32,1024,0,true,false,0,1
7,1024,33,1024,0,true,false,0,1
7,1024,34,1024,0,true,false,0,1
7,1024,35,1024,0,true,false,0,1
7,1024,36,1024,0,true,false,0,1
7,1024,37,1024,0,true,false,0,1
7,1024,38,1024,0,true,false,0,1
7,1024,39,1024,0,true,false,0,1
7,1024,40,1024,0,true,false,0,1
7,1024,41,1024,0,true,false,0,1
7,1024,42,1024,0,true,false,0,1
7,1024,43,1024,0,true,false,0,1
7,1024,44,1024,0,true,false,0,1
7,1024,45,1024,0,true,false,0,1
7,1024,46,1024,0,true,false,0,1
7,1024,47,1024,0,true,false,0,1
7,1024,48,1024,0,true,false,0,1
7,1024,49,1024,0,true,false,0,1
7,1024,50,1024,0,true,false,0,1
7,1024,51,1024,0,true,false,0,1
7,1024,52,1024,0,true,false,0,1
7,1024,53,1024,0,true,false,0,1
7,1024,54,1024,0,true,false,0,1
7,1024,55,1024,0,true,false,0,1
7,1024,56,1024,0,true,false,0,1
7,1024,57,1024,0,true,false,0,1
7,1024,58,1024,0,true,false,0,1
7,1024,59,1024,0,true,false,0,1
7,1024,60,1024,0,true,false,0,1
7,1024,61,1024,0,true,false,0,1
7,1024,62,1024,0,true,false,0,1
7,1024,63,1024,0,true,false,0,1
7,16384,0,16384,0,true,false,0,1
7,16384,1,16384,0,true,false,0,1
7,16384,2,16384,0,true,false,0,1
7,16384,3,16384,0,true,false,0,1
8,1024,0,1024,0,false,false,1000,557
8,1024,1,1024,0,false,false,961,560
8,1024,2,1024,0,false,false,975,555
8,1024,3,1024,0,false,false,920,539
8,1024,4,1024,0,false,false,914,573
8,1024,5,1024,0,false,false,1017,567
8,1024,6,1024,0,false,false,971,554
8,1024,7,1024,0,false,false,910,550
8,1024,8,1024,0,false,false,901,544
8,1024,9,1024,0,false,false,946,558
8,1024,10,1024,0,false,false,867,552
8,1024,11,1024,0,false,false,985,545
8,1024,12,1024,0,false,false,859,559
8,1024,13,1024,0,false,false,925,546
8,1024,14,1024,0,false,false,899,565
8,1024,15,1024,0,false,false,1001,571
8,1024,16,1024,0,false,false,994,542
8,1024,17,1024,0,false,false,945,570
8,1024,18,1024,0,false,false,969,549
8,1024,19,1024,0,false,false,939,536
8,1024,20,1024,0,false,false,915,562
8,1024,21,1024,0,false,false,958,547
8,1024,22,1024,0,false,false,827,544
8,1024,23,1024,0,false,false,1010,547
8,1024,24,1024,0,false,false,986,590
8,1024,25,1024,0,false,false,974,545
8,1024,26,1024,0,false,false,944,567
8,1024,27,1024,0,false,false,835,561
8,1024,28,1024,0,false,false,991,542
8,1024,29,1024,0,false,false,883,564
8,1024,30,1024,0,false,false,848,547
8,1024,31,1024,0,false,false,973,551
8,1024,32,1024,0,false,false,873,543
8,1024,33,1024,0,false,false,941,568
8,1024,34,1024,0,false,false,834,568
8,1024,35,1024,0,false,false,813,543
8,1024,36,1024,0,false,false,759,555
8,1024,37,1024,0,false,false,1010,569
8,1024,38,1024,0,false,false,934,558
8,1024,39,1024,0,false,false,993,552
8,1024,40,1024,0,false,false,806,535
8,1024,41,1024,0,false,false,990,566
8,1024,42,1024,0,false,false,902,565
8,1024,43,1024,0,false,false,851,543
8,1024,44,1024,0,false,false,987,576
8,1024,45,1024,0,false,false,917,564
8,1024,46,1024,0,false,false,902,549
8,1024,47,1024,0,false,false,995,548
8,1024,48,1024,0,false,false,997,552
8,1024,49,1024,0,false,false,967,536
8,1024,50,1024,0,false,false,944,543
8,1024,51,1024,0,false,false,919,544
8,1024,52,1024,0,false,false,996,538
8,1024,53,1024,0,false,false,970,567
8,1024,54,1024,0,false,false,987,564
8,1024,55,1024,0,false,false,980,564
8,1024,56,1024,0,false,false,996,550
8,1024,57,1024,0,false,false,937,560
8,1024,58,1024,0,false,false,969,551
8,1024,59,1024,0,false,false,945,542
8,1024,60,1024,0,false,false,955,567
8,1024,61,1024,0,false,false,941,547
8,1024,62,1024,0,false,false,933,550
8,1024,63,1024,0,false,false,993,555
8,16384,0,16384,0,false,false,16319,8511
8,16384,1,16384,0,false,false,16305,8496
8,16384,2,16384,0,false,false,16351,8484
8,16384,3,16384,0,false,false,16267,8397
9,1024,0,1024,0,false,false,1005,658
9,1024,1,1024,0,false,false,1009,641
9,1024,2,1024,0,false,false,822,556
9,1024,3,1024,0,false,false,1017,508
9,1024,4,1024,0,false,false,951,468
9,1024,5,1024,0,false,false,971,586
9,1024,6,1024,2,false,false,958,472
9,1024,7,1024,0,false,false,914,463
9,1024,8,1024,0,false,false,997,705
9,1024,9,1024,0,false,false,860,787
9,1024,10,1024,0,false,false,988,803
9,1024,11,1024,0,false,false,1023,458
9,1024,12,1024,0,false,false,886,737
9,1024,13,1024,0,false,false,894,458
9,1024,14,1024,0,false,false,1003,555
9,1024,15,1024,0,false,false,1012,420
9,1024,16,1024,0,false,false,730,469
9,1024,17,1024,0,false,false,946,661
9,1024,18,1024,0,false,false,981,488
9,1024,19,1024,2,false,false,1009,753
9,1024,20,1024,0,false,false,563,595
9,1024,21,1024,0,false,false,944,263
9,1024,22,1024,0,false,false,980,405
9,1024,23,1024,0,false,false,740,307
9,1024,24,1024,0,false,false,957,398
9,1024,25,1024,0,false,false,633,423
9,1024,26,1024,0,false,false,996,651
9,1024,27,1024,0,false,false,924,354
9,1024,28,1024,0,false,false,1007,468
9,1024,29,1024,0,false,false,998,515
9,1024,30,1024,0,false,false,562,464
9,1024,31,1024,0,false,false,1016,536
9,1024,32,1024,0,false,false,1018,523
9,1024,33,1024,0,false,false,863,508
9,1024,34,1024,0,false,false,886,505
9,1024,35,1024,0,false,false,911,532
9,1024,36,1024,0,false,false,1007,564
9,1024,37,1024,0,false,false,962,320
9,1024,38,1024,0,false,false,936,516
9,1024,39,1024,0,false,false,1019,816
9,1024,40,1024,1,false,false,738,729
9,1024,41,1024,0,false,false,946,420
9,1024,42,1024,0,false,false,956,545
9,1024,43,1024,0,false,false,1009,614
9,1024,44,1024,0,false,false,611,570
9,1024,45,1024,0,false,false,997,536
9,1024,46,1024,0,false,false,913,452
9,1024,47,1024,0,false,false,903,435
9,1024,48,1024,0,false,false,929,702
9,1024,49,1024,0,false,false,1015,700
9,1024,50,1024,0,false,false,1008,777
9,1024,51,1024,0,false,false,858,384
9,1024,52,1024,0,false,false,867,594
9,1024,53,1024,0,false,false,880,495
9,1024,54,1024,0,false,false,807,704
9,1024,55,1024,0,false,false,1013,365
9,1024,56,1024,0,false,false,967,437
9,1024,57,1024,0,false,false,978,588
9,1024,58,1024,0,false,false,904,506
9,1024,59,1024,0,false,false,915,648
9,1024,60,1024,1,false,false,1003,679
9,1024,61,1024,0,false,false,752,467
9,1024,62,1024,0,false,false,998,444
9,1024,63,1024,0,false,false,998,518
9,16384,0,16384,2,false,false,16343,2579
9,16384,1,16384,2,false,false,15915,2373
9,16384,2,16384,1,false,false,16148,2394
9,16384,3,16384,1,false,false,15958,2476
10,1024,0,1024,0,false,false,1005,117
10,1024,1,1024,0,false,false,1009,96
10,1024,2,1024,0,false,false,816,90
10,1024,3,1024,0,false,false,1012,98
10,1024,4,1024,0,false,false,893,80
10,1024,5,1024,0,false,false,970,97
10,1024,6,1024,2,false,false,957,73
10,1024,7,1024,0,false,false,924,91
10,1024,8,1024,0,false,false,995,113
10,1024,9,1024,0,false,false,877,129
10,1024,10,1024,0,false,false,988,143
10,1024,11,1024,0,false,false,1023,86
10,1024,12,1024,0,false,false,882,129
10,1024,13,1024,0,false,false,890,78
10,1024,14,1024,0,false,false,1002,93
10,1024,15,1024,0,false,false,1010,56
10,1024,16,1024,0,false,false,729,74
10,1024,17,1024,0,false,false,950,121
10,1024,18,1024,0,false,false,907,106
10,1024,19,1024,2,false,false,1004,139
10,1024,20,1024,0,false,false,530,102
10,1024,21,1024,0,false,false,944,30
10,1024,22,1024,0,false,false,969,43
10,1024,23,1024,0,false,false,737,46
10,1024,24,1024,0,false,false,957,50
10,1024,25,1024,0,false,false,629,74
10,1024,26,1024,0,false,false,994,101
10,1024,27,1024,0,false,false,899,49
10,1024,28,1024,0,false,false,930,82
10,1024,29,1024,0,false,false,954,84
10,1024,30,1024,0,false,false,558,110
10,1024,31,1024,0,false,false,1016,119
10,1024,32,1024,0,false,false,926,83
10,1024,33,1024,0,false,false,861,103
10,1024,34,1024,0,false,false,838,94
10,1024,35,1024,0,false,false,884,85
10,1024,36,1024,0,false,false,978,108
10,1024,37,1024,0,false,false,950,61
10,1024,38,1024,0,false,false,933,95
10,1024,39,1024,0,false,false,1019,157
10,1024,40,1024,1,false,false,734,118
10,1024,41,1024,0,false,false,945,66
10,1024,42,1024,0,false,false,839,95
10,1024,43,1024,0,false,false,1001,88
10,1024,44,1024,0,false,false,612,107
10,1024,45,1024,0,false,false,997,92
10,1024,46,1024,0,false,false,860,70
10,1024,47,1024,0,false,false,889,72
10,1024,48,1024,0,false,false,934,105
10,1024,49,1024,0,false,false,1009,119
10,1024,50,1024,0,false,false,1007,156
10,1024,51,1024,0,false,false,854,72
10,1024,52,1024,0,false,false,864,111
10,1024,53,1024,0,false,false,842,96
10,1024,54,1024,0,false,false,752,115
10,1024,55,1024,0,false,false,1012,71
10,1024,56,1024,0,false,false,868,67
10,1024,57,1024,0,false,false,978,76
10,1024,58,1024,0,false,false,897,82
10,1024,59,1024,0,false,false,893,105
10,1024,60,1024,1,false,false,952,112
10,1024,61,1024,0,false,false,752,72
10,1024,62,1024,0,false,false,997,92
10,1024,63,1024,0,false,false,893,85
10,16384,0,16384,2,false,false,16343,166
10,16384,1,16384,2,false,false,15576,167
10,16384,2,16384,1,false,false,15887,174
10,16384,3,16384,1,false,false,15950,168
11,1024,0,1024,0,false,false,1019,136
11,1024,1,1024,0,false,false,993,190
11,1024,2,1024,0,false,false,883,164
11,1024,3,1024,0,false,false,889,132
11,1024,4,1024,0,false,false,934,154
11,1024,5,1024,0,false,false,979,141
11,1024,6,1024,2,false,false,1010,148
11,1024,7,1024,0,false,false,992,144
11,1024,8,1024,0,false,false,878,186
11,1024,9,1024,0,false,false,866,222
11,1024,10,1024,0,false,false,1014,162
11,1024,11,1024,0,false,false,974,143
11,1024,12,1024,0,false,false,872,224
11,1024,13,1024,0,false,false,982,138
11,1024,14,1024,0,false,false,1011,180
11,1024,15,1024,0,false,false,898,156
11,1024,16,1024,0,false,false,900,161
11,1024,17,1024,0,false,false,1000,165
11,1024,18,1024,0,false,false,966,170
11,1024,19,1024,2,false,false,902,272
11,1024,20,1024,0,false,false,903,145
11,1024,21,1024,0,false,false,945,117
11,1024,22,1024,0,false,false,824,133
11,1024,23,1024,0,false,false,928,152
11,1024,24,1024,0,false,false,959,161
11,1024,25,1024,0,false,false,854,154
11,1024,26,1024,0,false,false,777,183
11,1024,27,1024,0,false,false,981,133
11,1024,28,1024,0,false,false,978,133
11,1024,29,1024,0,false,false,926,157
11,1024,30,1024,0,false,false,960,190
11,1024,31,1024,0,false,false,1023,172
11,1024,32,1024,0,false,false,945,198
11,1024,33,1024,0,false,false,871,175
11,1024,34,1024,0,false,false,985,180
11,1024,35,1024,0,false,false,925,183
11,1024,36,1024,0,false,false,967,199
11,1024,37,1024,0,false,false,994,142
11,1024,38,1024,0,false,false,909,189
11,1024,39,1024,0,false,false,940,225
11,1024,40,1024,1,false,false,827,192
11,1024,41,1024,0,false,false,986,133
11,1024,42,1024,0,false,false,894,175
11,1024,43,1024,0,false,false,797,178
11,1024,44,1024,0,false,false,896,182
11,1024,45,1024,0,false,false,980,157
11,1024,46,1024,0,false,false,898,160
11,1024,47,1024,0,false,false,892,145
11,1024,48,1024,0,false,false,959,216
11,1024,49,1024,0,false,false,1009,171
11,1024,50,1024,0,false,false,857,192
11,1024,51,1024,0,false,false,936,146
11,1024,52,1024,0,false,false,900,161
11,1024,53,1024,0,false,false,910,124
11,1024,54,1024,0,false,false,885,158
11,1024,55,1024,0,false,false,1017,143
11,1024,56,1024,0,false,false,941,135
11,1024,57,1024,0,false,false,915,148
11,1024,58,1024,0,false,false,1002,148
11,1024,59,1024,0,false,false,963,127
11,1024,60,1024,1,false,false,857,177
11,1024,61,1024,0,false,false,881,178
11,1024,62,1024,0,false,false,1009,164
11,1024,63,1024,0,false,false,818,181
11,16384,0,16384,2,false,false,16290,297
11,16384,1,16384,2,false,false,15452,323
11,16384,2,16384,1,false,false,16056,307
11,16384,3,16384,1,false,false,16247,292
12,1024,0,1024,0,false,false,3,3
12,1024,1,1024,0,false,false,994,16
12,1024,2,1024,0,false,false,735,10
12,1024,3,1024,0,false,false,295,12
12,1024,4,1024,0,true,false,0,1
12,1024,5,1024,0,true,false,0,1
12,1024,6,1024,2,false,false,445,10
12,1024,7,1024,0,false,false,814,16
12,1024,8,1024,0,false,false,904,16
12,1024,9,1024,0,false,false,181,11
12,1024,10,1024,0,false,false,867,21
12,1024,11,1024,0,false,false,854,11
12,1024,12,1024,0,false,false,643,35
12,1024,13,1024,0,true,false,0,1
12,1024,14,1024,0,false,false,752,11
12,1024,15,1024,0,true,false,0,1
12,1024,16,1024,0,false,false,653,8
12,1024,17,1024,0,false,false,905,11
12,1024,18,1024,0,false,false,557,11
12,1024,19,1024,2,false,false,751,18
12,1024,20,1024,0,true,false,0,1
12,1024,21,1024,0,true,false,0,1
12,1024,22,1024,0,true,false,0,1
12,1024,23,1024,0,true,false,0,1
12,1024,24,1024,0,true,false,0,1
12,1024,25,1024,0,false,false,272,10
12,1024,26,1024,0,true,false,0,1
12,1024,27,1024,0,true,false,0,1
12,1024,28,1024,0,false,false,724,13
12,1024,29,1024,0,false,false,787,14
12,1024,30,1024,0,false,false,291,11
12,1024,31,1024,0,false,false,953,12
12,1024,32,1024,0,true,false,0,1
12,1024,33,1024,0,false,false,800,11
12,1024,34,1024,0,false,false,187,11
12,1024,35,1024,0,true,false,0,1
12,1024,36,1024,0,false,false,999,14
12,1024,37,1024,0,true,false,0,1
12,1024,38,1024,0,false,false,110,16
12,1024,39,1024,0,false,false,963,41
12,1024,40,1024,1,false,false,334,10
12,1024,41,1024,0,false,false,307,9
12,1024,42,1024,0,true,false,0,1
12,1024,43,1024,0,false,false,927,17
12,1024,44,1024,0,false,false,506,19
12,1024,45,1024,0,false,false,734,10
12,1024,46,1024,0,true,false,0,1
12,1024,47,1024,0,false,false,731,9
12,1024,48,1024,0,false,false,872,29
12,1024,49,1024,0,false,false,967,14
12,1024,50,1024,0,false,false,605,39
12,1024,51,1024,0,false,false,442,10
12,1024,52,1024,0,true,false,0,1
12,1024,53,1024,0,true,false,0,1
12,1024,54,1024,0,false,false,584,17
12,1024,55,1024,0,true,false,0,1
12,1024,56,1024,0,false,false,730,11
12,1024,57,1024,0,false,false,44,7
12,1024,58,1024,0,false,false,985,11
12,1024,59,1024,0,true,false,0,1
12,1024,60,1024,1,false,false,861,22
12,1024,61,1024,0,true,false,0,1
12,1024,62,1024,0,false,false,954,9
12,1024,63,1024,0,false,false,521,10
12,16384,0,16384,2,false,false,15030,48
12,16384,1,16384,2,false,false,15998,33
12,16384,2,16384,1,false,false,15026,45
12,16384,3,16384,1,false,false,15991,49
13,1024,0,1024,0,false,false,965,29
13,1024,1,1024,0,false,false,1013,27
13,1024,2,1024,0,false,false,853,12
13,1024,3,1024,0,false,false,840,45
13,1024,4,1024,0,false,false,815,32
13,1024,5,1024,0,false,false,926,24
13,1024,6,1024,2,false,false,787,29
13,1024,7,1024,0,false,false,872,3
13,1024,8,1024,0,false,false,935,3
13,1024,9,1024,0,false,false,917,3
13,1024,10,1024,0,false,false,876,20
13,1024,11,1024,0,false,false,1023,34
13,1024,12,1024,0,false,false,795,23
13,1024,13,1024,0,false,false,953,25
13,1024,14,1024,0,false,false,903,3
13,1024,15,1024,0,false,false,959,3
13,1024,16,1024,0,false,false,815,11
13,1024,17,1024,0,false,false,927,40
13,1024,18,1024,0,false,false,816,41
13,1024,19,1024,2,false,false,751,46
13,1024,20,1024,0,false,false,882,3
13,1024,21,1024,0,false,false,887,3
13,1024,22,1024,0,false,false,895,3
13,1024,23,1024,0,false,false,902,3
13,1024,24,1024,0,false,false,891,3
13,1024,25,1024,0,false,false,855,10
13,1024,26,1024,0,false,false,653,46
13,1024,27,1024,0,false,false,923,3
13,1024,28,1024,0,false,false,954,3
13,1024,29,1024,0,false,false,875,3
13,1024,30,1024,0,false,false,726,48
13,1024,31,1024,0,false,false,1021,27
13,1024,32,1024,0,false,false,938,3
13,1024,33,1024,0,false,false,795,34
13,1024,34,1024,0,false,false,919,36
13,1024,35,1024,0,false,false,1019,18
13,1024,36,1024,0,false,false,771,29
13,1024,37,1024,0,false,false,941,3
13,1024,38,1024,0,false,false,896,13
13,1024,39,1024,0,false,false,1002,24
13,1024,40,1024,1,false,false,762,45
13,1024,41,1024,0,false,false,901,3
13,1024,42,1024,0,false,false,776,27
13,1024,43,1024,0,false,false,863,3
13,1024,44,1024,0,false,false,734,48
13,1024,45,1024,0,false,false,1020,18
13,1024,46,1024,0,false,false,878,3
13,1024,47,1024,0,false,false,887,3
13,1024,48,1024,0,false,false,868,18
13,1024,49,1024,0,false,false,1023,39
13,1024,50,1024,0,false,false,744,50
13,1024,51,1024,0,false,false,912,3
13,1024,52,1024,0,false,false,861,45
13,1024,53,1024,0,false,false,973,3
13,1024,54,1024,0,false,false,788,29
13,1024,55,1024,0,false,false,970,3
13,1024,56,1024,0,false,false,963,3
13,1024,57,1024,0,false,false,902,3
13,1024,58,1024,0,false,false,880,28
13,1024,59,1024,0,false,false,919,28
13,1024,60,1024,1,false,false,856,26
13,1024,61,1024,0,false,false,929,3
13,1024,62,1024,0,false,false,964,3
13,1024,63,1024,0,false,false,841,13
13,16384,0,16384,2,false,false,16059,55
13,16384,1,16384,2,false,false,15205,64
13,16384,2,16384,1,false,false,14355,66
13,16384,3,16384,1,false,false,15468,64
14,1024,0,1024,0,false,false,937,7
14,1024,1,1024,0,false,false,790,6
14,1024,2,1024,0,false,false,977,10
14,1024,3,1024,0,false,false,877,9
14,1024,4,1024,0,false,false,869,8
14,1024,5,1024,0,false,false,937,7
14,1024,6,1024,2,false,false,971,9
14,1024,7,1024,0,false,false,893,10
14,1024,8,1024,0,false,false,799,8
14,1024,9,1024,0,false,false,902,11
14,1024,10,1024,0,false,false,840,9
14,1024,11,1024,0,false,false,934,9
14,1024,12,1024,0,false,false,891,12
14,1024,13,1024,0,false,false,680,10
14,1024,14,1024,0,false,false,741,7
14,1024,15,1024,0,false,false,807,9
14,1024,16,1024,0,false,false,660,8
14,1024,17,1024,0,false,false,922,11
14,1024,18,1024,0,false,false,946,8
14,1024,19,1024,2,false,false,976,8
14,1024,20,1024,0,false,false,667,9
14,1024,21,1024,0,false,false,581,5
14,1024,22,1024,0,false,false,837,8
14,1024,23,1024,0,false,false,854,9
14,1024,24,1024,0,false,false,893,5
14,1024,25,1024,0,false,false,950,7
14,1024,26,1024,0,false,false,624,8
14,1024,27,1024,0,false,false,890,8
14,1024,28,1024,0,false,false,939,9
14,1024,29,1024,0,false,false,763,7
14,1024,30,1024,0,false,false,345,8
14,1024,31,1024,0,false,false,751,8
14,1024,32,1024,0,false,false,822,7
14,1024,33,1024,0,false,false,890,9
14,1024,34,1024,0,false,false,826,9
14,1024,35,1024,0,false,false,876,8
14,1024,36,1024,0,false,false,978,8
14,1024,37,1024,0,false,false,718,7
14,1024,38,1024,0,false,false,874,12
14,1024,39,1024,0,false,false,800,13
14,1024,40,1024,1,false,false,609,11
14,1024,41,1024,0,false,false,886,7
14,1024,42,1024,0,false,false,981,8
14,1024,43,1024,0,false,false,834,8
14,1024,44,1024,0,false,false,851,7
14,1024,45,1024,0,false,false,683,10
14,1024,46,1024,0,false,false,804,10
14,1024,47,1024,0,false,false,710,10
14,1024,48,1024,0,false,false,867,12
14,1024,49,1024,0,false,false,956,8
14,1024,50,1024,0,false,false,771,11
14,1024,51,1024,0,false,false,577,8
14,1024,52,1024,0,false,false,714,9
14,1024,53,1024,0,false,false,937,11
14,1024,54,1024,0,false,false,719,8
14,1024,55,1024,0,false,false,871,8
14,1024,56,1024,0,false,false,871,13
14,1024,57,1024,0,false,false,936,7
14,1024,58,1024,0,false,false,997,8
14,1024,59,1024,0,false,false,1008,10
14,1024,60,1024,1,false,false,829,9
14,1024,61,1024,0,false,false,808,8
14,1024,62,1024,0,false,false,868,8
14,1024,63,1024,0,false,false,800,10
14,16384,0,16384,2,false,false,15420,21
14,16384,1,16384,2,false,false,15849,19
14,16384,2,16384,1,false,false,15977,20
14,16384,3,16384,1,false,false,15258,21
15,1024,0,1024,0,true,true,0,1024
15,1024,1,1024,0,true,true,0,1024
15,1024,2,1024,0,true,true,0,1024
15,1024,3,1024,0,true,true,0,1024
15,1024,4,1024,0,true,true,0,1024
15,1024,5,1024,0,true,true,0,1024
15,1024,6,1024,0,true,true,0,1024
15,1024,7,1024,0,true,true,0,1024
15,1024,8,1024,0,true,true,0,1024
15,1024,9,1024,0,true,true,0,1024
15,1024,10,1024,0,true,true,0,1024
15,1024,11,1024,0,true,true,0,1024
15,1024,12,1024,0,true,true,0,1024
15,1024,13,1024,0,true,true,0,1024
15,1024,14,1024,0,true,true,0,1024
15,1024,15,1024,0,true,true,0,1024
15,1024,16,1024,0,true,true,0,1024
15,1024,17,1024,0,true,true,0,1024
15,1024,18,1024,0,true,true,0,1024
15,1024,19,1024,0,true,true,0,1024
15,1024,20,1024,0,true,true,0,1024
15,1024,21,1024,0,true,true,0,1024
15,1024,22,1024,0,true,true,0,1024
15,1024,23,1024,0,true,true,0,1024
15,1024,24,1024,0,true,true,0,1024
15,1024,25,1024,0,true,true,0,1024
15,1024,26,1024,0,true,true,0,1024
15,1024,27,1024,0,true,true,0,1024
15,1024,28,1024,0,true,true,0,1024
15,1024,29,1024,0,true,true,0,1024
15,1024,30,1024,0,true,true,0,1024
15,1024,31,1024,0,true,true,0,1024
15,1024,32,1024,0,true,true,0,1024
15,1024,33,1024,0,true,true,0,1024
15,1024,34,1024,0,true,true,0,1024
15,1024,35,1024,0,true,true,0,1024
15,1024,36,1024,0,true,true,0,1024
15,1024,37,1024,0,true,true,0,1024
15,1024,38,1024,0,true,true,0,1024
15,1024,39,1024,0,true,true,0,1024
15,1024,40,1024,0,true,true,0,1024
15,1024,41,1024,0,true,true,0,1024
15,1024,42,1024,0,true,true,0,1024
15,1024,43,1024,0,true,true,0,1024
15,1024,44,1024,0,true,true,0,1024
15,1024,45,1024,0,true,true,0,1024
15,1024,46,1024,0,true,true,0,1024
15,1024,47,1024,0,true,true,0,1024
15,1024,48,1024,0,true,true,0,1024
15,1024,49,1024,0,true,true,0,1024
15,1024,50,1024,0,true,true,0,1024
15,1024,51,1024,0,true,true,0,1024
15,1024,52,1024,0,true,true,0,1024
15,1024,53,1024,0,true,true,0,1024
15,1024,54,1024,0,true,true,0,1024
15,1024,55,1024,0,true,true,0,1024
15,1024,56,1024,0,true,true,0,1024
15,1024,57,1024,0,true,true,0,1024
15,1024,58,1024,0,true,true,0,1024
15,1024,59,1024,0,true,true,0,1024
15,1024,60,1024,0,true,true,0,1024
15,1024,61,1024,0,true,true,0,1024
15,1024,62,1024,0,true,true,0,1024
15,1024,63,1024,0,true,true,0,1024
15,16384,0,16384,0,true,true,0,16384
15,16384,1,16384,0,true,true,0,16384
15,16384,2,16384,0,true,true,0,16384
15,16384,3,16384,0,true,true,0,16384
16,1024,0,1024,0,false,false,916,747
16,1024,1,1024,0,false,false,745,759
16,1024,2,1024,0,false,false,1001,706
16,1024,3,1024,0,false,false,832,665
16,1024,4,1024,0,false,false,951,657
16,1024,5,1024,0,false,false,992,651
16,1024,6,1024,2,false,false,977,580
16,1024,7,1024,0,false,false,781,705
16,1024,8,1024,0,false,false,751,654
16,1024,9,1024,0,false,false,1014,633
16,1024,10,1024,0,false,false,1023,714
16,1024,11,1024,0,false,false,697,655
16,1024,12,1024,0,false,false,1022,661
16,1024,13,1024,0,false,false,962,660
16,1024,14,1024,0,false,false,942,693
16,1024,15,1024,0,false,false,644,642
16,1024,16,1024,0,false,false,1004,697
16,1024,17,1024,0,false,false,944,676
16,1024,18,1024,0,false,false,822,749
16,1024,19,1024,2,false,false,993,745
16,1024,20,1024,0,false,false,877,688
16,1024,21,1024,0,false,false,1017,625
16,1024,22,1024,0,false,false,796,583
16,1024,23,1024,0,false,false,984,655
16,1024,24,1024,0,false,false,828,637
16,1024,25,1024,0,false,false,956,615
16,1024,26,1024,0,false,false,925,583
16,1024,27,1024,0,false,false,949,613
16,1024,28,1024,0,false,false,958,703
16,1024,29,1024,0,false,false,991,682
16,1024,30,1024,0,false,false,1018,716
16,1024,31,1024,0,false,false,833,654
16,1024,32,1024,0,false,false,726,666
16,1024,33,1024,0,false,false,997,606
16,1024,34,1024,0,false,false,951,622
16,1024,35,1024,0,false,false,923,684
16,1024,36,1024,0,false,false,950,675
16,1024,37,1024,0,false,false,958,593
16,1024,38,1024,0,false,false,1023,661
16,1024,39,1024,0,false,false,830,731
16,1024,40,1024,1,false,false,994,701
16,1024,41,1024,0,false,false,778,649
16,1024,42,1024,0,false,false,973,640
16,1024,43,1024,0,false,false,790,670
16,1024,44,1024,0,false,false,988,584
16,1024,45,1024,0,false,false,876,660
16,1024,46,1024,0,false,false,816,615
16,1024,47,1024,0,false,false,945,685
16,1024,48,1024,0,false,false,973,631
16,1024,49,1024,0,false,false,903,709
16,1024,50,1024,0,false,false,997,727
16,1024,51,1024,0,false,false,927,602
16,1024,52,1024,0,false,false,798,690
16,1024,53,1024,0,false,false,764,657
16,1024,54,1024,0,false,false,983,700
16,1024,55,1024,0,false,false,797,671
16,1024,56,1024,0,false,false,854,630
16,1024,57,1024,0,false,false,927,671
16,1024,58,1024,0,false,false,1012,653
16,1024,59,1024,0,false,false,997,663
16,1024,60,1024,1,false,false,959,707
16,1024,61,1024,0,false,false,1018,729
16,1024,62,1024,0,false,false,757,690
16,1024,63,1024,0,false,false,853,680
16,16384,0,16384,2,false,false,15719,1813
16,16384,1,16384,2,false,false,16358,1855
16,16384,2,16384,1,false,false,15902,1635
16,16384,3,16384,1,false,false,15506,1845
17,1024,0,1024,0,false,false,986,3
17,1024,1,1024,0,false,false,982,2
17,1024,2,1024,0,false,false,900,3
17,1024,3,1024,0,false,false,942,3
17,1024,4,1024,0,false,false,988,3
17,1024,5,1024,0,false,false,991,2
17,1024,6,1024,0,false,false,974,2
17,1024,7,1024,0,false,false,992,2
17,1024,8,1024,0,false,false,930,3
17,1024,9,1024,0,false,false,984,2
17,1024,10,1024,0,false,false,814,3
17,1024,11,1024,0,false,false,329,2
17,1024,12,1024,0,false,false,581,2
17,1024,13,1024,0,false,false,619,2
17,1024,14,1024,0,false,false,857,2
17,1024,15,1024,0,false,false,615,3
17,1024,16,1024,0,false,false,905,3
17,1024,17,1024,0,false,false,1002,2
17,1024,18,1024,0,false,false,837,2
17,1024,19,1024,0,false,false,1010,2
17,1024,20,1024,0,false,false,674,2
17,1024,21,1024,0,false,false,879,3
17,1024,22,1024,0,false,false,939,3
17,1024,23,1024,0,false,false,877,3
17,1024,24,1024,0,false,false,925,3
17,1024,25,1024,0,false,false,1004,3
17,1024,26,1024,0,false,false,832,3
17,1024,27,1024,0,false,false,758,3
17,1024,28,1024,0,false,false,1005,3
17,1024,29,1024,0,false,false,815,3
17,1024,30,1024,0,false,false,910,2
17,1024,31,1024,0,false,false,855,3
17,1024,32,1024,0,false,false,951,3
17,1024,33,1024,0,false,false,925,3
17,1024,34,1024,0,false,false,981,3
17,1024,35,1024,0,false,false,922,3
17,1024,36,1024,0,false,false,964,3
17,1024,37,1024,0,false,false,975,3
17,1024,38,1024,0,false,false,875,3
17,1024,39,1024,0,false,false,1018,3
17,1024,40,1024,0,false,false,951,2
17,1024,41,1024,0,false,false,925,3
17,1024,42,1024,0,false,false,867,3
17,1024,43,1024,0,false,false,1014,3
17,1024,44,1024,0,false,false,906,3
17,1024,45,1024,0,false,false,809,3
17,1024,46,1024,0,false,false,926,3
17,1024,47,1024,0,false,false,891,3
17,1024,48,1024,0,false,false,874,2
17,1024,49,1024,0,false,false,963,3
17,1024,50,1024,0,false,false,872,3
17,1024,51,1024,0,false,false,876,3
17,1024,52,1024,0,false,false,865,3
17,1024,53,1024,0,false,false,861,3
17,1024,54,1024,0,false,false,982,3
17,1024,55,1024,0,false,false,877,3
17,1024,56,1024,0,false,false,838,3
17,1024,57,1024,0,false,false,840,2
17,1024,58,1024,0,false,false,854,3
17,1024,59,1024,0,false,false,825,3
17,1024,60,1024,0,false,false,804,3
17,1024,61,1024,0,false,false,1000,3
17,1024,62,1024,0,false,false,875,3
17,1024,63,1024,0,false,false,856,3
17,16384,0,16384,0,false,false,16084,3
17,16384,1,16384,0,false,false,16166,3
17,16384,2,16384,0,false,false,15929,3
17,16384,3,16384,0,false,false,15728,3
18,1024,0,1024,0,false,false,995,116
18,1024,1,1024,0,false,false,1008,103
18,1024,2,1024,0,false,false,991,110
18,1024,3,1024,0,false,false,947,121
18,1024,4,1024,0,false,false,990,117
18,1024,5,1024,0,false,false,1005,111
18,1024,6,1024,0,false,false,991,106
18,1024,7,1024,0,false,false,988,105
18,1024,8,1024,0,false,false,1011,105
18,1024,9,1024,0,false,false,1000,111
18,1024,10,1024,0,false,false,982,112
18,1024,11,1024,0,false,false,973,109
18,1024,12,1024,0,false,false,1017,109
18,1024,13,1024,0,false,false,1013,119
18,1024,14,1024,0,false,false,1000,114
18,1024,15,1024,0,false,false,987,121
18,1024,16,1024,0,false,false,979,117
18,1024,17,1024,0,false,false,989,130
18,1024,18,1024,0,false,false,989,121
18,1024,19,1024,0,false,false,967,124
18,1024,20,1024,0,false,false,1003,132
18,1024,21,1024,0,false,false,964,132
18,1024,22,1024,0,false,false,999,120
18,1024,23,1024,0,false,false,1000,152
18,1024,24,1024,0,false,false,998,154
18,1024,25,1024,0,false,false,974,148
18,1024,26,1024,0,false,false,991,139
18,1024,27,1024,0,false,false,971,134
18,1024,28,1024,0,false,false,985,126
18,1024,29,1024,0,false,false,985,132
18,1024,30,1024,0,false,false,995,101
18,1024,31,1024,0,false,false,983,129
18,1024,32,1024,0,false,false,1000,99
18,1024,33,1024,0,false,false,989,101
18,1024,34,1024,0,false,false,1004,120
18,1024,35,1024,0,false,false,975,111
18,1024,36,1024,0,false,false,1005,97
18,1024,37,1024,0,false,false,997,111
18,1024,38,1024,0,false,false,996,119
18,1024,39,1024,0,false,false,982,99
18,1024,40,1024,0,false,false,985,96
18,1024,41,1024,0,false,false,989,115
18,1024,42,1024,0,false,false,974,107
18,1024,43,1024,0,false,false,985,108
18,1024,44,1024,0,false,false,996,103
18,1024,45,1024,0,false,false,982,129
18,1024,46,1024,0,false,false,992,126
18,1024,47,1024,0,false,false,998,117
18,1024,48,1024,0,false,false,1000,112
18,1024,49,1024,0,false,false,993,118
18,1024,50,1024,0,false,false,1011,113
18,1024,51,1024,0,false,false,1006,108
18,1024,52,1024,0,false,false,1006,114
18,1024,53,1024,0,false,false,997,121
18,1024,54,1024,0,false,false,1008,110
18,1024,55,1024,0,false,false,1017,114
18,1024,56,1024,0,false,false,989,124
18,1024,57,1024,0,false,false,1009,125
18,1024,58,1024,0,false,false,987,117
18,1024,59,1024,0,false,false,1015,132
18,1024,60,1024,0,false,false,999,124
18,1024,61,1024,0,false,false,983,123
18,1024,62,1024,0,false,false,987,124
18,1024,63,1024,0,false,false,991,124
18,16384,0,16384,0,false,false,16262,218
18,16384,1,16384,0,false,false,16182,233
18,16384,2,16384,0,false,false,16107,216
18,16384,3,16384,0,false,false,16224,231
19,1024,0,1024,0,false,false,962,67
19,1024,1,1024,0,false,false,995,65
19,1024,2,1024,0,false,false,966,60
19,1024,3,1024,0,false,false,976,74
19,1024,4,1024,0,false,false,986,72
19,1024,5,1024,0,false,false,1004,78
19,1024,6,1024,0,false,false,985,76
19,1024,7,1024,0,false,false,992,70
19,1024,8,1024,0,false,false,1014,78
19,1024,9,1024,0,false,false,958,73
19,1024,10,1024,0,false,false,994,76
19,1024,11,1024,0,false,false,958,79
19,1024,12,1024,0,false,false,1019,81
19,1024,13,1024,0,false,false,987,81
19,1024,14,1024,0,false,false,1007,87
19,1024,15,1024,0,false,false,981,85
19,1024,16,1024,0,false,false,1007,88
19,1024,17,1024,0,false,false,1008,71
19,1024,18,1024,0,false,false,984,79
19,1024,19,1024,0,false,false,987,75
19,1024,20,1024,0,false,false,962,82
19,1024,21,1024,0,false,false,991,85
19,1024,22,1024,0,false,false,942,81
19,1024,23,1024,0,false,false,1006,86
19,1024,24,1024,0,false,false,1007,88
19,1024,25,1024,0,false,false,1009,85
19,1024,26,1024,0,false,false,989,85
19,1024,27,1024,0,false,false,1006,78
19,1024,28,1024,0,false,false,1007,64
19,1024,29,1024,0,false,false,1014,67
19,1024,30,1024,0,false,false,982,67
19,1024,31,1024,0,false,false,1011,72
19,1024,32,1024,0,false,false,1013,64
19,1024,33,1024,0,false,false,985,65
19,1024,34,1024,0,false,false,999,74
19,1024,35,1024,0,false,false,979,68
19,1024,36,1024,0,false,false,983,72
19,1024,37,1024,0,false,false,1000,71
19,1024,38,1024,0,false,false,1002,76
19,1024,39,1024,0,false,false,997,79
19,1024,40,1024,0,false,false,967,70
19,1024,41,1024,0,false,false,1012,81
19,1024,42,1024,0,false,false,962,64
19,1024,43,1024,0,false,false,974,75
19,1024,44,1024,0,false,false,974,72
19,1024,45,1024,0,false,false,1000,77
19,1024,46,1024,0,false,false,1006,70
19,1024,47,1024,0,false,false,970,72
19,1024,48,1024,0,false,false,939,65
19,1024,49,1024,0,false,false,1010,73
19,1024,50,1024,0,false,false,1006,66
19,1024,51,1024,0,false,false,985,68
19,1024,52,1024,0,false,false,983,64
19,1024,53,1024,0,false,false,977,67
19,1024,54,1024,0,false,false,995,61
19,1024,55,1024,0,false,false,985,59
19,1024,56,1024,0,false,false,962,71
19,1024,57,1024,0,false,false,989,67
19,1024,58,1024,0,false,false,1009,62
19,1024,59,1024,0,false,false,988,71
19,1024,60,1024,0,false,false,981,64
19,1024,61,1024,0,false,false,994,68
19,1024,62,1024,0,false,false,1005,69
19,1024,63,1024,0,false,false,953,68
19,16384,0,16384,0,false,false,16228,136
19,16384,1,16384,0,false,false,16281,169
19,16384,2,16384,0,false,false,16113,141
19,16384,3,16384,0,false,false,16205,130
20,1024,0,1024,0,false,false,992,5
20,1024,1,1024,0,false,false,1005,6
20,1024,2,1024,0,false,false,909,5
20,1024,3,1024,0,false,false,944,4
20,1024,4,1024,0,false,false,938,6
20,1024,5,1024,0,false,false,999,6
20,1024,6,1024,0,false,false,1002,5
20,1024,7,1024,0,false,false,980,3
20,1024,8,1024,0,false,false,943,6
20,1024,9,1024,0,false,false,976,4
20,1024,10,1024,0,false,false,965,5
20,1024,11,1024,0,false,false,983,5
20,1024,12,1024,0,false,false,1005,4
20,1024,13,1024,0,false,false,966,6
20,1024,14,1024,0,false,false,939,5
20,1024,15,1024,0,false,false,988,5
20,1024,16,1024,0,false,false,994,5
20,1024,17,1024,0,false,false,937,5
20,1024,18,1024,0,false,false,968,5
20,1024,19,1024,0,false,false,920,6
20,1024,20,1024,0,false,false,989,5
20,1024,21,1024,0,false,false,966,6
20,1024,22,1024,0,false,false,986,6
20,1024,23,1024,0,false,false,970,6
20,1024,24,1024,0,false,false,989,6
20,1024,25,1024,0,false,false,982,6
20,1024,26,1024,0,false,false,988,6
20,1024,27,1024,0,false,false,966,6
20,1024,28,1024,0,false,false,948,5
20,1024,29,1024,0,false,false,967,6
20,1024,30,1024,0,false,false,974,6
20,1024,31,1024,0,false,false,974,6
20,1024,32,1024,0,false,false,970,6
20,1024,33,1024,0,false,false,975,6
20,1024,34,1024,0,false,false,993,6
20,1024,35,1024,0,false,false,1011,6
20,1024,36,1024,0,false,false,984,6
20,1024,37,1024,0,false,false,976,6
20,1024,38,1024,0,false,false,1000,6
20,1024,39,1024,0,false,false,924,6
20,1024,40,1024,0,false,false,929,6
20,1024,41,1024,0,false,false,966,6
20,1024,42,1024,0,false,false,1015,6
20,1024,43,1024,0,false,false,988,6
20,1024,44,1024,0,false,false,910,6
20,1024,45,1024,0,false,false,970,6
20,1024,46,1024,0,false,false,1014,6
20,1024,47,1024,0,false,false,990,6
20,1024,48,1024,0,false,false,995,6
20,1024,49,1024,0,false,false,966,6
20,1024,50,1024,0,false,false,996,5
20,1024,51,1024,0,false,false,923,6
20,1024,52,1024,0,false,false,931,5
20,1024,53,1024,0,false,false,968,6
20,1024,54,1024,0,false,false,962,5
20,1024,55,1024,0,false,false,902,6
20,1024,56,1024,0,false,false,931,6
20,1024,57,1024,0,false,false,1008,4
20,1024,58,1024,0,false,false,974,5
20,1024,59,1024,0,false,false,986,6
20,1024,60,1024,0,false,false,998,5
20,1024,61,1024,0,false,false,953,5
20,1024,62,1024,0,false,false,997,6
20,1024,63,1024,0,false,false,993,5
20,16384,0,16384,0,false,false,16124,6
20,16384,1,16384,0,false,false,15953,7
20,16384,2,16384,0,false,false,15882,6
20,16384,3,16384,0,false,false,16148,6
21,1024,0,1024,0,false,false,721,2
21,1024,1,1024,0,false,false,795,2
21,1024,2,1024,0,false,false,833,2
21,1024,3,1024,0,false,false,790,2
21,1024,4,1024,0,false,false,812,2
21,1024,5,1024,0,false,false,779,2
21,1024,6,1024,0,false,false,829,2
21,1024,7,1024,0,false,false,819,2
21,1024,8,1024,0,false,false,824,2
21,1024,9,1024,0,false,false,856,2
21,1024,10,1024,0,false,false,815,2
21,1024,11,1024,0,false,false,814,2
21,1024,12,1024,0,false,false,851,2
21,1024,13,1024,0,false,false,875,2
21,1024,14,1024,0,false,false,849,2
21,1024,15,1024,0,false,false,838,2
21,1024,16,1024,0,false,false,787,2
21,1024,17,1024,0,false,false,821,2
21,1024,18,1024,0,false,false,818,2
21,1024,19,1024,0,false,false,828,2
21,1024,20,1024,0,false,false,774,2
21,1024,21,1024,0,false,false,800,2
21,1024,22,1024,0,false,false,781,2
21,1024,23,1024,0,false,false,794,2
21,1024,24,1024,0,false,false,791,2
21,1024,25,1024,0,false,false,798,2
21,1024,26,1024,0,false,false,806,2
21,1024,27,1024,0,false,false,781,2
21,1024,28,1024,0,false,false,800,2
21,1024,29,1024,0,false,false,793,2
21,1024,30,1024,0,false,false,771,2
21,1024,31,1024,0,false,false,806,2
21,1024,32,1024,0,false,false,727,2
21,1024,33,1024,0,false,false,800,2
21,1024,34,1024,0,false,false,830,2
21,1024,35,1024,0,false,false,715,2
21,1024,36,1024,0,false,false,794,2
21,1024,37,1024,0,false,false,821,2
21,1024,38,1024,0,false,false,758,2
21,1024,39,1024,0,false,false,774,2
21,1024,40,1024,0,false,false,783,2
21,1024,41,1024,0,false,false,783,2
21,1024,42,1024,0,false,false,742,2
21,1024,43,1024,0,false,false,773,2
21,1024,44,1024,0,false,false,796,2
21,1024,45,1024,0,false,false,844,2
21,1024,46,1024,0,false,false,735,2
21,1024,47,1024,0,false,false,770,2
21,1024,48,1024,0,false,false,802,2
21,1024,49,1024,0,false,false,826,2
21,1024,50,1024,0,false,false,756,2
21,1024,51,1024,0,false,false,771,2
21,1024,52,1024,0,false,false,821,2
21,1024,53,1024,0,false,false,814,2
21,1024,54,1024,0,false,false,764,2
21,1024,55,1024,0,false,false,798,2
21,1024,56,1024,0,false,false,828,2
21,1024,57,1024,0,false,false,769,2
21,1024,58,1024,0,false,false,800,2
21,1024,59,1024,0,false,false,798,2
21,1024,60,1024,0,false,false,798,2
21,1024,61,1024,0,false,false,818,2
21,1024,62,1024,0,false,false,831,2
21,1024,63,1024,0,false,false,755,2
21,16384,0,16384,0,false,false,13171,2
21,16384,1,16384,0,false,false,12847,2
21,16384,2,16384,0,false,false,12540,2
21,16384,3,16384,0,false,false,12826,2
22,1024,0,1024,0,false,false,995,3
22,1024,1,1024,0,false,false,1010,3
22,1024,2,1024,0,false,false,1014,3
22,1024,3,1024,0,false,false,978,3
22,1024,4,1024,0,false,false,913,3
22,1024,5,1024,0,false,false,937,3
22,1024,6,1024,0,false,false,929,3
22,1024,7,1024,0,false,false,968,3
22,1024,8,1024,0,false,false,965,3
22,1024,9,1024,0,false,false,964,3
22,1024,10,1024,0,false,false,979,3
22,1024,11,1024,0,false,false,947,3
22,1024,12,1024,0,false,false,917,3
22,1024,13,1024,0,false,false,1008,3
22,1024,14,1024,0,false,false,933,3
22,1024,15,1024,0,false,false,987,3
22,1024,16,1024,0,false,false,987,3
22,1024,17,1024,0,false,false,994,3
22,1024,18,1024,0,false,false,946,3
22,1024,19,1024,0,false,false,985,4
22,1024,20,1024,0,false,false,925,3
22,1024,21,1024,0,false,false,1004,3
22,1024,22,1024,0,false,false,974,3
22,1024,23,1024,0,false,false,982,3
22,1024,24,1024,0,false,false,1008,3
22,1024,25,1024,0,false,false,948,3
22,1024,26,1024,0,false,false,862,3
22,1024,27,1024,0,false,false,886,3
22,1024,28,1024,0,false,false,945,3
22,1024,29,1024,0,false,false,846,3
22,1024,30,1024,0,false,false,927,3
22,1024,31,1024,0,false,false,882,3
22,1024,32,1024,0,false,false,1011,3
22,1024,33,1024,0,false,false,930,3
22,1024,34,1024,0,false,false,904,3
22,1024,35,1024,0,false,false,905,3
22,1024,36,1024,0,false,false,961,3
22,1024,37,1024,0,false,false,972,3
22,1024,38,1024,0,false,false,846,3
22,1024,39,1024,0,false,false,1009,3
22,1024,40,1024,0,false,false,914,3
22,1024,41,1024,0,false,false,975,3
22,1024,42,1024,0,false,false,1009,3
22,1024,43,1024,0,false,false,926,3
22,1024,44,1024,0,false,false,1009,3
22,1024,45,1024,0,false,false,966,3
22,1024,46,1024,0,false,false,988,3
22,1024,47,1024,0,false,false,979,3
22,1024,48,1024,0,false,false,943,3
22,1024,49,1024,0,false,false,990,3
22,1024,50,1024,0,false,false,911,3
22,1024,51,1024,0,false,false,917,3
22,1024,52,1024,0,false,false,961,3
22,1024,53,1024,0,false,false,993,3
22,1024,54,1024,0,false,false,909,3
22,1024,55,1024,0,false,false,988,3
22,1024,56,1024,0,false,false,961,3
22,1024,57,1024,0,false,false,993,3
22,1024,58,1024,0,false,false,977,3
22,1024,59,1024,0,false,false,996,3
22,1024,60,1024,0,false,false,870,3
22,1024,61,1024,0,false,false,954,3
22,1024,62,1024,0,false,false,863,3
22,1024,63,1024,0,false,false,973,3
22,16384,0,16384,0,false,false,16147,3
22,16384,1,16384,0,false,false,15911,4
22,16384,2,16384,0,false,false,16169,3
22,16384,3,16384,0,false,false,16136,3
23,1024,0,1024,0,false,false,1006,9
23,1024,1,1024,0,false,false,1011,9
23,1024,2,1024,0,false,false,997,9
23,1024,3,1024,0,false,false,979,8
23,1024,4,1024,0,false,false,983,10
23,1024,5,1024,0,false,false,931,8
23,1024,6,1024,0,false,false,923,7
23,1024,7,1024,0,false,false,992,7
23,1024,8,1024,0,false,false,931,8
23,1024,9,1024,0,false,false,963,6
23,1024,10,1024,0,false,false,979,6
23,1024,11,1024,0,false,false,977,5
23,1024,12,1024,0,false,false,917,4
23,1024,13,1024,0,false,false,1007,5
23,1024,14,1024,0,false,false,975,5
23,1024,15,1024,0,false,false,985,6
23,1024,16,1024,0,false,false,953,6
23,1024,17,1024,0,false,false,992,6
23,1024,18,1024,0,false,false,985,7
23,1024,19,1024,0,false,false,988,6
23,1024,20,1024,0,false,false,921,9
23,1024,21,1024,0,false,false,998,7
23,1024,22,1024,0,false,false,973,10
23,1024,23,1024,0,false,false,1004,12
23,1024,24,1024,0,false,false,952,10
23,1024,25,1024,0,false,false,1004,10
23,1024,26,1024,0,false,false,997,9
23,1024,27,1024,0,false,false,1008,9
23,1024,28,1024,0,false,false,1015,9
23,1024,29,1024,0,false,false,996,10
23,1024,30,1024,0,false,false,951,8
23,1024,31,1024,0,false,false,995,11
23,1024,32,1024,0,false,false,1005,9
23,1024,33,1024,0,false,false,981,9
23,1024,34,1024,0,false,false,909,11
23,1024,35,1024,0,false,false,994,9
23,1024,36,1024,0,false,false,978,7
23,1024,37,1024,0,false,false,955,10
23,1024,38,1024,0,false,false,998,10
23,1024,39,1024,0,false,false,1009,8
23,1024,40,1024,0,false,false,965,8
23,1024,41,1024,0,false,false,953,10
23,1024,42,1024,0,false,false,996,9
23,1024,43,1024,0,false,false,1016,9
23,1024,44,1024,0,false,false,956,9
23,1024,45,1024,0,false,false,980,8
23,1024,46,1024,0,false,false,903,10
23,1024,47,1024,0,false,false,1008,8
23,1024,48,1024,0,false,false,909,10
23,1024,49,1024,0,false,false,902,10
23,1024,50,1024,0,false,false,990,11
23,1024,51,1024,0,false,false,998,10
23,1024,52,1024,0,false,false,948,8
23,1024,53,1024,0,false,false,923,11
23,1024,54,1024,0,false,false,950,10
23,1024,55,1024,0,false,false,921,7
23,1024,56,1024,0,false,false,942,10
23,1024,57,1024,0,false,false,980,10
23,1024,58,1024,0,false,false,922,10
23,1024,59,1024,0,false,false,920,14
23,1024,60,1024,0,false,false,1012,14
23,1024,61,1024,0,false,false,988,12
23,1024,62,1024,0,false,false,904,12
23,1024,63,1024,0,false,false,975,9
23,16384,0,16384,0,false,false,16298,17
23,16384,1,16384,0,false,false,15784,16
23,16384,2,16384,0,false,false,16278,13
23,16384,3,16384,0,false,false,16290,19
24,1024,0,1024,0,false,false,1000,96
24,1024,1,1024,0,false,false,1011,98
24,1024,2,1024,0,false,false,1019,99
24,1024,3,1024,0,false,false,977,116
24,1024,4,1024,0,false,false,984,122
24,1024,5,1024,0,false,false,997,112
24,1024,6,1024,0,false,false,1000,96
24,1024,7,1024,0,false,false,988,92
24,1024,8,1024,0,false,false,990,93
24,1024,9,1024,0,false,false,991,115
24,1024,10,1024,0,false,false,988,119
24,1024,11,1024,0,false,false,958,101
24,1024,12,1024,0,false,false,1019,104
24,1024,13,1024,0,false,false,1007,106
24,1024,14,1024,0,false,false,991,105
24,1024,15,1024,0,false,false,989,126
24,1024,16,1024,0,false,false,1006,112
24,1024,17,1024,0,false,false,1002,112
24,1024,18,1024,0,false,false,981,106
24,1024,19,1024,0,false,false,995,122
24,1024,20,1024,0,false,false,1011,126
24,1024,21,1024,0,false,false,1013,132
24,1024,22,1024,0,false,false,1000,145
24,1024,23,1024,0,false,false,988,170
24,1024,24,1024,0,false,false,1001,155
24,1024,25,1024,0,false,false,1000,166
24,1024,26,1024,0,false,false,1009,158
24,1024,27,1024,0,false,false,974,136
24,1024,28,1024,0,false,false,1009,122
24,1024,29,1024,0,false,false,963,136
24,1024,30,1024,0,false,false,965,106
24,1024,31,1024,0,false,false,1008,141
24,1024,32,1024,0,false,false,1012,106
24,1024,33,1024,0,false,false,982,112
24,1024,34,1024,0,false,false,980,132
24,1024,35,1024,0,false,false,1017,108
24,1024,36,1024,0,false,false,1006,99
24,1024,37,1024,0,false,false,1003,128
24,1024,38,1024,0,false,false,1007,149
24,1024,39,1024,0,false,false,1016,112
24,1024,40,1024,0,false,false,975,118
24,1024,41,1024,0,false,false,990,146
24,1024,42,1024,0,false,false,1013,112
24,1024,43,1024,0,false,false,1012,127
24,1024,44,1024,0,false,false,1014,126
24,1024,45,1024,0,false,false,1013,153
24,1024,46,1024,0,false,false,1017,133
24,1024,47,1024,0,false,false,1008,127
24,1024,48,1024,0,false,false,1001,114
24,1024,49,1024,0,false,false,998,157
24,1024,50,1024,0,false,false,1016,121
24,1024,51,1024,0,false,false,948,114
24,1024,52,1024,0,false,false,969,117
24,1024,53,1024,0,false,false,1001,132
24,1024,54,1024,0,false,false,983,115
24,1024,55,1024,0,false,false,1003,109
24,1024,56,1024,0,false,false,972,139
24,1024,57,1024,0,false,false,1012,122
24,1024,58,1024,0,false,false,986,123
24,1024,59,1024,0,false,false,1007,141
24,1024,60,1024,0,false,false,1008,126
24,1024,61,1024,0,false,false,1000,108
24,1024,62,1024,0,false,false,949,134
24,1024,63,1024,0,false,false,991,101
24,16384,0,16384,0,false,false,16323,329
24,16384,1,16384,0,false,false,16192,460
24,16384,2,16384,0,false,false,16192,432
24,16384,3,16384,0,false,false,16292,411
25,1024,0,1024,0,false,false,994,3
25,1024,1,1024,0,false,false,1010,2
25,1024,2,1024,0,false,false,1012,2
25,1024,3,1024,0,false,false,977,2
25,1024,4,1024,0,false,false,966,2
25,1024,5,1024,0,false,false,855,2
25,1024,6,1024,0,false,false,920,2
25,1024,7,1024,0,false,false,948,2
25,1024,8,1024,0,false,false,931,2
25,1024,9,1024,0,false,false,962,2
25,1024,10,1024,0,false,false,977,2
25,1024,11,1024,0,false,false,930,2
25,1024,12,1024,0,false,false,913,3
25,1024,13,1024,0,false,false,1006,2
25,1024,14,1024,0,false,false,930,2
25,1024,15,1024,0,false,false,982,2
25,1024,16,1024,0,false,false,985,3
25,1024,17,1024,0,false,false,992,2
25,1024,18,1024,0,false,false,794,3
25,1024,19,1024,0,false,false,984,2
25,1024,20,1024,0,false,false,918,2
25,1024,21,1024,0,false,false,998,2
25,1024,22,1024,0,false,false,971,3
25,1024,23,1024,0,false,false,983,2
25,1024,24,1024,0,false,false,1001,2
25,1024,25,1024,0,false,false,978,3
25,1024,26,1024,0,false,false,853,2
25,1024,27,1024,0,false,false,881,2
25,1024,28,1024,0,false,false,993,3
25,1024,29,1024,0,false,false,768,2
25,1024,30,1024,0,false,false,919,2
25,1024,31,1024,0,false,false,1005,2
25,1024,32,1024,0,false,false,1008,2
25,1024,33,1024,0,false,false,888,2
25,1024,34,1024,0,false,false,971,2
25,1024,35,1024,0,false,false,873,2
25,1024,36,1024,0,false,false,961,3
25,1024,37,1024,0,false,false,967,3
25,1024,38,1024,0,false,false,831,3
25,1024,39,1024,0,false,false,1008,2
25,1024,40,1024,0,false,false,914,2
25,1024,41,1024,0,false,false,973,2
25,1024,42,1024,0,false,false,1008,2
25,1024,43,1024,0,false,false,1005,2
25,1024,44,1024,0,false,false,1006,3
25,1024,45,1024,0,false,false,962,2
25,1024,46,1024,0,false,false,982,2
25,1024,47,1024,0,false,false,976,2
25,1024,48,1024,0,false,false,943,3
25,1024,49,1024,0,false,false,985,2
25,1024,50,1024,0,false,false,876,2
25,1024,51,1024,0,false,false,885,2
25,1024,52,1024,0,false,false,960,2
25,1024,53,1024,0,false,false,989,2
25,1024,54,1024,0,false,false,971,2
25,1024,55,1024,0,false,false,981,2
25,1024,56,1024,0,false,false,972,2
25,1024,57,1024,0,false,false,993,2
25,1024,58,1024,0,false,false,975,2
25,1024,59,1024,0,false,false,993,2
25,1024,60,1024,0,false,false,974,2
25,1024,61,1024,0,false,false,988,2
25,1024,62,1024,0,false,false,863,2
25,1024,63,1024,0,false,false,971,2
25,16384,0,16384,0,false,false,16116,3
25,16384,1,16384,0,false,false,16058,3
25,16384,2,16384,0,false,false,16118,3
25,16384,3,16384,0,false,false,16083,3
26,1024,0,1024,0,false,false,995,3
26,1024,1,1024,0,false,false,1010,3
26,1024,2,1024,0,false,false,1012,3
26,1024,3,1024,0,false,false,978,3
26,1024,4,1024,0,false,false,966,3
26,1024,5,1024,0,false,false,941,3
26,1024,6,1024,0,false,false,921,3
26,1024,7,1024,0,false,false,997,3
26,1024,8,1024,0,false,false,932,3
26,1024,9,1024,0,false,false,963,3
26,1024,10,1024,0,false,false,979,3
26,1024,11,1024,0,false,false,980,3
26,1024,12,1024,0,false,false,914,3
26,1024,13,1024,0,false,false,1006,3
26,1024,14,1024,0,false,false,976,3
26,1024,15,1024,0,false,false,985,3
26,1024,16,1024,0,false,false,985,3
26,1024,17,1024,0,false,false,992,3
26,1024,18,1024,0,false,false,983,3
26,1024,19,1024,0,false,false,987,3
26,1024,20,1024,0,false,false,927,3
26,1024,21,1024,0,false,false,998,3
26,1024,22,1024,0,false,false,972,3
26,1024,23,1024,0,false,false,988,3
26,1024,24,1024,0,false,false,1001,3
26,1024,25,1024,0,false,false,983,3
26,1024,26,1024,0,false,false,955,3
26,1024,27,1024,0,false,false,984,3
26,1024,28,1024,0,false,false,993,3
26,1024,29,1024,0,false,false,941,3
26,1024,30,1024,0,false,false,990,3
26,1024,31,1024,0,false,false,1007,3
26,1024,32,1024,0,false,false,1008,3
26,1024,33,1024,0,false,false,964,3
26,1024,34,1024,0,false,false,978,3
26,1024,35,1024,0,false,false,873,3
26,1024,36,1024,0,false,false,961,3
26,1024,37,1024,0,false,false,967,3
26,1024,38,1024,0,false,false,924,3
26,1024,39,1024,0,false,false,1008,3
26,1024,40,1024,0,false,false,966,3
26,1024,41,1024,0,false,false,973,3
26,1024,42,1024,0,false,false,1008,3
26,1024,43,1024,0,false,false,1006,3
26,1024,44,1024,0,false,false,1007,3
26,1024,45,1024,0,false,false,964,3
26,1024,46,1024,0,false,false,983,3
26,1024,47,1024,0,false,false,978,3
26,1024,48,1024,0,false,false,943,3
26,1024,49,1024,0,false,false,986,3
26,1024,50,1024,0,false,false,908,3
26,1024,51,1024,0,false,false,885,3
26,1024,52,1024,0,false,false,969,3
26,1024,53,1024,0,false,false,989,3
26,1024,54,1024,0,false,false,971,3
26,1024,55,1024,0,false,false,983,3
26,1024,56,1024,0,false,false,973,3
26,1024,57,1024,0,false,false,993,3
26,1024,58,1024,0,false,false,975,3
26,1024,59,1024,0,false,false,994,3
26,1024,60,1024,0,false,false,975,3
26,1024,61,1024,0,false,false,988,3
26,1024,62,1024,0,false,false,874,3
26,1024,63,1024,0,false,false,972,3
26,16384,0,16384,0,false,false,16129,3
26,16384,1,16384,0,false,false,16080,3
26,16384,2,16384,0,false,false,16134,3
26,16384,3,16384,0,false,false,16093,3
27,1024,0,1024,0,false,false,934,7
27,1024,1,1024,0,false,false,970,7
27,1024,2,1024,0,false,false,1007,7
27,1024,3,1024,0,false,false,945,6
27,1024,4,1024,0,false,false,994,7
27,1024,5,1024,0,false,false,984,7
27,1024,6,1024,0,false,false,992,7
27,1024,7,1024,0,false,false,988,7
27,1024,8,1024,0,false,false,990,7
27,1024,9,1024,0,false,false,999,7
27,1024,10,1024,0,false,false,1015,7
27,1024,11,1024,0,false,false,996,7
27,1024,12,1024,0,false,false,965,7
27,1024,13,1024,0,false,false,952,7
27,1024,14,1024,0,false,false,989,7
27,1024,15,1024,0,false,false,1011,7
27,1024,16,1024,0,false,false,927,7
27,1024,17,1024,0,false,false,952,7
27,1024,18,1024,0,false,false,946,7
27,1024,19,1024,0,false,false,1011,7
27,1024,20,1024,0,false,false,965,7
27,1024,21,1024,0,false,false,998,7
27,1024,22,1024,0,false,false,914,7
27,1024,23,1024,0,false,false,978,8
27,1024,24,1024,0,false,false,982,7
27,1024,25,1024,0,false,false,1003,7
27,1024,26,1024,0,false,false,928,7
27,1024,27,1024,0,false,false,969,7
27,1024,28,1024,0,false,false,907,7
27,1024,29,1024,0,false,false,1012,7
27,1024,30,1024,0,false,false,970,7
27,1024,31,1024,0,false,false,967,7
27,1024,32,1024,0,false,false,1005,7
27,1024,33,1024,0,false,false,1000,7
27,1024,34,1024,0,false,false,929,7
27,1024,35,1024,0,false,false,968,7
27,1024,36,1024,0,false,false,1007,7
27,1024,37,1024,0,false,false,998,7
27,1024,38,1024,0,false,false,966,8
27,1024,39,1024,0,false,false,936,7
27,1024,40,1024,0,false,false,1008,7
27,1024,41,1024,0,false,false,943,7
27,1024,42,1024,0,false,false,915,7
27,1024,43,1024,0,false,false,927,7
27,1024,44,1024,0,false,false,997,7
27,1024,45,1024,0,false,false,993,7
27,1024,46,1024,0,false,false,943,7
27,1024,47,1024,0,false,false,943,7
27,1024,48,1024,0,false,false,1004,7
27,1024,49,1024,0,false,false,955,7
27,1024,50,1024,0,false,false,995,7
27,1024,51,1024,0,false,false,966,7
27,1024,52,1024,0,false,false,949,7
27,1024,53,1024,0,false,false,960,7
27,1024,54,1024,0,false,false,937,7
27,1024,55,1024,0,false,false,990,7
27,1024,56,1024,0,false,false,943,7
27,1024,57,1024,0,false,false,984,7
27,1024,58,1024,0,false,false,986,7
27,1024,59,1024,0,false,false,917,7
27,1024,60,1024,0,false,false,963,7
27,1024,61,1024,0,false,false,953,7
27,1024,62,1024,0,false,false,930,7
27,1024,63,1024,0,false,false,962,7
27,16384,0,16384,0,false,false,16204,7
27,16384,1,16384,0,false,false,16153,8
27,16384,2,16384,0,false,false,16238,8
27,16384,3,16384,0,false,false,16219,7
28,1024,0,1024,0,false,false,974,3
28,1024,1,1024,0,false,false,977,4
28,1024,2,1024,0,false,false,1006,4
28,1024,3,1024,0,false,false,848,4
28,1024,4,1024,0,false,false,879,4
28,1024,5,1024,0,false,false,1000,4
28,1024,6,1024,0,false,false,945,4
28,1024,7,1024,0,false,false,979,4
28,1024,8,1024,0,false,false,849,4
28,1024,9,1024,0,false,false,942,4
28,1024,10,1024,0,false,false,956,4
28,1024,11,1024,0,false,false,925,4
28,1024,12,1024,0,false,false,991,4
28,1024,13,1024,0,false,false,880,4
28,1024,14,1024,0,false,false,928,4
28,1024,15,1024,0,false,false,981,4
28,1024,16,1024,0,false,false,954,4
28,1024,17,1024,0,false,false,862,4
28,1024,18,1024,0,false,false,975,4
28,1024,19,1024,0,false,false,863,4
28,1024,20,1024,0,false,false,994,4
28,1024,21,1024,0,false,false,946,4
28,1024,22,1024,0,false,false,948,4
28,1024,23,1024,0,false,false,936,4
28,1024,24,1024,0,false,false,963,4
28,1024,25,1024,0,false,false,956,4
28,1024,26,1024,0,false,false,977,4
28,1024,27,1024,0,false,false,941,4
28,1024,28,1024,0,false,false,993,4
28,1024,29,1024,0,false,false,844,4
28,1024,30,1024,0,false,false,742,4
28,1024,31,1024,0,false,false,938,4
28,1024,32,1024,0,false,false,974,4
28,1024,33,1024,0,false,false,1002,4
28,1024,34,1024,0,false,false,971,4
28,1024,35,1024,0,false,false,917,4
28,1024,36,1024,0,false,false,935,4
28,1024,37,1024,0,false,false,763,4
28,1024,38,1024,0,false,false,981,4
28,1024,39,1024,0,false,false,958,4
28,1024,40,1024,0,false,false,1004,4
28,1024,41,1024,0,false,false,812,4
28,1024,42,1024,0,false,false,976,4
28,1024,43,1024,0,false,false,982,4
28,1024,44,1024,0,false,false,913,4
28,1024,45,1024,0,false,false,907,4
28,1024,46,1024,0,false,false,965,4
28,1024,47,1024,0,false,false,933,4
28,1024,48,1024,0,false,false,756,4
28,1024,49,1024,0,false,false,850,4
28,1024,50,1024,0,false,false,982,4
28,1024,51,1024,0,false,false,823,4
28,1024,52,1024,0,false,false,835,4
28,1024,53,1024,0,false,false,856,4
28,1024,54,1024,0,false,false,971,4
28,1024,55,1024,0,false,false,941,4
28,1024,56,1024,0,false,false,880,4
28,1024,57,1024,0,false,false,892,4
28,1024,58,1024,0,false,false,883,4
28,1024,59,1024,0,false,false,981,4
28,1024,60,1024,0,false,false,940,4
28,1024,61,1024,0,false,false,923,4
28,1024,62,1024,0,false,false,985,4
28,1024,63,1024,0,false,false,914,4
28,16384,0,16384,0,false,false,15977,4
28,16384,1,16384,0,false,false,15881,4
28,16384,2,16384,0,false,false,16009,4
28,16384,3,16384,0,false,false,15687,4
29,1024,0,1024,0,false,false,996,242
29,1024,1,1024,0,false,false,994,226
29,1024,2,1024,0,false,false,942,224
29,1024,3,1024,0,false,false,968,254
29,1024,4,1024,0,false,false,967,253
29,1024,5,1024,0,false,false,999,234
29,1024,6,1024,0,false,false,1002,241
29,1024,7,1024,0,false,false,989,229
29,1024,8,1024,0,false,false,988,229
29,1024,9,1024,0,false,false,994,241
29,1024,10,1024,0,false,false,988,238
29,1024,11,1024,0,false,false,967,220
29,1024,12,1024,0,false,false,961,196
29,1024,13,1024,0,false,false,988,224
29,1024,14,1024,0,false,false,1000,233
29,1024,15,1024,0,false,false,943,238
29,1024,16,1024,0,false,false,979,236
29,1024,17,1024,0,false,false,960,219
29,1024,18,1024,0,false,false,973,210
29,1024,19,1024,0,false,false,967,215
29,1024,20,1024,0,false,false,1003,201
29,1024,21,1024,0,false,false,960,222
29,1024,22,1024,0,false,false,948,222
29,1024,23,1024,0,false,false,947,269
29,1024,24,1024,0,false,false,1003,242
29,1024,25,1024,0,false,false,995,274
29,1024,26,1024,0,false,false,1009,247
29,1024,27,1024,0,false,false,1008,267
29,1024,28,1024,0,false,false,975,230
29,1024,29,1024,0,false,false,948,257
29,1024,30,1024,0,false,false,975,203
29,1024,31,1024,0,false,false,992,241
29,1024,32,1024,0,false,false,1008,201
29,1024,33,1024,0,false,false,987,222
29,1024,34,1024,0,false,false,965,215
29,1024,35,1024,0,false,false,970,209
29,1024,36,1024,0,false,false,1005,207
29,1024,37,1024,0,false,false,938,223
29,1024,38,1024,0,false,false,996,238
29,1024,39,1024,0,false,false,950,209
29,1024,40,1024,0,false,false,983,212
29,1024,41,1024,0,false,false,990,233
29,1024,42,1024,0,false,false,986,219
29,1024,43,1024,0,false,false,997,213
29,1024,44,1024,0,false,false,958,198
29,1024,45,1024,0,false,false,992,244
29,1024,46,1024,0,false,false,1007,255
29,1024,47,1024,0,false,false,1008,221
29,1024,48,1024,0,false,false,999,246
29,1024,49,1024,0,false,false,978,241
29,1024,50,1024,0,false,false,1008,240
29,1024,51,1024,0,false,false,987,224
29,1024,52,1024,0,false,false,964,252
29,1024,53,1024,0,false,false,965,243
29,1024,54,1024,0,false,false,961,248
29,1024,55,1024,0,false,false,973,223
29,1024,56,1024,0,false,false,969,239
29,1024,57,1024,0,false,false,1011,255
29,1024,58,1024,0,false,false,973,254
29,1024,59,1024,0,false,false,978,242
29,1024,60,1024,0,false,false,989,306
29,1024,61,1024,0,false,false,976,275
29,1024,62,1024,0,false,false,872,275
29,1024,63,1024,0,false,false,989,241
29,16384,0,16384,0,false,false,16134,809
29,16384,1,16384,0,false,false,16219,1126
29,16384,2,16384,0,false,false,16171,989
29,16384,3,16384,0,false,false,16291,1137
30,1024,0,1024,0,false,false,984,4
30,1024,1,1024,0,false,false,1009,7
30,1024,2,1024,0,false,false,968,4
30,1024,3,1024,0,false,false,968,8
30,1024,4,1024,0,false,false,946,7
30,1024,5,1024,0,false,false,997,4
30,1024,6,1024,0,false,false,970,7
30,1024,7,1024,0,false,false,939,5
30,1024,8,1024,0,false,false,941,7
30,1024,9,1024,0,false,false,974,11
30,1024,10,1024,0,false,false,986,8
30,1024,11,1024,0,false,false,918,6
30,1024,12,1024,0,false,false,804,3
30,1024,13,1024,0,false,false,971,7
30,1024,14,1024,0,false,false,985,6
30,1024,15,1024,0,false,false,963,11
30,1024,16,1024,0,false,false,979,10
30,1024,17,1024,0,false,false,990,11
30,1024,18,1024,0,false,false,982,8
30,1024,19,1024,0,false,false,975,8
30,1024,20,1024,0,false,false,968,10
30,1024,21,1024,0,false,false,1006,8
30,1024,22,1024,0,false,false,1000,11
30,1024,23,1024,0,false,false,953,19
30,1024,24,1024,0,false,false,973,16
30,1024,25,1024,0,false,false,1017,20
30,1024,26,1024,0,false,false,946,14
30,1024,27,1024,0,false,false,953,16
30,1024,28,1024,0,false,false,967,10
30,1024,29,1024,0,false,false,997,16
30,1024,30,1024,0,false,false,906,12
30,1024,31,1024,0,false,false,871,14
30,1024,32,1024,0,false,false,935,7
30,1024,33,1024,0,false,false,911,10
30,1024,34,1024,0,false,false,976,14
30,1024,35,1024,0,false,false,1010,6
30,1024,36,1024,0,false,false,938,12
30,1024,37,1024,0,false,false,978,11
30,1024,38,1024,0,false,false,1007,25
30,1024,39,1024,0,false,false,1018,15
30,1024,40,1024,0,false,false,925,14
30,1024,41,1024,0,false,false,979,18
30,1024,42,1024,0,false,false,992,14
30,1024,43,1024,0,false,false,952,16
30,1024,44,1024,0,false,false,888,14
30,1024,45,1024,0,false,false,1017,15
30,1024,46,1024,0,false,false,1018,12
30,1024,47,1024,0,false,false,929,12
30,1024,48,1024,0,false,false,956,7
30,1024,49,1024,0,false,false,917,15
30,1024,50,1024,0,false,false,1010,12
30,1024,51,1024,0,false,false,899,10
30,1024,52,1024,0,false,false,904,12
30,1024,53,1024,0,false,false,915,9
30,1024,54,1024,0,false,false,973,7
30,1024,55,1024,0,false,false,967,9
30,1024,56,1024,0,false,false,953,10
30,1024,57,1024,0,false,false,926,5
30,1024,58,1024,0,false,false,916,9
30,1024,59,1024,0,false,false,975,11
30,1024,60,1024,0,false,false,887,5
30,1024,61,1024,0,false,false,919,4
30,1024,62,1024,0,false,false,947,12
30,1024,63,1024,0,false,false,925,8
30,16384,0,16384,0,false,false,16294,37
30,16384,1,16384,0,false,false,16168,83
30,16384,2,16384,0,false,false,16149,85
30,16384,3,16384,0,false,false,16204,61
31,1024,0,1024,0,false,false,996,434
31,1024,1,1024,0,false,false,1011,399
31,1024,2,1024,0,false,false,1019,408
31,1024,3,1024,0,false,false,977,434
31,1024,4,1024,0,false,false,975,452
31,1024,5,1024,0,false,false,1004,435
31,1024,6,1024,0,false,false,998,417
31,1024,7,1024,0,false,false,992,399
31,1024,8,1024,0,false,false,996,407
31,1024,9,1024,0,false,false,992,420
31,1024,10,1024,0,false,false,988,450
31,1024,11,1024,0,false,false,961,395
31,1024,12,1024,0,false,false,1017,385
31,1024,13,1024,0,false,false,1007,395
31,1024,14,1024,0,false,false,998,426
31,1024,15,1024,0,false,false,988,447
31,1024,16,1024,0,false,false,1006,409
31,1024,17,1024,0,false,false,1002,418
31,1024,18,1024,0,false,false,974,399
31,1024,19,1024,0,false,false,995,407
31,1024,20,1024,0,false,false,1003,425
31,1024,21,1024,0,false,false,1011,424
31,1024,22,1024,0,false,false,1000,433
31,1024,23,1024,0,false,false,985,572
31,1024,24,1024,0,false,false,1005,532
31,1024,25,1024,0,false,false,997,549
31,1024,26,1024,0,false,false,1009,502
31,1024,27,1024,0,false,false,973,525
31,1024,28,1024,0,false,false,1009,448
31,1024,29,1024,0,false,false,956,471
31,1024,30,1024,0,false,false,973,401
31,1024,31,1024,0,false,false,1007,457
31,1024,32,1024,0,false,false,1012,377
31,1024,33,1024,0,false,false,997,383
31,1024,34,1024,0,false,false,983,436
31,1024,35,1024,0,false,false,1014,397
31,1024,36,1024,0,false,false,1006,371
31,1024,37,1024,0,false,false,979,419
31,1024,38,1024,0,false,false,1007,463
31,1024,39,1024,0,false,false,1018,406
31,1024,40,1024,0,false,false,983,385
31,1024,41,1024,0,false,false,989,451
31,1024,42,1024,0,false,false,1014,421
31,1024,43,1024,0,false,false,1013,403
31,1024,44,1024,0,false,false,1014,382
31,1024,45,1024,0,false,false,1013,487
31,1024,46,1024,0,false,false,1014,471
31,1024,47,1024,0,false,false,1008,434
31,1024,48,1024,0,false,false,1001,438
31,1024,49,1024,0,false,false,995,477
31,1024,50,1024,0,false,false,1016,451
31,1024,51,1024,0,false,false,983,430
31,1024,52,1024,0,false,false,969,450
31,1024,53,1024,0,false,false,1000,481
31,1024,54,1024,0,false,false,983,441
31,1024,55,1024,0,false,false,990,414
31,1024,56,1024,0,false,false,975,468
31,1024,57,1024,0,false,false,1009,452
31,1024,58,1024,0,false,false,986,458
31,1024,59,1024,0,false,false,1007,488
31,1024,60,1024,0,false,false,1003,541
31,1024,61,1024,0,false,false,1000,459
31,1024,62,1024,0,false,false,949,499
31,1024,63,1024,0,false,false,991,423
31,16384,0,16384,0,false,false,16310,1776
31,16384,1,16384,0,false,false,16216,2771
31,16384,2,16384,0,false,false,16192,2310
31,16384,3,16384,0,false,false,16300,2668
32,1024,0,1024,0,false,false,990,916
32,1024,1,1024,0,false,false,986,902
32,1024,2,1024,0,false,false,996,904
32,1024,3,1024,0,false,false,962,907
32,1024,4,1024,0,false,false,953,877
32,1024,5,1024,0,false,false,910,949
32,1024,6,1024,0,false,false,1004,897
32,1024,7,1024,0,false,false,1014,914
32,1024,8,1024,0,false,false,1003,895
32,1024,9,1024,0,false,false,998,888
32,1024,10,1024,0,false,false,992,897
32,1024,11,1024,0,false,false,951,923
32,1024,12,1024,0,false,false,1010,881
32,1024,13,1024,0,false,false,1003,900
32,1024,14,1024,0,false,false,1005,887
32,1024,15,1024,0,false,false,989,899
32,1024,16,1024,0,false,false,842,930
32,1024,17,1024,0,false,false,983,905
32,1024,18,1024,0,false,false,986,900
32,1024,19,1024,0,false,false,1003,900
32,1024,20,1024,0,false,false,739,944
32,1024,21,1024,0,false,false,966,879
32,1024,22,1024,0,false,false,699,933
32,1024,23,1024,0,false,false,617,923
32,1024,24,1024,0,false,false,784,926
32,1024,25,1024,0,false,false,737,920
32,1024,26,1024,0,false,false,770,931
32,1024,27,1024,0,false,false,745,941
32,1024,28,1024,0,false,false,990,906
32,1024,29,1024,0,false,false,804,953
32,1024,30,1024,0,false,false,998,902
32,1024,31,1024,0,false,false,994,910
32,1024,32,1024,0,false,false,993,903
32,1024,33,1024,0,false,false,973,906
32,1024,34,1024,0,false,false,1006,885
32,1024,35,1024,0,false,false,921,928
32,1024,36,1024,0,false,false,988,907
32,1024,37,1024,0,false,false,974,919
32,1024,38,1024,0,false,false,872,936
32,1024,39,1024,0,false,false,995,893
32,1024,40,1024,0,false,false,1018,929
32,1024,41,1024,0,false,false,978,914
32,1024,42,1024,0,false,false,865,942
32,1024,43,1024,0,false,false,1010,923
32,1024,44,1024,0,false,false,991,908
32,1024,45,1024,0,false,false,976,915
32,1024,46,1024,0,false,false,802,947
32,1024,47,1024,0,false,false,1010,891
32,1024,48,1024,0,false,false,1000,919
32,1024,49,1024,0,false,false,984,922
32,1024,50,1024,0,false,false,707,949
32,1024,51,1024,0,false,false,998,924
32,1024,52,1024,0,false,false,1014,908
32,1024,53,1024,0,false,false,933,913
32,1024,54,1024,0,false,false,980,896
32,1024,55,1024,0,false,false,987,901
32,1024,56,1024,0,false,false,1015,901
32,1024,57,1024,0,false,false,733,949
32,1024,58,1024,0,false,false,1015,881
32,1024,59,1024,0,false,false,1006,904
32,1024,60,1024,0,false,false,761,938
32,1024,61,1024,0,false,false,970,909
32,1024,62,1024,0,false,false,986,882
32,1024,63,1024,0,false,false,973,926
32,16384,0,16384,0,false,false,12370,8539
32,16384,1,16384,0,false,false,16130,12231
32,16384,2,16384,0,false,false,15223,10639
32,16384,3,16384,0,false,false,14487,11134
33,1024,0,1024,0,false,false,1006,884
33,1024,1,1024,0,false,false,1001,864
33,1024,2,1024,0,false,false,987,877
33,1024,3,1024,0,false,false,972,876
33,1024,4,1024,0,false,false,993,861
33,1024,5,1024,0,false,false,574,938
33,1024,6,1024,0,false,false,1001,890
33,1024,7,1024,0,false,false,968,871
33,1024,8,1024,0,false,false,979,881
33,1024,9,1024,0,false,false,989,883
33,1024,10,1024,0,false,false,988,879
33,1024,11,1024,0,false,false,953,899
33,1024,12,1024,0,false,false,983,894
33,1024,13,1024,0,false,false,1004,889
33,1024,14,1024,0,false,false,1005,886
33,1024,15,1024,0,false,false,988,871
33,1024,16,1024,0,false,false,902,934
33,1024,17,1024,0,false,false,983,882
33,1024,18,1024,0,false,false,976,883
33,1024,19,1024,0,false,false,976,878
33,1024,20,1024,0,false,false,705,930
33,1024,21,1024,0,false,false,985,862
33,1024,22,1024,0,false,false,614,917
33,1024,23,1024,0,false,false,557,930
33,1024,24,1024,0,false,false,702,932
33,1024,25,1024,0,false,false,728,912
33,1024,26,1024,0,false,false,766,926
33,1024,27,1024,0,false,false,518,937
33,1024,28,1024,0,false,false,1007,877
33,1024,29,1024,0,false,false,525,941
33,1024,30,1024,0,false,false,973,886
33,1024,31,1024,0,false,false,1005,874
33,1024,32,1024,0,false,false,983,881
33,1024,33,1024,0,false,false,994,873
33,1024,34,1024,0,false,false,992,901
33,1024,35,1024,0,false,false,903,910
33,1024,36,1024,0,false,false,993,876
33,1024,37,1024,0,false,false,1002,891
33,1024,38,1024,0,false,false,669,927
33,1024,39,1024,0,false,false,1000,885
33,1024,40,1024,0,false,false,1015,873
33,1024,41,1024,0,false,false,990,870
33,1024,42,1024,0,false,false,605,942
33,1024,43,1024,0,false,false,986,884
33,1024,44,1024,0,false,false,1001,893
33,1024,45,1024,0,false,false,1004,894
33,1024,46,1024,0,false,false,739,941
33,1024,47,1024,0,false,false,1004,889
33,1024,48,1024,0,false,false,991,877
33,1024,49,1024,0,false,false,985,872
33,1024,50,1024,0,false,false,656,940
33,1024,51,1024,0,false,false,995,875
33,1024,52,1024,0,false,false,995,883
33,1024,53,1024,0,false,false,945,899
33,1024,54,1024,0,false,false,999,864
33,1024,55,1024,0,false,false,987,888
33,1024,56,1024,0,false,false,1008,872
33,1024,57,1024,0,false,false,658,942
33,1024,58,1024,0,false,false,1014,867
33,1024,59,1024,0,false,false,994,880
33,1024,60,1024,0,false,false,690,937
33,1024,61,1024,0,false,false,989,876
33,1024,62,1024,0,false,false,990,877
33,1024,63,1024,0,false,false,912,910
33,16384,0,16384,0,false,false,12281,8315
33,16384,1,16384,0,false,false,3912,12047
33,16384,2,16384,0,false,false,8255,10523
33,16384,3,16384,0,false,false,4371,11009
34,1024,0,1024,0,false,false,999,449
34,1024,1,1024,0,false,false,999,441
34,1024,2,1024,0,false,false,1007,451
34,1024,3,1024,0,false,false,981,461
34,1024,4,1024,0,false,false,984,469
34,1024,5,1024,0,false,false,1015,469
34,1024,6,1024,0,false,false,1008,458
34,1024,7,1024,0,false,false,996,447
34,1024,8,1024,0,false,false,971,465
34,1024,9,1024,0,false,false,987,473
34,1024,10,1024,0,false,false,995,473
34,1024,11,1024,0,false,false,980,478
34,1024,12,1024,0,false,false,944,488
34,1024,13,1024,0,false,false,988,493
34,1024,14,1024,0,false,false,1003,477
34,1024,15,1024,0,false,false,994,493
34,1024,16,1024,0,false,false,980,488
34,1024,17,1024,0,false,false,943,489
34,1024,18,1024,0,false,false,990,504
34,1024,19,1024,0,false,false,985,509
34,1024,20,1024,0,false,false,978,495
34,1024,21,1024,0,false,false,1008,514
34,1024,22,1024,0,false,false,1000,543
34,1024,23,1024,0,false,false,965,596
34,1024,24,1024,0,false,false,995,634
34,1024,25,1024,0,false,false,1007,631
34,1024,26,1024,0,false,false,1009,606
34,1024,27,1024,0,false,false,981,583
34,1024,28,1024,0,false,false,986,562
34,1024,29,1024,0,false,false,961,566
34,1024,30,1024,0,false,false,1008,513
34,1024,31,1024,0,false,false,1001,566
34,1024,32,1024,0,false,false,1012,442
34,1024,33,1024,0,false,false,987,486
34,1024,34,1024,0,false,false,1006,541
34,1024,35,1024,0,false,false,996,483
34,1024,36,1024,0,false,false,1006,482
34,1024,37,1024,0,false,false,1012,519
34,1024,38,1024,0,false,false,1006,553
34,1024,39,1024,0,false,false,1002,492
34,1024,40,1024,0,false,false,990,471
34,1024,41,1024,0,false,false,1002,538
34,1024,42,1024,0,false,false,991,500
34,1024,43,1024,0,false,false,1006,499
34,1024,44,1024,0,false,false,1002,494
34,1024,45,1024,0,false,false,1015,566
34,1024,46,1024,0,false,false,1003,544
34,1024,47,1024,0,false,false,1007,515
34,1024,48,1024,0,false,false,1015,532
34,1024,49,1024,0,false,false,976,572
34,1024,50,1024,0,false,false,1016,505
34,1024,51,1024,0,false,false,988,492
34,1024,52,1024,0,false,false,1017,514
34,1024,53,1024,0,false,false,975,539
34,1024,54,1024,0,false,false,986,506
34,1024,55,1024,0,false,false,986,491
34,1024,56,1024,0,false,false,1007,537
34,1024,57,1024,0,false,false,990,523
34,1024,58,1024,0,false,false,990,537
34,1024,59,1024,0,false,false,1005,546
34,1024,60,1024,0,false,false,981,572
34,1024,61,1024,0,false,false,1000,525
34,1024,62,1024,0,false,false,950,575
34,1024,63,1024,0,false,false,987,509
34,16384,0,16384,0,false,false,16333,1305
34,16384,1,16384,0,false,false,16141,1941
34,16384,2,16384,0,false,false,16172,1914
34,16384,3,16384,0,false,false,16232,1999
35,1024,0,1024,0,true,true,0,1024
35,1024,1,1024,0,true,true,0,1024
35,1024,2,1024,0,true,false,0,1013
35,1024,3,1024,0,true,true,0,1024
35,1024,4,634,0,true,true,0,634
35,16384,0,4730,0,true,false,0,4719
36,1024,0,1024,0,false,false,518,65
36,1024,1,1024,0,false,false,868,145
36,1024,2,1024,0,false,false,983,83
36,1024,3,1024,0,false,false,913,128
36,1024,4,634,0,false,false,614,47
36,16384,0,4730,0,false,false,4080,448
37,1024,0,1024,0,true,true,0,1024
37,1024,1,1024,0,true,true,0,1024
37,1024,2,1024,0,true,true,0,1024
37,1024,3,960,0,true,true,0,960
37,16384,0,4032,0,true,true,0,4032
38,1024,0,1024,0,false,false,1006,173
38,1024,1,1024,0,false,false,984,118
38,1024,2,1024,0,false,false,976,255
38,1024,3,960,0,false,false,788,179
38,16384,0,4032,0,false,false,3966,677
39,1024,0,1024,0,true,true,0,1024
39,1024,1,1024,0,true,true,0,1024
39,1024,2,1024,0,true,true,0,1024
39,1024,3,960,0,true,true,0,960
39,16384,0,4032,0,true,true,0,4032
40,1024,0,1024,0,false,false,965,1016
40,1024,1,1024,0,false,false,994,1018
40,1024,2,1024,0,false,false,970,1009
40,1024,3,960,0,false,false,891,950
40,16384,0,4032,0,false,false,3932,3938
41,1024,0,1024,0,true,true,0,1024
41,1024,1,1024,0,true,true,0,1024
41,1024,2,1024,0,true,false,0,1013
41,1024,3,1024,0,true,true,0,1024
41,1024,4,634,0,true,true,0,634
41,16384,0,4730,0,true,false,0,4719
42,1024,0,1024,0,false,false,932,79
42,1024,1,1024,0,false,false,868,204
42,1024,2,1024,0,false,false,979,101
42,1024,3,1024,0,false,false,921,166
42,1024,4,634,0,false,false,614,73
42,16384,0,4730,0,false,false,4171,558
43,1024,0,1024,0,true,true,0,1024
43,1024,1,1024,0,true,true,0,1024
43,1024,2,1024,0,true,true,0,1024
43,1024,3,960,0,true,true,0,960
43,16384,0,4032,0,true,true,0,4032
44,1024,0,1024,0,false,false,982,202
44,1024,1,1024,0,false,false,1021,219
44,1024,2,1024,0,false,false,973,174
44,1024,3,960,0,false,false,928,200
44,16384,0,4032,0,false,false,3883,269
45,1024,0,1024,0,true,true,0,1024
45,1024,1,219,0,true,true,0,219
45,16384,0,1243,0,true,true,0,1243
46,1024,0,1024,0,false,true,1021,1024
46,1024,1,219,0,false,true,106,219
46,16384,0,1243,0,false,true,1240,1243
47,1024,0,1024,0,true,true,0,1024
47,1024,1,1024,0,true,true,0,1024
47,1024,2,1024,0,true,true,0,1024
47,1024,3,1024,0,true,true,0,1024
47,1024,4,1024,0,true,true,0,1024
47,1024,5,1024,0,true,true,0,1024
47,1024,6,1024,0,true,true,0,1024
47,1024,7,1024,0,true,true,0,1024
47,1024,8,1024,0,true,true,0,1024
47,1024,9,1024,0,true,true,0,1024
47,1024,10,80,0,true,true,0,80
47,16384,0,10320,0,true,true,0,10320
48,1024,0,1024,0,false,false,1004,1000
48,1024,1,1024,0,false,false,997,994
48,1024,2,1024,0,false,false,1016,1000
48,1024,3,1024,0,false,false,1001,1001
48,1024,4,1024,0,false,false,981,1001
48,1024,5,1024,0,false,false,971,985
48,1024,6,1024,0,false,false,937,1001
48,1024,7,1024,0,false,false,951,995
48,1024,8,1024,0,false,false,998,998
48,1024,9,1024,0,false,false,979,999
48,1024,10,80,0,false,true,55,80
48,16384,0,10320,0,false,false,10246,8089
49,1024,0,1024,0,true,true,0,1024
49,1024,1,1024,0,true,true,0,1024
49,1024,2,452,0,true,true,0,452
49,16384,0,2500,0,true,true,0,2500
50,1024,0,1024,0,false,false,1003,496
50,1024,1,1024,0,false,false,981,575
50,1024,2,452,0,false,false,430,189
50,16384,0,2500,0,false,false,2411,780
51,1024,0,1024,0,true,true,0,1024
51,1024,1,1024,0,true,true,0,1024
51,1024,2,114,0,true,true,0,114
51,16384,0,2162,0,true,true,0,2162
52,1024,0,1024,0,false,false,1006,506
52,1024,1,1024,0,false,false,953,409
52,1024,2,114,0,false,false,86,91
52,16384,0,2162,0,false,false,2144,655
53,1024,0,1024,0,true,true,0,1024
53,1024,1,1024,0,true,true,0,1024
53,1024,2,332,0,true,true,0,332
53,16384,0,2380,0,true,true,0,2380
54,1024,0,1024,0,false,false,1013,149
54,1024,1,1024,0,false,false,938,145
54,1024,2,332,0,false,false,302,100
54,16384,0,2380,0,false,false,2367,175
55,1024,0,1024,0,true,false,0,1023
55,1024,1,1024,0,true,true,0,1024
55,1024,2,452,0,true,true,0,452
55,16384,0,2500,0,true,false,0,2499
56,1024,0,1024,0,false,false,998,285
56,1024,1,1024,0,false,false,949,254
56,1024,2,452,0,false,false,430,239
56,16384,0,2500,0,false,false,2466,326
57,1024,0,1024,0,true,true,0,1024
57,1024,1,1024,0,true,true,0,1024
57,1024,2,452,0,true,true,0,452
57,16384,0,2500,0,true,true,0,2500
58,1024,0,1024,0,false,false,973,49
58,1024,1,1024,0,false,false,1001,51
58,1024,2,452,0,false,false,425,51
58,16384,0,2500,0,false,false,2414,59
59,1024,0,1024,0,true,true,0,1024
59,1024,1,103,0,true,true,0,103
59,16384,0,1127,0,true,true,0,1127
60,1024,0,1024,0,false,false,1006,59
60,1024,1,103,0,false,false,101,31
60,16384,0,1127,0,false,false,1111,64
61,1024,0,1024,0,true,false,0,1023
61,1024,1,1024,0,true,true,0,1024
61,1024,2,447,0,true,true,0,447
61,16384,0,2495,0,true,false,0,2494
62,1024,0,1024,0,false,false,923,34
62,1024,1,1024,0,false,false,1006,26
62,1024,2,447,0,false,false,396,44
62,16384,0,2495,0,false,false,2419,53
63,1024,0,1024,0,true,true,0,1024
63,1024,1,1024,0,true,true,0,1024
63,1024,2,1024,0,true,true,0,1024
63,1024,3,1024,0,true,true,0,1024
63,1024,4,1024,0,true,true,0,1024
63,1024,5,1024,0,true,true,0,1024
63,1024,6,1024,0,true,true,0,1024
63,1024,7,1024,0,true,true,0,1024
63,1024,8,1024,0,true,true,0,1024
63,1024,9,1024,0,true,true,0,1024
63,1024,10,1024,0,true,true,0,1024
63,1024,11,1024,0,true,true,0,1024
63,1024,12,1024,0,true,true,0,1024
63,1024,13,1024,0,true,true,0,1024
63,1024,14,1024,0,true,true,0,1024
63,1024,15,542,0,true,true,0,542
63,16384,0,15902,0,true,true,0,15902
64,1024,0,1024,0,false,false,1011,148
64,1024,1,1024,0,false,false,943,202
64,1024,2,1024,0,false,false,1014,146
64,1024,3,1024,0,false,false,995,312
64,1024,4,1024,0,false,false,909,187
64,1024,5,1024,0,false,false,989,159
64,1024,6,1024,0,false,false,854,120
64,1024,7,1024,0,false,false,973,143
64,1024,8,1024,0,false,false,1010,175
64,1024,9,1024,0,false,false,998,266
64,1024,10,1024,0,false,false,969,176
64,1024,11,1024,0,false,false,989,205
64,1024,12,1024,0,false,false,986,143
64,1024,13,1024,0,false,false,952,238
64,1024,14,1024,0,false,false,976,197
64,1024,15,542,0,false,false,491,176
64,16384,0,15902,0,false,false,15543,631
65,1024,0,1024,0,true,true,0,1024
65,1024,1,1024,0,true,true,0,1024
65,1024,2,1024,0,true,true,0,1024
65,1024,3,1024,0,true,true,0,1024
65,1024,4,1024,0,true,true,0,1024
65,1024,5,1024,0,true,true,0,1024
65,1024,6,1024,0,true,true,0,1024
65,1024,7,1024,0,true,true,0,1024
65,1024,8,1024,0,true,true,0,1024
65,1024,9,1024,0,true,true,0,1024
65,1024,10,1024,0,true,true,0,1024
65,1024,11,1024,0,true,true,0,1024
65,1024,12,1024,0,true,true,0,1024
65,1024,13,1024,0,true,true,0,1024
65,1024,14,1024,0,true,true,0,1024
65,1024,15,471,0,true,true,0,471
65,16384,0,15831,0,true,true,0,15831
66,1024,0,1024,0,false,false,1006,102
66,1024,1,1024,0,false,false,897,136
66,1024,2,1024,0,false,false,998,94
66,1024,3,1024,0,false,false,939,118
66,1024,4,1024,0,false,false,905,99
66,1024,5,1024,0,false,false,1008,103
66,1024,6,1024,0,false,false,901,106
66,1024,7,1024,0,false,false,1019,123
66,1024,8,1024,0,false,false,892,106
66,1024,9,1024,0,false,false,980,136
66,1024,10,1024,0,false,false,956,118
66,1024,11,1024,0,false,false,974,134
66,1024,12,1024,0,false,false,1016,97
66,1024,13,1024,0,false,false,950,100
66,1024,14,1024,0,false,false,1003,102
66,1024,15,471,0,false,false,354,98
66,16384,0,15831,0,false,false,15555,224
67,1024,0,1024,0,true,true,0,1024
67,1024,1,1024,0,true,true,0,1024
67,1024,2,1024,0,true,true,0,1024
67,1024,3,1024,0,true,true,0,1024
67,1024,4,1024,0,true,true,0,1024
67,1024,5,1024,0,true,true,0,1024
67,1024,6,1024,0,true,true,0,1024
67,1024,7,1024,0,true,true,0,1024
67,1024,8,1024,0,true,true,0,1024
67,1024,9,1024,0,true,true,0,1024
67,1024,10,1024,0,true,true,0,1024
67,1024,11,1024,0,true,true,0,1024
67,1024,12,1024,0,true,true,0,1024
67,1024,13,1024,0,true,true,0,1024
67,1024,14,1024,0,true,true,0,1024
67,1024,15,542,0,true,true,0,542
67,16384,0,15902,0,true,true,0,15902
68,1024,0,1024,0,false,false,1016,16
68,1024,1,1024,0,false,false,973,21
68,1024,2,1024,0,false,false,977,15
68,1024,3,1024,0,false,false,961,28
68,1024,4,1024,0,false,false,986,18
68,1024,5,1024,0,false,false,975,29
68,1024,6,1024,0,false,false,929,14
68,1024,7,1024,0,false,false,919,35
68,1024,8,1024,0,false,false,960,27
68,1024,9,1024,0,false,false,1006,24
68,1024,10,1024,0,false,false,991,18
68,1024,11,1024,0,false,false,1008,30
68,1024,12,1024,0,false,false,995,17
68,1024,13,1024,0,false,false,961,16
68,1024,14,1024,0,false,false,990,16
68,1024,15,542,0,false,false,513,19
68,16384,0,15902,0,false,false,15564,43
69,1024,0,1024,0,true,true,0,1024
69,1024,1,1024,0,true,true,0,1024
69,1024,2,1024,0,true,true,0,1024
69,1024,3,1024,0,true,true,0,1024
69,1024,4,1024,0,true,true,0,1024
69,1024,5,1024,0,true,true,0,1024
69,1024,6,1024,0,true,true,0,1024
69,1024,7,1024,0,true,true,0,1024
69,1024,8,1024,0,true,true,0,1024
69,1024,9,1024,0,true,true,0,1024
69,1024,10,1024,0,true,true,0,1024
69,1024,11,1024,0,true,true,0,1024
69,1024,12,1024,0,true,true,0,1024
69,1024,13,1024,0,true,true,0,1024
69,1024,14,1024,0,true,true,0,1024
69,1024,15,493,0,true,true,0,493
69,16384,0,15853,0,true,true,0,15853
70,1024,0,1024,0,false,false,994,7
70,1024,1,1024,0,false,false,930,12
70,1024,2,1024,0,false,false,981,6
70,1024,3,1024,0,false,false,952,6
70,1024,4,1024,0,false,false,947,5
70,1024,5,1024,0,false,false,979,10
70,1024,6,1024,0,false,false,977,8
70,1024,7,1024,0,false,false,966,15
70,1024,8,1024,0,false,false,997,10
70,1024,9,1024,0,false,false,988,8
70,1024,10,1024,0,false,false,954,9
70,1024,11,1024,0,false,false,983,8
70,1024,12,1024,0,false,false,970,7
70,1024,13,1024,0,false,false,886,9
70,1024,14,1024,0,false,false,1001,6
70,1024,15,493,0,false,false,418,7
70,16384,0,15853,0,false,false,15647,22
71,1024,0,1024,0,true,true,0,1024
71,1024,1,1024,0,true,true,0,1024
71,1024,2,1024,0,true,true,0,1024
71,1024,3,1024,0,true,true,0,1024
71,1024,4,1024,0,true,true,0,1024
71,1024,5,1024,0,true,true,0,1024
71,1024,6,1024,0,true,true,0,1024
71,1024,7,1024,0,true,true,0,1024
71,1024,8,1024,0,true,true,0,1024
71,1024,9,1024,0,true,true,0,1024
71,1024,10,1024,0,true,true,0,1024
71,1024,11,1024,0,true,true,0,1024
71,1024,12,1024,0,true,true,0,1024
71,1024,13,1024,0,true,true,0,1024
71,1024,14,1024,0,true,true,0,1024
71,1024,15,473,0,true,true,0,473
71,16384,0,15833,0,true,true,0,15833
72,1024,0,1024,0,false,false,980,101
72,1024,1,1024,0,false,false,955,63
72,1024,2,1024,0,false,false,973,51
72,1024,3,1024,0,false,false,1004,58
72,1024,4,1024,0,false,false,988,60
72,1024,5,1024,0,false,false,1018,73
72,1024,6,1024,0,false,false,906,62
72,1024,7,1024,0,false,false,978,91
72,1024,8,1024,0,false,false,956,65
72,1024,9,1024,0,false,false,1008,53
72,1024,10,1024,0,false,false,942,67
72,1024,11,1024,0,false,false,971,80
72,1024,12,1024,0,false,false,987,49
72,1024,13,1024,0,false,false,900,52
72,1024,14,1024,0,false,false,997,46
72,1024,15,473,0,false,false,388,78
72,16384,0,15833,0,false,false,15749,153
73,1024,0,1024,0,true,true,0,1024
73,1024,1,1024,0,true,true,0,1024
73,1024,2,1024,0,true,true,0,1024
73,1024,3,1024,0,true,true,0,1024
73,1024,4,1024,0,true,true,0,1024
73,1024,5,1024,0,true,true,0,1024
73,1024,6,1024,0,true,true,0,1024
73,1024,7,1024,0,true,true,0,1024
73,1024,8,1024,0,true,true,0,1024
73,1024,9,1024,0,true,true,0,1024
73,1024,10,1024,0,true,true,0,1024
73,1024,11,1024,0,true,true,0,1024
73,1024,12,1024,0,true,true,0,1024
73,1024,13,1024,0,true,true,0,1024
73,1024,14,1024,0,true,true,0,1024
73,1024,15,482,0,true,true,0,482
73,16384,0,15842,0,true,true,0,15842
74,1024,0,1024,0,false,false,982,78
74,1024,1,1024,0,false,false,957,75
74,1024,2,1024,0,false,false,996,63
74,1024,3,1024,0,false,false,970,58
74,1024,4,1024,0,false,false,911,93
74,1024,5,1024,0,false,false,1009,71
74,1024,6,1024,0,false,false,905,68
74,1024,7,1024,0,false,false,1005,80
74,1024,8,1024,0,false,false,941,80
74,1024,9,1024,0,false,false,991,111
74,1024,10,1024,0,false,false,919,71
74,1024,11,1024,0,false,false,1009,56
74,1024,12,1024,0,false,false,971,50
74,1024,13,1024,0,false,false,961,71
74,1024,14,1024,0,false,false,1005,51
74,1024,15,482,0,false,false,348,89
74,16384,0,15842,0,false,false,15755,171
75,1024,0,1024,0,true,true,0,1024
75,1024,1,1024,0,true,true,0,1024
75,1024,2,1024,0,true,true,0,1024
75,1024,3,1024,0,true,true,0,1024
75,1024,4,1024,0,true,true,0,1024
75,1024,5,1024,0,true,true,0,1024
75,1024,6,1024,0,true,true,0,1024
75,1024,7,1024,0,true,true,0,1024
75,1024,8,1024,0,true,true,0,1024
75,1024,9,1024,0,true,true,0,1024
75,1024,10,1024,0,true,true,0,1024
75,1024,11,1024,0,true,true,0,1024
75,1024,12,1024,0,true,true,0,1024
75,1024,13,1024,0,true,true,0,1024
75,1024,14,1024,0,true,true,0,1024
75,1024,15,533,0,true,true,0,533
75,16384,0,15893,0,true,true,0,15893
76,1024,0,1024,0,false,false,1015,18
76,1024,1,1024,0,false,false,992,25
76,1024,2,1024,0,false,false,997,17
76,1024,3,1024,0,false,false,979,23
76,1024,4,1024,0,false,false,972,23
76,1024,5,1024,0,false,false,1011,30
76,1024,6,1024,0,false,false,948,20
76,1024,7,1024,0,false,false,982,27
76,1024,8,1024,0,false,false,954,19
76,1024,9,1024,0,false,false,951,36
76,1024,10,1024,0,false,false,1006,36
76,1024,11,1024,0,false,false,944,26
76,1024,12,1024,0,false,false,997,30
76,1024,13,1024,0,false,false,955,38
76,1024,14,1024,0,false,false,931,41
76,1024,15,533,0,false,false,498,33
76,16384,0,15893,0,false,false,15783,69
77,1024,0,1024,0,true,true,0,1024
77,1024,1,1024,0,true,true,0,1024
77,1024,2,1024,0,true,true,0,1024
77,1024,3,1024,0,true,true,0,1024
77,1024,4,1024,0,true,true,0,1024
77,1024,5,1024,0,true,true,0,1024
77,1024,6,1024,0,true,true,0,1024
77,1024,7,1024,0,true,true,0,1024
77,1024,8,1024,0,true,true,0,1024
77,1024,9,1024,0,true,true,0,1024
77,1024,10,1024,0,true,true,0,1024
77,1024,11,1024,0,true,true,0,1024
77,1024,12,1024,0,true,true,0,1024
77,1024,13,1024,0,true,true,0,1024
77,1024,14,1024,0,true,true,0,1024
77,1024,15,491,0,true,true,0,491
77,16384,0,15851,0,true,true,0,15851
78,1024,0,1024,0,false,false,997,40
78,1024,1,1024,0,false,false,927,44
78,1024,2,1024,0,false,false,1010,31
78,1024,3,1024,0,false,false,975,55
78,1024,4,1024,0,false,false,965,57
78,1024,5,1024,0,false,false,979,50
78,1024,6,1024,0,false,false,934,98
78,1024,7,1024,0,false,false,979,76
78,1024,8,1024,0,false,false,993,65
78,1024,9,1024,0,false,false,994,62
78,1024,10,1024,0,false,false,928,41
78,1024,11,1024,0,false,false,941,65
78,1024,12,1024,0,false,false,966,50
78,1024,13,1024,0,false,false,932,51
78,1024,14,1024,0,false,false,976,51
78,1024,15,491,0,false,false,407,52
78,16384,0,15851,0,false,false,15640,162
79,1024,0,1024,0,true,true,0,1024
79,1024,1,1024,0,true,true,0,1024
79,1024,2,1024,0,true,true,0,1024
79,1024,3,1024,0,true,true,0,1024
79,1024,4,1024,0,true,true,0,1024
79,1024,5,1024,0,true,true,0,1024
79,1024,6,1024,0,true,true,0,1024
79,1024,7,1024,0,true,true,0,1024
79,1024,8,1024,0,true,true,0,1024
79,1024,9,1024,0,true,true,0,1024
79,1024,10,1024,0,true,true,0,1024
79,1024,11,1024,0,true,true,0,1024
79,1024,12,1024,0,true,true,0,1024
79,1024,13,1024,0,true,true,0,1024
79,1024,14,1024,0,true,true,0,1024
79,1024,15,498,0,true,true,0,498
79,16384,0,15858,0,true,true,0,15858
80,1024,0,1024,0,false,false,1020,9
80,1024,1,1024,0,false,false,919,13
80,1024,2,1024,0,false,false,994,10
80,1024,3,1024,0,false,false,988,10
80,1024,4,1024,0,false,false,928,14
80,1024,5,1024,0,false,false,983,10
80,1024,6,1024,0,false,false,972,12
80,1024,7,1024,0,false,false,1005,10
80,1024,8,1024,0,false,false,943,9
80,1024,9,1024,0,false,false,914,13
80,1024,10,1024,0,false,false,988,11
80,1024,11,1024,0,false,false,933,12
80,1024,12,1024,0,false,false,1007,9
80,1024,13,1024,0,false,false,892,13
80,1024,14,1024,0,false,false,999,9
80,1024,15,498,0,false,false,416,11
80,16384,0,15858,0,false,false,15854,21
81,1024,0,1024,0,true,true,0,1024
81,1024,1,1024,0,true,true,0,1024
81,1024,2,1024,0,true,true,0,1024
81,1024,3,1024,0,true,true,0,1024
81,1024,4,1024,0,true,true,0,1024
81,1024,5,1024,0,true,true,0,1024
81,1024,6,1024,0,true,true,0,1024
81,1024,7,1024,0,true,true,0,1024
81,1024,8,1024,0,true,true,0,1024
81,1024,9,1024,0,true,true,0,1024
81,1024,10,1024,0,true,true,0,1024
81,1024,11,1024,0,true,true,0,1024
81,1024,12,1024,0,true,true,0,1024
81,1024,13,1024,0,true,true,0,1024
81,1024,14,1024,0,true,true,0,1024
81,1024,15,506,0,true,true,0,506
81,16384,0,15866,0,true,true,0,15866
82,1024,0,1024,0,false,false,993,13
82,1024,1,1024,0,false,false,801,87
82,1024,2,1024,0,false,false,977,63
82,1024,3,1024,0,false,false,935,77
82,1024,4,1024,0,false,false,937,61
82,1024,5,1024,0,false,false,930,26
82,1024,6,1024,0,false,false,926,15
82,1024,7,1024,0,false,false,893,44
82,1024,8,1024,0,false,false,822,32
82,1024,9,1024,0,false,false,932,45
82,1024,10,1024,0,false,false,983,36
82,1024,11,1024,0,false,false,990,26
82,1024,12,1024,0,false,false,998,18
82,1024,13,1024,0,false,false,975,40
82,1024,14,1024,0,false,false,994,47
82,1024,15,506,0,false,false,417,12
82,16384,0,15866,0,false,false,14949,188
83,1024,0,1024,0,false,false,1003,9
83,1024,1,1024,0,false,false,983,9
83,1024,2,1024,0,false,false,964,8
83,1024,3,1024,0,false,false,963,8
83,1024,4,1024,0,false,false,948,7
83,1024,5,1024,0,false,false,969,7
83,1024,6,1024,0,false,false,950,8
83,1024,7,1024,0,false,false,955,8
83,1024,8,1024,0,false,false,969,8
83,1024,9,1024,0,false,false,938,9
83,1024,10,1024,0,false,false,1020,9
83,1024,11,1024,0,false,false,957,9
83,1024,12,1024,0,false,false,994,5
83,1024,13,1024,0,false,false,1002,9
83,1024,14,1024,0,false,false,977,9
83,1024,15,1024,0,false,false,987,8
83,1024,16,1024,0,false,false,1003,7
83,1024,17,1024,0,false,false,974,8
83,1024,18,1024,0,false,false,971,8
83,1024,19,1024,0,false,false,961,8
83,1024,20,1024,0,false,false,961,9
83,1024,21,1024,0,false,false,925,10
83,1024,22,1024,0,false,false,973,9
83,1024,23,1024,0,false,false,1005,11
83,1024,24,1024,0,false,false,979,11
83,1024,25,1024,0,false,false,970,9
83,1024,26,1024,0,false,false,1011,9
83,1024,27,1024,0,false,false,956,7
83,1024,28,1024,0,false,false,983,8
83,1024,29,1024,0,false,false,1007,9
83,1024,30,1024,0,false,false,990,9
83,1024,31,1024,0,false,false,1001,7
83,1024,32,1024,0,false,false,921,4
83,1024,33,1024,0,false,false,996,4
83,1024,34,1024,0,false,false,938,6
83,1024,35,1024,0,false,false,847,10
83,1024,36,1024,0,false,false,960,9
83,1024,37,1024,0,false,false,960,9
83,1024,38,1024,0,false,false,970,8
83,1024,39,1024,0,false,false,954,7
83,1024,40,1024,0,false,false,1021,8
83,1024,41,1024,0,false,false,972,8
83,1024,42,1024,0,false,false,983,9
83,1024,43,1024,0,false,false,993,6
83,1024,44,1024,0,false,false,811,9
83,1024,45,1024,0,false,false,986,8
83,1024,46,1024,0,false,false,965,8
83,1024,47,1024,0,false,false,920,8
83,1024,48,1024,0,false,false,963,9
83,1024,49,1024,0,false,false,1000,9
83,1024,50,1024,0,false,false,964,8
83,1024,51,1024,0,false,false,1013,8
83,1024,52,1024,0,false,false,934,8
83,1024,53,1024,0,false,false,997,5
83,1024,54,1024,0,false,false,950,6
83,1024,55,1024,0,false,false,819,6
83,1024,56,1024,0,false,false,961,9
83,1024,57,1024,0,false,false,955,9
83,1024,58,1024,0,false,false,953,9
83,1024,59,1024,0,false,false,863,8
83,1024,60,1024,0,false,false,1023,6
83,1024,61,1024,0,false,false,939,8
83,1024,62,1024,0,false,false,993,8
83,1024,63,1024,0,false,false,934,7
83,16384,0,16384,0,false,false,16194,9
83,16384,1,16384,0,false,false,16072,11
83,16384,2,16384,0,false,false,15243,10
83,16384,3,16384,0,false,false,15618,9
84,1024,0,1024,0,false,false,1017,1021
84,1024,1,1024,0,false,true,987,1024
84,1024,2,1024,0,false,true,993,1024
84,1024,3,1024,0,false,true,969,1024
84,1024,4,1024,0,false,true,962,1024
84,1024,5,1024,0,false,true,986,1024
84,1024,6,1024,0,false,true,956,1024
84,1024,7,1024,0,false,false,1005,1023
84,1024,8,1024,0,false,true,1011,1024
84,1024,9,1024,0,false,true,941,1024
84,1024,10,1024,0,false,true,1020,1024
84,1024,11,1024,0,false,true,995,1024
84,1024,12,1024,0,false,true,1008,1024
84,1024,13,1024,0,false,true,1021,1024
84,1024,14,1024,0,false,true,1011,1024
84,1024,15,1024,0,false,false,988,1023
84,1024,16,1024,0,false,true,1009,1024
84,1024,17,1024,0,false,true,1008,1024
84,1024,18,1024,0,false,false,981,1023
84,1024,19,1024,0,false,true,999,1024
84,1024,20,1024,0,false,false,979,1023
84,1024,21,1024,0,false,true,934,1024
84,1024,22,1024,0,false,true,1007,1024
84,1024,23,1024,0,false,true,1007,1024
84,1024,24,1024,0,false,true,980,1024
84,1024,25,1024,0,false,false,974,1023
84,1024,26,1024,0,false,true,1020,1024
84,1024,27,1024,0,false,false,959,1023
84,1024,28,1024,0,false,false,988,1023
84,1024,29,1024,0,false,true,1007,1024
84,1024,30,1024,0,false,true,997,1024
84,1024,31,1024,0,false,false,1001,1023
84,1024,32,1024,0,false,true,985,1024
84,1024,33,1024,0,false,false,1019,1023
84,1024,34,1024,0,false,true,989,1024
84,1024,35,1024,0,false,true,887,1024
84,1024,36,1024,0,false,true,962,1024
84,1024,37,1024,0,false,false,961,1022
84,1024,38,1024,0,false,true,1018,1024
84,1024,39,1024,0,false,false,989,1023
84,1024,40,1024,0,false,false,1021,1022
84,1024,41,1024,0,false,true,985,1024
84,1024,42,1024,0,false,true,1014,1024
84,1024,43,1024,0,false,true,1013,1024
84,1024,44,1024,0,false,true,913,1024
84,1024,45,1024,0,false,true,992,1024
84,1024,46,1024,0,false,true,987,1024
84,1024,47,1024,0,false,false,947,1023
84,1024,48,1024,0,false,true,974,1024
84,1024,49,1024,0,false,false,1004,1023
84,1024,50,1024,0,false,true,981,1024
84,1024,51,1024,0,false,true,1017,1024
84,1024,52,1024,0,false,true,937,1024
84,1024,53,1024,0,false,true,998,1024
84,1024,54,1024,0,false,true,1013,1024
84,1024,55,1024,0,false,true,909,1024
84,1024,56,1024,0,false,true,976,1024
84,1024,57,1024,0,false,true,973,1024
84,1024,58,1024,0,false,true,1018,1024
84,1024,59,1024,0,false,true,975,1024
84,1024,60,1024,0,false,true,1023,1024
84,1024,61,1024,0,false,true,973,1024
84,1024,62,1024,0,false,false,1021,1023
84,1024,63,1024,0,false,true,990,1024
84,16384,0,16384,0,false,false,16306,16351
84,16384,1,16384,0,false,false,16273,16352
84,16384,2,16384,0,false,false,15737,16332
84,16384,3,16384,0,false,false,15756,16359
85,1024,0,1024,0,true,false,0,1
85,1024,1,1024,0,false,false,382,2
85,1024,2,1024,0,true,false,0,1
85,1024,3,1024,0,false,false,774,2
85,1024,4,1024,0,true,false,0,2
85,1024,5,1024,0,true,false,0,2
85,1024,6,1024,0,false,false,1021,2
85,1024,7,1024,0,true,false,0,1
85,1024,8,1024,0,true,false,0,2
85,1024,9,1024,0,false,false,1011,2
85,1024,10,1024,0,true,false,0,2
85,1024,11,1024,0,true,false,0,1
85,1024,12,1024,0,true,false,0,1
85,1024,13,1024,0,false,false,514,2
85,1024,14,1024,0,true,false,0,1
85,1024,15,1024,0,true,false,0,1
85,1024,16,1024,0,true,false,0,2
85,1024,17,1024,0,true,false,0,1
85,1024,18,1024,0,true,false,0,1
85,1024,19,1024,0,false,false,527,2
85,1024,20,1024,0,true,false,0,1
85,1024,21,1024,0,true,false,0,1
85,1024,22,1024,0,false,false,367,3
85,1024,23,1024,0,true,false,0,1
85,1024,24,1024,0,true,false,0,1
85,1024,25,1024,0,true,false,0,1
85,1024,26,1024,0,true,false,0,2
85,1024,27,1024,0,true,false,0,1
85,1024,28,1024,0,false,false,524,2
85,1024,29,1024,0,true,false,0,1
85,1024,30,1024,0,true,false,0,2
85,1024,31,1024,0,true,false,0,1
85,1024,32,1024,0,true,false,0,2
85,1024,33,1024,0,true,false,0,1
85,1024,34,1024,0,false,false,896,3
85,1024,35,1024,0,true,false,0,1
85,1024,36,1024,0,true,false,0,2
85,1024,37,1024,0,true,false,0,1
85,1024,38,1024,0,true,false,0,1
85,1024,39,1024,0,true,false,0,1
85,1024,40,1024,0,false,false,559,2
85,1024,41,1024,0,true,false,0,1
85,1024,42,1024,0,true,false,0,2
85,1024,43,1024,0,true,false,0,1
85,1024,44,1024,0,false,false,827,2
85,1024,45,1024,0,true,false,0,1
85,1024,46,1024,0,false,false,353,3
85,1024,47,1024,0,true,false,0,1
85,1024,48,1024,0,true,false,0,1
85,1024,49,1024,0,true,false,0,1
85,1024,50,1024,0,true,false,0,1
85,1024,51,1024,0,true,false,0,1
85,1024,52,1024,0,true,false,0,1
85,1024,53,1024,0,true,false,0,1
85,1024,54,1024,0,true,false,0,2
85,1024,55,1024,0,true,false,0,1
85,1024,56,1024,0,false,false,836,2
85,1024,57,1024,0,true,false,0,1
85,1024,58,1024,0,true,false,0,2
85,1024,59,1024,0,true,false,0,1
85,1024,60,1024,0,true,false,0,2
85,1024,61,1024,0,true,false,0,1
85,1024,62,1024,0,false,false,827,2
85,1024,63,1024,0,true,false,0,1
85,16384,0,16384,0,false,false,8087,3
85,16384,1,16384,0,false,false,10723,3
85,16384,2,16384,0,false,false,11039,4
85,16384,3,16384,0,false,false,13561,4
86,1024,0,1024,0,true,false,0,1
86,1024,1,1024,0,false,false,511,2
86,1024,2,1024,0,true,false,0,1
86,1024,3,1024,0,true,false,0,2
86,1024,4,1024,0,false,false,514,2
86,1024,5,1024,0,true,false,0,1
86,1024,6,1024,0,true,false,0,1
86,1024,7,1024,0,true,false,0,1
86,1024,8,1024,0,true,false,0,1
86,1024,9,1024,0,true,false,0,2
86,1024,10,1024,0,false,false,516,2
86,1024,11,1024,0,true,false,0,1
86,1024,12,1024,0,true,false,0,1
86,1024,13,1024,0,true,false,0,1
86,1024,14,1024,0,true,false,0,1
86,1024,15,1024,0,true,false,0,1
86,1024,16,1024,0,true,false,0,1
86,1024,17,1024,0,true,false,0,1
86,1024,18,1024,0,true,false,0,1
86,1024,19,1024,0,true,false,0,2
86,1024,20,1024,0,true,false,0,1
86,1024,21,1024,0,true,false,0,1
86,1024,22,1024,0,false,false,514,2
86,1024,23,1024,0,true,false,0,1
86,1024,24,1024,0,true,false,0,1
86,1024,25,1024,0,true,false,0,1
86,1024,26,1024,0,true,false,0,1
86,1024,27,1024,0,true,false,0,1
86,1024,28,1024,0,true,false,0,2
86,1024,29,1024,0,true,false,0,2
86,1024,30,1024,0,false,false,774,3
86,1024,31,1024,0,true,false,0,1
86,1024,32,1024,0,true,false,0,1
86,1024,33,1024,0,true,false,0,1
86,1024,34,1024,0,true,false,0,1
86,1024,35,1024,0,true,false,0,1
86,1024,36,1024,0,true,false,0,1
86,1024,37,1024,0,true,false,0,1
86,1024,38,1024,0,true,false,0,1
86,1024,39,1024,0,true,false,0,1
86,1024,40,1024,0,true,false,0,1
86,1024,41,1024,0,true,false,0,1
86,1024,42,1024,0,true,false,0,1
86,1024,43,1024,0,true,false,0,1
86,1024,44,1024,0,true,false,0,1
86,1024,45,1024,0,true,false,0,1
86,1024,46,1024,0,true,false,0,1
86,1024,47,1024,0,true,false,0,1
86,1024,48,1024,0,true,false,0,1
86,1024,49,1024,0,true,false,0,1
86,1024,50,1024,0,true,false,0,1
86,1024,51,1024,0,true,false,0,1
86,1024,52,1024,0,true,false,0,1
86,1024,53,1024,0,true,false,0,1
86,1024,54,1024,0,true,false,0,1
86,1024,55,1024,0,true,false,0,1
86,1024,56,1024,0,true,false,0,1
86,1024,57,1024,0,true,false,0,1
86,1024,58,1024,0,true,false,0,1
86,1024,59,1024,0,true,false,0,1
86,1024,60,1024,0,true,false,0,1
86,1024,61,1024,0,true,false,0,1
86,1024,62,1024,0,true,false,0,1
86,1024,63,1024,0,true,false,0,1
86,16384,0,16384,0,false,false,12568,2
86,16384,1,16384,0,false,false,7432,4
86,16384,2,16384,0,true,false,0,1
86,16384,3,16384,0,true,false,0,1
87,1024,0,1024,0,false,false,730,118
87,1024,1,1024,0,false,false,775,117
87,1024,2,1024,0,false,false,914,109
87,1024,3,1024,0,false,false,905,134
87,1024,4,1024,0,false,false,898,117
87,1024,5,1024,0,false,false,606,79
87,1024,6,1024,0,false,false,906,122
87,1024,7,1024,0,false,false,922,111
87,1024,8,1024,0,false,false,610,106
87,1024,9,1024,0,false,false,937,124
87,1024,10,1024,0,false,false,902,105
87,1024,11,1024,0,false,false,543,83
87,1024,12,1024,0,false,false,718,87
87,1024,13,1024,0,false,false,887,100
87,1024,14,1024,0,false,false,830,119
87,1024,15,1024,0,false,false,805,119
87,1024,16,1024,0,false,false,645,107
87,1024,17,1024,0,false,false,559,83
87,1024,18,1024,0,false,false,827,85
87,1024,19,1024,0,false,false,883,105
87,1024,20,1024,0,false,false,829,195
87,1024,21,1024,0,false,false,983,170
87,1024,22,1024,0,false,false,709,99
87,1024,23,1024,0,false,false,992,71
87,1024,24,1024,0,false,false,964,126
87,1024,25,1024,0,false,false,833,96
87,1024,26,1024,0,false,false,796,138
87,1024,27,1024,0,false,false,1016,85
87,1024,28,1024,0,false,false,266,90
87,1024,29,1024,0,false,false,989,178
87,1024,30,1024,0,false,false,969,363
87,1024,31,1024,0,false,false,986,70
87,1024,32,1024,0,false,false,789,93
87,1024,33,1024,0,false,false,1002,203
87,1024,34,1024,0,false,false,977,193
87,1024,35,1024,0,false,false,551,110
87,1024,36,1024,0,false,false,893,158
87,1024,37,1024,0,false,false,949,201
87,1024,38,1024,0,false,false,564,191
87,1024,39,1024,0,false,false,940,185
87,1024,40,1024,0,false,false,917,142
87,1024,41,1024,0,false,false,1011,113
87,1024,42,1024,0,false,false,827,163
87,1024,43,1024,0,false,false,876,110
87,1024,44,1024,0,false,false,645,118
87,1024,45,1024,0,false,false,769,132
87,1024,46,1024,0,false,false,888,114
87,1024,47,1024,0,false,false,604,180
87,1024,48,1024,0,false,false,940,157
87,1024,49,1024,0,false,false,941,210
87,1024,50,1024,0,false,false,680,191
87,1024,51,1024,0,false,false,918,204
87,1024,52,1024,0,false,false,738,179
87,1024,53,1024,0,false,false,873,251
87,1024,54,1024,0,false,false,618,231
87,1024,55,1024,0,false,false,565,89
87,1024,56,1024,0,false,false,779,97
87,1024,57,1024,0,false,false,670,84
87,1024,58,1024,0,false,false,832,233
87,1024,59,1024,0,false,false,554,162
87,1024,60,1024,0,false,false,804,237
87,1024,61,1024,0,false,false,978,91
87,1024,62,1024,0,false,false,601,101
87,1024,63,1024,0,false,false,876,83
87,16384,0,16384,0,false,false,14342,1639
87,16384,1,16384,0,false,false,15670,2045
87,16384,2,16384,0,false,false,15591,2393
87,16384,3,16384,0,false,false,16272,2577
88,1024,0,1024,0,false,false,1015,47
88,1024,1,1024,0,false,false,950,47
88,1024,2,1024,0,false,false,1022,39
88,1024,3,1024,0,false,false,975,49
88,1024,4,1024,0,false,false,1016,73
88,1024,5,1024,0,false,false,1007,44
88,1024,6,1024,0,false,false,1010,45
88,1024,7,1024,0,false,false,996,43
88,1024,8,1024,0,false,false,938,47
88,1024,9,1024,0,false,false,920,88
88,1024,10,1024,0,false,false,975,62
88,1024,11,1024,0,false,false,1005,52
88,1024,12,1024,0,false,false,961,43
88,1024,13,1024,0,false,false,1018,38
88,1024,14,1024,0,false,false,974,44
88,1024,15,1024,0,false,false,975,39
88,1024,16,1024,0,false,false,958,34
88,1024,17,1024,0,false,false,952,48
88,1024,18,1024,0,false,false,1015,43
88,1024,19,1024,0,false,false,1005,58
88,1024,20,1024,0,false,false,996,71
88,1024,21,1024,0,false,false,1007,62
88,1024,22,1024,0,false,false,977,49
88,1024,23,1024,0,false,false,992,44
88,1024,24,1024,0,false,false,1001,25
88,1024,25,1024,0,false,false,933,23
88,1024,26,1024,0,false,false,988,27
88,1024,27,1024,0,false,false,967,36
88,1024,28,1024,0,false,false,991,52
88,1024,29,1024,0,false,false,946,90
88,1024,30,1024,0,false,false,975,65
88,1024,31,1024,0,false,false,958,41
88,1024,32,1024,0,false,false,1002,34
88,1024,33,1024,0,false,false,949,39
88,1024,34,1024,0,false,false,977,40
88,1024,35,1024,0,false,false,989,35
88,1024,36,1024,0,false,false,1015,51
88,1024,37,1024,0,false,false,991,27
88,1024,38,1024,0,false,false,985,34
88,1024,39,1024,0,false,false,1013,36
88,1024,40,1024,0,false,false,1013,32
88,1024,41,1024,0,false,false,988,41
88,1024,42,1024,0,false,false,932,37
88,1024,43,1024,0,false,false,967,39
88,1024,44,1024,0,false,false,1000,41
88,1024,45,1024,0,false,false,946,20
88,1024,46,1024,0,false,false,953,34
88,1024,47,1024,0,false,false,984,34
88,1024,48,1024,0,false,false,982,35
88,1024,49,1024,0,false,false,1000,32
88,1024,50,1024,0,false,false,978,39
88,1024,51,1024,0,false,false,968,32
88,1024,52,1024,0,false,false,1015,32
88,1024,53,1024,0,false,false,998,26
88,1024,54,1024,0,false,false,1004,30
88,1024,55,1024,0,false,false,969,26
88,1024,56,1024,0,false,false,997,33
88,1024,57,1024,0,false,false,949,38
88,1024,58,1024,0,false,false,997,36
88,1024,59,1024,0,false,false,949,35
88,1024,60,1024,0,false,false,956,26
88,1024,61,1024,0,false,false,984,45
88,1024,62,1024,0,false,false,976,26
88,1024,63,1024,0,false,false,998,38
88,16384,0,16384,0,false,false,16233,135
88,16384,1,16384,0,false,false,16068,135
88,16384,2,16384,0,false,false,16097,69
88,16384,3,16384,0,false,false,16295,62
89,1024,0,1024,0,false,false,907,15
89,1024,1,1024,0,false,false,1014,13
89,1024,2,1024,0,false,false,954,11
89,1024,3,1024,0,false,false,891,24
89,1024,4,1024,0,false,false,934,9
89,1024,5,1024,0,false,false,925,11
89,1024,6,1024,0,false,false,1002,9
89,1024,7,1024,0,false,false,834,8
89,1024,8,1024,0,false,false,985,25
89,1024,9,1024,0,false,false,885,10
89,1024,10,1024,0,false,false,990,9
89,1024,11,1024,0,false,false,810,20
89,1024,12,1024,0,false,false,985,17
89,1024,13,1024,0,false,false,943,14
89,1024,14,1024,0,false,false,984,19
89,1024,15,1024,0,false,false,734,23
89,1024,16,1024,0,false,false,974,21
89,1024,17,1024,0,false,false,972,15
89,1024,18,1024,0,false,false,930,17
89,1024,19,1024,0,false,false,804,25
89,1024,20,1024,0,false,false,1012,20
89,1024,21,1024,0,false,false,993,28
89,1024,22,1024,0,false,false,866,9
89,1024,23,1024,0,false,false,989,5
89,1024,24,1024,0,false,false,830,10
89,1024,25,1024,0,false,false,1010,12
89,1024,26,1024,0,false,false,890,13
89,1024,27,1024,0,false,false,991,11
89,1024,28,1024,0,false,false,996,21
89,1024,29,1024,0,false,false,756,30
89,1024,30,1024,0,false,false,979,8
89,1024,31,1024,0,false,false,729,9
89,1024,32,1024,0,false,false,808,10
89,1024,33,1024,0,false,false,994,38
89,1024,34,1024,0,false,false,999,22
89,1024,35,1024,0,false,false,740,9
89,1024,36,1024,0,false,false,944,13
89,1024,37,1024,0,false,false,888,20
89,1024,38,1024,0,false,false,1006,23
89,1024,39,1024,0,false,false,1004,13
89,1024,40,1024,0,false,false,931,23
89,1024,41,1024,0,false,false,990,22
89,1024,42,1024,0,false,false,857,22
89,1024,43,1024,0,false,false,776,24
89,1024,44,1024,0,false,false,983,21
89,1024,45,1024,0,false,false,955,15
89,1024,46,1024,0,false,false,951,19
89,1024,47,1024,0,false,false,972,10
89,1024,48,1024,0,false,false,953,12
89,1024,49,1024,0,false,false,488,13
89,1024,50,1024,0,false,false,914,18
89,1024,51,1024,0,false,false,1016,19
89,1024,52,1024,0,false,false,980,20
89,1024,53,1024,0,false,false,919,13
89,1024,54,1024,0,false,false,985,27
89,1024,55,1024,0,false,false,918,55
89,1024,56,1024,0,false,false,1017,33
89,1024,57,1024,0,false,false,866,5
89,1024,58,1024,0,false,false,945,18
89,1024,59,1024,0,false,false,968,18
89,1024,60,1024,0,false,false,1011,17
89,1024,61,1024,0,false,false,651,32
89,1024,62,1024,0,false,false,973,29
89,1024,63,1024,0,false,false,1001,19
89,16384,0,16384,0,false,false,16240,129
89,16384,1,16384,0,false,false,16235,150
89,16384,2,16384,0,false,false,15914,158
89,16384,3,16384,0,false,false,16106,171
90,1024,0,1024,0,false,false,907,7
90,1024,1,1024,0,false,false,1007,5
90,1024,2,1024,0,false,false,950,4
90,1024,3,1024,0,false,false,888,9
90,1024,4,1024,0,false,false,933,5
90,1024,5,1024,0,false,false,925,5
90,1024,6,1024,0,false,false,999,4
90,1024,7,1024,0,false,false,833,5
90,1024,8,1024,0,false,false,981,7
90,1024,9,1024,0,false,false,886,8
90,1024,10,1024,0,false,false,991,6
90,1024,11,1024,0,false,false,805,10
90,1024,12,1024,0,false,false,990,9
90,1024,13,1024,0,false,false,942,6
90,1024,14,1024,0,false,false,968,7
90,1024,15,1024,0,false,false,720,6
90,1024,16,1024,0,false,false,980,4
90,1024,17,1024,0,false,false,959,7
90,1024,18,1024,0,false,false,930,5
90,1024,19,1024,0,false,false,808,11
90,1024,20,1024,0,false,false,1013,15
90,1024,21,1024,0,false,false,1000,19
90,1024,22,1024,0,false,false,867,6
90,1024,23,1024,0,false,false,986,2
90,1024,24,1024,0,false,false,829,5
90,1024,25,1024,0,false,false,1000,3
90,1024,26,1024,0,false,false,890,5
90,1024,27,1024,0,false,false,992,4
90,1024,28,1024,0,false,false,988,7
90,1024,29,1024,0,false,false,758,19
90,1024,30,1024,0,false,false,979,6
90,1024,31,1024,0,false,false,727,5
90,1024,32,1024,0,false,false,805,5
90,1024,33,1024,0,false,false,986,9
90,1024,34,1024,0,false,false,998,8
90,1024,35,1024,0,false,false,740,5
90,1024,36,1024,0,false,false,941,4
90,1024,37,1024,0,false,false,888,10
90,1024,38,1024,0,false,false,1008,11
90,1024,39,1024,0,false,false,1001,9
90,1024,40,1024,0,false,false,930,7
90,1024,41,1024,0,false,false,980,7
90,1024,42,1024,0,false,false,853,8
90,1024,43,1024,0,false,false,784,8
90,1024,44,1024,0,false,false,983,6
90,1024,45,1024,0,false,false,958,4
90,1024,46,1024,0,false,false,943,7
90,1024,47,1024,0,false,false,969,6
90,1024,48,1024,0,false,false,953,8
90,1024,49,1024,0,false,false,488,8
90,1024,50,1024,0,false,false,915,9
90,1024,51,1024,0,false,false,1016,11
90,1024,52,1024,0,false,false,980,9
90,1024,53,1024,0,false,false,919,5
90,1024,54,1024,0,false,false,978,8
90,1024,55,1024,0,false,false,904,14
90,1024,56,1024,0,false,false,1018,8
90,1024,57,1024,0,false,false,865,3
90,1024,58,1024,0,false,false,944,8
90,1024,59,1024,0,false,false,968,9
90,1024,60,1024,0,false,false,1010,9
90,1024,61,1024,0,false,false,664,9
90,1024,62,1024,0,false,false,947,6
90,1024,63,1024,0,false,false,998,5
90,16384,0,16384,0,false,false,16230,23
90,16384,1,16384,0,false,false,16237,35
90,16384,2,16384,0,false,false,15920,19
90,16384,3,16384,0,false,false,16125,24
91,1024,0,1024,1,false,false,1004,188
91,1024,1,1024,0,false,false,949,213
91,1024,2,1024,0,false,false,971,245
91,1024,3,1024,0,false,false,1009,251
91,1024,4,1024,0,false,false,949,218
91,1024,5,1024,0,false,false,886,239
91,1024,6,1024,0,false,false,992,250
91,1024,7,1024,0,false,false,1008,280
91,1024,8,1024,0,false,false,1010,193
91,1024,9,1024,0,false,false,989,266
91,1024,10,1024,0,false,false,981,274
91,1024,11,1024,0,false,false,982,275
91,1024,12,1024,0,false,false,989,293
91,1024,13,1024,0,false,false,992,195
91,1024,14,1024,0,false,false,941,267
91,1024,15,1024,0,false,false,914,250
91,1024,16,1024,0,false,false,994,252
91,1024,17,1024,0,false,false,991,329
91,1024,18,1024,0,false,false,992,279
91,1024,19,1024,0,false,false,996,259
91,1024,20,1024,0,false,false,1013,236
91,1024,21,1024,0,false,false,967,197
91,1024,22,1024,0,false,false,972,199
91,1024,23,1024,0,false,false,860,254
91,1024,24,1024,0,false,false,1000,350
91,1024,25,1024,0,false,false,892,242
91,1024,26,1024,0,false,false,934,196
91,1024,27,1024,0,false,false,1015,225
91,1024,28,1024,0,false,false,998,110
91,1024,29,1024,0,false,false,961,137
91,1024,30,1024,0,false,false,1004,238
91,1024,31,1024,0,false,false,989,370
91,1024,32,1024,0,false,false,969,305
91,1024,33,1024,0,false,false,984,183
91,1024,34,1024,0,false,false,1007,221
91,1024,35,1024,0,false,false,948,156
91,1024,36,1024,0,false,false,1009,121
91,1024,37,1024,0,false,false,995,132
91,1024,38,1024,0,false,false,980,202
91,1024,39,1024,0,false,false,1012,321
91,1024,40,1024,0,false,false,934,194
91,1024,41,1024,0,false,false,995,187
91,1024,42,1024,0,false,false,943,253
91,1024,43,1024,0,false,false,983,355
91,1024,44,1024,0,false,false,995,267
91,1024,45,1024,0,false,false,1017,220
91,1024,46,1024,0,false,false,1002,165
91,1024,47,1024,0,false,false,933,205
91,1024,48,1024,0,false,false,1015,221
91,1024,49,1024,0,false,false,967,164
91,1024,50,1024,0,false,false,959,133
91,1024,51,1024,0,false,false,972,242
91,1024,52,1024,0,false,false,960,163
91,1024,53,1024,0,false,false,963,113
91,1024,54,1024,0,false,false,1007,213
91,1024,55,1024,0,false,false,984,237
91,1024,56,1024,0,false,false,994,304
91,1024,57,1024,0,false,false,981,181
91,1024,58,1024,0,false,false,977,136
91,1024,59,1024,0,false,false,889,270
91,1024,60,1024,0,false,false,1021,180
91,1024,61,1024,0,false,false,1002,279
91,1024,62,1024,0,false,false,971,151
91,1024,63,1024,0,false,false,979,167
91,16384,0,16384,1,false,false,16241,802
91,16384,1,16384,0,false,false,16351,788
91,16384,2,16384,0,false,false,16055,720
91,16384,3,16384,0,false,false,16329,639
92,1024,0,1024,1,false,false,1004,138
92,1024,1,1024,0,false,false,954,157
92,1024,2,1024,0,false,false,969,240
92,1024,3,1024,0,false,false,1021,130
92,1024,4,1024,0,false,false,939,212
92,1024,5,1024,0,false,false,879,229
92,1024,6,1024,0,false,false,994,225
92,1024,7,1024,0,false,false,1005,209
92,1024,8,1024,0,false,false,1023,147
92,1024,9,1024,0,false,false,1012,196
92,1024,10,1024,0,false,false,968,107
92,1024,11,1024,0,false,false,957,197
92,1024,12,1024,0,false,false,1001,249
92,1024,13,1024,0,false,false,1003,163
92,1024,14,1024,0,false,false,930,240
92,1024,15,1024,0,false,false,933,241
92,1024,16,1024,0,false,false,988,184
92,1024,17,1024,0,false,false,977,220
92,1024,18,1024,0,false,false,989,227
92,1024,19,1024,0,false,false,999,194
92,1024,20,1024,0,false,false,944,143
92,1024,21,1024,0,false,false,949,155
92,1024,22,1024,0,false,false,972,181
92,1024,23,1024,0,false,false,974,207
92,1024,24,1024,0,false,false,1000,229
92,1024,25,1024,0,false,false,969,159
92,1024,26,1024,0,false,false,926,168
92,1024,27,1024,0,false,false,1015,198
92,1024,28,1024,0,false,false,998,100
92,1024,29,1024,0,false,false,948,127
92,1024,30,1024,0,false,false,1006,231
92,1024,31,1024,0,false,false,992,359
92,1024,32,1024,0,false,false,982,255
92,1024,33,1024,0,false,false,979,181
92,1024,34,1024,0,false,false,1008,174
92,1024,35,1024,0,false,false,908,131
92,1024,36,1024,0,false,false,1004,119
92,1024,37,1024,0,false,false,975,113
92,1024,38,1024,0,false,false,962,179
92,1024,39,1024,0,false,false,1013,269
92,1024,40,1024,0,false,false,949,171
92,1024,41,1024,0,false,false,990,125
92,1024,42,1024,0,false,false,929,156
92,1024,43,1024,0,false,false,976,225
92,1024,44,1024,0,false,false,976,192
92,1024,45,1024,0,false,false,1020,206
92,1024,46,1024,0,false,false,1004,156
92,1024,47,1024,0,false,false,932,203
92,1024,48,1024,0,false,false,1016,212
92,1024,49,1024,0,false,false,950,162
92,1024,50,1024,0,false,false,950,131
92,1024,51,1024,0,false,false,965,235
92,1024,52,1024,0,false,false,955,156
92,1024,53,1024,0,false,false,968,113
92,1024,54,1024,0,false,false,1002,196
92,1024,55,1024,0,false,false,998,188
92,1024,56,1024,0,false,false,975,181
92,1024,57,1024,0,false,false,969,106
92,1024,58,1024,0,false,false,969,121
92,1024,59,1024,0,false,false,907,208
92,1024,60,1024,0,false,false,1019,164
92,1024,61,1024,0,false,false,967,175
92,1024,62,1024,0,false,false,968,132
92,1024,63,1024,0,false,false,966,148
92,16384,0,16384,1,false,false,16144,579
92,16384,1,16384,0,false,false,16207,497
92,16384,2,16384,0,false,false,16233,512
92,16384,3,16384,0,false,false,16362,453
93,1024,0,1024,0,false,true,937,1024
93,1024,1,1024,0,false,true,267,1024
93,1024,2,1024,0,false,true,621,1024
93,1024,3,1024,0,false,true,596,1024
93,1024,4,1024,0,false,true,101,1024
93,1024,5,1024,0,false,true,135,1024
93,1024,6,1024,0,false,true,589,1024
93,1024,7,1024,0,false,true,100,1024
93,1024,8,1024,0,false,true,123,1024
93,1024,9,1024,0,false,true,119,1024
93,1024,10,1024,0,false,true,102,1024
93,1024,11,1024,0,false,true,973,1024
93,1024,12,1024,0,false,true,77,1024
93,1024,13,1024,0,false,true,96,1024
93,1024,14,1024,0,false,true,83,1024
93,1024,15,1024,0,false,true,957,1024
93,1024,16,1024,0,false,true,117,1024
93,1024,17,1024,0,false,true,107,1024
93,1024,18,1024,0,false,true,89,1024
93,1024,19,1024,0,false,true,956,1024
93,1024,20,1024,0,false,true,79,1024
93,1024,21,1024,0,false,true,114,1024
93,1024,22,1024,0,false,true,121,1024
93,1024,23,1024,0,false,true,986,1024
93,1024,24,1024,0,false,true,98,1024
93,1024,25,1024,0,false,true,89,1024
93,1024,26,1024,0,false,true,72,1024
93,1024,27,1024,0,false,true,964,1024
93,1024,28,1024,0,false,true,76,1024
93,1024,29,1024,0,false,true,80,1024
93,1024,30,1024,0,false,true,62,1024
93,1024,31,1024,0,false,true,855,1024
93,1024,32,1024,0,false,true,85,1024
93,1024,33,1024,0,false,true,88,1024
93,1024,34,1024,0,false,true,180,1024
93,1024,35,1024,0,false,true,100,1024
93,1024,36,1024,0,false,true,89,1024
93,1024,37,1024,0,false,true,69,1024
93,1024,38,1024,0,false,true,84,1024
93,1024,39,1024,0,false,true,663,1024
93,1024,40,1024,0,false,true,105,1024
93,1024,41,1024,0,false,true,70,1024
93,1024,42,1024,0,false,true,70,1024
93,1024,43,1024,0,false,true,77,1024
93,1024,44,1024,0,false,true,80,1024
93,1024,45,1024,0,false,true,84,1024
93,1024,46,1024,0,false,true,63,1024
93,1024,47,1024,0,false,true,663,1024
93,1024,48,1024,0,false,true,61,1024
93,1024,49,1024,0,false,true,37,1024
93,1024,50,1024,0,false,true,59,1024
93,1024,51,1024,0,false,true,50,1024
93,1024,52,1024,0,false,true,28,1024
93,1024,53,1024,0,false,true,38,1024
93,1024,54,1024,0,false,true,90,1024
93,1024,55,1024,0,false,true,688,1024
93,1024,56,1024,0,false,true,75,1024
93,1024,57,1024,0,false,true,68,1024
93,1024,58,1024,0,false,true,79,1024
93,1024,59,1024,0,false,true,135,1024
93,1024,60,1024,0,false,true,96,1024
93,1024,61,1024,0,false,true,77,1024
93,1024,62,1024,0,false,true,116,1024
93,1024,63,1024,0,false,true,685,1024
93,16384,0,16384,0,false,true,11693,16384
93,16384,1,16384,0,false,true,10487,16384
93,16384,2,16384,0,false,true,7339,16384
93,16384,3,16384,0,false,true,7685,16384
94,1024,0,1024,0,false,false,911,32
94,1024,1,1024,0,false,false,999,37
94,1024,2,1024,0,false,false,917,30
94,1024,3,1024,0,false,false,1007,21
94,1024,4,1024,0,false,false,825,33
94,1024,5,1024,0,false,false,934,26
94,1024,6,1024,0,false,false,918,17
94,1024,7,1024,0,false,false,941,21
94,1024,8,1024,0,false,false,908,13
94,1024,9,1024,0,false,false,977,11
94,1024,10,1024,0,false,false,965,21
94,1024,11,1024,0,false,false,968,13
94,1024,12,1024,0,false,false,890,26
94,1024,13,1024,0,false,false,978,22
94,1024,14,1024,0,false,false,845,19
94,1024,15,1024,0,false,false,976,20
94,1024,16,1024,0,false,false,893,15
94,1024,17,1024,0,false,false,957,20
94,1024,18,1024,0,false,false,999,20
94,1024,19,1024,0,false,false,891,13
94,1024,20,1024,0,false,false,1001,16
94,1024,21,1024,0,false,false,876,12
94,1024,22,1024,0,false,false,989,11
94,1024,23,1024,0,false,false,1016,10
94,1024,24,1024,0,false,false,900,26
94,1024,25,1024,0,false,false,966,8
94,1024,26,1024,0,false,false,896,13
94,1024,27,1024,0,false,false,940,23
94,1024,28,1024,0,false,false,959,21
94,1024,29,1024,0,false,false,883,16
94,1024,30,1024,0,false,false,860,31
94,1024,31,1024,0,false,false,980,26
94,1024,32,1024,0,false,false,930,17
94,1024,33,1024,0,false,false,1017,16
94,1024,34,1024,0,false,false,808,14
94,1024,35,1024,0,false,false,1006,22
94,1024,36,1024,0,false,false,885,12
94,1024,37,1024,0,false,false,967,23
94,1024,38,1024,0,false,false,915,11
94,1024,39,1024,0,false,false,978,44
94,1024,40,1024,0,false,false,487,7
94,1024,41,1024,0,false,false,938,7
94,1024,42,1024,0,false,false,919,19
94,1024,43,1024,0,false,false,958,24
94,1024,44,1024,0,false,false,806,35
94,1024,45,1024,0,false,false,967,35
94,1024,46,1024,0,false,false,750,12
94,1024,47,1024,0,false,false,800,19
94,1024,48,1024,0,false,false,1010,27
94,1024,49,1024,0,false,false,931,9
94,1024,50,1024,0,false,false,856,18
94,1024,51,1024,0,false,false,804,43
94,1024,52,1024,0,false,false,1000,42
94,1024,53,1024,0,false,false,997,23
94,1024,54,1024,0,false,false,947,5
94,1024,55,1024,0,false,false,864,5
94,1024,56,1024,0,false,false,907,16
94,1024,57,1024,0,false,false,920,17
94,1024,58,1024,0,false,false,979,15
94,1024,59,1024,0,false,false,988,20
94,1024,60,1024,0,false,false,909,13
94,1024,61,1024,0,false,false,1011,16
94,1024,62,1024,0,false,false,800,12
94,1024,63,1024,0,false,false,997,12
94,16384,0,16384,0,false,false,16218,37
94,16384,1,16384,0,false,false,15827,32
94,16384,2,16384,0,false,false,15206,44
94,16384,3,16384,0,false,false,16240,43
95,1024,0,1024,0,false,false,689,14
95,1024,1,1024,0,false,false,971,11
95,1024,2,1024,0,false,false,923,16
95,1024,3,1024,0,false,false,969,10
95,1024,4,1024,0,false,false,851,16
95,1024,5,1024,0,false,false,941,16
95,1024,6,1024,0,false,false,964,14
95,1024,7,1024,0,false,false,990,17
95,1024,8,1024,0,false,false,962,12
95,1024,9,1024,0,false,false,916,16
95,1024,10,1024,0,false,false,934,16
95,1024,11,1024,0,false,false,877,13
95,1024,12,1024,0,false,false,854,22
95,1024,13,1024,0,false,false,996,16
95,1024,14,1024,0,false,false,948,16
95,1024,15,1024,0,false,false,949,26
95,1024,16,1024,0,false,false,989,19
95,1024,17,1024,0,false,false,955,20
95,1024,18,1024,0,false,false,878,15
95,1024,19,1024,0,false,false,992,15
95,1024,20,1024,0,false,false,1011,11
95,1024,21,1024,0,false,false,831,11
95,1024,22,1024,0,false,false,910,11
95,1024,23,1024,0,false,false,812,12
95,1024,24,1024,0,false,false,993,12
95,1024,25,1024,0,false,false,856,13
95,1024,26,1024,0,false,false,992,10
95,1024,27,1024,0,false,false,957,13
95,1024,28,1024,0,false,false,988,19
95,1024,29,1024,0,false,false,892,13
95,1024,30,1024,0,false,false,973,15
95,1024,31,1024,0,false,false,917,13
95,1024,32,1024,0,false,false,890,20
95,1024,33,1024,0,false,false,1003,11
95,1024,34,1024,0,false,false,785,13
95,1024,35,1024,0,false,false,950,13
95,1024,36,1024,0,false,false,980,13
95,1024,37,1024,0,false,false,946,24
95,1024,38,1024,0,false,false,845,21
95,1024,39,1024,0,false,false,1000,12
95,1024,40,1024,0,false,false,540,17
95,1024,41,1024,0,false,false,859,20
95,1024,42,1024,0,false,false,993,20
95,1024,43,1024,0,false,false,928,14
95,1024,44,1024,0,false,false,920,23
95,1024,45,1024,0,false,false,1004,15
95,1024,46,1024,0,false,false,722,11
95,1024,47,1024,0,false,false,974,13
95,1024,48,1024,0,false,false,942,11
95,1024,49,1024,0,false,false,881,15
95,1024,50,1024,0,false,false,988,14
95,1024,51,1024,0,false,false,911,17
95,1024,52,1024,0,false,false,924,18
95,1024,53,1024,0,false,false,967,18
95,1024,54,1024,0,false,false,984,11
95,1024,55,1024,0,false,false,898,15
95,1024,56,1024,0,false,false,960,12
95,1024,57,1024,0,false,false,928,16
95,1024,58,1024,0,false,false,923,13
95,1024,59,1024,0,false,false,859,22
95,1024,60,1024,0,false,false,963,18
95,1024,61,1024,0,false,false,872,13
95,1024,62,1024,0,false,false,950,11
95,1024,63,1024,0,false,false,900,26
95,16384,0,16384,0,false,false,15833,29
95,16384,1,16384,0,false,false,16085,28
95,16384,2,16384,0,false,false,15485,36
95,16384,3,16384,0,false,false,14407,35
96,1024,0,1024,0,false,false,382,4
96,1024,1,1024,0,false,false,751,3
96,1024,2,1024,0,false,false,899,3
96,1024,3,1024,0,true,false,0,2
96,1024,4,1024,0,false,false,1010,3
96,1024,5,1024,0,true,false,0,1
96,1024,6,1024,0,true,false,0,2
96,1024,7,1024,0,false,false,855,2
96,1024,8,1024,0,true,false,0,1
96,1024,9,1024,0,false,false,764,3
96,1024,10,1024,0,true,false,0,1
96,1024,11,1024,0,false,false,553,2
96,1024,12,1024,0,true,false,0,2
96,1024,13,1024,0,true,false,0,1
96,1024,14,1024,0,true,false,0,2
96,1024,15,1024,0,false,false,705,2
96,1024,16,1024,0,true,false,0,1
96,1024,17,1024,0,true,false,0,3
96,1024,18,1024,0,true,false,0,1
96,1024,19,1024,0,true,false,0,1
96,1024,20,1024,0,false,false,802,2
96,1024,21,1024,0,true,false,0,1
96,1024,22,1024,0,true,false,0,1
96,1024,23,1024,0,false,false,886,2
96,1024,24,1024,0,true,false,0,1
96,1024,25,1024,0,false,false,706,2
96,1024,26,1024,0,true,false,0,1
96,1024,27,1024,0,true,false,0,1
96,1024,28,1024,0,true,false,0,2
96,1024,29,1024,0,true,false,0,2
96,1024,30,1024,0,true,false,0,2
96,1024,31,1024,0,false,false,700,2
96,1024,32,1024,0,true,false,0,2
96,1024,33,1024,0,true,false,0,1
96,1024,34,1024,0,false,false,919,2
96,1024,35,1024,0,true,false,0,1
96,1024,36,1024,0,true,false,0,1
96,1024,37,1024,0,false,false,736,3
96,1024,38,1024,0,true,false,0,1
96,1024,39,1024,0,true,false,0,2
96,1024,40,1024,0,true,false,0,2
96,1024,41,1024,0,true,false,0,1
96,1024,42,1024,0,true,false,0,1
96,1024,43,1024,0,true,false,0,2
96,1024,44,1024,0,true,false,0,2
96,1024,45,1024,0,true,false,0,1
96,1024,46,1024,0,false,false,522,2
96,1024,47,1024,0,true,false,0,1
96,1024,48,1024,0,true,false,0,1
96,1024,49,1024,0,true,false,0,2
96,1024,50,1024,0,true,false,0,1
96,1024,51,1024,0,true,false,0,2
96,1024,52,1024,0,true,false,0,2
96,1024,53,1024,0,true,false,0,1
96,1024,54,1024,0,true,false,0,1
96,1024,55,1024,0,true,false,0,2
96,1024,56,1024,0,true,false,0,1
96,1024,57,1024,0,true,false,0,1
96,1024,58,1024,0,false,false,714,2
96,1024,59,1024,0,true,false,0,3
96,1024,60,1024,0,true,false,0,1
96,1024,61,1024,0,false,false,824,2
96,1024,62,1024,0,false,false,614,2
96,1024,63,1024,0,true,false,0,1
96,16384,0,16384,0,false,false,16011,6
96,16384,1,16384,0,false,false,9748,6
96,16384,2,16384,0,false,false,11864,6
96,16384,3,16384,0,false,false,14950,7
97,1024,0,1024,0,true,false,0,1
97,1024,1,1024,0,true,false,0,1
97,1024,2,1024,0,true,false,0,1
97,1024,3,1024,0,true,false,0,1
97,1024,4,1024,0,true,false,0,1
97,1024,5,1024,0,true,false,0,1
97,1024,6,1024,0,true,false,0,1
97,1024,7,1024,0,true,false,0,1
97,1024,8,1024,0,true,false,0,1
97,1024,9,1024,0,true,false,0,1
97,1024,10,1024,0,true,false,0,1
97,1024,11,1024,0,true,false,0,1
97,1024,12,1024,0,true,false,0,1
97,1024,13,1024,0,true,false,0,1
97,1024,14,1024,0,true,false,0,1
97,1024,15,1024,0,true,false,0,1
97,1024,16,1024,0,true,false,0,1
97,1024,17,1024,0,true,false,0,1
97,1024,18,1024,0,true,false,0,1
97,1024,19,1024,0,true,false,0,1
97,1024,20,1024,0,true,false,0,1
97,1024,21,1024,0,true,false,0,1
97,1024,22,1024,0,true,false,0,1
97,1024,23,1024,0,true,false,0,1
97,1024,24,1024,0,true,false,0,1
97,1024,25,1024,0,true,false,0,1
97,1024,26,1024,0,true,false,0,1
97,1024,27,1024,0,true,false,0,1
97,1024,28,1024,0,true,false,0,1
97,1024,29,1024,0,true,false,0,1
97,1024,30,1024,0,true,false,0,1
97,1024,31,1024,0,true,false,0,1
97,1024,32,1024,0,true,false,0,1
97,1024,33,1024,0,true,false,0,1
97,1024,34,1024,0,true,false,0,1
97,1024,35,1024,0,true,false,0,1
97,1024,36,1024,0,true,false,0,1
97,1024,37,1024,0,true,false,0,1
97,1024,38,1024,0,true,false,0,1
97,1024,39,1024,0,true,false,0,1
97,1024,40,1024,0,true,false,0,1
97,1024,41,1024,0,true,false,0,1
97,1024,42,1024,0,true,false,0,1
97,1024,43,1024,0,true,false,0,1
97,1024,44,1024,0,true,false,0,1
97,1024,45,1024,0,true,false,0,1
97,1024,46,1024,0,true,false,0,1
97,1024,47,1024,0,true,false,0,1
97,1024,48,1024,0,true,false,0,1
97,1024,49,1024,0,true,false,0,1
97,1024,50,1024,0,true,false,0,1
97,1024,51,1024,0,true,false,0,1
97,1024,52,1024,0,true,false,0,1
97,1024,53,1024,0,true,false,0,1
97,1024,54,1024,0,true,false,0,1
97,1024,55,1024,0,true,false,0,1
97,1024,56,1024,0,true,false,0,1
97,1024,57,1024,0,true,false,0,1
97,1024,58,1024,0,true,false,0,1
97,1024,59,1024,0,true,false,0,1
97,1024,60,1024,0,true,false,0,1
97,1024,61,1024,0,true,false,0,1
97,1024,62,1024,0,true,false,0,1
97,1024,63,1024,0,true,false,0,1
97,16384,0,16384,0,true,false,0,1
97,16384,1,16384,0,true,false,0,1
97,16384,2,16384,0,true,false,0,1
97,16384,3,16384,0,true,false,0,1
98,1024,0,1024,0,false,false,908,167
98,1024,1,1024,0,false,false,984,110
98,1024,2,1024,0,false,false,888,117
98,1024,3,1024,0,false,false,1012,168
98,1024,4,1024,0,false,false,979,251
98,1024,5,1024,0,false,false,1006,239
98,1024,6,1024,0,false,false,883,211
98,1024,7,1024,0,false,false,994,224
98,1024,8,1024,0,false,false,960,222
98,1024,9,1024,0,false,false,899,362
98,1024,10,1024,0,false,false,951,182
98,1024,11,1024,0,false,false,949,155
98,1024,12,1024,0,false,false,726,403
98,1024,13,1024,0,false,false,1006,94
98,1024,14,1024,0,false,false,959,191
98,1024,15,1024,0,false,false,983,435
98,1024,16,1024,0,false,false,1023,180
98,1024,17,1024,0,false,false,961,483
98,1024,18,1024,0,false,false,1006,150
98,1024,19,1024,0,false,false,1003,199
98,1024,20,1024,0,false,false,996,23
98,1024,21,1024,0,false,false,818,233
98,1024,22,1024,0,false,false,916,210
98,1024,23,1024,0,false,false,1014,48
98,1024,24,1024,0,false,false,989,239
98,1024,25,1024,0,false,false,818,171
98,1024,26,1024,0,false,false,986,45
98,1024,27,1024,0,false,false,983,236
98,1024,28,1024,0,false,false,774,194
98,1024,29,1024,0,false,false,919,227
98,1024,30,1024,0,false,false,779,346
98,1024,31,1024,0,false,false,992,122
98,1024,32,1024,0,false,false,921,457
98,1024,33,1024,0,false,false,1012,74
98,1024,34,1024,0,false,false,888,233
98,1024,35,1024,0,false,false,918,277
98,1024,36,1024,0,false,false,977,289
98,1024,37,1024,0,false,false,920,503
98,1024,38,1024,0,false,false,661,521
98,1024,39,1024,0,false,false,1011,238
98,1024,40,1024,0,false,false,956,11
98,1024,41,1024,0,false,false,791,73
98,1024,42,1024,0,false,false,989,182
98,1024,43,1024,0,false,false,975,281
98,1024,44,1024,0,false,false,922,506
98,1024,45,1024,0,false,false,987,186
98,1024,46,1024,0,false,false,649,4
98,1024,47,1024,0,false,false,916,90
98,1024,48,1024,0,false,false,965,239
98,1024,49,1024,0,false,false,1010,300
98,1024,50,1024,0,false,false,885,326
98,1024,51,1024,0,false,false,917,345
98,1024,52,1024,0,false,false,919,197
98,1024,53,1024,0,false,false,941,64
98,1024,54,1024,0,false,false,951,13
98,1024,55,1024,0,false,false,875,80
98,1024,56,1024,0,false,false,962,218
98,1024,57,1024,0,false,false,1008,252
98,1024,58,1024,0,false,false,962,203
98,1024,59,1024,0,false,false,867,353
98,1024,60,1024,0,false,false,999,195
98,1024,61,1024,0,false,false,993,113
98,1024,62,1024,0,false,false,968,168
98,1024,63,1024,0,false,false,660,560
98,16384,0,16384,0,false,false,16275,1572
98,16384,1,16384,0,false,false,16000,1462
98,16384,2,16384,0,false,false,15733,2291
98,16384,3,16384,0,false,false,15196,1930
99,1024,0,1024,0,true,false,0,1
99,1024,1,1024,0,true,false,0,1
99,1024,2,1024,0,true,false,0,1
99,1024,3,1024,0,true,false,0,1
99,1024,4,1024,0,true,false,0,1
99,1024,5,1024,0,true,false,0,1
99,1024,6,1024,0,true,false,0,1
99,1024,7,1024,0,true,false,0,1
99,1024,8,1024,0,true,false,0,1
99,1024,9,1024,0,false,false,107,8
99,1024,10,1024,0,true,false,0,1
99,1024,11,1024,0,true,false,0,1
99,1024,12,1024,0,false,false,595,10
99,1024,13,1024,0,true,false,0,1
99,1024,14,1024,0,true,false,0,1
99,1024,15,1024,0,false,false,435,9
99,1024,16,1024,0,true,false,0,1
99,1024,17,1024,0,false,false,446,10
99,1024,18,1024,0,true,false,0,1
99,1024,19,1024,0,true,false,0,1
99,1024,20,1024,0,true,false,0,1
99,1024,21,1024,0,true,false,0,1
99,1024,22,1024,0,true,false,0,1
99,1024,23,1024,0,true,false,0,1
99,1024,24,1024,0,true,false,0,1
99,1024,25,1024,0,true,false,0,1
99,1024,26,1024,0,true,false,0,1
99,1024,27,1024,0,true,false,0,1
99,1024,28,1024,0,true,false,0,1
99,1024,29,1024,0,true,false,0,1
99,1024,30,1024,0,false,false,415,9
99,1024,31,1024,0,true,false,0,1
99,1024,32,1024,0,false,false,266,8
99,1024,33,1024,0,true,false,0,1
99,1024,34,1024,0,true,false,0,1
99,1024,35,1024,0,true,false,0,1
99,1024,36,1024,0,true,false,0,1
99,1024,37,1024,0,false,false,815,9
99,1024,38,1024,0,false,false,211,9
99,1024,39,1024,0,false,false,999,4
99,1024,40,1024,0,true,false,0,1
99,1024,41,1024,0,true,false,0,1
99,1024,42,1024,0,true,false,0,1
99,1024,43,1024,0,true,false,0,1
99,1024,44,1024,0,false,false,697,10
99,1024,45,1024,0,true,false,0,1
99,1024,46,1024,0,true,false,0,1
99,1024,47,1024,0,true,false,0,1
99,1024,48,1024,0,true,false,0,1
99,1024,49,1024,0,true,false,0,1
99,1024,50,1024,0,true,false,0,1
99,1024,51,1024,0,false,false,898,8
99,1024,52,1024,0,true,false,0,1
99,1024,53,1024,0,true,false,0,1
99,1024,54,1024,0,true,false,0,1
99,1024,55,1024,0,true,false,0,1
99,1024,56,1024,0,true,false,0,1
99,1024,57,1024,0,true,false,0,1
99,1024,58,1024,0,true,false,0,1
99,1024,59,1024,0,false,false,872,9
99,1024,60,1024,0,true,false,0,1
99,1024,61,1024,0,true,false,0,1
99,1024,62,1024,0,true,false,0,1
99,1024,63,1024,0,false,false,282,9
99,16384,0,16384,0,false,false,6082,11
99,16384,1,16384,0,false,false,14770,10
99,16384,2,16384,0,false,false,15538,10
99,16384,3,16384,0,false,false,13153,10
100,1024,0,1024,0,true,false,0,260
100,1024,1,1024,0,true,false,0,255
100,1024,2,1024,0,true,false,0,247
100,1024,3,1024,0,true,false,0,252
100,1024,4,1024,0,true,false,0,261
100,1024,5,1024,0,true,false,0,258
100,1024,6,1024,0,true,false,0,257
100,1024,7,1024,0,true,false,0,266
100,1024,8,1024,0,true,false,0,259
100,1024,9,1024,0,true,false,0,266
100,1024,10,1024,0,true,false,0,253
100,1024,11,1024,0,true,false,0,252
100,1024,12,1024,0,true,false,0,244
100,1024,13,1024,0,true,false,0,249
100,1024,14,1024,0,true,false,0,265
100,1024,15,1024,0,true,false,0,259
100,1024,16,1024,0,true,false,0,266
100,1024,17,1024,0,true,false,0,259
100,1024,18,1024,0,true,false,0,247
100,1024,19,1024,0,true,false,0,249
100,1024,20,1024,0,true,false,0,252
100,1024,21,1024,0,true,false,0,245
100,1024,22,1024,0,true,false,0,243
100,1024,23,1024,0,true,false,0,253
100,1024,24,1024,0,true,false,0,261
100,1024,25,1024,0,true,false,0,257
100,1024,26,1024,0,true,false,0,253
100,1024,27,1024,0,true,false,0,248
100,1024,28,1024,0,true,false,0,254
100,1024,29,1024,0,true,false,0,264
100,1024,30,1024,0,true,false,0,259
100,1024,31,1024,0,true,false,0,248
100,1024,32,1024,0,true,false,0,256
100,1024,33,1024,0,true,false,0,266
100,1024,34,1024,0,true,false,0,262
100,1024,35,1024,0,true,false,0,248
100,1024,36,1024,0,true,false,0,250
100,1024,37,1024,0,true,false,0,257
100,1024,38,1024,0,true,false,0,245
100,1024,39,1024,0,true,false,0,260
100,1024,40,1024,0,true,false,0,258
100,1024,41,1024,0,true,false,0,260
100,1024,42,1024,0,true,false,0,271
100,1024,43,1024,0,true,false,0,257
100,1024,44,1024,0,true,false,0,255
100,1024,45,1024,0,true,false,0,262
100,1024,46,1024,0,true,false,0,248
100,1024,47,1024,0,true,false,0,262
100,1024,48,1024,0,true,false,0,260
100,1024,49,1024,0,true,false,0,259
100,1024,50,1024,0,true,false,0,260
100,1024,51,1024,0,true,false,0,242
100,1024,52,1024,0,true,false,0,271
100,1024,53,1024,0,true,false,0,253
100,1024,54,1024,0,true,false,0,264
100,1024,55,1024,0,true,false,0,262
100,1024,56,1024,0,true,false,0,253
100,1024,57,1024,0,true,false,0,250
100,1024,58,1024,0,true,false,0,256
100,1024,59,1024,0,true,false,0,256
100,1024,60,1024,0,true,false,0,263
100,1024,61,1024,0,true,false,0,250
100,1024,62,1024,0,true,false,0,260
100,1024,63,1024,0,true,false,0,259
100,16384,0,16384,0,true,false,0,4093
100,16384,1,16384,0,true,false,0,4045
100,16384,2,16384,0,true,false,0,4103
100,16384,3,16384,0,true,false,0,4109
101,1024,0,1024,0,false,false,986,1021
101,1024,1,1024,0,false,false,991,1023
101,1024,2,1024,0,false,false,997,1023
101,1024,3,1024,0,false,false,999,1023
101,1024,4,1024,0,false,false,1001,1020
101,1024,5,1024,0,false,false,950,1022
101,1024,6,1024,0,false,false,1007,1021
101,1024,7,1024,0,false,false,1018,1018
101,1024,8,1024,0,false,false,989,1019
101,1024,9,1024,0,false,false,986,1021
101,1024,10,1024,0,false,false,1005,1021
101,1024,11,1024,0,false,false,1019,1023
101,1024,12,1024,0,false,false,994,1022
101,1024,13,1024,0,false,false,980,1023
101,1024,14,1024,0,false,false,964,1023
101,1024,15,1024,0,false,false,983,1022
101,1024,16,1024,0,false,false,973,1022
101,1024,17,1024,0,false,false,971,1020
101,1024,18,1024,0,false,false,1015,1021
101,1024,19,1024,0,false,false,977,1019
101,1024,20,1024,0,false,false,984,1022
101,1024,21,1024,0,false,false,1012,1021
101,1024,22,1024,0,false,false,994,1018
101,1024,23,1024,0,false,false,980,1021
101,1024,24,1024,0,false,false,997,1021
101,1024,25,1024,0,false,true,1011,1024
101,1024,26,1024,0,false,false,1013,1021
101,1024,27,1024,0,false,false,999,1021
101,1024,28,1024,0,false,false,994,1022
101,1024,29,1024,0,false,false,994,1021
101,1024,30,1024,0,false,false,1015,1021
101,1024,31,1024,0,false,false,980,1022
101,1024,32,1024,0,false,false,999,1022
101,1024,33,1024,0,false,false,993,1021
101,1024,34,1024,0,false,false,1013,1021
101,1024,35,1024,0,false,false,1000,1022
101,1024,36,1024,0,false,false,1004,1020
101,1024,37,1024,0,false,false,979,1021
101,1024,38,1024,0,false,false,985,1021
101,1024,39,1024,0,false,false,1004,1023
101,1024,40,1024,0,false,false,982,1021
101,1024,41,1024,0,false,false,1014,1019
101,1024,42,1024,0,false,false,993,1020
101,1024,43,1024,0,false,false,993,1020
101,1024,44,1024,0,false,false,1016,1021
101,1024,45,1024,0,false,false,1011,1023
101,1024,46,1024,0,false,false,998,1023
101,1024,47,1024,0,false,true,1005,1024
101,1024,48,1024,0,false,false,974,1020
101,1024,49,1024,0,false,false,981,1022
101,1024,50,1024,0,false,false,1004,1022
101,1024,51,1024,0,false,false,1011,1018
101,1024,52,1024,0,false,false,1000,1022
101,1024,53,1024,0,false,false,1017,1018
101,1024,54,1024,0,false,false,999,1023
101,1024,55,1024,0,false,true,991,1024
101,1024,56,1024,0,false,false,989,1019
101,1024,57,1024,0,false,false,1008,1022
101,1024,58,1024,0,false,false,987,1020
101,1024,59,1024,0,false,false,1011,1021
101,1024,60,1024,0,false,true,997,1024
101,1024,61,1024,0,false,false,995,1022
101,1024,62,1024,0,false,false,1005,1021
101,1024,63,1024,0,false,false,990,1020
101,16384,0,16384,0,false,false,16215,15724
101,16384,1,16384,0,false,false,16270,15757
101,16384,2,16384,0,false,false,16251,15711
101,16384,3,16384,0,false,false,16267,15742
102,1024,0,1024,0,false,false,992,975
102,1024,1,1024,0,false,false,975,978
102,1024,2,1024,0,false,false,1013,983
102,1024,3,1024,0,false,false,977,976
102,1024,4,1024,0,false,false,979,969
102,1024,5,1024,0,false,false,1005,973
102,1024,6,1024,0,false,false,976,971
102,1024,7,1024,0,false,false,1012,975
102,1024,8,1024,0,false,false,961,970
102,1024,9,1024,0,false,false,998,970
102,1024,10,1024,0,false,false,980,969
102,1024,11,1024,0,false,false,997,967
102,1024,12,1024,0,false,false,992,960
102,1024,13,1024,0,false,false,988,958
102,1024,14,1024,0,false,false,990,979
102,1024,15,1024,0,false,false,991,986
102,1024,16,1024,0,false,false,981,980
102,1024,17,1024,0,false,false,1010,983
102,1024,18,1024,0,false,false,985,977
102,1024,19,1024,0,false,false,971,968
102,1024,20,1024,0,false,false,996,974
102,1024,21,1024,0,false,false,1009,976
102,1024,22,1024,0,false,false,1012,958
102,1024,23,1024,0,false,false,999,963
102,1024,24,1024,0,false,false,975,982
102,1024,25,1024,0,false,false,992,972
102,1024,26,1024,0,false,false,991,970
102,1024,27,1024,0,false,false,1007,984
102,1024,28,1024,0,false,false,1004,967
102,1024,29,1024,0,false,false,1008,981
102,1024,30,1024,0,false,false,1010,962
102,1024,31,1024,0,false,false,1006,977
102,1024,32,1024,0,false,false,987,970
102,1024,33,1024,0,false,false,1007,988
102,1024,34,1024,0,false,false,987,973
102,1024,35,1024,0,false,false,1001,972
102,1024,36,1024,0,false,false,1019,978
102,1024,37,1024,0,false,false,1013,968
102,1024,38,1024,0,false,false,1000,970
102,1024,39,1024,0,false,false,1013,967
102,1024,40,1024,0,false,false,992,975
102,1024,41,1024,0,false,false,974,973
102,1024,42,1024,0,false,false,985,974
102,1024,43,1024,0,false,false,1013,972
102,1024,44,1024,0,false,false,1001,973
102,1024,45,1024,0,false,false,1000,981
102,1024,46,1024,0,false,false,981,977
102,1024,47,1024,0,false,false,979,970
102,1024,48,1024,0,false,false,975,973
102,1024,49,1024,0,false,false,1017,965
102,1024,50,1024,0,false,false,1009,975
102,1024,51,1024,0,false,false,1021,977
102,1024,52,1024,0,false,false,1012,972
102,1024,53,1024,0,false,false,979,973
102,1024,54,1024,0,false,false,962,976
102,1024,55,1024,0,false,false,1002,979
102,1024,56,1024,0,false,false,1014,982
102,1024,57,1024,0,false,false,989,976
102,1024,58,1024,0,false,false,991,969
102,1024,59,1024,0,false,false,1010,977
102,1024,60,1024,0,false,false,998,982
102,1024,61,1024,0,false,false,981,981
102,1024,62,1024,0,false,false,995,972
102,1024,63,1024,0,false,false,987,976
102,16384,0,16384,0,false,false,16329,8018
102,16384,1,16384,0,false,false,16255,8096
102,16384,2,16384,0,false,false,16220,7987
102,16384,3,16384,0,false,false,16274,8091
103,1024,0,1024,0,false,false,970,7
103,1024,1,1024,0,false,false,979,7
103,1024,2,1024,0,false,false,986,7
103,1024,3,1024,0,false,false,960,7
103,1024,4,1024,0,false,false,964,7
103,1024,5,1024,0,false,false,966,7
103,1024,6,1024,0,false,false,966,7
103,1024,7,1024,0,false,false,965,7
103,1024,8,1024,0,false,false,980,7
103,1024,9,1024,0,false,false,983,7
103,1024,10,1024,0,false,false,976,7
103,1024,11,1024,0,false,false,980,7
103,1024,12,1024,0,false,false,944,7
103,1024,13,1024,0,false,false,963,7
103,1024,14,1024,0,false,false,982,7
103,1024,15,1024,0,false,false,989,7
103,1024,16,1024,0,false,false,975,7
103,1024,17,1024,0,false,false,976,7
103,1024,18,1024,0,false,false,982,7
103,1024,19,1024,0,false,false,957,7
103,1024,20,1024,0,false,false,971,7
103,1024,21,1024,0,false,false,978,7
103,1024,22,1024,0,false,false,964,7
103,1024,23,1024,0,false,false,900,7
103,1024,24,1024,0,false,false,945,7
103,1024,25,1024,0,false,false,977,7
103,1024,26,1024,0,false,false,951,7
103,1024,27,1024,0,false,false,978,7
103,1024,28,1024,0,false,false,960,7
103,1024,29,1024,0,false,false,983,7
103,1024,30,1024,0,false,false,982,7
103,1024,31,1024,0,false,false,947,7
103,1024,32,1024,0,false,false,967,7
103,1024,33,1024,0,false,false,986,7
103,1024,34,1024,0,false,false,956,7
103,1024,35,1024,0,false,false,974,7
103,1024,36,1024,0,false,false,984,7
103,1024,37,1024,0,false,false,934,7
103,1024,38,1024,0,false,false,960,7
103,1024,39,1024,0,false,false,956,7
103,1024,40,1024,0,false,false,984,7
103,1024,41,1024,0,false,false,987,7
103,1024,42,1024,0,false,false,967,7
103,1024,43,1024,0,false,false,973,7
103,1024,44,1024,0,false,false,967,7
103,1024,45,1024,0,false,false,936,7
103,1024,46,1024,0,false,false,903,7
103,1024,47,1024,0,false,false,963,7
103,1024,48,1024,0,false,false,982,7
103,1024,49,1024,0,false,false,968,7
103,1024,50,1024,0,false,false,974,7
103,1024,51,1024,0,false,false,914,7
103,1024,52,1024,0,false,false,960,7
103,1024,53,1024,0,false,false,970,7
103,1024,54,1024,0,false,false,977,7
103,1024,55,1024,0,false,false,969,7
103,1024,56,1024,0,false,false,979,7
103,1024,57,1024,0,false,false,977,7
103,1024,58,1024,0,false,false,942,7
103,1024,59,1024,0,false,false,902,7
103,1024,60,1024,0,false,false,993,7
103,1024,61,1024,0,false,false,956,7
103,1024,62,1024,0,false,false,951,7
103,1024,63,1024,0,false,false,926,7
103,16384,0,16384,0,false,false,15762,7
103,16384,1,16384,0,false,false,15793,7
103,16384,2,16384,0,false,false,15769,7
103,16384,3,16384,0,false,false,15800,7
104,1024,0,1024,0,false,false,995,50
104,1024,1,1024,0,false,false,971,50
104,1024,2,1024,0,false,false,996,50
104,1024,3,1024,0,false,false,1002,50
104,1024,4,1024,0,false,false,999,50
104,1024,5,1024,0,false,false,993,50
104,1024,6,1024,0,false,false,983,50
104,1024,7,1024,0,false,false,947,50
104,1024,8,1024,0,false,false,993,50
104,1024,9,1024,0,false,false,996,50
104,1024,10,1024,0,false,false,987,50
104,1024,11,1024,0,false,false,988,50
104,1024,12,1024,0,false,false,996,50
104,1024,13,1024,0,false,false,965,50
104,1024,14,1024,0,false,false,972,50
104,1024,15,1024,0,false,false,942,50
104,1024,16,1024,0,false,false,962,50
104,1024,17,1024,0,false,false,1004,50
104,1024,18,1024,0,false,false,994,50
104,1024,19,1024,0,false,false,995,50
104,1024,20,1024,0,false,false,965,50
104,1024,21,1024,0,false,false,992,50
104,1024,22,1024,0,false,false,988,50
104,1024,23,1024,0,false,false,960,50
104,1024,24,1024,0,false,false,1001,50
104,1024,25,1024,0,false,false,990,50
104,1024,26,1024,0,false,false,965,50
104,1024,27,1024,0,false,false,968,50
104,1024,28,1024,0,false,false,984,50
104,1024,29,1024,0,false,false,964,50
104,1024,30,1024,0,false,false,981,50
104,1024,31,1024,0,false,false,1000,50
104,1024,32,1024,0,false,false,982,50
104,1024,33,1024,0,false,false,969,50
104,1024,34,1024,0,false,false,1005,50
104,1024,35,1024,0,false,false,977,50
104,1024,36,1024,0,false,false,969,50
104,1024,37,1024,0,false,false,960,50
104,1024,38,1024,0,false,false,1000,50
104,1024,39,1024,0,false,false,991,50
104,1024,40,1024,0,false,false,974,50
104,1024,41,1024,0,false,false,985,50
104,1024,42,1024,0,false,false,984,50
104,1024,43,1024,0,false,false,989,50
104,1024,44,1024,0,false,false,994,50
104,1024,45,1024,0,false,false,981,50
104,1024,46,1024,0,false,false,960,50
104,1024,47,1024,0,false,false,1002,50
104,1024,48,1024,0,false,false,960,50
104,1024,49,1024,0,false,false,963,50
104,1024,50,1024,0,false,false,1000,50
104,1024,51,1024,0,false,false,1000,50
104,1024,52,1024,0,false,false,1004,50
104,1024,53,1024,0,false,false,974,50
104,1024,54,1024,0,false,false,978,50
104,1024,55,1024,0,false,false,968,50
104,1024,56,1024,0,false,false,965,50
104,1024,57,1024,0,false,false,986,50
104,1024,58,1024,0,false,false,969,50
104,1024,59,1024,0,false,false,983,50
104,1024,60,1024,0,false,false,978,50
104,1024,61,1024,0,false,false,972,50
104,1024,62,1024,0,false,false,953,50
104,1024,63,1024,0,false,false,983,50
104,16384,0,16384,0,false,false,16015,50
104,16384,1,16384,0,false,false,16038,50
104,16384,2,16384,0,false,false,16042,50
104,16384,3,16384,0,false,false,16035,50
105,1024,0,1024,0,false,true,990,1024
105,1024,1,1024,0,false,true,978,1024
105,1024,2,1024,0,false,false,1004,1023
105,1024,3,1024,0,false,false,1021,1021
105,1024,4,1024,0,false,true,1008,1024
105,1024,5,1024,0,false,false,1007,1022
105,1024,6,1024,0,false,false,999,1023
105,1024,7,1024,0,false,true,942,1024
105,1024,8,1024,0,false,true,1007,1024
105,1024,9,1024,0,false,true,999,1024
105,1024,10,1024,0,false,true,995,1024
105,1024,11,1024,0,false,true,996,1024
105,1024,12,1024,0,false,true,1014,1024
105,1024,13,1024,0,false,false,977,1023
105,1024,14,1024,0,false,false,990,1023
105,1024,15,1024,0,false,false,976,1023
105,1024,16,1024,0,false,false,956,1022
105,1024,17,1024,0,false,true,1007,1024
105,1024,18,1024,0,false,true,1009,1024
105,1024,19,1024,0,false,true,982,1024
105,1024,20,1024,0,false,true,998,1024
105,1024,21,1024,0,false,true,1008,1024
105,1024,22,1024,0,false,false,987,1023
105,1024,23,1024,0,false,false,985,1023
105,1024,24,1024,0,false,false,1007,1023
105,1024,25,1024,0,false,false,1004,1023
105,1024,26,1024,0,false,false,985,1023
105,1024,27,1024,0,false,true,987,1024
105,1024,28,1024,0,false,true,998,1024
105,1024,29,1024,0,false,false,969,1023
105,1024,30,1024,0,false,true,1016,1024
105,1024,31,1024,0,false,true,1010,1024
105,1024,32,1024,0,false,true,993,1024
105,1024,33,1024,0,false,false,979,1023
105,1024,34,1024,0,false,true,986,1024
105,1024,35,1024,0,false,true,987,1024
105,1024,36,1024,0,false,false,979,1023
105,1024,37,1024,0,false,true,990,1024
105,1024,38,1024,0,false,true,998,1024
105,1024,39,1024,0,false,true,997,1024
105,1024,40,1024,0,false,true,987,1024
105,1024,41,1024,0,false,true,998,1024
105,1024,42,1024,0,false,true,1001,1024
105,1024,43,1024,0,false,true,1013,1024
105,1024,44,1024,0,false,true,998,1024
105,1024,45,1024,0,false,true,1008,1024
105,1024,46,1024,0,false,true,980,1024
105,1024,47,1024,0,false,false,1007,1023
105,1024,48,1024,0,false,true,987,1024
105,1024,49,1024,0,false,true,978,1024
105,1024,50,1024,0,false,false,1004,1023
105,1024,51,1024,0,false,true,1001,1024
105,1024,52,1024,0,false,true,988,1024
105,1024,53,1024,0,false,false,987,1023
105,1024,54,1024,0,false,true,1001,1024
105,1024,55,1024,0,false,false,968,1023
105,1024,56,1024,0,false,false,987,1023
105,1024,57,1024,0,false,true,999,1024
105,1024,58,1024,0,false,false,969,1023
105,1024,59,1024,0,false,true,993,1024
105,1024,60,1024,0,false,false,985,1023
105,1024,61,1024,0,false,true,983,1024
105,1024,62,1024,0,false,false,982,1023
105,1024,63,1024,0,false,true,985,1024
105,16384,0,16384,0,false,false,16192,16211
105,16384,1,16384,0,false,false,16222,16223
105,16384,2,16384,0,false,false,16283,16235
105,16384,3,16384,0,false,false,16286,16215
106,1024,0,1024,0,false,false,940,11
106,1024,1,1024,0,false,false,932,11
106,1024,2,1024,0,false,false,947,11
106,1024,3,1024,0,false,false,935,11
106,1024,4,1024,0,false,false,910,11
106,1024,5,1024,0,false,false,941,11
106,1024,6,1024,0,false,false,932,11
106,1024,7,1024,0,false,false,921,11
106,1024,8,1024,0,false,false,940,11
106,1024,9,1024,0,false,false,934,11
106,1024,10,1024,0,false,false,917,11
106,1024,11,1024,0,false,false,950,11
106,1024,12,1024,0,false,false,941,11
106,1024,13,1024,0,false,false,927,11
106,1024,14,1024,0,false,false,930,11
106,1024,15,1024,0,false,false,918,11
106,1024,16,1024,0,false,false,916,11
106,1024,17,1024,0,false,false,929,11
106,1024,18,1024,0,false,false,933,11
106,1024,19,1024,0,false,false,923,11
106,1024,20,1024,0,false,false,921,11
106,1024,21,1024,0,false,false,936,11
106,1024,22,1024,0,false,false,935,11
106,1024,23,1024,0,false,false,929,11
106,1024,24,1024,0,false,false,921,11
106,1024,25,1024,0,false,false,943,11
106,1024,26,1024,0,false,false,902,11
106,1024,27,1024,0,false,false,924,11
106,1024,28,1024,0,false,false,924,11
106,1024,29,1024,0,false,false,933,11
106,1024,30,1024,0,false,false,906,11
106,1024,31,1024,0,false,false,920,11
106,1024,32,1024,0,false,false,921,11
106,1024,33,1024,0,false,false,898,11
106,1024,34,1024,0,false,false,924,11
106,1024,35,1024,0,false,false,917,11
106,1024,36,1024,0,false,false,920,11
106,1024,37,1024,0,false,false,941,11
106,1024,38,1024,0,false,false,928,11
106,1024,39,1024,0,false,false,938,11
106,1024,40,1024,0,false,false,923,11
106,1024,41,1024,0,false,false,931,11
106,1024,42,1024,0,false,false,912,11
106,1024,43,1024,0,false,false,942,11
106,1024,44,1024,0,false,false,931,11
106,1024,45,1024,0,false,false,919,11
106,1024,46,1024,0,false,false,921,11
106,1024,47,1024,0,false,false,943,11
106,1024,48,1024,0,false,false,927,11
106,1024,49,1024,0,false,false,932,11
106,1024,50,1024,0,false,false,937,11
106,1024,51,1024,0,false,false,917,11
106,1024,52,1024,0,false,false,933,11
106,1024,53,1024,0,false,false,930,11
106,1024,54,1024,0,false,false,928,11
106,1024,55,1024,0,false,false,890,11
106,1024,56,1024,0,false,false,938,11
106,1024,57,1024,0,false,false,936,11
106,1024,58,1024,0,false,false,939,11
106,1024,59,1024,0,false,false,940,11
106,1024,60,1024,0,false,false,931,11
106,1024,61,1024,0,false,false,925,11
106,1024,62,1024,0,false,false,931,11
106,1024,63,1024,0,false,false,918,11
106,16384,0,16384,0,false,false,14928,11
106,16384,1,16384,0,false,false,14907,11
106,16384,2,16384,0,false,false,14888,11
106,16384,3,16384,0,false,false,14937,11
107,1024,0,1024,0,false,false,902,9
107,1024,1,1024,0,false,false,916,9
107,1024,2,1024,0,false,false,910,9
107,1024,3,1024,0,false,false,923,9
107,1024,4,1024,0,false,false,923,9
107,1024,5,1024,0,false,false,897,9
107,1024,6,1024,0,false,false,918,9
107,1024,7,1024,0,false,false,909,9
107,1024,8,1024,0,false,false,901,9
107,1024,9,1024,0,false,false,930,9
107,1024,10,1024,0,false,false,921,9
107,1024,11,1024,0,false,false,922,9
107,1024,12,1024,0,false,false,915,9
107,1024,13,1024,0,false,false,923,9
107,1024,14,1024,0,false,false,903,9
107,1024,15,1024,0,false,false,920,9
107,1024,16,1024,0,false,false,906,9
107,1024,17,1024,0,false,false,906,9
107,1024,18,1024,0,false,false,911,9
107,1024,19,1024,0,false,false,892,9
107,1024,20,1024,0,false,false,905,9
107,1024,21,1024,0,false,false,917,9
107,1024,22,1024,0,false,false,908,9
107,1024,23,1024,0,false,false,899,9
107,1024,24,1024,0,false,false,899,9
107,1024,25,1024,0,false,false,902,9
107,1024,26,1024,0,false,false,911,9
107,1024,27,1024,0,false,false,912,9
107,1024,28,1024,0,false,false,915,9
107,1024,29,1024,0,false,false,905,9
107,1024,30,1024,0,false,false,912,9
107,1024,31,1024,0,false,false,911,9
107,1024,32,1024,0,false,false,916,9
107,1024,33,1024,0,false,false,908,9
107,1024,34,1024,0,false,false,888,9
107,1024,35,1024,0,false,false,901,9
107,1024,36,1024,0,false,false,918,9
107,1024,37,1024,0,false,false,910,9
107,1024,38,1024,0,false,false,892,9
107,1024,39,1024,0,false,false,915,9
107,1024,40,1024,0,false,false,919,9
107,1024,41,1024,0,false,false,915,9
107,1024,42,1024,0,false,false,897,9
107,1024,43,1024,0,false,false,897,9
107,1024,44,1024,0,false,false,902,9
107,1024,45,1024,0,false,false,919,9
107,1024,46,1024,0,false,false,907,9
107,1024,47,1024,0,false,false,912,9
107,1024,48,1024,0,false,false,908,9
107,1024,49,1024,0,false,false,894,9
107,1024,50,1024,0,false,false,908,9
107,1024,51,1024,0,false,false,916,9
107,1024,52,1024,0,false,false,896,9
107,1024,53,1024,0,false,false,915,9
107,1024,54,1024,0,false,false,903,9
107,1024,55,1024,0,false,false,913,9
107,1024,56,1024,0,false,false,921,9
107,1024,57,1024,0,false,false,909,9
107,1024,58,1024,0,false,false,898,9
107,1024,59,1024,0,false,false,922,9
107,1024,60,1024,0,false,false,899,9
107,1024,61,1024,0,false,false,904,9
107,1024,62,1024,0,false,false,902,9
107,1024,63,1024,0,false,false,897,9
107,16384,0,16384,0,false,false,14657,9
107,16384,1,16384,0,false,false,14572,9
107,16384,2,16384,0,false,false,14590,9
107,16384,3,16384,0,false,false,14559,9
108,1024,0,1024,0,false,false,985,819
108,1024,1,1024,0,false,false,989,842
108,1024,2,1024,0,false,false,997,824
108,1024,3,1024,0,false,false,1003,837
108,1024,4,1024,0,false,false,964,827
108,1024,5,1024,0,false,false,957,833
108,1024,6,1024,0,false,false,997,830
108,1024,7,1024,0,false,false,975,818
108,1024,8,1024,0,false,false,971,849
108,1024,9,1024,0,false,false,969,833
108,1024,10,1024,0,false,false,1007,838
108,1024,11,1024,0,false,false,990,829
108,1024,12,1024,0,false,false,1005,839
108,1024,13,1024,0,false,false,1012,816
108,1024,14,1024,0,false,false,997,828
108,1024,15,1024,0,false,false,923,823
108,1024,16,1024,0,false,false,964,820
108,1024,17,1024,0,false,false,1005,829
108,1024,18,1024,0,false,false,992,818
108,1024,19,1024,0,false,false,991,817
108,1024,20,1024,0,false,false,971,818
108,1024,21,1024,0,false,false,995,812
108,1024,22,1024,0,false,false,979,821
108,1024,23,1024,0,false,false,1000,816
108,1024,24,1024,0,false,false,994,836
108,1024,25,1024,0,false,false,939,813
108,1024,26,1024,0,false,false,933,836
108,1024,27,1024,0,false,false,985,814
108,1024,28,1024,0,false,false,1014,810
108,1024,29,1024,0,false,false,947,835
108,1024,30,1024,0,false,false,1004,822
108,1024,31,1024,0,false,false,989,824
108,1024,32,1024,0,false,false,957,812
108,1024,33,1024,0,false,false,990,835
108,1024,34,1024,0,false,false,899,823
108,1024,35,1024,0,false,false,960,841
108,1024,36,1024,0,false,false,965,840
108,1024,37,1024,0,false,false,999,823
108,1024,38,1024,0,false,false,1018,834
108,1024,39,1024,0,false,false,990,848
108,1024,40,1024,0,false,false,979,813
108,1024,41,1024,0,false,false,1013,833
108,1024,42,1024,0,false,false,986,828
108,1024,43,1024,0,false,false,961,824
108,1024,44,1024,0,false,false,973,806
108,1024,45,1024,0,false,false,949,839
108,1024,46,1024,0,false,false,1004,821
108,1024,47,1024,0,false,false,1008,819
108,1024,48,1024,0,false,false,980,808
108,1024,49,1024,0,false,false,961,816
108,1024,50,1024,0,false,false,942,825
108,1024,51,1024,0,false,false,1016,826
108,1024,52,1024,0,false,false,967,827
108,1024,53,1024,0,false,false,996,821
108,1024,54,1024,0,false,false,986,818
108,1024,55,1024,0,false,false,943,821
108,1024,56,1024,0,false,false,966,846
108,1024,57,1024,0,false,false,993,811
108,1024,58,1024,0,false,false,980,834
108,1024,59,1024,0,false,false,930,830
108,1024,60,1024,0,false,false,993,825
108,1024,61,1024,0,false,false,972,840
108,1024,62,1024,0,false,false,935,819
108,1024,63,1024,0,false,false,968,825
108,16384,0,16384,0,false,false,16310,2497
108,16384,1,16384,0,false,false,16252,2494
108,16384,2,16384,0,false,false,16132,2482
108,16384,3,16384,0,false,false,16230,2489
