pair,predicate,baseline,p25_ns,median_ns,p75_ns,sum,selected_rows,logical_bytes,delivered_bytes,transferred_bytes,transfer_operations,frames_decoded,selector_decoded_rows,value_decoded_rows,selector_primitive_values_read,value_primitive_values_read,file_bytes,page_index_entries_examined,candidate_pages,boundary_order_used
0,0.1pct,generated_selective,1034808.0,1034889.0,1034979.0,18699,131,301520,153988,153988,4,2,131072,131,131072,918,153988,0,0,false
0,0.1pct,generated_fused,1249550.0,1251322.0,1253867.0,18699,131,342177,153988,153988,2,2,131072,131072,131072,23221,153988,0,0,false
0,0.1pct,generated_direct_selective,547078.7,548033.7,549953.0,18699,131,281944,288216,288216,90,0,131072,131,131073,918,324688,0,0,false
0,0.1pct,generated_scan_selective,1035079.0,1035159.0,1036711.0,18699,131,301520,153988,153988,4,2,131072,131,131072,918,153988,0,0,false
0,0.1pct,parquet_full,1404782.0,1405243.0,1406405.0,18699,131,0,306161,306161,259,0,131072,131,131072,131,306165,0,0,false
0,0.1pct,parquet_boundary_search_p4096,910813.0,913567.0,917127.5,18699,131,0,274511,274511,54,0,131072,131,131072,131,294200,32,32,false
0,0.1pct,parquet_boundary_search_p16384,775555.5,780983.5,782526.0,18699,131,0,306844,306844,19,0,131072,131,131072,131,306848,8,8,false
0,0.1pct,parquet_boundary_search,1137412.0,1137983.0,1139635.0,18699,131,0,262320,262320,158,0,131072,131,131072,131,306165,128,128,false
0,0.1pct,parquet_row_filter,1132725.0,1135189.0,1138354.0,18699,131,0,262320,262320,158,0,131072,131,131072,131,306165,0,0,false
0,0.1pct,parquet_page_index_filter,1132986.0,1133486.0,1133947.0,18699,131,0,262320,262320,158,0,131072,131,131072,131,306165,128,128,false
0,1pct,generated_selective,1069911.0,1070943.0,1071033.0,354688,1315,309259,153988,153988,4,2,131072,1315,131072,4548,153988,0,0,false
0,1pct,generated_fused,1254497.0,1256901.0,1257372.0,354688,1315,342177,153988,153988,2,2,131072,131072,131072,23221,153988,0,0,false
0,1pct,generated_direct_selective,578475.7,579807.7,580438.7,354688,1315,289683,304512,304512,220,0,131072,1315,131073,4548,324688,0,0,false
0,1pct,generated_scan_selective,1070171.0,1071093.0,1071653.0,354688,1315,309259,153988,153988,4,2,131072,1315,131072,4548,153988,0,0,false
0,1pct,parquet_full,1406184.0,1417732.0,1419113.0,354688,1315,0,306161,306161,259,0,131072,1315,131072,1315,306165,0,0,false
0,1pct,parquet_boundary_search_p4096,1114067.0,1116741.0,1117863.0,354688,1315,0,294196,294196,67,0,131072,1315,131072,1315,294200,32,32,false
0,1pct,parquet_boundary_search_p16384,841800.0,843647.5,844994.5,354688,1315,0,306844,306844,19,0,131072,1315,131072,1315,306848,8,8,false
0,1pct,parquet_boundary_search,1389589.0,1391433.0,1393796.0,354688,1315,0,289045,289045,219,0,131072,1315,131072,1315,306165,128,128,false
0,1pct,parquet_row_filter,1392173.0,1392193.0,1393135.0,354688,1315,0,289045,289045,219,0,131072,1315,131072,1315,306165,0,0,false
0,1pct,parquet_page_index_filter,1385694.0,1394737.0,1396920.0,354688,1315,0,289045,289045,219,0,131072,1315,131072,1315,306165,128,128,false
0,10pct,generated_selective,1301668.0,1302629.0,1305354.0,12713468,13109,328828,153988,153988,4,2,131072,13109,131072,29885,153988,0,0,false
0,10pct,generated_fused,1273686.0,1277281.0,1278704.0,12713468,13109,342177,153988,153988,2,2,131072,131072,131072,23221,153988,0,0,false
0,10pct,generated_direct_selective,810823.0,811044.0,817619.0,12713468,13109,309252,323284,323284,380,0,131072,13109,131073,29885,324688,0,0,false
0,10pct,generated_scan_selective,1295028.0,1296541.0,1299334.0,12713468,13109,328828,153988,153988,4,2,131072,13109,131072,29885,153988,0,0,false
0,10pct,parquet_full,1431412.0,1436119.0,1437892.0,12713468,13109,0,306161,306161,259,0,131072,13109,131072,13109,306165,0,0,false
0,10pct,parquet_boundary_search_p4096,1462449.0,1463910.0,1465493.0,12713468,13109,0,294196,294196,67,0,131072,13109,131072,13109,294200,32,32,false
0,10pct,parquet_boundary_search_p16384,1179876.0,1180096.0,1180927.0,12713468,13109,0,306844,306844,19,0,131072,13109,131072,13109,306848,8,8,false
0,10pct,parquet_boundary_search,1872021.0,1874215.0,1876809.0,12713468,13109,0,306161,306161,259,0,131072,13109,131072,13109,306165,128,128,false
0,10pct,parquet_row_filter,1864871.0,1866283.0,1868005.0,12713468,13109,0,306161,306161,259,0,131072,13109,131072,13109,306165,0,0,false
0,10pct,parquet_page_index_filter,1873574.0,1878982.0,1884931.0,12713468,13109,0,306161,306161,259,0,131072,13109,131072,13109,306165,128,128,false
0,50pct,generated_selective,1805512.0,1810760.0,1815137.0,81828882,65537,340255,153988,153988,4,2,131072,65537,131072,81573,153988,0,0,false
0,50pct,generated_fused,1346255.0,1346455.0,1348458.0,81828882,65537,342177,153988,153988,2,2,131072,131072,131072,23221,153988,0,0,false
0,50pct,generated_direct_selective,1332704.0,1333476.0,1336881.0,81828882,65537,320679,324588,324588,396,0,131072,65537,131073,81573,324688,0,0,false
0,50pct,generated_scan_selective,1809578.0,1816549.0,1822507.0,81828882,65537,340255,153988,153988,4,2,131072,65537,131072,81573,153988,0,0,false
0,50pct,parquet_full,1488287.0,1493676.0,1493725.0,81828882,65537,0,306161,306161,259,0,131072,65537,131072,65537,306165,0,0,false
0,50pct,parquet_boundary_search_p4096,1459054.0,1459594.0,1471322.0,81828882,65537,0,294196,294196,67,0,131072,65537,131072,65537,294200,32,32,false
0,50pct,parquet_boundary_search_p16384,1174407.0,1175309.0,1177673.0,81828882,65537,0,306844,306844,19,0,131072,65537,131072,65537,306848,8,8,false
0,50pct,parquet_boundary_search,1898952.0,1899362.0,1899883.0,81828882,65537,0,306161,306161,259,0,131072,65537,131072,65537,306165,128,128,false
0,50pct,parquet_row_filter,1880024.0,1884300.0,1887675.0,81828882,65537,0,306161,306161,259,0,131072,65537,131072,65537,306165,0,0,false
0,50pct,parquet_page_index_filter,1893062.0,1895777.0,1900303.0,81828882,65537,0,306161,306161,259,0,131072,65537,131072,65537,306165,128,128,false
1,0.1pct,generated_selective,1034137.0,1034839.0,1040246.0,212778,131,301346,151015,151015,4,2,131072,131,131072,877,151015,0,0,false
1,0.1pct,generated_fused,1242639.0,1244032.0,1246766.0,212778,131,341043,151015,151015,2,2,131072,131072,131072,24235,151015,0,0,false
1,0.1pct,generated_direct_selective,545663.3,546170.7,546851.7,212778,131,281770,288312,288312,94,0,131072,131,131073,877,323648,0,0,false
1,0.1pct,generated_scan_selective,1034007.0,1034708.0,1043993.0,212778,131,301346,151015,151015,4,2,131072,131,131072,877,151015,0,0,false
1,0.1pct,parquet_full,1380015.0,1382399.0,1386846.0,212778,131,0,301867,301867,259,0,131072,131,131072,131,301871,0,0,false
1,0.1pct,parquet_boundary_search_p4096,903176.5,905345.0,906651.5,212778,131,0,271810,271810,54,0,131072,131,131072,131,289812,32,32,false
1,0.1pct,parquet_boundary_search_p16384,730022.5,730918.5,733698.0,212778,131,0,302573,302573,19,0,131072,131,131072,131,302577,8,8,false
1,0.1pct,parquet_boundary_search,1137872.0,1140367.0,1143371.0,212778,131,0,261316,261316,158,0,131072,131,131072,131,301871,128,128,false
1,0.1pct,parquet_row_filter,1136390.0,1140407.0,1143812.0,212778,131,0,261316,261316,158,0,131072,131,131072,131,301871,0,0,false
1,0.1pct,parquet_page_index_filter,1123231.0,1124573.0,1140417.0,212778,131,0,261316,261316,158,0,131072,131,131072,131,301871,128,128,false
1,1pct,generated_selective,1064463.0,1066747.0,1068799.0,2161371,1315,308827,151015,151015,4,2,131072,1315,131072,4395,151015,0,0,false
1,1pct,generated_fused,1248969.0,1249530.0,1250762.0,2161371,1315,341043,151015,151015,2,2,131072,131072,131072,24235,151015,0,0,false
1,1pct,generated_direct_selective,577601.0,579367.0,579467.3,2161371,1315,289251,304888,304888,229,0,131072,1315,131073,4395,323648,0,0,false
1,1pct,generated_scan_selective,1066916.0,1068619.0,1068929.0,2161371,1315,308827,151015,151015,4,2,131072,1315,131072,4395,151015,0,0,false
1,1pct,parquet_full,1384632.0,1385112.0,1390551.0,2161371,1315,0,301867,301867,259,0,131072,1315,131072,1315,301871,0,0,false
1,1pct,parquet_boundary_search_p4096,1086436.0,1091083.0,1092626.0,2161371,1315,0,289808,289808,67,0,131072,1315,131072,1315,289812,32,32,false
1,1pct,parquet_boundary_search_p16384,805074.5,811830.0,814559.0,2161371,1315,0,302573,302573,19,0,131072,1315,131072,1315,302577,8,8,false
1,1pct,parquet_boundary_search,1374647.0,1374988.0,1375939.0,2161371,1315,0,286132,286132,219,0,131072,1315,131072,1315,301871,128,128,false
1,1pct,parquet_row_filter,1363160.0,1366275.0,1368838.0,2161371,1315,0,286132,286132,219,0,131072,1315,131072,1315,301871,0,0,false
1,1pct,parquet_page_index_filter,1358553.0,1362619.0,1370731.0,2161371,1315,0,286132,286132,219,0,131072,1315,131072,1315,301871,128,128,false
1,10pct,generated_selective,1297281.0,1298824.0,1299554.0,21125021,13109,328181,151015,151015,4,2,131072,13109,131072,29595,151015,0,0,false
1,10pct,generated_fused,1273656.0,1274467.0,1276701.0,21125021,13109,341043,151015,151015,2,2,131072,131072,131072,24235,151015,0,0,false
1,10pct,generated_direct_selective,806452.0,807573.5,808139.5,21125021,13109,308605,323000,323000,376,0,131072,13109,131073,29595,323648,0,0,false
1,10pct,generated_scan_selective,1298584.0,1298643.0,1306705.0,21125021,13109,328181,151015,151015,4,2,131072,13109,131072,29595,151015,0,0,false
1,10pct,parquet_full,1406084.0,1407837.0,1411222.0,21125021,13109,0,301867,301867,259,0,131072,13109,131072,13109,301871,0,0,false
1,10pct,parquet_boundary_search_p4096,1409328.0,1409469.0,1412024.0,21125021,13109,0,289808,289808,67,0,131072,13109,131072,13109,289812,32,32,false
1,10pct,parquet_boundary_search_p16384,1106576.0,1106877.0,1119125.0,21125021,13109,0,302573,302573,19,0,131072,13109,131072,13109,302577,8,8,false
1,10pct,parquet_boundary_search,1821365.0,1831110.0,1834785.0,21125021,13109,0,301867,301867,259,0,131072,13109,131072,13109,301871,128,128,false
1,10pct,parquet_row_filter,1812322.0,1818651.0,1822487.0,21125021,13109,0,301867,301867,259,0,131072,13109,131072,13109,301871,0,0,false
1,10pct,parquet_page_index_filter,1810789.0,1825823.0,1831121.0,21125021,13109,0,301867,301867,259,0,131072,13109,131072,13109,301871,128,128,false
1,50pct,generated_selective,1804671.0,1808116.0,1812632.0,105655053,65537,338131,151015,151015,4,2,131072,65537,131072,82179,151015,0,0,false
1,50pct,generated_fused,1345273.0,1349670.0,1350331.0,105655053,65537,341043,151015,151015,2,2,131072,131072,131072,24235,151015,0,0,false
1,50pct,generated_direct_selective,1312004.0,1312384.0,1314597.0,105655053,65537,318555,323580,323580,382,0,131072,65537,131073,82179,323648,0,0,false
1,50pct,generated_scan_selective,1803990.0,1804020.0,1804560.0,105655053,65537,338131,151015,151015,4,2,131072,65537,131072,82179,151015,0,0,false
1,50pct,parquet_full,1501898.0,1508487.0,1509519.0,105655053,65537,0,301867,301867,259,0,131072,65537,131072,65537,301871,0,0,false
1,50pct,parquet_boundary_search_p4096,1446705.0,1451803.0,1454456.0,105655053,65537,0,289808,289808,67,0,131072,65537,131072,65537,289812,32,32,false
1,50pct,parquet_boundary_search_p16384,1148549.0,1151474.0,1157432.0,105655053,65537,0,302573,302573,19,0,131072,65537,131072,65537,302577,8,8,false
1,50pct,parquet_boundary_search,1877650.0,1877790.0,1880214.0,105655053,65537,0,301867,301867,259,0,131072,65537,131072,65537,301871,128,128,false
1,50pct,parquet_row_filter,1841656.0,1843248.0,1845412.0,105655053,65537,0,301867,301867,259,0,131072,65537,131072,65537,301871,0,0,false
1,50pct,parquet_page_index_filter,1871220.0,1877009.0,1880074.0,105655053,65537,0,301867,301867,259,0,131072,65537,131072,65537,301871,128,128,false
2,0.1pct,generated_selective,973867.5,975204.5,975500.0,0,131,298568,135745,135745,4,1,131072,131,131072,262,135801,0,0,false
2,0.1pct,generated_fused,1822187.0,1822978.0,1848506.0,0,131,298568,135801,135801,2,1,131072,131072,131072,262144,135801,0,0,false
2,0.1pct,generated_direct_selective,542211.7,544444.7,547052.0,0,131,279056,279056,279056,5,0,131072,131,131073,262,279168,0,0,false
2,0.1pct,generated_scan_selective,976942.0,977458.0,978073.5,0,131,298568,135745,135745,4,1,131072,131,131072,262,135801,0,0,false
2,0.1pct,parquet_full,1033607.0,1043161.0,1048699.0,0,131,0,255379,255379,259,0,131072,131,131072,131,255383,0,0,false
2,0.1pct,parquet_boundary_search_p4096,766352.0,766557.0,768395.0,0,131,0,245982,245982,54,0,131072,131,131072,131,246506,32,32,false
2,0.1pct,parquet_boundary_search_p16384,513745.7,518499.3,523323.0,0,131,0,260167,260167,19,0,131072,131,131072,131,260171,8,8,false
2,0.1pct,parquet_boundary_search,1055389.0,1060037.0,1068208.0,0,131,0,251440,251440,158,0,131072,131,131072,131,255383,128,128,false
2,0.1pct,parquet_row_filter,1054729.0,1056541.0,1057933.0,0,131,0,251440,251440,158,0,131072,131,131072,131,255383,0,0,false
2,0.1pct,parquet_page_index_filter,1054818.0,1055169.0,1056931.0,0,131,0,251440,251440,158,0,131072,131,131072,131,255383,128,128,false
2,1pct,generated_selective,991288.5,993061.5,994017.5,0,1315,298568,135745,135745,4,1,131072,1315,131072,2630,135801,0,0,false
2,1pct,generated_fused,1814896.0,1815677.0,1816559.0,0,1315,298568,135801,135801,2,1,131072,131072,131072,262144,135801,0,0,false
2,1pct,generated_direct_selective,550517.3,554486.3,554693.3,0,1315,279056,279056,279056,5,0,131072,1315,131073,2630,279168,0,0,false
2,1pct,generated_scan_selective,990988.0,991028.0,993396.5,0,1315,298568,135745,135745,4,1,131072,1315,131072,2630,135801,0,0,false
2,1pct,parquet_full,1042530.0,1043712.0,1045325.0,0,1315,0,255379,255379,259,0,131072,1315,131072,1315,255383,0,0,false
2,1pct,parquet_boundary_search_p4096,800833.5,802200.5,803968.0,0,1315,0,246502,246502,67,0,131072,1315,131072,1315,246506,32,32,false
2,1pct,parquet_boundary_search_p16384,530948.0,539607.3,539781.3,0,1315,0,260167,260167,19,0,131072,1315,131072,1315,260171,8,8,false
2,1pct,parquet_boundary_search,1131583.0,1132064.0,1136200.0,0,1315,0,253819,253819,219,0,131072,1315,131072,1315,255383,128,128,false
2,1pct,parquet_row_filter,1105394.0,1110883.0,1112875.0,0,1315,0,253819,253819,219,0,131072,1315,131072,1315,255383,0,0,false
2,1pct,parquet_page_index_filter,1115869.0,1117803.0,1118984.0,0,1315,0,253819,253819,219,0,131072,1315,131072,1315,255383,128,128,false
2,10pct,generated_selective,1114238.0,1116771.0,1117663.0,0,13109,298568,135745,135745,4,1,131072,13109,131072,26218,135801,0,0,false
2,10pct,generated_fused,1845271.0,1850759.0,1854785.0,0,13109,298568,135801,135801,2,1,131072,131072,131072,262144,135801,0,0,false
2,10pct,generated_direct_selective,672221.0,672250.5,672581.5,0,13109,279056,279056,279056,5,0,131072,13109,131073,26218,279168,0,0,false
2,10pct,generated_scan_selective,1115099.0,1116511.0,1117382.0,0,13109,298568,135745,135745,4,1,131072,13109,131072,26218,135801,0,0,false
2,10pct,parquet_full,1067177.0,1068900.0,1075840.0,0,13109,0,255379,255379,259,0,131072,13109,131072,13109,255383,0,0,false
2,10pct,parquet_boundary_search_p4096,950232.0,950612.5,950777.5,0,13109,0,246502,246502,67,0,131072,13109,131072,13109,246506,32,32,false
2,10pct,parquet_boundary_search_p16384,680353.0,681199.0,690633.5,0,13109,0,260167,260167,19,0,131072,13109,131072,13109,260171,8,8,false
2,10pct,parquet_boundary_search,1308679.0,1310391.0,1312153.0,0,13109,0,255379,255379,259,0,131072,13109,131072,13109,255383,128,128,false
2,10pct,parquet_row_filter,1305264.0,1306455.0,1310621.0,0,13109,0,255379,255379,259,0,131072,13109,131072,13109,255383,0,0,false
2,10pct,parquet_page_index_filter,1315919.0,1317332.0,1323471.0,0,13109,0,255379,255379,259,0,131072,13109,131072,13109,255383,128,128,false
2,50pct,generated_selective,1601948.0,1604421.0,1609518.0,0,65537,298568,135745,135745,4,1,131072,65537,131072,131074,135801,0,0,false
2,50pct,generated_fused,1932852.0,1935697.0,1943278.0,0,65537,298568,135801,135801,2,1,131072,131072,131072,262144,135801,0,0,false
2,50pct,generated_direct_selective,1145945.0,1147157.0,1147978.0,0,65537,279056,279056,279056,5,0,131072,65537,131073,131074,279168,0,0,false
2,50pct,generated_scan_selective,1603910.0,1606294.0,1606434.0,0,65537,298568,135745,135745,4,1,131072,65537,131072,131074,135801,0,0,false
2,50pct,parquet_full,1158413.0,1160978.0,1163931.0,0,65537,0,255379,255379,259,0,131072,65537,131072,65537,255383,0,0,false
2,50pct,parquet_boundary_search_p4096,1192434.0,1193876.0,1196912.0,0,65537,0,246502,246502,67,0,131072,65537,131072,65537,246506,32,32,false
2,50pct,parquet_boundary_search_p16384,922796.0,927257.5,927858.5,0,65537,0,260167,260167,19,0,131072,65537,131072,65537,260171,8,8,false
2,50pct,parquet_boundary_search,1533335.0,1537351.0,1541146.0,0,65537,0,255379,255379,259,0,131072,65537,131072,65537,255383,128,128,false
2,50pct,parquet_row_filter,1514006.0,1515148.0,1515237.0,0,65537,0,255379,255379,259,0,131072,65537,131072,65537,255383,0,0,false
2,50pct,parquet_page_index_filter,1534557.0,1540335.0,1541988.0,0,65537,0,255379,255379,259,0,131072,65537,131072,65537,255383,128,128,false
3,0.1pct,generated_selective,290706.7,291524.7,291820.2,39832,131,2914,149387,149387,4,2,33,131,3649,471,149387,0,0,false
3,0.1pct,generated_fused,2279482.0,2284869.0,2289255.0,39832,131,251637,149387,149387,2,2,33,131072,3649,262848,149387,0,0,false
3,0.1pct,generated_direct_selective,3656.7,3657.1,3661.4,39832,131,1408,8552,8552,36,0,33,131,66,418,620608,0,0,false
3,0.1pct,generated_scan_selective,885845.5,886827.5,888219.0,39832,131,103843,149387,149387,4,2,131072,131,131072,471,149387,0,0,false
3,0.1pct,parquet_full,741249.0,743407.5,745821.5,39832,131,0,196781,196781,259,0,131072,131,131072,131,196785,0,0,false
3,0.1pct,parquet_boundary_search_p4096,49744.2,49840.5,50050.5,39832,131,0,13974,13974,7,0,8192,131,8192,131,180873,9,2,true
3,0.1pct,parquet_boundary_search_p16384,150042.0,150082.1,150206.4,39832,131,0,48105,48105,7,0,32768,131,32768,131,181371,5,2,true
3,0.1pct,parquet_boundary_search,30674.1,30769.8,30811.7,39832,131,0,12328,12328,7,0,2048,131,2048,131,196785,21,2,true
3,0.1pct,parquet_row_filter,439350.0,439723.0,440544.2,39832,131,0,18376,18376,133,0,131072,131,131072,131,196785,0,0,false
3,0.1pct,parquet_page_index_filter,30978.2,30978.5,31081.3,39832,131,0,12328,12328,7,0,2048,131,2048,131,196785,128,2,false
3,1pct,generated_selective,304125.0,304347.2,305307.0,2189682,1310,4670,149387,149387,4,2,33,1310,3262,2743,149387,0,0,false
3,1pct,generated_fused,2281814.0,2285650.0,2290798.0,2189682,1310,251300,149387,149387,2,2,33,131072,3262,262848,149387,0,0,false
3,1pct,generated_direct_selective,26677.9,26688.3,26698.1,2189682,1310,8871,27096,27096,293,0,33,1310,66,3946,620608,0,0,false
3,1pct,generated_scan_selective,905194.5,905725.5,906842.0,2189682,1310,105936,149387,149387,4,2,131072,1310,131072,2743,149387,0,0,false
3,1pct,parquet_full,748750.5,749236.0,750052.5,2189682,1310,0,196781,196781,259,0,131072,1310,131072,1310,196785,0,0,false
3,1pct,parquet_boundary_search_p4096,51487.1,51514.7,51543.7,2189682,1310,0,13974,13974,7,0,8192,1310,8192,1310,180873,9,2,true
3,1pct,parquet_boundary_search_p16384,151436.6,151600.2,151843.1,2189682,1310,0,48105,48105,7,0,32768,1310,32768,1310,181371,5,2,true
3,1pct,parquet_boundary_search,32610.2,32635.9,32778.4,2189682,1310,0,12328,12328,7,0,2048,1310,2048,1310,196785,21,2,true
3,1pct,parquet_row_filter,439833.2,440839.8,440922.5,2189682,1310,0,18376,18376,133,0,131072,1310,131072,1310,196785,0,0,false
3,1pct,parquet_page_index_filter,32772.4,32777.2,32847.6,2189682,1310,0,12328,12328,7,0,2048,1310,2048,1310,196785,128,2,false
3,10pct,generated_selective,447637.2,447750.0,449487.8,22225542,13107,26953,149387,149387,4,2,33,13107,2931,26534,149387,0,0,false
3,10pct,generated_fused,2303877.0,2310237.0,2312560.0,22225542,13107,251161,149387,149387,2,2,33,131072,2931,262848,149387,0,0,false
3,10pct,generated_direct_selective,257329.3,257774.3,257914.6,22225542,13107,40660,54936,54936,476,0,33,13107,66,39335,620608,0,0,false
3,10pct,generated_scan_selective,1056271.0,1056471.0,1058914.0,22225542,13107,128358,149387,149387,4,2,131072,13107,131072,26534,149387,0,0,false
3,10pct,parquet_full,759416.5,760899.0,763046.5,22225542,13107,0,196781,196781,259,0,131072,13107,131072,13107,196785,0,0,false
3,10pct,parquet_boundary_search_p4096,113570.6,113596.2,113830.3,22225542,13107,0,25923,25923,11,0,16384,13107,16384,13107,180873,9,4,true
3,10pct,parquet_boundary_search_p16384,173067.2,173112.7,173351.2,22225542,13107,0,48105,48105,7,0,32768,13107,32768,13107,181371,5,2,true
3,10pct,parquet_boundary_search,125152.6,125365.6,125465.8,22225542,13107,0,30814,30814,31,0,14336,13107,14336,13107,196785,22,14,true
3,10pct,parquet_row_filter,493696.2,496883.5,497016.5,22225542,13107,0,36286,36286,145,0,131072,13107,131072,13107,196785,0,0,false
3,10pct,parquet_page_index_filter,124731.1,125213.0,125649.2,22225542,13107,0,30814,30814,31,0,14336,13107,14336,13107,196785,128,14,false
3,50pct,generated_selective,1080326.0,1083161.0,1087878.0,105466918,65536,126566,149387,149387,4,2,34,65536,2937,131835,149387,0,0,false
3,50pct,generated_fused,2410788.0,2413682.0,2416476.0,105466918,65536,250783,149387,149387,2,2,34,131072,2937,262848,149387,0,0,false
3,50pct,generated_direct_selective,1282730.0,1285444.0,1289059.0,105466918,65536,133022,142728,142728,719,0,34,65536,68,196607,620608,0,0,false
3,50pct,generated_scan_selective,1735417.0,1740103.0,1742117.0,105466918,65536,228349,149387,149387,4,2,131072,65536,131072,131835,149387,0,0,false
3,50pct,parquet_full,795801.0,798490.0,798515.0,105466918,65536,0,196781,196781,259,0,131072,65536,131072,65536,196785,0,0,false
3,50pct,parquet_boundary_search_p4096,427277.0,427534.8,428972.0,105466918,65536,0,95288,95288,35,0,65536,65536,65536,65536,180873,10,16,true
3,50pct,parquet_boundary_search_p16384,382937.0,384958.2,386386.2,105466918,65536,0,94815,94815,11,0,65536,65536,65536,65536,181371,6,4,true
3,50pct,parquet_boundary_search,482564.8,483310.8,483724.0,105466918,65536,0,106719,106719,131,0,65536,65536,65536,65536,196785,24,64,true
3,50pct,parquet_row_filter,686567.5,688210.0,688500.5,105466918,65536,0,109791,109791,195,0,131072,65536,131072,65536,196785,0,0,false
3,50pct,parquet_page_index_filter,481185.0,481500.5,483115.5,105466918,65536,0,106719,106719,131,0,65536,65536,65536,65536,196785,128,64,false
4,0.1pct,generated_selective,212149.8,212242.0,212426.8,11532,131,2796,105311,105311,4,2,33,131,3649,471,105311,0,0,false
4,0.1pct,generated_fused,2205050.0,2205500.0,2207113.0,11532,131,202488,105311,105311,2,2,33,131072,3649,262848,105311,0,0,false
4,0.1pct,generated_direct_selective,3656.4,3656.6,3659.4,11532,131,1303,8520,8520,37,0,33,131,66,418,546560,0,0,false
4,0.1pct,generated_scan_selective,807047.5,807588.5,808890.5,11532,131,103725,105311,105311,4,2,131072,131,131072,471,105311,0,0,false
4,0.1pct,parquet_full,696137.0,700693.5,701670.0,11532,131,0,142506,142506,259,0,131072,131,131072,131,142510,0,0,false
4,0.1pct,parquet_boundary_search_p4096,48133.5,48138.6,48200.9,11532,131,0,10200,10200,7,0,8192,131,8192,131,123814,9,2,true
4,0.1pct,parquet_boundary_search_p16384,142712.8,142973.2,143013.3,11532,131,0,30367,30367,7,0,32768,131,32768,131,119299,5,2,true
4,0.1pct,parquet_boundary_search,26389.9,26400.8,26410.1,11532,131,0,11457,11457,7,0,2048,131,2048,131,142510,21,2,true
4,0.1pct,parquet_row_filter,434605.5,434855.8,435256.2,11532,131,0,17505,17505,133,0,131072,131,131072,131,142510,0,0,false
4,0.1pct,parquet_page_index_filter,26327.5,26354.9,26424.7,11532,131,0,11457,11457,7,0,2048,131,2048,131,142510,128,2,false
4,1pct,generated_selective,224900.4,225217.0,225615.1,180650,1310,4139,105311,105311,4,2,33,1310,3262,2743,105311,0,0,false
4,1pct,generated_fused,2206221.0,2212090.0,2214895.0,180650,1310,202151,105311,105311,2,2,33,131072,3262,262848,105311,0,0,false
4,1pct,generated_direct_selective,26609.3,26633.3,26644.8,180650,1310,4132,12312,12312,71,0,33,1310,66,3946,546560,0,0,false
4,1pct,generated_scan_selective,820598.0,825710.5,827608.5,180650,1310,105405,105311,105311,4,2,131072,1310,131072,2743,105311,0,0,false
4,1pct,parquet_full,695796.0,696036.5,697348.5,180650,1310,0,142506,142506,259,0,131072,1310,131072,1310,142510,0,0,false
4,1pct,parquet_boundary_search_p4096,49943.7,49953.2,50093.7,180650,1310,0,10200,10200,7,0,8192,1310,8192,1310,123814,9,2,true
4,1pct,parquet_boundary_search_p16384,145012.5,145157.2,145505.4,180650,1310,0,30367,30367,7,0,32768,1310,32768,1310,119299,5,2,true
4,1pct,parquet_boundary_search,27998.7,28003.3,28177.5,180650,1310,0,11457,11457,7,0,2048,1310,2048,1310,142510,21,2,true
4,1pct,parquet_row_filter,435694.5,436443.0,437384.5,180650,1310,0,17505,17505,133,0,131072,1310,131072,1310,142510,0,0,false
4,1pct,parquet_page_index_filter,28263.0,28263.5,28275.7,180650,1310,0,11457,11457,7,0,2048,1310,2048,1310,142510,128,2,false
4,10pct,generated_selective,370037.8,370340.2,370366.2,1572076,13107,22002,105311,105311,4,2,33,13107,2931,26534,105311,0,0,false
4,10pct,generated_fused,2229617.0,2230648.0,2231479.0,1572076,13107,202012,105311,105311,2,2,33,131072,2931,262848,105311,0,0,false
4,10pct,generated_direct_selective,257564.0,257682.7,257918.9,1572076,13107,19761,27400,27400,124,0,33,13107,66,39335,546560,0,0,false
4,10pct,generated_scan_selective,980402.0,983502.0,984838.5,1572076,13107,123407,105311,105311,4,2,131072,13107,131072,26534,105311,0,0,false
4,10pct,parquet_full,753437.5,787168.0,789436.5,1572076,13107,0,142506,142506,259,0,131072,13107,131072,13107,142510,0,0,false
4,10pct,parquet_boundary_search_p4096,110547.1,110556.0,110813.1,1572076,13107,0,17808,17808,11,0,16384,13107,16384,13107,123814,9,4,true
4,10pct,parquet_boundary_search_p16384,166124.4,166815.5,166965.7,1572076,13107,0,30367,30367,7,0,32768,13107,32768,13107,119299,5,2,true
4,10pct,parquet_boundary_search,112238.5,112296.9,113079.8,1572076,13107,0,23877,23877,31,0,14336,13107,14336,13107,142510,22,14,true
4,10pct,parquet_row_filter,481723.2,481923.8,482542.0,1572076,13107,0,29349,29349,145,0,131072,13107,131072,13107,142510,0,0,false
4,10pct,parquet_page_index_filter,112835.9,112940.8,112989.7,1572076,13107,0,23877,23877,31,0,14336,13107,14336,13107,142510,128,14,false
4,50pct,generated_selective,1015009.0,1017754.0,1020166.0,8363492,65536,101897,105311,105311,4,2,34,65536,2937,131835,105311,0,0,false
4,50pct,generated_fused,2334423.0,2341874.0,2341995.0,8363492,65536,201634,105311,105311,2,2,34,131072,2937,262848,105311,0,0,false
4,50pct,generated_direct_selective,1282099.0,1287256.0,1287637.0,8363492,65536,85672,93256,93256,331,0,34,65536,68,196607,546560,0,0,false
4,50pct,generated_scan_selective,1671381.0,1675547.0,1679844.0,8363492,65536,203680,105311,105311,4,2,131072,65536,131072,131835,105311,0,0,false
4,50pct,parquet_full,747579.0,748910.5,751434.5,8363492,65536,0,142506,142506,259,0,131072,65536,131072,65536,142510,0,0,false
4,50pct,parquet_boundary_search_p4096,419678.0,419998.5,421235.2,8363492,65536,0,64141,64141,35,0,65536,65536,65536,65536,123814,10,16,true
4,50pct,parquet_boundary_search_p16384,386602.6,386782.8,389693.2,8363492,65536,0,60983,60983,11,0,65536,65536,65536,65536,119299,6,4,true
4,50pct,parquet_boundary_search,459200.3,459731.3,462799.3,8363492,65536,0,76751,76751,131,0,65536,65536,65536,65536,142510,24,64,true
4,50pct,parquet_row_filter,664324.0,664551.0,664905.0,8363492,65536,0,79823,79823,195,0,131072,65536,131072,65536,142510,0,0,false
4,50pct,parquet_page_index_filter,458416.0,458476.0,458904.2,8363492,65536,0,76751,76751,131,0,65536,65536,65536,65536,142510,128,64,false
5,0.1pct,generated_selective,17530.5,17545.2,17545.7,0,4,2678,2845,2845,4,2,23,4,2428,5,2845,0,0,false
5,0.1pct,generated_fused,36915.6,36932.5,36936.7,0,4,22173,2845,2845,2,2,23,4730,2428,4731,2845,0,0,false
5,0.1pct,generated_direct_selective,838.7,838.8,840.1,0,4,908,4528,4528,17,0,23,4,46,31,18400,0,0,false
5,0.1pct,generated_scan_selective,28556.0,28620.8,28654.3,0,4,7893,2845,2845,4,2,4730,4,4730,5,2845,0,0,false
5,0.1pct,parquet_full,31518.5,31555.6,31621.4,0,4,0,5024,5024,13,0,4730,4,4730,4,5028,0,0,false
5,0.1pct,parquet_boundary_search_p4096,26039.4,26139.4,26140.4,0,4,0,3939,3939,5,0,4096,4,4096,4,4531,4,1,true
5,0.1pct,parquet_boundary_search_p16384,28803.4,28840.8,28846.2,0,4,0,4357,4357,5,0,4730,4,4730,4,4361,2,1,true
5,0.1pct,parquet_boundary_search,12982.5,12983.4,12994.6,0,4,0,1710,1710,5,0,1024,4,1024,4,5028,4,1,true
5,0.1pct,parquet_row_filter,25346.8,25394.2,25537.4,0,4,0,1906,1906,9,0,4730,4,4730,4,5028,0,0,false
5,0.1pct,parquet_page_index_filter,12897.8,12915.8,12924.2,0,4,0,1710,1710,5,0,1024,4,1024,4,5028,5,1,false
5,1pct,generated_selective,17319.7,17333.9,17354.3,0,47,2756,2845,2845,4,2,23,47,2330,48,2845,0,0,false
5,1pct,generated_fused,36510.6,36510.8,36522.6,0,47,22073,2845,2845,2,2,23,4730,2330,4731,2845,0,0,false
5,1pct,generated_direct_selective,839.3,840.7,841.5,0,47,908,4528,4528,17,0,23,47,46,31,18400,0,0,false
5,1pct,generated_scan_selective,28686.3,28718.2,28783.7,0,47,8071,2845,2845,4,2,4730,47,4730,48,2845,0,0,false
5,1pct,parquet_full,31449.7,31461.3,31508.8,0,47,0,5024,5024,13,0,4730,47,4730,47,5028,0,0,false
5,1pct,parquet_boundary_search_p4096,26163.4,26191.5,26243.7,0,47,0,3939,3939,5,0,4096,47,4096,47,4531,4,1,true
5,1pct,parquet_boundary_search_p16384,28883.7,28886.1,28891.8,0,47,0,4357,4357,5,0,4730,47,4730,47,4361,2,1,true
5,1pct,parquet_boundary_search,12983.3,13033.3,13111.0,0,47,0,1710,1710,5,0,1024,47,1024,47,5028,4,1,true
5,1pct,parquet_row_filter,25432.6,25485.0,25517.4,0,47,0,1906,1906,9,0,4730,47,4730,47,5028,0,0,false
5,1pct,parquet_page_index_filter,13043.0,13058.7,13074.5,0,47,0,1710,1710,5,0,1024,47,1024,47,5028,5,1,false
5,10pct,generated_selective,18445.7,18459.6,18477.3,9944054162,483,4338,2845,2845,4,2,24,483,2176,484,2845,0,0,false
5,10pct,generated_fused,36111.5,36127.5,36156.8,9944054162,483,21856,2845,2845,2,2,24,4730,2176,4731,2845,0,0,false
5,10pct,generated_direct_selective,1718.5,1722.3,1728.0,9944054162,483,1134,4656,4656,18,0,24,483,48,112,18400,0,0,false
5,10pct,generated_scan_selective,30782.0,30809.9,30814.5,9944054162,483,9870,2845,2845,4,2,4730,483,4730,484,2845,0,0,false
5,10pct,parquet_full,31745.0,31820.6,31845.7,9944054162,483,0,5024,5024,13,0,4730,483,4730,483,5028,0,0,false
5,10pct,parquet_boundary_search_p4096,26786.3,26810.2,26821.1,9944054162,483,0,3939,3939,5,0,4096,483,4096,483,4531,4,1,true
5,10pct,parquet_boundary_search_p16384,29436.1,29445.0,29540.3,9944054162,483,0,4357,4357,5,0,4730,483,4730,483,4361,2,1,true
5,10pct,parquet_boundary_search,13717.5,13730.0,13748.4,9944054162,483,0,1710,1710,5,0,1024,483,1024,483,5028,4,1,true
5,10pct,parquet_row_filter,26266.1,26324.4,26335.6,9944054162,483,0,1906,1906,9,0,4730,483,4730,483,5028,0,0,false
5,10pct,parquet_page_index_filter,13676.7,13691.3,13702.2,9944054162,483,0,1710,1710,5,0,1024,483,1024,483,5028,5,1,false
5,50pct,generated_selective,30210.9,30227.5,30232.6,180619064060,2365,11730,2845,2845,4,2,24,2365,3405,2366,2845,0,0,false
5,50pct,generated_fused,41607.1,41642.5,41649.8,180619064060,2365,21485,2845,2845,2,2,24,4730,3405,4731,2845,0,0,false
5,50pct,generated_direct_selective,11924.5,11935.3,11953.6,180619064060,2365,3709,7856,7856,32,0,24,2365,48,1072,18400,0,0,false
5,50pct,generated_scan_selective,39436.8,39462.1,39469.3,180619064060,2365,17633,2845,2845,4,2,4730,2365,4730,2366,2845,0,0,false
5,50pct,parquet_full,32319.7,32369.6,32465.2,180619064060,2365,0,5024,5024,13,0,4730,2365,4730,2365,5028,0,0,false
5,50pct,parquet_boundary_search_p4096,29910.1,30001.8,30041.3,180619064060,2365,0,3939,3939,5,0,4096,2365,4096,2365,4531,4,1,true
5,50pct,parquet_boundary_search_p16384,32770.4,32917.9,32934.4,180619064060,2365,0,4357,4357,5,0,4730,2365,4730,2365,4361,2,1,true
5,50pct,parquet_boundary_search,28384.6,28402.1,28435.7,180619064060,2365,0,3815,3815,9,0,3072,2365,3072,2365,5028,5,3,true
5,50pct,parquet_row_filter,34458.5,34466.3,34470.5,180619064060,2365,0,3913,3913,11,0,4730,2365,4730,2365,5028,0,0,false
5,50pct,parquet_page_index_filter,28440.7,28461.9,28519.6,180619064060,2365,0,3815,3815,9,0,3072,2365,3072,2365,5028,5,3,false
6,0.1pct,generated_selective,28856.5,28861.4,28867.7,0,4,2717,3988,3988,4,2,23,4,4648,5,3988,0,0,false
6,0.1pct,generated_fused,45329.0,45336.2,45351.1,0,4,19835,3988,3988,2,2,23,4032,4648,4033,3988,0,0,false
6,0.1pct,generated_direct_selective,874.7,874.8,876.4,0,4,927,4544,4544,17,0,23,4,46,36,20096,0,0,false
6,0.1pct,generated_scan_selective,28856.5,28886.1,28905.6,0,4,5818,3988,3988,4,2,4032,4,4032,5,3988,0,0,false
6,0.1pct,parquet_full,28037.2,28048.7,28318.3,0,4,0,6507,6507,11,0,4032,4,4032,4,6511,0,0,false
6,0.1pct,parquet_boundary_search_p4096,25306.3,25319.8,25353.3,0,4,0,5976,5976,5,0,4032,4,4032,4,5980,2,1,true
6,0.1pct,parquet_boundary_search_p16384,25248.8,25286.7,25346.1,0,4,0,5976,5976,5,0,4032,4,4032,4,5980,2,1,true
6,0.1pct,parquet_boundary_search,12783.5,12812.9,12841.9,0,4,0,1856,1856,5,0,1024,4,1024,4,6511,5,1,true
6,0.1pct,parquet_row_filter,22502.9,22600.8,22619.9,0,4,0,2003,2003,8,0,4032,4,4032,4,6511,0,0,false
6,0.1pct,parquet_page_index_filter,12695.2,12712.4,12713.1,0,4,0,1856,1856,5,0,1024,4,1024,4,6511,4,1,false
6,1pct,generated_selective,28750.6,28771.3,28779.9,0,40,2819,3988,3988,4,2,23,40,4573,41,3988,0,0,false
6,1pct,generated_fused,45082.2,45098.6,45202.9,0,40,19785,3988,3988,2,2,23,4032,4573,4033,3988,0,0,false
6,1pct,generated_direct_selective,880.0,880.3,881.4,0,40,933,4544,4544,17,0,23,40,46,36,20096,0,0,false
6,1pct,generated_scan_selective,29066.3,29092.2,29105.2,0,40,5970,3988,3988,4,2,4032,40,4032,41,3988,0,0,false
6,1pct,parquet_full,28202.1,28219.8,28343.6,0,40,0,6507,6507,11,0,4032,40,4032,40,6511,0,0,false
6,1pct,parquet_boundary_search_p4096,25407.0,25479.0,25481.7,0,40,0,5976,5976,5,0,4032,40,4032,40,5980,2,1,true
6,1pct,parquet_boundary_search_p16384,25333.5,25373.8,25413.2,0,40,0,5976,5976,5,0,4032,40,4032,40,5980,2,1,true
6,1pct,parquet_boundary_search,13002.4,13003.0,13007.7,0,40,0,1856,1856,5,0,1024,40,1024,40,6511,5,1,true
6,1pct,parquet_row_filter,22699.4,22700.9,22704.9,0,40,0,2003,2003,8,0,4032,40,4032,40,6511,0,0,false
6,1pct,parquet_page_index_filter,12984.2,12998.9,13019.9,0,40,0,1856,1856,5,0,1024,40,1024,40,6511,4,1,false
6,10pct,generated_selective,22436.8,22455.9,22456.4,116065735014,403,4020,3988,3988,4,2,23,403,2702,404,3988,0,0,false
6,10pct,generated_fused,37561.5,37574.5,37625.4,116065735014,403,19442,3988,3988,2,2,23,4032,2702,4033,3988,0,0,false
6,10pct,generated_direct_selective,4667.6,4678.1,4686.6,116065735014,403,1894,5600,5600,22,0,23,403,46,393,20096,0,0,false
6,10pct,generated_scan_selective,30670.4,30670.8,30683.5,116065735014,403,7514,3988,3988,4,2,4032,403,4032,404,3988,0,0,false
6,10pct,parquet_full,28408.6,28429.6,28596.4,116065735014,403,0,6507,6507,11,0,4032,403,4032,403,6511,0,0,false
6,10pct,parquet_boundary_search_p4096,26010.4,26012.7,26019.6,116065735014,403,0,5976,5976,5,0,4032,403,4032,403,5980,2,1,true
6,10pct,parquet_boundary_search_p16384,25973.9,25975.1,26003.5,116065735014,403,0,5976,5976,5,0,4032,403,4032,403,5980,2,1,true
6,10pct,parquet_boundary_search,19040.4,19048.6,19121.4,116065735014,403,0,3567,3567,7,0,2048,403,2048,403,6511,5,2,true
6,10pct,parquet_row_filter,25321.0,25361.9,25436.7,116065735014,403,0,3665,3665,9,0,4032,403,4032,403,6511,0,0,false
6,10pct,parquet_page_index_filter,18993.4,18996.1,19004.9,116065735014,403,0,3567,3567,7,0,2048,403,2048,403,6511,4,2,false
6,50pct,generated_selective,36119.0,36153.4,36161.6,423263374950,2016,11279,3988,3988,4,2,23,2016,4579,2017,3988,0,0,false
6,50pct,generated_fused,45885.2,45892.6,45948.8,423263374950,2016,19847,3988,3988,2,2,23,4032,4579,4033,3988,0,0,false
6,50pct,generated_direct_selective,16052.5,16063.2,16189.6,423263374950,2016,4854,9040,9040,38,0,23,2016,46,1472,20096,0,0,false
6,50pct,generated_scan_selective,37860.0,37861.2,37867.0,423263374950,2016,14368,3988,3988,4,2,4032,2016,4032,2017,3988,0,0,false
6,50pct,parquet_full,29564.2,29602.3,29641.7,423263374950,2016,0,6507,6507,11,0,4032,2016,4032,2016,6511,0,0,false
6,50pct,parquet_boundary_search_p4096,28486.5,28517.3,28605.5,423263374950,2016,0,5976,5976,5,0,4032,2016,4032,2016,5980,2,1,true
6,50pct,parquet_boundary_search_p16384,28465.4,28491.9,28531.0,423263374950,2016,0,5976,5976,5,0,4032,2016,4032,2016,5980,2,1,true
6,50pct,parquet_boundary_search,27200.2,27241.7,27320.5,423263374950,2016,0,4905,4905,9,0,3072,2016,3072,2016,6511,5,3,true
6,50pct,parquet_row_filter,30341.9,30376.5,30377.0,423263374950,2016,0,4954,4954,10,0,4032,2016,4032,2016,6511,0,0,false
6,50pct,parquet_page_index_filter,27165.3,27197.4,27225.8,423263374950,2016,0,4905,4905,9,0,3072,2016,3072,2016,6511,4,3,false
7,0.1pct,generated_selective,32376.1,32380.3,32445.6,8701600,4,2715,13655,13655,4,2,23,4,4648,5,13655,0,0,false
7,0.1pct,generated_fused,49141.1,49173.6,49190.0,8701600,4,18827,13655,13655,2,2,23,4032,4648,4033,13655,0,0,false
7,0.1pct,generated_direct_selective,641.9,642.2,642.8,8701600,4,618,4064,4064,14,0,23,4,46,5,27776,0,0,false
7,0.1pct,generated_scan_selective,31651.2,31671.4,31691.1,8701600,4,5816,13655,13655,4,2,4032,4,4032,5,13655,0,0,false
7,0.1pct,parquet_full,22731.2,22801.7,22835.2,8701600,4,0,13507,13507,11,0,4032,4,4032,4,13511,0,0,false
7,0.1pct,parquet_boundary_search_p4096,21768.7,21793.2,21884.2,8701600,4,0,13069,13069,5,0,4032,4,4032,4,13073,2,1,true
7,0.1pct,parquet_boundary_search_p16384,21814.4,21839.1,21843.4,8701600,4,0,13069,13069,5,0,4032,4,4032,4,13073,2,1,true
7,0.1pct,parquet_boundary_search,12052.5,12069.5,12084.4,8701600,4,0,4421,4421,5,0,1024,4,1024,4,13511,5,1,true
7,0.1pct,parquet_row_filter,22028.9,22045.5,22046.8,8701600,4,0,4579,4579,8,0,4032,4,4032,4,13511,0,0,false
7,0.1pct,parquet_page_index_filter,12040.4,12057.2,12069.3,8701600,4,0,4421,4421,5,0,1024,4,1024,4,13511,4,1,false
7,1pct,generated_selective,32219.2,32246.5,32255.8,97169050,40,2809,13655,13655,4,2,23,40,4573,41,13655,0,0,false
7,1pct,generated_fused,48754.7,48761.8,48788.1,97169050,40,18777,13655,13655,2,2,23,4032,4573,4033,13655,0,0,false
7,1pct,generated_direct_selective,780.1,780.4,780.8,97169050,40,768,4064,4064,14,0,23,40,46,41,27776,0,0,false
7,1pct,generated_scan_selective,31779.8,31813.3,31827.5,97169050,40,5960,13655,13655,4,2,4032,40,4032,41,13655,0,0,false
7,1pct,parquet_full,22904.0,22910.8,22937.8,97169050,40,0,13507,13507,11,0,4032,40,4032,40,13511,0,0,false
7,1pct,parquet_boundary_search_p4096,21880.9,21891.9,21917.9,97169050,40,0,13069,13069,5,0,4032,40,4032,40,13073,2,1,true
7,1pct,parquet_boundary_search_p16384,21861.2,21881.2,21900.1,97169050,40,0,13069,13069,5,0,4032,40,4032,40,13073,2,1,true
7,1pct,parquet_boundary_search,12013.0,12015.6,12081.7,97169050,40,0,4421,4421,5,0,1024,40,1024,40,13511,5,1,true
7,1pct,parquet_row_filter,21960.0,22039.5,22063.9,97169050,40,0,4579,4579,8,0,4032,40,4032,40,13511,0,0,false
7,1pct,parquet_page_index_filter,12082.3,12130.0,12133.1,97169050,40,0,4421,4421,5,0,1024,40,1024,40,13511,4,1,false
7,10pct,generated_selective,26345.6,26351.2,26393.4,1031478178,403,3918,13655,13655,4,2,23,403,2702,404,13655,0,0,false
7,10pct,generated_fused,41685.7,41711.0,41739.5,1031478178,403,18434,13655,13655,2,2,23,4032,2702,4033,13655,0,0,false
7,10pct,generated_direct_selective,2150.7,2152.9,2155.1,1031478178,403,2218,5600,5600,14,0,23,403,46,404,27776,0,0,false
7,10pct,generated_scan_selective,33550.0,33551.6,33563.1,1031478178,403,7412,13655,13655,4,2,4032,403,4032,404,13655,0,0,false
7,10pct,parquet_full,23006.0,23025.5,23113.1,1031478178,403,0,13507,13507,11,0,4032,403,4032,403,13511,0,0,false
7,10pct,parquet_boundary_search_p4096,22417.8,22435.0,22444.8,1031478178,403,0,13069,13069,5,0,4032,403,4032,403,13073,2,1,true
7,10pct,parquet_boundary_search_p16384,22323.0,22336.7,22337.7,1031478178,403,0,13069,13069,5,0,4032,403,4032,403,13073,2,1,true
7,10pct,parquet_boundary_search,16604.6,16620.8,16639.6,1031478178,403,0,7355,7355,7,0,2048,403,2048,403,13511,5,2,true
7,10pct,parquet_row_filter,23159.1,23190.1,23190.3,1031478178,403,0,7464,7464,9,0,4032,403,4032,403,13511,0,0,false
7,10pct,parquet_page_index_filter,16627.0,16672.8,16676.7,1031478178,403,0,7355,7355,7,0,2048,403,2048,403,13511,4,2,false
7,50pct,generated_selective,39694.8,39706.8,39715.8,12948315171,2016,10775,13655,13655,4,2,23,2016,4579,2017,13655,0,0,false
7,50pct,generated_fused,49472.8,49589.0,49591.2,12948315171,2016,18839,13655,13655,2,2,23,4032,4579,4033,13655,0,0,false
7,50pct,generated_direct_selective,8097.5,8098.9,8105.7,12948315171,2016,8668,12592,12592,15,0,23,2016,46,2017,27776,0,0,false
7,50pct,generated_scan_selective,41069.0,41074.2,41084.6,12948315171,2016,13864,13655,13655,4,2,4032,2016,4032,2017,13655,0,0,false
7,50pct,parquet_full,24289.6,24368.0,24376.1,12948315171,2016,0,13507,13507,11,0,4032,2016,4032,2016,13511,0,0,false
7,50pct,parquet_boundary_search_p4096,24855.8,24926.2,24952.2,12948315171,2016,0,13069,13069,5,0,4032,2016,4032,2016,13073,2,1,true
7,50pct,parquet_boundary_search_p16384,24809.9,24863.5,24867.8,12948315171,2016,0,13069,13069,5,0,4032,2016,4032,2016,13073,2,1,true
7,50pct,parquet_boundary_search,23805.6,23822.6,23852.6,12948315171,2016,0,10854,10854,9,0,3072,2016,3072,2016,13511,5,3,true
7,50pct,parquet_row_filter,26886.0,26938.4,26984.5,12948315171,2016,0,10903,10903,10,0,4032,2016,4032,2016,13511,0,0,false
7,50pct,parquet_page_index_filter,23782.4,23786.7,23787.4,12948315171,2016,0,10854,10854,9,0,3072,2016,3072,2016,13511,4,3,false
8,0.1pct,generated_selective,26120.0,26150.4,26166.4,26520,4,2683,5306,5306,4,2,23,4,2428,8,5306,0,0,false
8,0.1pct,generated_fused,81445.6,81454.4,81474.8,26520,4,13030,5306,5306,2,2,23,4730,2428,9460,5306,0,0,false
8,0.1pct,generated_direct_selective,656.3,656.5,657.6,26520,4,625,3896,3896,16,0,23,4,46,8,23408,0,0,false
8,0.1pct,generated_scan_selective,36981.5,36981.6,37011.9,26520,4,7898,5306,5306,4,2,4730,4,4730,8,5306,0,0,false
8,0.1pct,parquet_full,37632.8,37635.0,37665.3,26520,4,0,12612,12612,13,0,4730,4,4730,4,12616,0,0,false
8,0.1pct,parquet_boundary_search_p4096,29717.8,29727.2,29887.5,26520,4,0,10405,10405,5,0,4096,4,4096,4,12076,4,1,true
8,0.1pct,parquet_boundary_search_p16384,31257.6,31262.6,31361.1,26520,4,0,12326,12326,5,0,4730,4,4730,4,12330,2,1,true
8,0.1pct,parquet_boundary_search,14634.3,14653.1,14655.6,26520,4,0,3512,3512,5,0,1024,4,1024,4,12616,4,1,true
8,0.1pct,parquet_row_filter,27201.1,27302.6,27330.9,26520,4,0,3708,3708,9,0,4730,4,4730,4,12616,0,0,false
8,0.1pct,parquet_page_index_filter,14587.6,14592.0,14657.6,26520,4,0,3512,3512,5,0,1024,4,1024,4,12616,5,1,false
8,1pct,generated_selective,26220.6,26245.9,26280.9,334800,47,2676,5306,5306,4,2,23,47,2330,94,5306,0,0,false
8,1pct,generated_fused,80945.3,80948.2,81004.6,334800,47,12930,5306,5306,2,2,23,4730,2330,9460,5306,0,0,false
8,1pct,generated_direct_selective,1186.8,1188.4,1190.6,334800,47,718,3960,3960,17,0,23,47,46,94,23408,0,0,false
8,1pct,generated_scan_selective,37494.0,37546.0,37603.1,334800,47,7991,5306,5306,4,2,4730,47,4730,94,5306,0,0,false
8,1pct,parquet_full,38041.6,38071.5,38201.3,334800,47,0,12612,12612,13,0,4730,47,4730,47,12616,0,0,false
8,1pct,parquet_boundary_search_p4096,29761.7,29828.0,29921.9,334800,47,0,10405,10405,5,0,4096,47,4096,47,12076,4,1,true
8,1pct,parquet_boundary_search_p16384,31423.8,31516.5,31522.2,334800,47,0,12326,12326,5,0,4730,47,4730,47,12330,2,1,true
8,1pct,parquet_boundary_search,14648.9,14675.4,14690.6,334800,47,0,3512,3512,5,0,1024,47,1024,47,12616,4,1,true
8,1pct,parquet_row_filter,27388.8,27410.0,27414.5,334800,47,0,3708,3708,9,0,4730,47,4730,47,12616,0,0,false
8,1pct,parquet_page_index_filter,14682.6,14686.5,14709.1,334800,47,0,3512,3512,5,0,1024,47,1024,47,12616,5,1,false
8,10pct,generated_selective,30197.5,30197.5,30221.4,2533014540,484,3265,5306,5306,4,2,23,484,2078,968,5306,0,0,false
8,10pct,generated_fused,80241.4,80300.2,80315.8,2533014540,484,12708,5306,5306,2,2,23,4730,2078,9460,5306,0,0,false
8,10pct,generated_direct_selective,6263.6,6269.0,6270.1,2533014540,484,1530,5880,5880,37,0,23,484,46,968,23408,0,0,false
8,10pct,generated_scan_selective,42831.3,42844.3,42862.8,2533014540,484,8802,5306,5306,4,2,4730,484,4730,968,5306,0,0,false
8,10pct,parquet_full,37846.0,37945.8,37948.7,2533014540,484,0,12612,12612,13,0,4730,484,4730,484,12616,0,0,false
8,10pct,parquet_boundary_search_p4096,30473.9,30491.1,30585.0,2533014540,484,0,10405,10405,5,0,4096,484,4096,484,12076,4,1,true
8,10pct,parquet_boundary_search_p16384,32091.3,32138.1,32143.9,2533014540,484,0,12326,12326,5,0,4730,484,4730,484,12330,2,1,true
8,10pct,parquet_boundary_search,15285.0,15387.3,15389.3,2533014540,484,0,3512,3512,5,0,1024,484,1024,484,12616,4,1,true
8,10pct,parquet_row_filter,28039.1,28070.4,28095.2,2533014540,484,0,3708,3708,9,0,4730,484,4730,484,12616,0,0,false
8,10pct,parquet_page_index_filter,15329.6,15336.2,15338.3,2533014540,484,0,3512,3512,5,0,1024,484,1024,484,12616,5,1,false
8,50pct,generated_selective,56380.9,56399.5,56522.3,35029220800,2365,7746,5306,5306,4,2,24,2365,3405,4730,5306,0,0,false
8,50pct,generated_fused,86254.7,86299.6,86486.0,35029220800,2365,12342,5306,5306,2,2,24,4730,3405,9460,5306,0,0,false
8,50pct,generated_direct_selective,28127.0,28168.8,28197.6,35029220800,2365,6381,11384,11384,84,0,24,2365,48,4730,23408,0,0,false
8,50pct,generated_scan_selective,65563.1,65572.1,65635.6,35029220800,2365,13649,5306,5306,4,2,4730,2365,4730,4730,5306,0,0,false
8,50pct,parquet_full,38909.7,38954.6,38972.6,35029220800,2365,0,12612,12612,13,0,4730,2365,4730,2365,12616,0,0,false
8,50pct,parquet_boundary_search_p4096,33992.6,34023.5,34041.8,35029220800,2365,0,10405,10405,5,0,4096,2365,4096,2365,12076,4,1,true
8,50pct,parquet_boundary_search_p16384,35543.4,35561.2,35617.4,35029220800,2365,0,12326,12326,5,0,4730,2365,4730,2365,12330,2,1,true
8,50pct,parquet_boundary_search,32108.0,32179.3,32558.2,35029220800,2365,0,8796,8796,9,0,3072,2365,3072,2365,12616,5,3,true
8,50pct,parquet_row_filter,37863.0,37950.7,38013.2,35029220800,2365,0,8894,8894,11,0,4730,2365,4730,2365,12616,0,0,false
8,50pct,parquet_page_index_filter,31990.1,32122.7,32192.2,35029220800,2365,0,8796,8796,9,0,3072,2365,3072,2365,12616,5,3,false
9,0.1pct,generated_selective,25259.8,25300.2,25409.0,511,4,2705,5347,5347,4,2,23,4,4648,5,5347,0,0,false
9,0.1pct,generated_fused,41954.5,41956.6,41986.4,511,4,7739,5347,5347,2,2,23,4032,4648,4033,5347,0,0,false
9,0.1pct,generated_direct_selective,618.9,622.5,623.4,511,4,608,3712,3712,14,0,23,4,46,5,16512,0,0,false
9,0.1pct,generated_scan_selective,24643.5,24674.1,24696.8,511,4,5806,5347,5347,4,2,4032,4,4032,5,5347,0,0,false
9,0.1pct,parquet_full,22086.8,22091.1,22125.5,511,4,0,5991,5991,11,0,4032,4,4032,4,5995,0,0,false
9,0.1pct,parquet_boundary_search_p4096,21746.2,21757.7,21795.3,511,4,0,5554,5554,5,0,4032,4,4032,4,5558,2,1,true
9,0.1pct,parquet_boundary_search_p16384,21716.1,21723.4,21753.3,511,4,0,5554,5554,5,0,4032,4,4032,4,5558,2,1,true
9,0.1pct,parquet_boundary_search,11899.8,12008.0,12058.5,511,4,0,2138,2138,5,0,1024,4,1024,4,5995,5,1,true
9,0.1pct,parquet_row_filter,21998.0,21999.7,22089.6,511,4,0,2338,2338,8,0,4032,4,4032,4,5995,0,0,false
9,0.1pct,parquet_page_index_filter,11947.5,11954.7,11962.3,511,4,0,2138,2138,5,0,1024,4,1024,4,5995,4,1,false
9,1pct,generated_selective,25192.1,25220.1,25231.6,3202,40,2699,5347,5347,4,2,23,40,4573,41,5347,0,0,false
9,1pct,generated_fused,41606.9,41686.8,41688.6,3202,40,7689,5347,5347,2,2,23,4032,4573,4033,5347,0,0,false
9,1pct,generated_direct_selective,791.3,791.8,794.8,3202,40,658,3712,3712,14,0,23,40,46,41,16512,0,0,false
9,1pct,generated_scan_selective,24756.8,24758.8,24770.1,3202,40,5850,5347,5347,4,2,4032,40,4032,41,5347,0,0,false
9,1pct,parquet_full,22079.8,22101.9,22135.3,3202,40,0,5991,5991,11,0,4032,40,4032,40,5995,0,0,false
9,1pct,parquet_boundary_search_p4096,21796.0,21799.3,21821.4,3202,40,0,5554,5554,5,0,4032,40,4032,40,5558,2,1,true
9,1pct,parquet_boundary_search_p16384,21797.8,21811.5,21812.6,3202,40,0,5554,5554,5,0,4032,40,4032,40,5558,2,1,true
9,1pct,parquet_boundary_search,12063.3,12068.4,12099.2,3202,40,0,2138,2138,5,0,1024,40,1024,40,5995,5,1,true
9,1pct,parquet_row_filter,22194.0,22209.7,22232.7,3202,40,0,2338,2338,8,0,4032,40,4032,40,5995,0,0,false
9,1pct,parquet_page_index_filter,12051.0,12061.4,12099.2,3202,40,0,2138,2138,5,0,1024,40,1024,40,5995,4,1,false
9,10pct,generated_selective,19518.2,19537.7,19544.0,29982,403,2811,5347,5347,4,2,23,403,2702,404,5347,0,0,false
9,10pct,generated_fused,34736.9,34748.3,34787.8,29982,403,7346,5347,5347,2,2,23,4032,2702,4033,5347,0,0,false
9,10pct,generated_direct_selective,2160.8,2160.8,2161.2,29982,403,1111,4192,4192,14,0,23,403,46,404,16512,0,0,false
9,10pct,generated_scan_selective,26436.1,26438.4,26457.1,29982,403,6305,5347,5347,4,2,4032,403,4032,404,5347,0,0,false
9,10pct,parquet_full,22423.1,22435.4,22479.6,29982,403,0,5991,5991,11,0,4032,403,4032,403,5995,0,0,false
9,10pct,parquet_boundary_search_p4096,22402.8,22465.0,22523.9,29982,403,0,5554,5554,5,0,4032,403,4032,403,5558,2,1,true
9,10pct,parquet_boundary_search_p16384,22579.6,22581.2,22592.6,29982,403,0,5554,5554,5,0,4032,403,4032,403,5558,2,1,true
9,10pct,parquet_boundary_search,16908.6,16942.7,16985.8,29982,403,0,3442,3442,7,0,2048,403,2048,403,5995,5,2,true
9,10pct,parquet_row_filter,23510.2,23539.4,23557.8,29982,403,0,3558,3558,9,0,4032,403,4032,403,5995,0,0,false
9,10pct,parquet_page_index_filter,16903.5,16916.5,16930.8,29982,403,0,3442,3442,7,0,2048,403,2048,403,5995,4,2,false
9,50pct,generated_selective,32591.6,32620.5,32623.4,121749,2016,5231,5347,5347,4,2,23,2016,4579,2017,5347,0,0,false
9,50pct,generated_fused,42430.5,42493.8,42500.6,121749,2016,7751,5347,5347,2,2,23,4032,4579,4033,5347,0,0,false
9,50pct,generated_direct_selective,8121.4,8122.0,8124.7,121749,2016,3124,6608,6608,15,0,23,2016,46,2017,16512,0,0,false
9,50pct,generated_scan_selective,33937.9,34005.1,34018.4,121749,2016,8320,5347,5347,4,2,4032,2016,4032,2017,5347,0,0,false
9,50pct,parquet_full,23847.9,23868.0,23932.7,121749,2016,0,5991,5991,11,0,4032,2016,4032,2016,5995,0,0,false
9,50pct,parquet_boundary_search_p4096,24799.8,24843.6,24843.6,121749,2016,0,5554,5554,5,0,4032,2016,4032,2016,5558,2,1,true
9,50pct,parquet_boundary_search_p16384,24739.1,24759.9,24763.5,121749,2016,0,5554,5554,5,0,4032,2016,4032,2016,5558,2,1,true
9,50pct,parquet_boundary_search,23666.9,23687.6,23708.0,121749,2016,0,4762,4762,9,0,3072,2016,3072,2016,5995,5,3,true
9,50pct,parquet_row_filter,26882.0,26925.0,26958.9,121749,2016,0,4811,4811,10,0,4032,2016,4032,2016,5995,0,0,false
9,50pct,parquet_page_index_filter,23646.5,23673.0,23708.2,121749,2016,0,4762,4762,9,0,3072,2016,3072,2016,5995,4,3,false
10,0.1pct,generated_selective,16366.0,16377.9,16403.0,56405898,1,1784,5132,5132,4,2,20,1,2200,110,5132,0,0,false
10,0.1pct,generated_fused,24927.2,24939.6,24940.3,56405898,1,6053,5132,5132,2,2,20,1243,2200,1243,5132,0,0,false
10,0.1pct,generated_direct_selective,534.7,536.1,536.8,56405898,1,590,2832,2832,11,0,20,1,40,2,8480,0,0,false
10,0.1pct,generated_scan_selective,12391.0,12392.7,12400.9,56405898,1,2647,5132,5132,4,2,1243,1,1243,110,5132,0,0,false
10,0.1pct,parquet_full,12270.8,12312.3,12346.7,56405898,1,0,5112,5112,7,0,1243,1,1243,1,5116,0,0,false
10,0.1pct,parquet_boundary_search_p4096,13215.2,13216.9,13276.6,56405898,1,0,4982,4982,5,0,1243,1,1243,1,4986,2,1,true
10,0.1pct,parquet_boundary_search_p16384,13205.7,13206.6,13254.9,56405898,1,0,4982,4982,5,0,1243,1,1243,1,4986,2,1,true
10,0.1pct,parquet_boundary_search,11609.6,11615.6,11615.9,56405898,1,0,4304,4304,5,0,1024,1,1024,1,5116,4,1,true
10,0.1pct,parquet_row_filter,13335.0,13335.4,13375.2,56405898,1,0,4347,4347,6,0,1243,1,1243,1,5116,0,0,false
10,0.1pct,parquet_page_index_filter,11682.8,11687.2,11725.9,56405898,1,0,4304,4304,5,0,1024,1,1024,1,5116,2,1,false
10,1pct,generated_selective,15800.5,15803.3,15806.3,713746114,12,1793,5132,5132,4,2,19,12,2063,115,5132,0,0,false
10,1pct,generated_fused,24361.4,24384.8,24426.3,713746114,12,6043,5132,5132,2,2,19,1243,2063,1243,5132,0,0,false
10,1pct,generated_direct_selective,573.7,578.1,580.3,713746114,12,636,2832,2832,11,0,19,12,38,13,8480,0,0,false
10,1pct,generated_scan_selective,12421.1,12421.9,12432.8,713746114,12,2666,5132,5132,4,2,1243,12,1243,115,5132,0,0,false
10,1pct,parquet_full,12313.7,12320.1,12348.5,713746114,12,0,5112,5112,7,0,1243,12,1243,12,5116,0,0,false
10,1pct,parquet_boundary_search_p4096,13245.2,13248.7,13250.8,713746114,12,0,4982,4982,5,0,1243,12,1243,12,4986,2,1,true
10,1pct,parquet_boundary_search_p16384,13264.4,13286.4,13309.7,713746114,12,0,4982,4982,5,0,1243,12,1243,12,4986,2,1,true
10,1pct,parquet_boundary_search,11609.3,11621.8,11622.3,713746114,12,0,4304,4304,5,0,1024,12,1024,12,5116,4,1,true
10,1pct,parquet_row_filter,13309.9,13329.2,13378.9,713746114,12,0,4347,4347,6,0,1243,12,1243,12,5116,0,0,false
10,1pct,parquet_page_index_filter,11542.4,11553.7,11573.5,713746114,12,0,4304,4304,5,0,1024,12,1024,12,5116,2,1,false
10,10pct,generated_selective,17506.6,17509.8,17523.7,5997398414,124,2014,5132,5132,4,2,20,124,2391,171,5132,0,0,false
10,10pct,generated_fused,26004.1,26018.3,26035.2,5997398414,124,6054,5132,5132,2,2,20,1243,2391,1243,5132,0,0,false
10,10pct,generated_direct_selective,1012.1,1015.3,1015.9,5997398414,124,1059,3008,3008,10,0,20,124,40,125,8480,0,0,false
10,10pct,generated_scan_selective,12741.8,12756.2,12763.1,5997398414,124,2876,5132,5132,4,2,1243,124,1243,171,5132,0,0,false
10,10pct,parquet_full,12261.9,12278.7,12316.4,5997398414,124,0,5112,5112,7,0,1243,124,1243,124,5116,0,0,false
10,10pct,parquet_boundary_search_p4096,13467.1,13531.2,13544.2,5997398414,124,0,4982,4982,5,0,1243,124,1243,124,4986,2,1,true
10,10pct,parquet_boundary_search_p16384,13457.8,13477.1,13537.1,5997398414,124,0,4982,4982,5,0,1243,124,1243,124,4986,2,1,true
10,10pct,parquet_boundary_search,11872.0,11877.9,11929.2,5997398414,124,0,4304,4304,5,0,1024,124,1024,124,5116,4,1,true
10,10pct,parquet_row_filter,13552.4,13565.8,13586.9,5997398414,124,0,4347,4347,6,0,1243,124,1243,124,5116,0,0,false
10,10pct,parquet_page_index_filter,11895.2,11897.8,11921.4,5997398414,124,0,4304,4304,5,0,1024,124,1024,124,5116,2,1,false
10,50pct,generated_selective,20521.9,20560.1,20581.3,21092643372,621,3917,5132,5132,4,2,21,621,2529,676,5132,0,0,false
10,50pct,generated_fused,27683.8,27685.4,27731.8,21092643372,621,6054,5132,5132,2,2,21,1243,2529,1243,5132,0,0,false
10,50pct,generated_direct_selective,2919.8,2922.3,2922.6,21092643372,621,2923,4928,4928,10,0,21,621,42,622,8480,0,0,false
10,50pct,generated_scan_selective,15483.1,15488.0,15495.2,21092643372,621,4779,5132,5132,4,2,1243,621,1243,676,5132,0,0,false
10,50pct,parquet_full,12657.0,12659.2,12710.9,21092643372,621,0,5112,5112,7,0,1243,621,1243,621,5116,0,0,false
10,50pct,parquet_boundary_search_p4096,14281.0,14299.4,14300.8,21092643372,621,0,4982,4982,5,0,1243,621,1243,621,4986,2,1,true
10,50pct,parquet_boundary_search_p16384,14317.3,14340.8,14354.9,21092643372,621,0,4982,4982,5,0,1243,621,1243,621,4986,2,1,true
10,50pct,parquet_boundary_search,12785.8,12791.9,12812.5,21092643372,621,0,4304,4304,5,0,1024,621,1024,621,5116,4,1,true
10,50pct,parquet_row_filter,14413.5,14420.9,14455.5,21092643372,621,0,4347,4347,6,0,1243,621,1243,621,5116,0,0,false
10,50pct,parquet_page_index_filter,12753.9,12774.0,12796.6,21092643372,621,0,4304,4304,5,0,1024,621,1024,621,5116,2,1,false
11,0.1pct,generated_selective,27636.4,27649.7,27656.0,182914,10,2665,19358,19358,4,2,25,10,1996,45,19358,0,0,false
11,0.1pct,generated_fused,101468.2,101470.8,101619.9,182914,10,23455,19358,19358,2,2,25,10320,1996,10320,19358,0,0,false
11,0.1pct,generated_direct_selective,719.9,720.1,722.8,182914,10,640,5184,5184,16,0,25,10,50,11,53776,0,0,false
11,0.1pct,generated_scan_selective,69830.9,69837.0,69841.6,182914,10,16503,19358,19358,4,2,10320,10,10320,45,19358,0,0,false
11,0.1pct,parquet_full,48561.4,48568.2,48646.5,182914,10,0,20307,20307,25,0,10320,10,10320,10,20311,0,0,false
11,0.1pct,parquet_boundary_search_p4096,20672.4,20689.2,20704.3,182914,10,0,8149,8149,5,0,4096,10,4096,10,19217,4,1,true
11,0.1pct,parquet_boundary_search_p16384,42242.6,42360.3,42460.7,182914,10,0,18917,18917,5,0,10320,10,10320,10,18921,2,1,true
11,0.1pct,parquet_boundary_search,11434.9,11490.8,11494.4,182914,10,0,3222,3222,5,0,1024,10,1024,10,20311,6,1,true
11,0.1pct,parquet_row_filter,42868.7,42902.7,43056.2,182914,10,0,3705,3705,15,0,10320,10,10320,10,20311,0,0,false
11,0.1pct,parquet_page_index_filter,11524.2,11525.6,11529.6,182914,10,0,3222,3222,5,0,1024,10,1024,10,20311,11,1,false
11,1pct,generated_selective,33792.1,33814.2,33827.9,1719974,103,3036,19358,19358,4,2,26,103,3189,347,19358,0,0,false
11,1pct,generated_fused,106842.8,106993.1,107047.2,1719974,103,23216,19358,19358,2,2,26,10320,3189,10320,19358,0,0,false
11,1pct,generated_direct_selective,1080.1,1080.3,1080.8,1719974,103,834,5440,5440,16,0,26,103,52,104,53776,0,0,false
11,1pct,generated_scan_selective,71341.8,71348.6,71451.2,1719974,103,17113,19358,19358,4,2,10320,103,10320,347,19358,0,0,false
11,1pct,parquet_full,48394.9,48459.0,48494.8,1719974,103,0,20307,20307,25,0,10320,103,10320,103,20311,0,0,false
11,1pct,parquet_boundary_search_p4096,20825.1,20841.1,20846.2,1719974,103,0,8149,8149,5,0,4096,103,4096,103,19217,4,1,true
11,1pct,parquet_boundary_search_p16384,42553.0,42663.6,42697.8,1719974,103,0,18917,18917,5,0,10320,103,10320,103,18921,2,1,true
11,1pct,parquet_boundary_search,16292.0,16292.8,16297.2,1719974,103,0,5109,5109,7,0,2048,103,2048,103,20311,7,2,true
11,1pct,parquet_row_filter,44309.6,44335.8,44368.7,1719974,103,0,5543,5543,16,0,10320,103,10320,103,20311,0,0,false
11,1pct,parquet_page_index_filter,16319.4,16321.1,16338.6,1719974,103,0,5109,5109,7,0,2048,103,2048,103,20311,11,2,false
11,10pct,generated_selective,33919.4,33921.5,33925.6,16551387,1032,4851,19358,19358,4,2,27,1032,2336,1068,19358,0,0,false
11,10pct,generated_fused,105520.5,105520.6,105555.3,16551387,1032,23571,19358,19358,2,2,27,10320,2336,10320,19358,0,0,false
11,10pct,generated_direct_selective,4568.5,4569.0,4573.7,16551387,1032,2694,7232,7232,16,0,27,1032,54,1033,53776,0,0,false
11,10pct,generated_scan_selective,75349.7,75481.4,75515.3,16551387,1032,18573,19358,19358,4,2,10320,1032,10320,1068,19358,0,0,false
11,10pct,parquet_full,49008.6,49160.3,49380.4,16551387,1032,0,20307,20307,25,0,10320,1032,10320,1032,20311,0,0,false
11,10pct,parquet_boundary_search_p4096,22106.5,22161.3,22271.1,16551387,1032,0,8149,8149,5,0,4096,1032,4096,1032,19217,4,1,true
11,10pct,parquet_boundary_search_p16384,43702.7,43941.4,43990.6,16551387,1032,0,18917,18917,5,0,10320,1032,10320,1032,18921,2,1,true
11,10pct,parquet_boundary_search,17758.9,17767.1,17784.3,16551387,1032,0,5109,5109,7,0,2048,1032,2048,1032,20311,7,2,true
11,10pct,parquet_row_filter,45484.6,45643.7,45798.3,16551387,1032,0,5543,5543,16,0,10320,1032,10320,1032,20311,0,0,false
11,10pct,parquet_page_index_filter,17691.0,17713.7,17731.6,16551387,1032,0,5109,5109,7,0,2048,1032,2048,1032,20311,11,2,false
11,50pct,generated_selective,52864.0,52914.3,52949.8,80404463,5160,13639,19358,19358,4,2,26,5160,2519,5180,19358,0,0,false
11,50pct,generated_fused,114491.9,114526.1,114555.5,80404463,5160,24039,19358,19358,2,2,26,10320,2519,10320,19358,0,0,false
11,50pct,generated_direct_selective,20025.9,20029.0,20044.0,80404463,5160,10948,16224,16224,18,0,26,5160,52,5161,53776,0,0,false
11,50pct,generated_scan_selective,96803.4,97253.6,97429.9,80404463,5160,26893,19358,19358,4,2,10320,5160,10320,5180,19358,0,0,false
11,50pct,parquet_full,52616.9,52666.6,52702.9,80404463,5160,0,20307,20307,25,0,10320,5160,10320,5160,20311,0,0,false
11,50pct,parquet_boundary_search_p4096,45063.6,45118.4,45141.0,80404463,5160,0,15351,15351,7,0,8192,5160,8192,5160,19217,4,2,true
11,50pct,parquet_boundary_search_p16384,51373.2,51383.2,51459.4,80404463,5160,0,18917,18917,5,0,10320,5160,10320,5160,18921,2,1,true
11,50pct,parquet_boundary_search,41768.0,41970.3,42141.6,80404463,5160,0,12616,12616,15,0,6144,5160,6144,5160,20311,7,6,true
11,50pct,parquet_row_filter,56641.9,56647.1,56803.9,80404463,5160,0,12854,12854,20,0,10320,5160,10320,5160,20311,0,0,false
11,50pct,parquet_page_index_filter,41550.5,41705.8,41707.3,80404463,5160,0,12616,12616,15,0,6144,5160,6144,5160,20311,11,6,false
12,0.1pct,generated_selective,27959.7,27969.0,28014.7,779,2,2805,6034,6034,4,2,21,2,3477,227,6034,0,0,false
12,0.1pct,generated_fused,45116.6,45156.4,45218.6,779,2,6845,6034,6034,2,2,21,2500,3477,2500,6034,0,0,false
12,0.1pct,generated_direct_selective,569.0,572.0,572.7,779,2,605,3312,3312,12,0,21,2,42,3,12160,0,0,false
12,0.1pct,generated_scan_selective,25038.4,25058.5,25103.3,779,2,6730,6034,6034,4,2,2500,2,2500,227,6034,0,0,false
12,0.1pct,parquet_full,25785.1,25817.8,25884.8,779,2,0,7124,7124,9,0,2500,2,2500,2,7128,0,0,false
12,0.1pct,parquet_boundary_search_p4096,24003.1,24059.2,24081.6,779,2,0,6674,6674,5,0,2500,2,2500,2,6678,2,1,true
12,0.1pct,parquet_boundary_search_p16384,23997.1,24005.0,24055.5,779,2,0,6674,6674,5,0,2500,2,2500,2,6678,2,1,true
12,0.1pct,parquet_boundary_search,15218.8,15238.7,15268.3,779,2,0,3281,3281,5,0,1024,2,1024,2,7128,4,1,true
12,0.1pct,parquet_row_filter,25716.1,25724.8,25729.2,779,2,0,4894,4894,7,0,2500,2,2500,2,7128,0,0,false
12,0.1pct,parquet_page_index_filter,15259.3,15260.8,15262.1,779,2,0,3281,3281,5,0,1024,2,1024,2,7128,3,1,false
12,1pct,generated_selective,30744.5,30754.3,30809.4,8500,25,2784,6034,6034,4,2,23,25,4136,238,6034,0,0,false
12,1pct,generated_fused,48016.2,48053.9,48083.2,8500,25,6805,6034,6034,2,2,23,2500,4136,2500,6034,0,0,false
12,1pct,generated_direct_selective,729.9,734.3,734.6,8500,25,650,3312,3312,12,0,23,25,46,26,12160,0,0,false
12,1pct,generated_scan_selective,25137.7,25148.6,25165.9,8500,25,6749,6034,6034,4,2,2500,25,2500,238,6034,0,0,false
12,1pct,parquet_full,25293.2,25316.4,25330.0,8500,25,0,7124,7124,9,0,2500,25,2500,25,7128,0,0,false
12,1pct,parquet_boundary_search_p4096,24136.7,24140.4,24198.2,8500,25,0,6674,6674,5,0,2500,25,2500,25,6678,2,1,true
12,1pct,parquet_boundary_search_p16384,24082.3,24084.1,24168.4,8500,25,0,6674,6674,5,0,2500,25,2500,25,6678,2,1,true
12,1pct,parquet_boundary_search,15310.6,15349.9,15377.8,8500,25,0,3281,3281,5,0,1024,25,1024,25,7128,4,1,true
12,1pct,parquet_row_filter,25867.0,25911.6,25940.4,8500,25,0,4894,4894,7,0,2500,25,2500,25,7128,0,0,false
12,1pct,parquet_page_index_filter,15415.6,15418.7,15492.7,8500,25,0,3281,3281,5,0,1024,25,1024,25,7128,3,1,false
12,10pct,generated_selective,23710.5,23714.3,23719.1,84588,250,2926,6034,6034,4,2,22,250,2303,351,6034,0,0,false
12,10pct,generated_fused,40826.8,40894.7,40920.8,84588,250,6742,6034,6034,2,2,22,2500,2303,2500,6034,0,0,false
12,10pct,generated_direct_selective,1575.3,1576.3,1578.8,84588,250,1016,3728,3728,12,0,22,250,44,251,12160,0,0,false
12,10pct,generated_scan_selective,25919.5,25920.9,25949.6,84588,250,6954,6034,6034,4,2,2500,250,2500,351,6034,0,0,false
12,10pct,parquet_full,25475.5,25505.4,25649.4,84588,250,0,7124,7124,9,0,2500,250,2500,250,7128,0,0,false
12,10pct,parquet_boundary_search_p4096,24644.4,24647.4,24893.2,84588,250,0,6674,6674,5,0,2500,250,2500,250,6678,2,1,true
12,10pct,parquet_boundary_search_p16384,24440.2,24494.7,24503.6,84588,250,0,6674,6674,5,0,2500,250,2500,250,6678,2,1,true
12,10pct,parquet_boundary_search,15603.2,15634.2,15651.7,84588,250,0,3281,3281,5,0,1024,250,1024,250,7128,4,1,true
12,10pct,parquet_row_filter,26132.2,26136.0,26137.3,84588,250,0,4894,4894,7,0,2500,250,2500,250,7128,0,0,false
12,10pct,parquet_page_index_filter,15729.6,15739.1,15795.1,84588,250,0,3281,3281,5,0,1024,250,1024,250,7128,3,1,false
12,50pct,generated_selective,28110.1,28123.2,28131.7,475636,1250,4949,6034,6034,4,2,22,1250,2229,1363,6034,0,0,false
12,50pct,generated_fused,42620.8,42660.6,42683.7,475636,1250,6966,6034,6034,2,2,22,2500,2229,2500,6034,0,0,false
12,50pct,generated_direct_selective,5311.7,5314.1,5316.7,475636,1250,2638,5392,5392,12,0,22,1250,44,1251,12160,0,0,false
12,50pct,generated_scan_selective,31250.4,31254.9,31276.7,475636,1250,8753,6034,6034,4,2,2500,1250,2500,1363,6034,0,0,false
12,50pct,parquet_full,26438.1,26451.3,26550.8,475636,1250,0,7124,7124,9,0,2500,1250,2500,1250,7128,0,0,false
12,50pct,parquet_boundary_search_p4096,25857.1,25862.8,25916.9,475636,1250,0,6674,6674,5,0,2500,1250,2500,1250,6678,2,1,true
12,50pct,parquet_boundary_search_p16384,25817.6,25892.9,25916.8,475636,1250,0,6674,6674,5,0,2500,1250,2500,1250,6678,2,1,true
12,50pct,parquet_boundary_search,25585.3,25616.5,25746.8,475636,1250,0,5873,5873,7,0,2048,1250,2048,1250,7128,4,2,true
12,50pct,parquet_row_filter,28837.5,28837.8,28842.7,475636,1250,0,6395,6395,8,0,2500,1250,2500,1250,7128,0,0,false
12,50pct,parquet_page_index_filter,25786.0,25787.6,25793.5,475636,1250,0,5873,5873,7,0,2048,1250,2048,1250,7128,3,2,false
13,0.1pct,generated_selective,19850.3,19869.7,19899.0,1114,2,2187,6158,6158,4,2,21,2,1720,58,6158,0,0,false
13,0.1pct,generated_fused,35346.8,35366.5,35367.9,1114,2,5925,6158,6158,2,2,21,2162,1720,2162,6158,0,0,false
13,0.1pct,generated_direct_selective,576.0,576.6,577.8,1114,2,604,3312,3312,12,0,21,2,42,3,10432,0,0,false
13,0.1pct,generated_scan_selective,22542.5,22571.4,22612.5,1114,2,5668,6158,6158,4,2,2162,2,2162,58,6158,0,0,false
13,0.1pct,parquet_full,23839.8,23986.4,24063.1,1114,2,0,7158,7158,9,0,2162,2,2162,2,7162,0,0,false
13,0.1pct,parquet_boundary_search_p4096,22669.7,22704.1,22747.3,1114,2,0,6777,6777,5,0,2162,2,2162,2,6781,2,1,true
13,0.1pct,parquet_boundary_search_p16384,22570.9,22571.9,22630.0,1114,2,0,6777,6777,5,0,2162,2,2162,2,6781,2,1,true
13,0.1pct,parquet_boundary_search,15155.1,15163.3,15172.7,1114,2,0,3642,3642,5,0,1024,2,1024,2,7162,4,1,true
13,0.1pct,parquet_row_filter,24264.0,24294.4,24313.6,1114,2,0,5264,5264,7,0,2162,2,2162,2,7162,0,0,false
13,0.1pct,parquet_page_index_filter,15245.7,15262.8,15289.3,1114,2,0,3642,3642,5,0,1024,2,1024,2,7162,3,1,false
13,1pct,generated_selective,19724.0,19732.0,19745.0,8698,21,2156,6158,6158,4,2,21,21,1680,67,6158,0,0,false
13,1pct,generated_fused,35171.2,35212.3,35212.9,8698,21,5878,6158,6158,2,2,21,2162,1680,2162,6158,0,0,false
13,1pct,generated_direct_selective,676.6,677.2,680.0,8698,21,636,3312,3312,12,0,21,21,42,22,10432,0,0,false
13,1pct,generated_scan_selective,22579.6,22614.9,22625.2,8698,21,5684,6158,6158,4,2,2162,21,2162,67,6158,0,0,false
13,1pct,parquet_full,23790.0,23790.6,24044.7,8698,21,0,7158,7158,9,0,2162,21,2162,21,7162,0,0,false
13,1pct,parquet_boundary_search_p4096,22757.7,22794.6,22800.4,8698,21,0,6777,6777,5,0,2162,21,2162,21,6781,2,1,true
13,1pct,parquet_boundary_search_p16384,22759.5,22768.4,22794.2,8698,21,0,6777,6777,5,0,2162,21,2162,21,6781,2,1,true
13,1pct,parquet_boundary_search,15282.8,15315.9,15360.8,8698,21,0,3642,3642,5,0,1024,21,1024,21,7162,4,1,true
13,1pct,parquet_row_filter,24418.0,24484.0,24518.1,8698,21,0,5264,5264,7,0,2162,21,2162,21,7162,0,0,false
13,1pct,parquet_page_index_filter,15279.6,15290.8,15350.8,8698,21,0,3642,3642,5,0,1024,21,1024,21,7162,3,1,false
13,10pct,generated_selective,28811.5,28845.7,28897.7,67603,216,2665,6158,6158,4,2,22,216,3465,421,6158,0,0,false
13,10pct,generated_fused,43197.3,43208.6,43212.9,67603,216,5761,6158,6158,2,2,22,2162,3465,2162,6158,0,0,false
13,10pct,generated_direct_selective,1450.5,1452.5,1453.2,67603,216,959,3360,3360,11,0,22,216,44,217,10432,0,0,false
13,10pct,generated_scan_selective,24361.1,24375.1,24388.1,67603,216,6310,6158,6158,4,2,2162,216,2162,421,6158,0,0,false
13,10pct,parquet_full,24043.2,24047.4,24053.8,67603,216,0,7158,7158,9,0,2162,216,2162,216,7162,0,0,false
13,10pct,parquet_boundary_search_p4096,23007.8,23150.2,23167.8,67603,216,0,6777,6777,5,0,2162,216,2162,216,6781,2,1,true
13,10pct,parquet_boundary_search_p16384,23029.6,23043.8,23072.8,67603,216,0,6777,6777,5,0,2162,216,2162,216,6781,2,1,true
13,10pct,parquet_boundary_search,24016.1,24041.0,24066.4,67603,216,0,6780,6780,7,0,2048,216,2048,216,7162,4,2,true
13,10pct,parquet_row_filter,25735.4,25768.4,25790.2,67603,216,0,6973,6973,8,0,2162,216,2162,216,7162,0,0,false
13,10pct,parquet_page_index_filter,24061.7,24078.6,24083.0,67603,216,0,6780,6780,7,0,2048,216,2048,216,7162,3,2,false
13,50pct,generated_selective,25395.9,25397.2,25422.3,363853,1081,4072,6158,6158,4,2,22,1081,1867,1109,6158,0,0,false
13,50pct,generated_fused,38223.2,38229.9,38258.0,363853,1081,5943,6158,6158,2,2,22,2162,1867,2162,6158,0,0,false
13,50pct,generated_direct_selective,4658.5,4665.4,4666.9,363853,1081,2366,4976,4976,12,0,22,1081,44,1082,10432,0,0,false
13,50pct,generated_scan_selective,28209.4,28213.6,28238.5,363853,1081,7535,6158,6158,4,2,2162,1081,2162,1109,6158,0,0,false
13,50pct,parquet_full,24641.9,24681.7,24744.7,363853,1081,0,7158,7158,9,0,2162,1081,2162,1081,7162,0,0,false
13,50pct,parquet_boundary_search_p4096,24676.5,24690.2,24804.3,363853,1081,0,6777,6777,5,0,2162,1081,2162,1081,6781,2,1,true
13,50pct,parquet_boundary_search_p16384,24529.7,24529.9,24561.7,363853,1081,0,6777,6777,5,0,2162,1081,2162,1081,6781,2,1,true
13,50pct,parquet_boundary_search,25663.9,25686.3,25727.1,363853,1081,0,6780,6780,7,0,2048,1081,2048,1081,7162,4,2,true
13,50pct,parquet_row_filter,27331.2,27361.1,27462.9,363853,1081,0,6973,6973,8,0,2162,1081,2162,1081,7162,0,0,false
13,50pct,parquet_page_index_filter,25693.5,25696.9,25751.1,363853,1081,0,6780,6780,7,0,2048,1081,2048,1081,7162,3,2,false
14,0.1pct,generated_selective,26567.5,26580.9,26622.5,722,2,2954,4293,4293,4,2,21,2,3241,4,4293,0,0,false
14,0.1pct,generated_fused,54270.3,54342.6,54481.8,722,2,6716,4293,4293,2,2,21,2380,3241,4760,4293,0,0,false
14,0.1pct,generated_direct_selective,566.1,566.6,568.5,722,2,599,3072,3072,12,0,21,2,42,3,10672,0,0,false
14,0.1pct,generated_scan_selective,24031.9,24055.3,24078.1,722,2,6668,4293,4293,4,2,2380,2,2380,4,4293,0,0,false
14,0.1pct,parquet_full,24315.1,24324.5,24433.2,722,2,0,6102,6102,9,0,2380,2,2380,2,6106,0,0,false
14,0.1pct,parquet_boundary_search_p4096,22606.3,22621.4,22725.9,722,2,0,5692,5692,5,0,2380,2,2380,2,5696,2,1,true
14,0.1pct,parquet_boundary_search_p16384,22555.2,22583.2,22626.6,722,2,0,5692,5692,5,0,2380,2,2380,2,5696,2,1,true
14,0.1pct,parquet_boundary_search,15020.7,15032.7,15034.3,722,2,0,2997,2997,5,0,1024,2,1024,2,6106,4,1,true
14,0.1pct,parquet_row_filter,24630.7,24648.2,24664.1,722,2,0,4079,4079,7,0,2380,2,2380,2,6106,0,0,false
14,0.1pct,parquet_page_index_filter,15053.9,15063.9,15113.5,722,2,0,2997,2997,5,0,1024,2,1024,2,6106,3,1,false
14,1pct,generated_selective,26584.9,26610.5,26631.9,7927,23,3053,4293,4293,4,2,21,23,3192,46,4293,0,0,false
14,1pct,generated_fused,53991.1,54052.0,54148.3,7927,23,6658,4293,4293,2,2,21,2380,3192,4760,4293,0,0,false
14,1pct,generated_direct_selective,670.9,674.7,675.0,7927,23,635,3072,3072,12,0,21,23,42,24,10672,0,0,false
14,1pct,generated_scan_selective,24375.9,24407.5,24410.4,7927,23,6825,4293,4293,4,2,2380,23,2380,46,4293,0,0,false
14,1pct,parquet_full,24407.4,24450.6,24456.5,7927,23,0,6102,6102,9,0,2380,23,2380,23,6106,0,0,false
14,1pct,parquet_boundary_search_p4096,22787.4,22834.8,22880.1,7927,23,0,5692,5692,5,0,2380,23,2380,23,5696,2,1,true
14,1pct,parquet_boundary_search_p16384,22747.9,22758.8,22800.9,7927,23,0,5692,5692,5,0,2380,23,2380,23,5696,2,1,true
14,1pct,parquet_boundary_search,15153.8,15182.7,15240.4,7927,23,0,2997,2997,5,0,1024,23,1024,23,6106,4,1,true
14,1pct,parquet_row_filter,24735.5,24777.2,24787.1,7927,23,0,4079,4079,7,0,2380,23,2380,23,6106,0,0,false
14,1pct,parquet_page_index_filter,15116.3,15119.8,15153.7,7927,23,0,2997,2997,5,0,1024,23,1024,23,6106,3,1,false
14,10pct,generated_selective,23327.4,23338.9,23348.4,92436,238,3524,4293,4293,4,2,22,238,1773,476,4293,0,0,false
14,10pct,generated_fused,48423.0,48462.0,48488.7,92436,238,6378,4293,4293,2,2,22,2380,1773,4760,4293,0,0,false
14,10pct,generated_direct_selective,1533.5,1538.3,1539.7,92436,238,959,3120,3120,11,0,22,238,44,239,10672,0,0,false
14,10pct,generated_scan_selective,26982.2,27069.3,27097.5,92436,238,7576,4293,4293,4,2,2380,238,2380,476,4293,0,0,false
14,10pct,parquet_full,24468.3,24550.2,24728.4,92436,238,0,6102,6102,9,0,2380,238,2380,238,6106,0,0,false
14,10pct,parquet_boundary_search_p4096,23205.9,23207.8,23282.8,92436,238,0,5692,5692,5,0,2380,238,2380,238,5696,2,1,true
14,10pct,parquet_boundary_search_p16384,23243.3,23243.5,23263.4,92436,238,0,5692,5692,5,0,2380,238,2380,238,5696,2,1,true
14,10pct,parquet_boundary_search,15613.2,15618.3,15664.2,92436,238,0,2997,2997,5,0,1024,238,1024,238,6106,4,1,true
14,10pct,parquet_row_filter,25005.9,25055.6,25131.3,92436,238,0,4079,4079,7,0,2380,238,2380,238,6106,0,0,false
14,10pct,parquet_page_index_filter,15634.0,15636.4,15643.8,92436,238,0,2997,2997,5,0,1024,238,1024,238,6106,3,1,false
14,50pct,generated_selective,38676.5,38732.7,38745.4,505888,1190,5603,4293,4293,4,2,22,1190,2968,2380,4293,0,0,false
14,50pct,generated_fused,53745.3,53751.5,53760.2,505888,1190,7073,4293,4293,2,2,22,2380,2968,4760,4293,0,0,false
14,50pct,generated_direct_selective,5047.9,5061.4,5067.1,505888,1190,2389,5136,5136,13,0,22,1190,44,1191,10672,0,0,false
14,50pct,generated_scan_selective,38274.6,38330.6,38330.8,505888,1190,8960,4293,4293,4,2,2380,1190,2380,2380,4293,0,0,false
14,50pct,parquet_full,25293.5,25317.6,25442.0,505888,1190,0,6102,6102,9,0,2380,1190,2380,1190,6106,0,0,false
14,50pct,parquet_boundary_search_p4096,24929.4,24935.8,24983.7,505888,1190,0,5692,5692,5,0,2380,1190,2380,1190,5696,2,1,true
14,50pct,parquet_boundary_search_p16384,24816.8,24832.0,24841.3,505888,1190,0,5692,5692,5,0,2380,1190,2380,1190,5696,2,1,true
14,50pct,parquet_boundary_search,25673.6,25709.3,25766.2,505888,1190,0,5386,5386,7,0,2048,1190,2048,1190,6106,4,2,true
14,50pct,parquet_row_filter,28037.5,28068.4,28112.8,505888,1190,0,5580,5580,8,0,2380,1190,2380,1190,6106,0,0,false
14,50pct,parquet_page_index_filter,25686.5,25725.3,25751.5,505888,1190,0,5386,5386,7,0,2048,1190,2048,1190,6106,3,2,false
15,0.1pct,generated_selective,25962.1,25984.3,26000.2,600,2,2609,5128,5128,4,2,21,2,3477,4,5128,0,0,false
15,0.1pct,generated_fused,55217.6,55293.3,55343.4,600,2,8011,5128,5128,2,2,21,2500,3477,5000,5128,0,0,false
15,0.1pct,generated_direct_selective,560.9,563.3,564.9,600,2,599,3088,3088,12,0,21,2,42,3,11520,0,0,false
15,0.1pct,generated_scan_selective,23070.5,23079.5,23098.1,600,2,6969,5128,5128,4,2,2500,2,2500,4,5128,0,0,false
15,0.1pct,parquet_full,26583.6,26677.5,26680.8,600,2,0,6316,6316,9,0,2500,2,2500,2,6320,0,0,false
15,0.1pct,parquet_boundary_search_p4096,22939.3,22952.3,23012.0,600,2,0,5973,5973,5,0,2500,2,2500,2,5977,2,1,true
15,0.1pct,parquet_boundary_search_p16384,22917.3,22928.1,22938.7,600,2,0,5973,5973,5,0,2500,2,2500,2,5977,2,1,true
15,0.1pct,parquet_boundary_search,15196.8,15218.9,15240.7,600,2,0,3003,3003,5,0,1024,2,1024,2,6320,4,1,true
15,0.1pct,parquet_row_filter,26946.1,27022.3,27082.8,600,2,0,4023,4023,7,0,2500,2,2500,2,6320,0,0,false
15,0.1pct,parquet_page_index_filter,15181.1,15286.2,15300.4,600,2,0,3003,3003,5,0,1024,2,1024,2,6320,3,1,false
15,1pct,generated_selective,28985.0,29005.2,29012.4,5630,25,2751,5128,5128,4,2,23,25,4136,50,5128,0,0,false
15,1pct,generated_fused,57937.6,57997.7,58053.1,5630,25,7967,5128,5128,2,2,23,2500,4136,5000,5128,0,0,false
15,1pct,generated_direct_selective,726.3,726.9,727.1,5630,25,644,3088,3088,12,0,23,25,46,26,11520,0,0,false
15,1pct,generated_scan_selective,23404.3,23437.2,23444.2,5630,25,7155,5128,5128,4,2,2500,25,2500,50,5128,0,0,false
15,1pct,parquet_full,26621.2,26655.3,26656.1,5630,25,0,6316,6316,9,0,2500,25,2500,25,6320,0,0,false
15,1pct,parquet_boundary_search_p4096,23062.9,23084.8,23200.9,5630,25,0,5973,5973,5,0,2500,25,2500,25,5977,2,1,true
15,1pct,parquet_boundary_search_p16384,23040.4,23058.5,23112.4,5630,25,0,5973,5973,5,0,2500,25,2500,25,5977,2,1,true
15,1pct,parquet_boundary_search,15291.5,15294.6,15295.1,5630,25,0,3003,3003,5,0,1024,25,1024,25,6320,4,1,true
15,1pct,parquet_row_filter,26949.6,26954.2,27049.8,5630,25,0,4023,4023,7,0,2500,25,2500,25,6320,0,0,false
15,1pct,parquet_page_index_filter,15350.2,15358.1,15404.4,5630,25,0,3003,3003,5,0,1024,25,1024,25,6320,3,1,false
15,10pct,generated_selective,24053.0,24059.1,24097.5,159580,250,3975,5128,5128,4,2,22,250,2303,500,5128,0,0,false
15,10pct,generated_fused,50606.5,50610.9,50654.8,159580,250,7898,5128,5128,2,2,22,2500,2303,5000,5128,0,0,false
15,10pct,generated_direct_selective,1568.6,1569.3,1570.5,159580,250,1011,3504,3504,12,0,22,250,44,251,11520,0,0,false
15,10pct,generated_scan_selective,26219.6,26227.3,26251.1,159580,250,8448,5128,5128,4,2,2500,250,2500,500,5128,0,0,false
15,10pct,parquet_full,26730.4,26731.9,26813.3,159580,250,0,6316,6316,9,0,2500,250,2500,250,6320,0,0,false
15,10pct,parquet_boundary_search_p4096,23228.7,23270.8,23330.2,159580,250,0,5973,5973,5,0,2500,250,2500,250,5977,2,1,true
15,10pct,parquet_boundary_search_p16384,23152.4,23193.6,23209.5,159580,250,0,5973,5973,5,0,2500,250,2500,250,5977,2,1,true
15,10pct,parquet_boundary_search,15604.9,15641.8,15647.7,159580,250,0,3003,3003,5,0,1024,250,1024,250,6320,4,1,true
15,10pct,parquet_row_filter,27272.1,27284.5,27310.9,159580,250,0,4023,4023,7,0,2500,250,2500,250,6320,0,0,false
15,10pct,parquet_page_index_filter,15585.1,15598.1,15629.4,159580,250,0,3003,3003,5,0,1024,250,1024,250,6320,3,1,false
15,50pct,generated_selective,35203.6,35214.3,35241.3,794556,1250,6229,5128,5128,4,2,22,1250,2229,2500,5128,0,0,false
15,50pct,generated_fused,50755.5,50787.3,50793.2,794556,1250,8147,5128,5128,2,2,22,2500,2229,5000,5128,0,0,false
15,50pct,generated_direct_selective,5276.0,5276.5,5281.5,794556,1250,2629,5168,5168,12,0,22,1250,44,1251,11520,0,0,false
15,50pct,generated_scan_selective,38270.0,38306.2,38359.3,794556,1250,10453,5128,5128,4,2,2500,1250,2500,2500,5128,0,0,false
15,50pct,parquet_full,27505.0,27648.7,27712.6,794556,1250,0,6316,6316,9,0,2500,1250,2500,1250,6320,0,0,false
15,50pct,parquet_boundary_search_p4096,24797.9,24823.3,24850.9,794556,1250,0,5973,5973,5,0,2500,1250,2500,1250,5977,2,1,true
15,50pct,parquet_boundary_search_p16384,24667.8,24670.6,24706.2,794556,1250,0,5973,5973,5,0,2500,1250,2500,1250,5977,2,1,true
15,50pct,parquet_boundary_search,25356.5,25376.4,25381.8,794556,1250,0,5333,5333,7,0,2048,1250,2048,1250,6320,4,2,true
15,50pct,parquet_row_filter,29796.9,29839.0,29907.9,794556,1250,0,5564,5564,8,0,2500,1250,2500,1250,6320,0,0,false
15,50pct,parquet_page_index_filter,25096.2,25140.0,25158.2,794556,1250,0,5333,5333,7,0,2048,1250,2048,1250,6320,3,2,false
16,0.1pct,generated_selective,25798.1,25822.2,25824.5,160,2,2609,3984,3984,4,2,21,2,3477,4,3984,0,0,false
16,0.1pct,generated_fused,55226.0,55251.9,55328.6,160,2,4937,3984,3984,2,2,21,2500,3477,5000,3984,0,0,false
16,0.1pct,generated_direct_selective,567.0,570.5,571.4,160,2,598,2992,2992,12,0,21,2,42,3,9600,0,0,false
16,0.1pct,generated_scan_selective,23004.9,23012.3,23021.5,160,2,6969,3984,3984,4,2,2500,2,2500,4,3984,0,0,false
16,0.1pct,parquet_full,24122.3,24206.7,24272.4,160,2,0,4751,4751,9,0,2500,2,2500,2,4755,0,0,false
16,0.1pct,parquet_boundary_search_p4096,22848.9,22905.8,22917.4,160,2,0,4344,4344,5,0,2500,2,2500,2,4348,2,1,true
16,0.1pct,parquet_boundary_search_p16384,22765.7,22808.3,22812.5,160,2,0,4344,4344,5,0,2500,2,2500,2,4348,2,1,true
16,0.1pct,parquet_boundary_search,14753.8,14812.8,14833.6,160,2,0,2338,2338,5,0,1024,2,1024,2,4755,4,1,true
16,0.1pct,parquet_row_filter,24848.0,24871.8,24928.3,160,2,0,3506,3506,7,0,2500,2,2500,2,4755,0,0,false
16,0.1pct,parquet_page_index_filter,14769.2,14777.7,14788.2,160,2,0,2338,2338,5,0,1024,2,1024,2,4755,3,1,false
16,1pct,generated_selective,28881.3,28891.6,28962.6,2037,25,2710,3984,3984,4,2,23,25,4136,50,3984,0,0,false
16,1pct,generated_fused,58073.4,58087.8,58137.6,2037,25,4893,3984,3984,2,2,23,2500,4136,5000,3984,0,0,false
16,1pct,generated_direct_selective,740.7,741.6,744.6,2037,25,626,2992,2992,12,0,23,25,46,26,9600,0,0,false
16,1pct,generated_scan_selective,23303.6,23318.3,23329.0,2037,25,7114,3984,3984,4,2,2500,25,2500,50,3984,0,0,false
16,1pct,parquet_full,24316.9,24394.3,24449.7,2037,25,0,4751,4751,9,0,2500,25,2500,25,4755,0,0,false
16,1pct,parquet_boundary_search_p4096,22957.3,23000.8,23010.8,2037,25,0,4344,4344,5,0,2500,25,2500,25,4348,2,1,true
16,1pct,parquet_boundary_search_p16384,22844.2,22860.2,22870.1,2037,25,0,4344,4344,5,0,2500,25,2500,25,4348,2,1,true
16,1pct,parquet_boundary_search,14817.9,14827.7,14843.8,2037,25,0,2338,2338,5,0,1024,25,1024,25,4755,4,1,true
16,1pct,parquet_row_filter,24997.3,25004.2,25047.0,2037,25,0,3506,3506,7,0,2500,25,2500,25,4755,0,0,false
16,1pct,parquet_page_index_filter,14888.2,14897.7,14898.7,2037,25,0,2338,2338,5,0,1024,25,1024,25,4755,3,1,false
16,10pct,generated_selective,23872.0,23904.7,23911.0,20816,250,3002,3984,3984,4,2,22,250,2303,500,3984,0,0,false
16,10pct,generated_fused,50531.0,50543.1,50601.4,20816,250,4824,3984,3984,2,2,22,2500,2303,5000,3984,0,0,false
16,10pct,generated_direct_selective,1579.5,1589.3,1590.8,20816,250,824,3216,3216,12,0,22,250,44,251,9600,0,0,false
16,10pct,generated_scan_selective,26003.5,26015.3,26015.8,20816,250,7475,3984,3984,4,2,2500,250,2500,500,3984,0,0,false
16,10pct,parquet_full,24341.4,24404.6,24504.5,20816,250,0,4751,4751,9,0,2500,250,2500,250,4755,0,0,false
16,10pct,parquet_boundary_search_p4096,23118.8,23185.9,23198.1,20816,250,0,4344,4344,5,0,2500,250,2500,250,4348,2,1,true
16,10pct,parquet_boundary_search_p16384,23084.1,23108.1,23148.4,20816,250,0,4344,4344,5,0,2500,250,2500,250,4348,2,1,true
16,10pct,parquet_boundary_search,15152.7,15209.8,15222.0,20816,250,0,2338,2338,5,0,1024,250,1024,250,4755,4,1,true
16,10pct,parquet_row_filter,25157.3,25250.3,25257.3,20816,250,0,3506,3506,7,0,2500,250,2500,250,4755,0,0,false
16,10pct,parquet_page_index_filter,15080.3,15087.1,15124.3,20816,250,0,2338,2338,5,0,1024,250,1024,250,4755,3,1,false
16,50pct,generated_selective,34792.1,34805.1,34805.9,103380,1250,4081,3984,3984,4,2,22,1250,2229,2500,3984,0,0,false
16,50pct,generated_fused,50776.5,50783.7,50793.2,103380,1250,5073,3984,3984,2,2,22,2500,2229,5000,3984,0,0,false
16,50pct,generated_direct_selective,5285.0,5288.7,5294.7,103380,1250,1692,4112,4112,12,0,22,1250,44,1251,9600,0,0,false
16,50pct,generated_scan_selective,37938.5,37946.4,37964.1,103380,1250,8305,3984,3984,4,2,2500,1250,2500,2500,3984,0,0,false
16,50pct,parquet_full,25155.3,25172.4,25176.8,103380,1250,0,4751,4751,9,0,2500,1250,2500,1250,4755,0,0,false
16,50pct,parquet_boundary_search_p4096,24473.9,24493.4,24504.2,103380,1250,0,4344,4344,5,0,2500,1250,2500,1250,4348,2,1,true
16,50pct,parquet_boundary_search_p16384,24402.5,24488.6,24516.6,103380,1250,0,4344,4344,5,0,2500,1250,2500,1250,4348,2,1,true
16,50pct,parquet_boundary_search,24760.8,24775.1,24778.3,103380,1250,0,4103,4103,7,0,2048,1250,2048,1250,4755,4,2,true
16,50pct,parquet_row_filter,27581.6,27585.9,27619.7,103380,1250,0,4347,4347,8,0,2500,1250,2500,1250,4755,0,0,false
16,50pct,parquet_page_index_filter,24787.5,24823.9,24841.2,103380,1250,0,4103,4103,7,0,2048,1250,2048,1250,4755,3,2,false
17,0.1pct,generated_selective,14767.9,14779.2,14794.4,71,1,1730,2182,2182,4,2,20,1,1552,52,2182,0,0,false
17,0.1pct,generated_fused,22856.3,22872.7,22893.9,71,1,2703,2182,2182,2,2,20,1127,1552,1127,2182,0,0,false
17,0.1pct,generated_direct_selective,522.9,525.9,527.9,71,1,585,2240,2240,10,0,20,1,40,2,4528,0,0,false
17,0.1pct,generated_scan_selective,13013.9,13016.9,13020.1,71,1,2978,2182,2182,4,2,1127,1,1127,52,2182,0,0,false
17,0.1pct,parquet_full,15819.9,15828.9,15843.6,71,1,0,2777,2777,7,0,1127,1,1127,1,2781,0,0,false
17,0.1pct,parquet_boundary_search_p4096,16673.1,16676.0,16784.6,71,1,0,2651,2651,5,0,1127,1,1127,1,2655,2,1,true
17,0.1pct,parquet_boundary_search_p16384,16696.9,16738.7,16743.8,71,1,0,2651,2651,5,0,1127,1,1127,1,2655,2,1,true
17,0.1pct,parquet_boundary_search,15458.8,15471.1,15529.1,71,1,0,2562,2562,5,0,1024,1,1024,1,2781,4,1,true
17,0.1pct,parquet_row_filter,17038.8,17065.2,17086.5,71,1,0,2653,2653,6,0,1127,1,1127,1,2781,0,0,false
17,0.1pct,parquet_page_index_filter,15403.3,15445.4,15473.6,71,1,0,2562,2562,5,0,1024,1,1024,1,2781,2,1,false
17,1pct,generated_selective,14505.5,14506.1,14510.5,743,11,1720,2182,2182,4,2,19,11,1478,57,2182,0,0,false
17,1pct,generated_fused,22553.4,22570.4,22572.7,743,11,2689,2182,2182,2,2,19,1127,1478,1127,2182,0,0,false
17,1pct,generated_direct_selective,577.6,579.1,579.6,743,11,593,2240,2240,10,0,19,11,38,12,4528,0,0,false
17,1pct,generated_scan_selective,13072.4,13075.7,13075.9,743,11,2982,2182,2182,4,2,1127,11,1127,57,2182,0,0,false
17,1pct,parquet_full,15776.1,15815.1,15851.1,743,11,0,2777,2777,7,0,1127,11,1127,11,2781,0,0,false
17,1pct,parquet_boundary_search_p4096,16732.8,16738.1,16746.8,743,11,0,2651,2651,5,0,1127,11,1127,11,2655,2,1,true
17,1pct,parquet_boundary_search_p16384,16676.6,16705.0,16724.5,743,11,0,2651,2651,5,0,1127,11,1127,11,2655,2,1,true
17,1pct,parquet_boundary_search,15645.6,15654.6,15661.5,743,11,0,2562,2562,5,0,1024,11,1024,11,2781,4,1,true
17,1pct,parquet_row_filter,17079.8,17088.5,17123.6,743,11,0,2653,2653,6,0,1127,11,1127,11,2781,0,0,false
17,1pct,parquet_page_index_filter,15526.9,15536.5,15557.9,743,11,0,2562,2562,5,0,1024,11,1024,11,2781,2,1,false
17,10pct,generated_selective,20570.5,20573.2,20612.3,7480,112,1906,2182,2182,4,2,19,112,2659,363,2182,0,0,false
17,10pct,generated_fused,27507.0,27507.3,27518.4,7480,112,2599,2182,2182,2,2,19,1127,2659,1127,2182,0,0,false
17,10pct,generated_direct_selective,969.9,970.4,972.9,7480,112,682,2352,2352,10,0,19,112,38,113,4528,0,0,false
17,10pct,generated_scan_selective,14534.2,14538.0,14548.3,7480,112,3258,2182,2182,4,2,1127,112,1127,363,2182,0,0,false
17,10pct,parquet_full,15753.0,15781.4,15811.2,7480,112,0,2777,2777,7,0,1127,112,1127,112,2781,0,0,false
17,10pct,parquet_boundary_search_p4096,16804.3,16833.4,16834.5,7480,112,0,2651,2651,5,0,1127,112,1127,112,2655,2,1,true
17,10pct,parquet_boundary_search_p16384,16753.7,16764.8,16771.6,7480,112,0,2651,2651,5,0,1127,112,1127,112,2655,2,1,true
17,10pct,parquet_boundary_search,15625.9,15656.8,15663.2,7480,112,0,2562,2562,5,0,1024,112,1024,112,2781,4,1,true
17,10pct,parquet_row_filter,17086.4,17144.5,17186.2,7480,112,0,2653,2653,6,0,1127,112,1127,112,2781,0,0,false
17,10pct,parquet_page_index_filter,15561.0,15580.8,15588.3,7480,112,0,2562,2562,5,0,1024,112,1024,112,2781,2,1,false
17,50pct,generated_selective,17464.4,17498.6,17515.4,36761,563,2216,2182,2182,4,2,21,563,1546,589,2182,0,0,false
17,50pct,generated_fused,24139.3,24161.6,24200.1,36761,563,2703,2182,2182,2,2,21,1127,1546,1127,2182,0,0,false
17,50pct,generated_direct_selective,2725.9,2727.7,2728.7,36761,563,1082,3008,3008,11,0,21,563,42,564,4528,0,0,false
17,50pct,generated_scan_selective,16017.8,16036.0,16039.9,36761,563,3464,2182,2182,4,2,1127,563,1127,589,2182,0,0,false
17,50pct,parquet_full,16074.0,16101.0,16139.9,36761,563,0,2777,2777,7,0,1127,563,1127,563,2781,0,0,false
17,50pct,parquet_boundary_search_p4096,17679.4,17685.2,17689.1,36761,563,0,2651,2651,5,0,1127,563,1127,563,2655,2,1,true
17,50pct,parquet_boundary_search_p16384,17627.8,17646.3,17662.3,36761,563,0,2651,2651,5,0,1127,563,1127,563,2655,2,1,true
17,50pct,parquet_boundary_search,16531.4,16537.3,16585.4,36761,563,0,2562,2562,5,0,1024,563,1024,563,2781,4,1,true
17,50pct,parquet_row_filter,18023.1,18031.5,18047.5,36761,563,0,2653,2653,6,0,1127,563,1127,563,2781,0,0,false
17,50pct,parquet_page_index_filter,16569.3,16581.3,16629.0,36761,563,0,2562,2562,5,0,1024,563,1024,563,2781,2,1,false
18,0.1pct,generated_selective,25603.6,25691.8,25692.3,133,2,2749,3576,3576,4,2,21,2,3414,224,3576,0,0,false
18,0.1pct,generated_fused,42951.9,42977.8,43004.1,133,2,4809,3576,3576,2,2,21,2495,3414,2495,3576,0,0,false
18,0.1pct,generated_direct_selective,559.3,559.8,564.1,133,2,598,2992,2992,12,0,21,2,42,3,9600,0,0,false
18,0.1pct,generated_scan_selective,23053.9,23066.2,23084.8,133,2,7142,3576,3576,4,2,2495,2,2495,224,3576,0,0,false
18,0.1pct,parquet_full,24550.7,24571.5,24688.3,133,2,0,4379,4379,9,0,2495,2,2495,2,4383,0,0,false
18,0.1pct,parquet_boundary_search_p4096,22831.6,22852.3,22934.6,133,2,0,4017,4017,5,0,2495,2,2495,2,4021,2,1,true
18,0.1pct,parquet_boundary_search_p16384,22678.8,22757.0,22807.7,133,2,0,4017,4017,5,0,2495,2,2495,2,4021,2,1,true
18,0.1pct,parquet_boundary_search,15070.8,15074.1,15166.8,133,2,0,2193,2193,5,0,1024,2,1024,2,4383,4,1,true
18,0.1pct,parquet_row_filter,24913.3,24927.6,24942.1,133,2,0,3228,3228,7,0,2495,2,2495,2,4383,0,0,false
18,0.1pct,parquet_page_index_filter,15029.7,15069.1,15071.7,133,2,0,2193,2193,5,0,1024,2,1024,2,4383,3,1,false
18,1pct,generated_selective,27528.8,27538.5,27543.0,1539,24,2724,3576,3576,4,2,22,24,3833,235,3576,0,0,false
18,1pct,generated_fused,44846.9,44881.2,44998.9,1539,24,4774,3576,3576,2,2,22,2495,3833,2495,3576,0,0,false
18,1pct,generated_direct_selective,715.1,720.7,720.8,1539,24,624,2992,2992,12,0,22,24,44,25,9600,0,0,false
18,1pct,generated_scan_selective,23181.9,23190.3,23205.1,1539,24,7152,3576,3576,4,2,2495,24,2495,235,3576,0,0,false
18,1pct,parquet_full,24602.8,24628.1,24649.8,1539,24,0,4379,4379,9,0,2495,24,2495,24,4383,0,0,false
18,1pct,parquet_boundary_search_p4096,22744.4,22772.6,22773.1,1539,24,0,4017,4017,5,0,2495,24,2495,24,4021,2,1,true
18,1pct,parquet_boundary_search_p16384,22765.7,22797.0,22817.4,1539,24,0,4017,4017,5,0,2495,24,2495,24,4021,2,1,true
18,1pct,parquet_boundary_search,15090.2,15118.5,15153.7,1539,24,0,2193,2193,5,0,1024,24,1024,24,4383,4,1,true
18,1pct,parquet_row_filter,24967.0,24971.6,24992.9,1539,24,0,3228,3228,7,0,2495,24,2495,24,4383,0,0,false
18,1pct,parquet_page_index_filter,15153.8,15172.4,15180.4,1539,24,0,2193,2193,5,0,1024,24,1024,24,4383,3,1,false
18,10pct,generated_selective,21953.0,21960.6,21965.5,16242,249,2764,3576,3576,4,2,23,249,2339,348,3576,0,0,false
18,10pct,generated_fused,39162.3,39163.7,39180.2,16242,249,4707,3576,3576,2,2,23,2495,2339,2495,3576,0,0,false
18,10pct,generated_direct_selective,1594.9,1604.8,1606.8,16242,249,822,3216,3216,12,0,23,249,46,250,9600,0,0,false
18,10pct,generated_scan_selective,23882.0,23884.9,23891.9,16242,249,7259,3576,3576,4,2,2495,249,2495,348,3576,0,0,false
18,10pct,parquet_full,24709.9,24723.5,24769.1,16242,249,0,4379,4379,9,0,2495,249,2495,249,4383,0,0,false
18,10pct,parquet_boundary_search_p4096,23055.3,23094.0,23101.2,16242,249,0,4017,4017,5,0,2495,249,2495,249,4021,2,1,true
18,10pct,parquet_boundary_search_p16384,23076.6,23103.4,23135.2,16242,249,0,4017,4017,5,0,2495,249,2495,249,4021,2,1,true
18,10pct,parquet_boundary_search,15710.0,15723.4,15797.5,16242,249,0,2193,2193,5,0,1024,249,1024,249,4383,4,1,true
18,10pct,parquet_row_filter,25416.4,25477.6,25481.5,16242,249,0,3228,3228,7,0,2495,249,2495,249,4383,0,0,false
18,10pct,parquet_page_index_filter,15460.1,15468.9,15495.7,16242,249,0,2193,2193,5,0,1024,249,1024,249,4383,3,1,false
18,50pct,generated_selective,27443.4,27446.0,27466.6,80054,1247,4013,3576,3576,4,2,23,1247,2498,1359,3576,0,0,false
18,50pct,generated_fused,41912.9,41955.6,41982.0,80054,1247,5039,3576,3576,2,2,23,2495,2498,2495,3576,0,0,false
18,50pct,generated_direct_selective,5350.2,5351.3,5351.6,80054,1247,1698,4448,4448,13,0,23,1247,46,1248,9600,0,0,false
18,50pct,generated_scan_selective,29283.4,29301.1,29310.0,80054,1247,8176,3576,3576,4,2,2495,1247,2495,1359,3576,0,0,false
18,50pct,parquet_full,25004.6,25101.2,25110.5,80054,1247,0,4379,4379,9,0,2495,1247,2495,1247,4383,0,0,false
18,50pct,parquet_boundary_search_p4096,24906.8,24984.9,25008.5,80054,1247,0,4017,4017,5,0,2495,1247,2495,1247,4021,2,1,true
18,50pct,parquet_boundary_search_p16384,24735.7,24739.1,24741.7,80054,1247,0,4017,4017,5,0,2495,1247,2495,1247,4021,2,1,true
18,50pct,parquet_boundary_search,25455.9,25462.6,25504.2,80054,1247,0,3740,3740,7,0,2048,1247,2048,1247,4383,4,2,true
18,50pct,parquet_row_filter,28282.0,28325.6,28331.5,80054,1247,0,3980,3980,8,0,2495,1247,2495,1247,4383,0,0,false
18,50pct,parquet_page_index_filter,25441.4,25451.3,25532.1,80054,1247,0,3740,3740,7,0,2048,1247,2048,1247,4383,3,2,false
19,0.1pct,generated_selective,32907.8,32961.0,32962.3,403,15,2786,19504,19504,4,2,27,15,2390,22,19504,0,0,false
19,0.1pct,generated_fused,148029.2,148097.1,148154.0,403,15,31010,19504,19504,2,2,27,15902,2390,15902,19504,0,0,false
19,0.1pct,generated_direct_selective,894.3,894.9,896.0,403,15,739,5416,5416,21,0,27,15,54,30,71632,0,0,false
19,0.1pct,generated_scan_selective,102150.2,102164.5,102264.6,403,15,21005,19504,19504,4,2,15902,15,15902,22,19504,0,0,false
19,0.1pct,parquet_full,72440.7,72478.5,72505.8,403,15,0,22864,22864,35,0,15902,15,15902,15,22868,0,0,false
19,0.1pct,parquet_boundary_search_p4096,22977.0,23014.4,23068.3,403,15,0,5998,5998,5,0,4096,15,4096,15,21169,5,1,true
19,0.1pct,parquet_boundary_search_p16384,59256.2,59356.1,59448.7,403,15,0,20721,20721,5,0,15902,15,15902,15,20725,2,1,true
19,0.1pct,parquet_boundary_search,12349.3,12380.8,12404.7,403,15,0,2930,2930,5,0,1024,15,1024,15,22868,8,1,true
19,0.1pct,parquet_row_filter,60841.4,60893.9,60931.8,403,15,0,3665,3665,20,0,15902,15,15902,15,22868,0,0,false
19,0.1pct,parquet_page_index_filter,12399.6,12412.7,12419.3,403,15,0,2930,2930,5,0,1024,15,1024,15,22868,16,1,false
19,1pct,generated_selective,38663.9,38676.5,38706.0,7092,159,2964,19504,19504,4,2,27,159,3398,350,19504,0,0,false
19,1pct,generated_fused,152538.3,152609.2,152726.2,7092,159,30607,19504,19504,2,2,27,15902,3398,15902,19504,0,0,false
19,1pct,generated_direct_selective,2600.3,2601.9,2604.6,7092,159,1323,6408,6408,34,0,27,159,54,318,71632,0,0,false
19,1pct,generated_scan_selective,103499.1,103650.4,103689.4,7092,159,21586,19504,19504,4,2,15902,159,15902,350,19504,0,0,false
19,1pct,parquet_full,73480.7,73509.6,73596.8,7092,159,0,22864,22864,35,0,15902,159,15902,159,22868,0,0,false
19,1pct,parquet_boundary_search_p4096,23382.7,23386.9,23388.3,7092,159,0,5998,5998,5,0,4096,159,4096,159,21169,5,1,true
19,1pct,parquet_boundary_search_p16384,59764.9,59812.8,59855.9,7092,159,0,20721,20721,5,0,15902,159,15902,159,20725,2,1,true
19,1pct,parquet_boundary_search,12746.1,12768.1,12775.7,7092,159,0,2930,2930,5,0,1024,159,1024,159,22868,8,1,true
19,1pct,parquet_row_filter,61065.8,61084.5,61229.4,7092,159,0,3665,3665,20,0,15902,159,15902,159,22868,0,0,false
19,1pct,parquet_page_index_filter,12656.8,12743.3,12751.0,7092,159,0,2930,2930,5,0,1024,159,1024,159,22868,16,1,false
19,10pct,generated_selective,43822.5,43869.4,43881.0,88270,1590,5297,19504,19504,4,2,28,1590,2911,1834,19504,0,0,false
19,10pct,generated_fused,153957.0,154242.4,154320.2,88270,1590,30301,19504,19504,2,2,28,15902,2911,15902,19504,0,0,false
19,10pct,generated_direct_selective,19167.1,19171.9,19193.3,88270,1590,3976,10552,10552,64,0,28,1590,56,3180,71632,0,0,false
19,10pct,generated_scan_selective,111388.9,111488.6,111649.3,88270,1590,24225,19504,19504,4,2,15902,1590,15902,1834,19504,0,0,false
19,10pct,parquet_full,74680.2,74729.1,74742.3,88270,1590,0,22864,22864,35,0,15902,1590,15902,1590,22868,0,0,false
19,10pct,parquet_boundary_search_p4096,37804.7,37821.2,37860.9,88270,1590,0,11485,11485,7,0,8192,1590,8192,1590,21169,5,2,true
19,10pct,parquet_boundary_search_p16384,61641.0,61672.0,61682.0,88270,1590,0,20721,20721,5,0,15902,1590,15902,1590,20725,2,1,true
19,10pct,parquet_boundary_search,22840.9,22870.8,22898.6,88270,1590,0,5507,5507,9,0,3072,1590,3072,1590,22868,8,3,true
19,10pct,parquet_row_filter,64906.5,65069.7,65168.9,88270,1590,0,6144,6144,22,0,15902,1590,15902,1590,22868,0,0,false
19,10pct,parquet_page_index_filter,22879.6,22906.0,22970.0,88270,1590,0,5507,5507,9,0,3072,1590,3072,1590,22868,16,3,false
19,50pct,generated_selective,74392.8,74587.2,74587.2,675121,7951,17176,19504,19504,4,2,26,7951,3441,8086,19504,0,0,false
19,50pct,generated_fused,168896.4,168904.5,168955.6,675121,7951,31071,19504,19504,2,2,26,15902,3441,15902,19504,0,0,false
19,50pct,generated_direct_selective,93009.2,93084.1,93166.6,675121,7951,14087,20432,20432,96,0,26,7951,52,15902,71632,0,0,false
19,50pct,generated_scan_selective,144868.3,144966.9,145111.0,675121,7951,35334,19504,19504,4,2,15902,7951,15902,8086,19504,0,0,false
19,50pct,parquet_full,79119.2,79152.8,79264.2,675121,7951,0,22864,22864,35,0,15902,7951,15902,7951,22868,0,0,false
19,50pct,parquet_boundary_search_p4096,64067.2,64072.0,64396.7,675121,7951,0,16484,16484,9,0,12288,7951,12288,7951,21169,5,3,true
19,50pct,parquet_boundary_search_p16384,72022.2,72034.1,72209.9,675121,7951,0,20721,20721,5,0,15902,7951,15902,7951,20725,2,1,true
19,50pct,parquet_boundary_search,61595.0,61639.1,61681.7,675121,7951,0,14068,14068,21,0,9216,7951,9216,7951,22868,8,9,true
19,50pct,parquet_row_filter,83450.4,83558.7,83651.5,675121,7951,0,14411,14411,28,0,15902,7951,15902,7951,22868,0,0,false
19,50pct,parquet_page_index_filter,61682.3,61723.9,61824.1,675121,7951,0,14068,14068,21,0,9216,7951,9216,7951,22868,16,9,false
20,0.1pct,generated_selective,38777.8,38811.8,38892.1,456,15,3099,14348,14348,4,2,27,15,4761,30,14348,0,0,false
20,0.1pct,generated_fused,223037.1,223162.9,223192.9,456,15,20603,14348,14348,2,2,27,15831,4761,31662,14348,0,0,false
20,0.1pct,generated_direct_selective,889.5,889.8,892.6,456,15,733,5752,5752,22,0,27,15,54,30,63872,0,0,false
20,0.1pct,generated_scan_selective,97716.8,97760.3,98107.3,456,15,20982,14348,14348,4,2,15831,15,15831,30,14348,0,0,false
20,0.1pct,parquet_full,67462.4,67640.1,67677.4,456,15,0,18329,18329,35,0,15831,15,15831,15,18333,0,0,false
20,0.1pct,parquet_boundary_search_p4096,22540.2,22593.8,22672.9,456,15,0,4837,4837,5,0,4096,15,4096,15,16606,5,1,true
20,0.1pct,parquet_boundary_search_p16384,58467.2,58567.6,58626.8,456,15,0,16159,16159,5,0,15831,15,15831,15,16163,2,1,true
20,0.1pct,parquet_boundary_search,12273.9,12297.5,12299.0,456,15,0,2695,2695,5,0,1024,15,1024,15,18333,8,1,true
20,0.1pct,parquet_row_filter,60678.0,60876.4,60944.0,456,15,0,3430,3430,20,0,15831,15,15831,15,18333,0,0,false
20,0.1pct,parquet_page_index_filter,12212.7,12245.1,12261.1,456,15,0,2695,2695,5,0,1024,15,1024,15,18333,16,1,false
20,1pct,generated_selective,34353.1,34355.7,34355.9,6990,158,3284,14348,14348,4,2,27,158,3209,316,14348,0,0,false
20,1pct,generated_fused,217025.9,218840.8,229489.0,6990,158,20229,14348,14348,2,2,27,15831,3209,31662,14348,0,0,false
20,1pct,generated_direct_selective,2566.4,2569.2,2572.8,6990,158,1291,6328,6328,29,0,27,158,54,316,63872,0,0,false
20,1pct,generated_scan_selective,99586.0,99616.1,99735.2,6990,158,21541,14348,14348,4,2,15831,158,15831,316,14348,0,0,false
20,1pct,parquet_full,67472.1,67724.7,67824.4,6990,158,0,18329,18329,35,0,15831,158,15831,158,18333,0,0,false
20,1pct,parquet_boundary_search_p4096,22827.6,22833.0,22839.2,6990,158,0,4837,4837,5,0,4096,158,4096,158,16606,5,1,true
20,1pct,parquet_boundary_search_p16384,58839.9,58870.8,58913.0,6990,158,0,16159,16159,5,0,15831,158,15831,158,16163,2,1,true
20,1pct,parquet_boundary_search,12515.5,12549.9,12566.3,6990,158,0,2695,2695,5,0,1024,158,1024,158,18333,8,1,true
20,1pct,parquet_row_filter,60735.9,60874.2,60951.8,6990,158,0,3430,3430,20,0,15831,158,15831,158,18333,0,0,false
20,1pct,parquet_page_index_filter,12631.9,12639.4,12668.7,6990,158,0,2695,2695,5,0,1024,158,1024,158,18333,16,1,false
20,10pct,generated_selective,50182.5,50205.1,50209.2,85399,1583,5201,14348,14348,4,2,28,1583,3188,3166,14348,0,0,false
20,10pct,generated_fused,217183.9,217198.3,217220.7,85399,1583,20217,14348,14348,2,2,28,15831,3188,31662,14348,0,0,false
20,10pct,generated_direct_selective,18982.0,18997.9,19018.8,85399,1583,3228,8568,8568,40,0,28,1583,56,3166,63872,0,0,false
20,10pct,generated_scan_selective,116981.5,117124.7,117135.9,85399,1583,23470,14348,14348,4,2,15831,1583,15831,3166,14348,0,0,false
20,10pct,parquet_full,68847.7,68897.7,69084.1,85399,1583,0,18329,18329,35,0,15831,1583,15831,1583,18333,0,0,false
20,10pct,parquet_boundary_search_p4096,37263.3,37330.9,37345.7,85399,1583,0,9079,9079,7,0,8192,1583,8192,1583,16606,5,2,true
20,10pct,parquet_boundary_search_p16384,61001.3,61173.1,61277.3,85399,1583,0,16159,16159,5,0,15831,1583,15831,1583,16163,2,1,true
20,10pct,parquet_boundary_search,22505.9,22540.9,22648.8,85399,1583,0,4853,4853,9,0,3072,1583,3072,1583,18333,8,3,true
20,10pct,parquet_row_filter,64392.2,64608.0,64688.7,85399,1583,0,5490,5490,22,0,15831,1583,15831,1583,18333,0,0,false
20,10pct,parquet_page_index_filter,22530.2,22587.4,22589.0,85399,1583,0,4853,4853,9,0,3072,1583,3072,1583,18333,16,3,false
20,50pct,generated_selective,124033.8,124110.8,124110.8,429689,7915,12275,14348,14348,4,2,27,7915,3388,15830,14348,0,0,false
20,50pct,generated_fused,221442.6,221448.0,221699.6,429689,7915,20415,14348,14348,2,2,27,15831,3388,31662,14348,0,0,false
20,50pct,generated_direct_selective,92257.1,92276.2,92308.1,429689,7915,10102,15528,15528,46,0,27,7915,54,15830,63872,0,0,false
20,50pct,generated_scan_selective,194290.7,194292.8,194298.8,429689,7915,30346,14348,14348,4,2,15831,7915,15831,15830,14348,0,0,false
20,50pct,parquet_full,73971.1,74162.9,74315.1,429689,7915,0,18329,18329,35,0,15831,7915,15831,7915,18333,0,0,false
20,50pct,parquet_boundary_search_p4096,63426.9,63511.7,63693.7,429689,7915,0,13216,13216,9,0,12288,7915,12288,7915,16606,5,3,true
20,50pct,parquet_boundary_search_p16384,71754.0,71841.6,71947.7,429689,7915,0,16159,16159,5,0,15831,7915,15831,7915,16163,2,1,true
20,50pct,parquet_boundary_search,58433.9,58444.2,58472.5,429689,7915,0,11506,11506,21,0,9216,7915,9216,7915,18333,8,9,true
20,50pct,parquet_row_filter,80208.0,80224.2,80541.4,429689,7915,0,11849,11849,28,0,15831,7915,15831,7915,18333,0,0,false
20,50pct,parquet_page_index_filter,58383.8,58397.1,58463.1,429689,7915,0,11506,11506,21,0,9216,7915,9216,7915,18333,16,9,false
21,0.1pct,generated_selective,37764.8,37790.2,37807.2,75,15,2763,8303,8303,4,2,27,15,2390,16,8303,0,0,false
21,0.1pct,generated_fused,102854.5,102906.6,103335.7,75,15,18650,8303,8303,2,2,27,15902,2390,15903,8303,0,0,false
21,0.1pct,generated_direct_selective,892.0,893.0,893.3,75,15,675,5160,5160,18,0,27,15,54,30,58960,0,0,false
21,0.1pct,generated_scan_selective,106685.8,106795.4,106879.9,75,15,20982,8303,8303,4,2,15902,15,15902,16,8303,0,0,false
21,0.1pct,parquet_full,66109.6,66203.2,66242.9,75,15,0,12906,12906,35,0,15902,15,15902,15,12910,0,0,false
21,0.1pct,parquet_boundary_search_p4096,22381.7,22473.0,22486.2,75,15,0,3591,3591,5,0,4096,15,4096,15,11105,5,1,true
21,0.1pct,parquet_boundary_search_p16384,65968.4,66098.6,66197.9,75,15,0,10381,10381,5,0,15902,15,15902,15,10385,2,1,true
21,0.1pct,parquet_boundary_search,12195.5,12208.1,12224.2,75,15,0,2369,2369,5,0,1024,15,1024,15,12910,8,1,true
21,0.1pct,parquet_row_filter,60271.1,60276.0,60297.8,75,15,0,3104,3104,20,0,15902,15,15902,15,12910,0,0,false
21,0.1pct,parquet_page_index_filter,12210.2,12228.4,12240.6,75,15,0,2369,2369,5,0,1024,15,1024,15,12910,16,1,false
21,1pct,generated_selective,42560.7,42612.9,42731.3,1440,159,2504,8303,8303,4,2,27,159,3398,160,8303,0,0,false
21,1pct,generated_fused,107258.3,107275.6,107313.9,1440,159,18247,8303,8303,2,2,27,15902,3398,15903,8303,0,0,false
21,1pct,generated_direct_selective,2613.2,2613.6,2619.7,1440,159,971,5448,5448,21,0,27,159,54,318,58960,0,0,false
21,1pct,generated_scan_selective,107454.7,107515.3,107581.0,1440,159,21126,8303,8303,4,2,15902,159,15902,160,8303,0,0,false
21,1pct,parquet_full,65920.7,65958.4,65971.5,1440,159,0,12906,12906,35,0,15902,159,15902,159,12910,0,0,false
21,1pct,parquet_boundary_search_p4096,22851.8,22855.9,22897.1,1440,159,0,3591,3591,5,0,4096,159,4096,159,11105,5,1,true
21,1pct,parquet_boundary_search_p16384,66647.7,66741.6,66758.5,1440,159,0,10381,10381,5,0,15902,159,15902,159,10385,2,1,true
21,1pct,parquet_boundary_search,12560.1,12569.5,12642.7,1440,159,0,2369,2369,5,0,1024,159,1024,159,12910,8,1,true
21,1pct,parquet_row_filter,60682.1,60750.0,60845.4,1440,159,0,3104,3104,20,0,15902,159,15902,159,12910,0,0,false
21,1pct,parquet_page_index_filter,12551.3,12586.7,12601.8,1440,159,0,2369,2369,5,0,1024,159,1024,159,12910,16,1,false
21,10pct,generated_selective,45950.2,45975.3,46019.8,8907,1590,3629,8303,8303,4,2,28,1590,2911,1591,8303,0,0,false
21,10pct,generated_fused,105866.2,105972.4,106103.2,8907,1590,17941,8303,8303,2,2,28,15902,2911,15903,8303,0,0,false
21,10pct,generated_direct_selective,19186.4,19197.1,19204.1,8907,1590,2109,6968,6968,22,0,28,1590,56,3180,58960,0,0,false
21,10pct,generated_scan_selective,113952.3,114127.8,114133.2,8907,1590,22557,8303,8303,4,2,15902,1590,15902,1591,8303,0,0,false
21,10pct,parquet_full,67033.4,67142.2,67244.4,8907,1590,0,12906,12906,35,0,15902,1590,15902,1590,12910,0,0,false
21,10pct,parquet_boundary_search_p4096,37018.4,37089.5,37091.5,8907,1590,0,6358,6358,7,0,8192,1590,8192,1590,11105,5,2,true
21,10pct,parquet_boundary_search_p16384,68232.5,68284.0,68474.3,8907,1590,0,10381,10381,5,0,15902,1590,15902,1590,10385,2,1,true
21,10pct,parquet_boundary_search,22250.8,22305.0,22331.7,8907,1590,0,3843,3843,9,0,3072,1590,3072,1590,12910,8,3,true
21,10pct,parquet_row_filter,63812.9,63949.2,64005.5,8907,1590,0,4480,4480,22,0,15902,1590,15902,1590,12910,0,0,false
21,10pct,parquet_page_index_filter,22328.8,22349.8,22379.1,8907,1590,0,3843,3843,9,0,3072,1590,3072,1590,12910,16,3,false
21,50pct,generated_selective,71826.0,71893.9,71907.2,29529,7951,10760,8303,8303,4,2,26,7951,3441,7952,8303,0,0,false
21,50pct,generated_fused,110541.9,110600.8,110833.5,29529,7951,18711,8303,8303,2,2,26,15902,3441,15903,8303,0,0,false
21,50pct,generated_direct_selective,92796.0,92796.5,92820.3,29529,7951,6919,11696,11696,23,0,26,7951,52,15902,58960,0,0,false
21,50pct,generated_scan_selective,142290.1,142467.4,142487.5,29529,7951,28918,8303,8303,4,2,15902,7951,15902,7952,8303,0,0,false
21,50pct,parquet_full,72147.2,72375.7,72481.4,29529,7951,0,12906,12906,35,0,15902,7951,15902,7951,12910,0,0,false
21,50pct,parquet_boundary_search_p4096,62610.1,62742.9,62751.3,29529,7951,0,8885,8885,9,0,12288,7951,12288,7951,11105,5,3,true
21,50pct,parquet_boundary_search_p16384,78803.9,78898.9,78925.3,29529,7951,0,10381,10381,5,0,15902,7951,15902,7951,10385,2,1,true
21,50pct,parquet_boundary_search,57045.4,57066.3,57270.4,29529,7951,0,8362,8362,21,0,9216,7951,9216,7951,12910,8,9,true
21,50pct,parquet_row_filter,78949.7,79048.7,79089.2,29529,7951,0,8705,8705,28,0,15902,7951,15902,7951,12910,0,0,false
21,50pct,parquet_page_index_filter,57191.0,57223.6,57233.1,29529,7951,0,8362,8362,21,0,9216,7951,9216,7951,12910,16,9,false
22,0.1pct,generated_selective,37439.6,37477.8,37512.5,2,15,2820,4396,4396,4,2,27,15,4803,30,4396,0,0,false
22,0.1pct,generated_fused,221938.8,221987.8,222074.6,2,15,12879,4396,4396,2,2,27,15853,4803,31706,4396,0,0,false
22,0.1pct,generated_direct_selective,896.8,897.3,898.5,2,15,640,5448,5448,18,0,27,15,54,30,56320,0,0,false
22,0.1pct,generated_scan_selective,96186.4,96265.1,96511.4,2,15,20917,4396,4396,4,2,15853,15,15853,30,4396,0,0,false
22,0.1pct,parquet_full,77138.6,77266.8,77514.8,2,15,0,8728,8728,35,0,15853,15,15853,15,8732,0,0,false
22,0.1pct,parquet_boundary_search_p4096,25953.0,26015.7,26039.2,2,15,0,2238,2238,5,0,4096,15,4096,15,6382,5,1,true
22,0.1pct,parquet_boundary_search_p16384,67104.9,67360.8,69668.8,2,15,0,5572,5572,5,0,15853,15,15853,15,5576,2,1,true
22,0.1pct,parquet_boundary_search,12655.2,12655.7,12696.7,2,15,0,2070,2070,5,0,1024,15,1024,15,8732,8,1,true
22,0.1pct,parquet_row_filter,61153.1,61155.6,61294.2,2,15,0,2805,2805,20,0,15853,15,15853,15,8732,0,0,false
22,0.1pct,parquet_page_index_filter,12747.2,12771.5,12781.1,2,15,0,2070,2070,5,0,1024,15,1024,15,8732,16,1,false
22,1pct,generated_selective,32876.0,32884.4,32893.2,276,158,2643,4396,4396,4,2,27,158,3261,316,4396,0,0,false
22,1pct,generated_fused,215929.8,215942.0,216416.1,276,158,12508,4396,4396,2,2,27,15853,3261,31706,4396,0,0,false
22,1pct,generated_direct_selective,2611.0,2619.2,2623.0,276,158,837,5592,5592,19,0,27,158,54,316,56320,0,0,false
22,1pct,generated_scan_selective,98228.0,98383.2,98420.2,276,158,21111,4396,4396,4,2,15853,158,15853,316,4396,0,0,false
22,1pct,parquet_full,77409.4,77416.6,77548.4,276,158,0,8728,8728,35,0,15853,158,15853,158,8732,0,0,false
22,1pct,parquet_boundary_search_p4096,26145.8,26181.7,26249.8,276,158,0,2238,2238,5,0,4096,158,4096,158,6382,5,1,true
22,1pct,parquet_boundary_search_p16384,67513.8,67529.7,67649.5,276,158,0,5572,5572,5,0,15853,158,15853,158,5576,2,1,true
22,1pct,parquet_boundary_search,12896.1,12905.7,12933.5,276,158,0,2070,2070,5,0,1024,158,1024,158,8732,8,1,true
22,1pct,parquet_row_filter,61294.8,61449.2,61495.8,276,158,0,2805,2805,20,0,15853,158,15853,158,8732,0,0,false
22,1pct,parquet_page_index_filter,12871.6,12893.9,12903.3,276,158,0,2070,2070,5,0,1024,158,1024,158,8732,16,1,false
22,10pct,generated_selective,48662.6,48662.6,48736.2,913,1585,3551,4396,4396,4,2,28,1585,3240,3170,4396,0,0,false
22,10pct,generated_fused,216313.7,216408.3,216695.4,913,1585,12524,4396,4396,2,2,28,15853,3240,31706,4396,0,0,false
22,10pct,generated_direct_selective,19117.7,19123.1,19137.3,913,1585,1731,6552,6552,19,0,28,1585,56,3170,56320,0,0,false
22,10pct,generated_scan_selective,115187.6,115193.0,115195.9,913,1585,22003,4396,4396,4,2,15853,1585,15853,3170,4396,0,0,false
22,10pct,parquet_full,78651.8,78712.4,78836.3,913,1585,0,8728,8728,35,0,15853,1585,15853,1585,8732,0,0,false
22,10pct,parquet_boundary_search_p4096,44051.5,44216.0,44227.1,913,1585,0,3649,3649,7,0,8192,1585,8192,1585,6382,5,2,true
22,10pct,parquet_boundary_search_p16384,69562.3,69655.0,69775.5,913,1585,0,5572,5572,5,0,15853,1585,15853,1585,5576,2,1,true
22,10pct,parquet_boundary_search,25194.7,25227.6,25235.9,913,1585,0,2861,2861,9,0,3072,1585,3072,1585,8732,8,3,true
22,10pct,parquet_row_filter,66865.2,66992.3,67049.7,913,1585,0,3498,3498,22,0,15853,1585,15853,1585,8732,0,0,false
22,10pct,parquet_page_index_filter,25203.1,25268.1,25268.3,913,1585,0,2861,2861,9,0,3072,1585,3072,1585,8732,16,3,false
22,50pct,generated_selective,120539.1,120562.9,120786.4,3070,7926,8220,4396,4396,4,2,27,7926,3449,15852,4396,0,0,false
22,50pct,generated_fused,220277.4,220412.1,220570.0,3070,7926,13214,4396,4396,2,2,27,15853,3449,31706,4396,0,0,false
22,50pct,generated_direct_selective,92505.6,92525.6,92605.7,3070,7926,5710,10520,10520,20,0,27,7926,54,15852,56320,0,0,false
22,50pct,generated_scan_selective,190604.2,190633.3,190685.3,3070,7926,25982,4396,4396,4,2,15853,7926,15853,15852,4396,0,0,false
22,50pct,parquet_full,83842.0,84115.9,84171.2,3070,7926,0,8728,8728,35,0,15853,7926,15853,7926,8732,0,0,false
22,50pct,parquet_boundary_search_p4096,73679.1,73681.0,73686.9,3070,7926,0,5024,5024,9,0,12288,7926,12288,7926,6382,5,3,true
22,50pct,parquet_boundary_search_p16384,80104.3,80105.9,80136.7,3070,7926,0,5572,5572,5,0,15853,7926,15853,7926,5576,2,1,true
22,50pct,parquet_boundary_search,65509.8,65591.0,65614.2,3070,7926,0,5621,5621,21,0,9216,7926,9216,7926,8732,8,9,true
22,50pct,parquet_row_filter,87519.3,87583.2,87612.0,3070,7926,0,5964,5964,28,0,15853,7926,15853,7926,8732,0,0,false
22,50pct,parquet_page_index_filter,65311.1,65327.7,65399.5,3070,7926,0,5621,5621,21,0,9216,7926,9216,7926,8732,16,9,false
23,0.1pct,generated_selective,35954.7,35980.2,35989.3,383,15,3099,11946,11946,4,2,27,15,4790,30,11946,0,0,false
23,0.1pct,generated_fused,220116.9,220438.6,221028.2,383,15,20053,11946,11946,2,2,27,15833,4790,31666,11946,0,0,false
23,0.1pct,generated_direct_selective,885.5,885.8,890.6,383,15,718,5688,5688,21,0,27,15,54,30,63360,0,0,false
23,0.1pct,generated_scan_selective,95105.2,95196.2,95223.4,383,15,20969,11946,11946,4,2,15833,15,15833,30,11946,0,0,false
23,0.1pct,parquet_full,68359.4,68835.5,68872.4,383,15,0,17011,17011,35,0,15833,15,15833,15,17015,0,0,false
23,0.1pct,parquet_boundary_search_p4096,22487.4,22499.3,22623.4,383,15,0,4571,4571,5,0,4096,15,4096,15,15315,5,1,true
23,0.1pct,parquet_boundary_search_p16384,58788.6,58793.5,58900.2,383,15,0,14870,14870,5,0,15833,15,15833,15,14874,2,1,true
23,0.1pct,parquet_boundary_search,12197.3,12206.1,12211.0,383,15,0,2622,2622,5,0,1024,15,1024,15,17015,8,1,true
23,0.1pct,parquet_row_filter,60540.6,60590.1,60604.9,383,15,0,3357,3357,20,0,15833,15,15833,15,17015,0,0,false
23,0.1pct,parquet_page_index_filter,12162.8,12172.6,12186.1,383,15,0,2622,2622,5,0,1024,15,1024,15,17015,16,1,false
23,1pct,generated_selective,31273.5,31290.6,31327.4,4293,158,3229,11946,11946,4,2,27,158,3238,316,11946,0,0,false
23,1pct,generated_fused,214136.0,214373.0,214642.3,4293,158,19680,11946,11946,2,2,27,15833,3238,31666,11946,0,0,false
23,1pct,generated_direct_selective,2569.7,2572.7,2575.2,4293,158,1223,6328,6328,29,0,27,158,54,316,63360,0,0,false
23,1pct,generated_scan_selective,96831.4,96973.6,97039.7,4293,158,21472,11946,11946,4,2,15833,158,15833,316,11946,0,0,false
23,1pct,parquet_full,68640.2,68751.8,68754.0,4293,158,0,17011,17011,35,0,15833,158,15833,158,17015,0,0,false
23,1pct,parquet_boundary_search_p4096,22762.7,22809.0,22876.1,4293,158,0,4571,4571,5,0,4096,158,4096,158,15315,5,1,true
23,1pct,parquet_boundary_search_p16384,59001.6,59045.6,59268.4,4293,158,0,14870,14870,5,0,15833,158,15833,158,14874,2,1,true
23,1pct,parquet_boundary_search,12598.1,12641.5,12647.2,4293,158,0,2622,2622,5,0,1024,158,1024,158,17015,8,1,true
23,1pct,parquet_row_filter,60910.8,60930.9,60939.3,4293,158,0,3357,3357,20,0,15833,158,15833,158,17015,0,0,false
23,1pct,parquet_page_index_filter,12609.8,12618.6,12647.9,4293,158,0,2622,2622,5,0,1024,158,1024,158,17015,16,1,false
23,10pct,generated_selective,47154.8,47158.9,47178.5,36090,1583,4953,11946,11946,4,2,28,1583,3229,3166,11946,0,0,false
23,10pct,generated_fused,214780.3,214959.4,214984.0,36090,1583,19667,11946,11946,2,2,28,15833,3229,31666,11946,0,0,false
23,10pct,generated_direct_selective,19247.8,19254.5,19269.5,36090,1583,2965,8248,8248,35,0,28,1583,56,3166,63360,0,0,false
23,10pct,generated_scan_selective,114002.9,114074.2,114095.5,36090,1583,23209,11946,11946,4,2,15833,1583,15833,3166,11946,0,0,false
23,10pct,parquet_full,70553.4,70722.6,70775.6,36090,1583,0,17011,17011,35,0,15833,1583,15833,1583,17015,0,0,false
23,10pct,parquet_boundary_search_p4096,37392.3,37405.8,37508.8,36090,1583,0,8343,8343,7,0,8192,1583,8192,1583,15315,5,2,true
23,10pct,parquet_boundary_search_p16384,61118.3,61221.6,61294.9,36090,1583,0,14870,14870,5,0,15833,1583,15833,1583,14874,2,1,true
23,10pct,parquet_boundary_search,22682.0,22684.1,22700.1,36090,1583,0,4587,4587,9,0,3072,1583,3072,1583,17015,8,3,true
23,10pct,parquet_row_filter,64284.3,64372.5,64516.5,36090,1583,0,5224,5224,22,0,15833,1583,15833,1583,17015,0,0,false
23,10pct,parquet_page_index_filter,22580.2,22618.5,22632.1,36090,1583,0,4587,4587,9,0,3072,1583,3072,1583,17015,16,3,false
23,50pct,generated_selective,118663.8,118708.2,118797.2,147537,7916,11991,11946,11946,4,2,26,7916,3323,15832,11946,0,0,false
23,50pct,generated_fused,218396.8,218543.8,218692.8,147537,7916,20188,11946,11946,2,2,26,15833,3323,31666,11946,0,0,false
23,50pct,generated_direct_selective,92722.1,92767.0,92789.8,147537,7916,9472,14960,14960,38,0,26,7916,52,15832,63360,0,0,false
23,50pct,generated_scan_selective,189957.3,190018.4,190109.5,147537,7916,29726,11946,11946,4,2,15833,7916,15833,15832,11946,0,0,false
23,50pct,parquet_full,73283.4,73385.7,73658.4,147537,7916,0,17011,17011,35,0,15833,7916,15833,7916,17015,0,0,false
23,50pct,parquet_boundary_search_p4096,63504.1,63563.8,63790.6,147537,7916,0,12116,12116,9,0,12288,7916,12288,7916,15315,5,3,true
23,50pct,parquet_boundary_search_p16384,71840.5,71964.4,72105.3,147537,7916,0,14870,14870,5,0,15833,7916,15833,7916,14874,2,1,true
23,50pct,parquet_boundary_search,58042.1,58078.4,58106.1,147537,7916,0,10534,10534,21,0,9216,7916,9216,7916,17015,8,9,true
23,50pct,parquet_row_filter,79627.2,79728.9,79833.1,147537,7916,0,10877,10877,28,0,15833,7916,15833,7916,17015,0,0,false
23,50pct,parquet_page_index_filter,57933.2,57936.1,58112.2,147537,7916,0,10534,10534,21,0,9216,7916,9216,7916,17015,16,9,false
24,0.1pct,generated_selective,35078.6,35085.7,35196.2,302,15,2828,12435,12435,4,2,27,15,4654,30,12435,0,0,false
24,0.1pct,generated_fused,219180.5,219569.9,219676.2,302,15,19935,12435,12435,2,2,27,15842,4654,31684,12435,0,0,false
24,0.1pct,generated_direct_selective,879.9,882.8,883.2,302,15,717,5752,5752,22,0,27,15,54,30,63488,0,0,false
24,0.1pct,generated_scan_selective,95213.9,95241.6,95287.3,302,15,20980,12435,12435,4,2,15842,15,15842,30,12435,0,0,false
24,0.1pct,parquet_full,66581.3,66763.7,66925.0,302,15,0,16877,16877,35,0,15842,15,15842,15,16881,0,0,false
24,0.1pct,parquet_boundary_search_p4096,22364.0,22370.8,22381.3,302,15,0,4644,4644,5,0,4096,15,4096,15,15151,5,1,true
24,0.1pct,parquet_boundary_search_p16384,58407.7,58461.1,58462.6,302,15,0,14706,14706,5,0,15842,15,15842,15,14710,2,1,true
24,0.1pct,parquet_boundary_search,12240.3,12268.1,12282.0,302,15,0,2663,2663,5,0,1024,15,1024,15,16881,8,1,true
24,0.1pct,parquet_row_filter,60477.4,60508.7,60729.3,302,15,0,3398,3398,20,0,15842,15,15842,15,16881,0,0,false
24,0.1pct,parquet_page_index_filter,12053.4,12190.0,12208.6,302,15,0,2663,2663,5,0,1024,15,1024,15,16881,16,1,false
24,1pct,generated_selective,30599.4,30600.9,30625.8,3612,158,2902,12435,12435,4,2,27,158,3125,316,12435,0,0,false
24,1pct,generated_fused,213305.9,213373.8,213469.4,3612,158,19570,12435,12435,2,2,27,15842,3125,31684,12435,0,0,false
24,1pct,generated_direct_selective,2575.7,2576.3,2578.1,3612,158,1161,6264,6264,28,0,27,158,54,316,63488,0,0,false
24,1pct,generated_scan_selective,96886.5,96900.5,96952.6,3612,158,21419,12435,12435,4,2,15842,158,15842,316,12435,0,0,false
24,1pct,parquet_full,66878.7,66994.7,67101.8,3612,158,0,16877,16877,35,0,15842,158,15842,158,16881,0,0,false
24,1pct,parquet_boundary_search_p4096,22717.9,22761.1,22774.0,3612,158,0,4644,4644,5,0,4096,158,4096,158,15151,5,1,true
24,1pct,parquet_boundary_search_p16384,58823.7,58827.7,58920.5,3612,158,0,14706,14706,5,0,15842,158,15842,158,14710,2,1,true
24,1pct,parquet_boundary_search,12571.1,12582.7,12586.2,3612,158,0,2663,2663,5,0,1024,158,1024,158,16881,8,1,true
24,1pct,parquet_row_filter,60726.8,60763.3,60801.7,3612,158,0,3398,3398,20,0,15842,158,15842,158,16881,0,0,false
24,1pct,parquet_page_index_filter,12617.2,12647.1,12677.3,3612,158,0,2663,2663,5,0,1024,158,1024,158,16881,16,1,false
24,10pct,generated_selective,46620.0,46657.2,46667.0,35763,1584,4696,12435,12435,4,2,28,1584,3099,3168,12435,0,0,false
24,10pct,generated_fused,214434.2,214507.7,214794.8,35763,1584,19578,12435,12435,2,2,28,15842,3099,31684,12435,0,0,false
24,10pct,generated_direct_selective,18992.5,19018.9,19019.5,35763,1584,2950,8312,8312,36,0,28,1584,56,3168,63488,0,0,false
24,10pct,generated_scan_selective,114266.3,114296.4,114414.1,35763,1584,23205,12435,12435,4,2,15842,1584,15842,3168,12435,0,0,false
24,10pct,parquet_full,68352.0,68484.9,68530.1,35763,1584,0,16877,16877,35,0,15842,1584,15842,1584,16881,0,0,false
24,10pct,parquet_boundary_search_p4096,37015.0,37028.2,37138.8,35763,1584,0,8482,8482,7,0,8192,1584,8192,1584,15151,5,2,true
24,10pct,parquet_boundary_search_p16384,60737.2,60847.7,60922.5,35763,1584,0,14706,14706,5,0,15842,1584,15842,1584,14710,2,1,true
24,10pct,parquet_boundary_search,22345.3,22400.2,22449.2,35763,1584,0,4708,4708,9,0,3072,1584,3072,1584,16881,8,3,true
24,10pct,parquet_row_filter,63815.2,63960.5,63979.3,35763,1584,0,5345,5345,22,0,15842,1584,15842,1584,16881,0,0,false
24,10pct,parquet_page_index_filter,22322.2,22329.9,22438.7,35763,1584,0,4708,4708,9,0,3072,1584,3072,1584,16881,16,3,false
24,50pct,generated_selective,119808.0,119811.9,119956.2,170006,7921,12332,12435,12435,4,2,27,7921,3555,15842,12435,0,0,false
24,50pct,generated_fused,219447.1,219782.6,219788.9,170006,7921,20413,12435,12435,2,2,27,15842,3555,31684,12435,0,0,false
24,50pct,generated_direct_selective,92428.3,92478.4,92484.1,170006,7921,9748,14736,14736,39,0,27,7921,54,15842,63488,0,0,false
24,50pct,generated_scan_selective,189876.1,190001.3,190327.8,170006,7921,30006,12435,12435,4,2,15842,7921,15842,15842,12435,0,0,false
24,50pct,parquet_full,73218.8,73401.0,73488.4,170006,7921,0,16877,16877,35,0,15842,7921,15842,7921,16881,0,0,false
24,50pct,parquet_boundary_search_p4096,62811.4,62845.3,62849.9,170006,7921,0,12100,12100,9,0,12288,7921,12288,7921,15151,5,3,true
24,50pct,parquet_boundary_search_p16384,71269.3,71293.4,71303.7,170006,7921,0,14706,14706,5,0,15842,7921,15842,7921,14710,2,1,true
24,50pct,parquet_boundary_search,57481.6,57518.1,57532.9,170006,7921,0,10648,10648,21,0,9216,7921,9216,7921,16881,8,9,true
24,50pct,parquet_row_filter,79257.4,79355.6,79397.6,170006,7921,0,10991,10991,28,0,15842,7921,15842,7921,16881,0,0,false
24,50pct,parquet_page_index_filter,57388.3,57452.3,57498.8,170006,7921,0,10648,10648,21,0,9216,7921,9216,7921,16881,16,9,false
25,0.1pct,generated_selective,38267.7,38279.6,38303.5,56,15,2737,8844,8844,4,2,27,15,2784,16,8844,0,0,false
25,0.1pct,generated_fused,103362.6,103472.7,103479.6,56,15,18615,8844,8844,2,2,27,15893,2784,15894,8844,0,0,false
25,0.1pct,generated_direct_selective,908.8,909.3,909.3,56,15,685,5176,5176,18,0,27,15,54,30,61152,0,0,false
25,0.1pct,generated_scan_selective,105627.0,105844.7,106065.0,56,15,20971,8844,8844,4,2,15893,15,15893,16,8844,0,0,false
25,0.1pct,parquet_full,66940.2,67246.1,67247.2,56,15,0,14336,14336,35,0,15893,15,15893,15,14340,0,0,false
25,0.1pct,parquet_boundary_search_p4096,22606.0,22606.4,22658.4,56,15,0,3791,3791,5,0,4096,15,4096,15,12592,5,1,true
25,0.1pct,parquet_boundary_search_p16384,58546.1,58609.5,58617.1,56,15,0,12147,12147,5,0,15893,15,15893,15,12151,2,1,true
25,0.1pct,parquet_boundary_search,12466.9,12478.3,12480.2,56,15,0,2433,2433,5,0,1024,15,1024,15,14340,8,1,true
25,0.1pct,parquet_row_filter,61081.1,61110.5,61164.7,56,15,0,3168,3168,20,0,15893,15,15893,15,14340,0,0,false
25,0.1pct,parquet_page_index_filter,12366.1,12370.7,12375.5,56,15,0,2433,2433,5,0,1024,15,1024,15,14340,16,1,false
25,1pct,generated_selective,40869.5,40876.7,40912.9,648,158,2454,8844,8844,4,2,27,158,3280,159,8844,0,0,false
25,1pct,generated_fused,105580.2,105636.4,105640.9,648,158,18189,8844,8844,2,2,27,15893,3280,15894,8844,0,0,false
25,1pct,generated_direct_selective,2604.5,2604.5,2605.0,648,158,891,5352,5352,19,0,27,158,54,316,61152,0,0,false
25,1pct,generated_scan_selective,106496.6,106509.4,106516.1,648,158,21114,8844,8844,4,2,15893,158,15893,159,8844,0,0,false
25,1pct,parquet_full,67108.1,67132.8,67231.6,648,158,0,14336,14336,35,0,15893,158,15893,158,14340,0,0,false
25,1pct,parquet_boundary_search_p4096,22958.3,22974.3,22975.8,648,158,0,3791,3791,5,0,4096,158,4096,158,12592,5,1,true
25,1pct,parquet_boundary_search_p16384,58986.8,59024.7,59232.0,648,158,0,12147,12147,5,0,15893,158,15893,158,12151,2,1,true
25,1pct,parquet_boundary_search,12732.7,12736.9,12758.6,648,158,0,2433,2433,5,0,1024,158,1024,158,14340,8,1,true
25,1pct,parquet_row_filter,61271.1,61349.3,61437.6,648,158,0,3168,3168,20,0,15893,158,15893,158,14340,0,0,false
25,1pct,parquet_page_index_filter,12686.8,12716.5,12752.7,648,158,0,2433,2433,5,0,1024,158,1024,158,14340,16,1,false
25,10pct,generated_selective,44181.5,44198.4,44281.4,6924,1589,3567,8844,8844,4,2,28,1589,2785,1590,8844,0,0,false
25,10pct,generated_fused,104119.5,104266.0,104378.3,6924,1589,17871,8844,8844,2,2,28,15893,2785,15894,8844,0,0,false
25,10pct,generated_direct_selective,19133.7,19155.1,19164.0,6924,1589,2229,7256,7256,23,0,28,1589,56,3178,61152,0,0,false
25,10pct,generated_scan_selective,112755.6,112865.8,112954.7,6924,1589,22545,8844,8844,4,2,15893,1589,15893,1590,8844,0,0,false
25,10pct,parquet_full,68249.7,68363.7,68483.9,6924,1589,0,14336,14336,35,0,15893,1589,15893,1589,14340,0,0,false
25,10pct,parquet_boundary_search_p4096,37170.1,37227.1,37262.7,6924,1589,0,6782,6782,7,0,8192,1589,8192,1589,12592,5,2,true
25,10pct,parquet_boundary_search_p16384,60808.5,60830.1,60946.2,6924,1589,0,12147,12147,5,0,15893,1589,15893,1589,12151,2,1,true
25,10pct,parquet_boundary_search,22580.7,22587.7,22616.3,6924,1589,0,3867,3867,9,0,3072,1589,3072,1589,14340,8,3,true
25,10pct,parquet_row_filter,64426.1,64479.7,64522.4,6924,1589,0,4504,4504,22,0,15893,1589,15893,1589,14340,0,0,false
25,10pct,parquet_page_index_filter,22534.8,22570.4,22682.9,6924,1589,0,3867,3867,9,0,3072,1589,3072,1589,14340,16,3,false
25,50pct,generated_selective,70358.5,70365.3,70401.4,33808,7946,10702,8844,8844,4,2,26,7946,3328,7947,8844,0,0,false
25,50pct,generated_fused,109187.9,109190.1,109415.9,33808,7946,18649,8844,8844,2,2,26,15893,3328,15894,8844,0,0,false
25,50pct,generated_direct_selective,92943.9,93053.6,93081.7,33808,7946,7955,12872,12872,25,0,26,7946,52,15892,61152,0,0,false
25,50pct,generated_scan_selective,141320.1,141578.3,141629.1,33808,7946,28902,8844,8844,4,2,15893,7946,15893,7947,8844,0,0,false
25,50pct,parquet_full,73875.5,74053.1,74077.0,33808,7946,0,14336,14336,35,0,15893,7946,15893,7946,14340,0,0,false
25,50pct,parquet_boundary_search_p4096,63121.9,63246.3,63503.1,33808,7946,0,9573,9573,9,0,12288,7946,12288,7946,12592,5,3,true
25,50pct,parquet_boundary_search_p16384,71472.9,71482.2,71637.6,33808,7946,0,12147,12147,5,0,15893,7946,15893,7946,12151,2,1,true
25,50pct,parquet_boundary_search,57914.3,57917.6,58025.1,33808,7946,0,8833,8833,21,0,9216,7946,9216,7946,14340,8,9,true
25,50pct,parquet_row_filter,80020.2,80062.2,80241.7,33808,7946,0,9176,9176,28,0,15893,7946,15893,7946,14340,0,0,false
25,50pct,parquet_page_index_filter,57769.7,57889.6,58004.7,33808,7946,0,8833,8833,21,0,9216,7946,9216,7946,14340,16,9,false
26,0.1pct,generated_selective,35824.3,35861.2,35864.6,510,15,2917,10949,10949,4,2,27,15,4775,30,10949,0,0,false
26,0.1pct,generated_fused,220575.7,220590.1,220617.9,510,15,19929,10949,10949,2,2,27,15851,4775,31702,10949,0,0,false
26,0.1pct,generated_direct_selective,883.8,885.3,886.5,510,15,751,6008,6008,26,0,27,15,54,30,63424,0,0,false
26,0.1pct,generated_scan_selective,94766.1,94777.6,94975.0,510,15,21023,10949,10949,4,2,15851,15,15851,30,10949,0,0,false
26,0.1pct,parquet_full,74619.0,74625.9,74669.8,510,15,0,17549,17549,35,0,15851,15,15851,15,17553,0,0,false
26,0.1pct,parquet_boundary_search_p4096,26694.2,26731.1,26775.8,510,15,0,4965,4965,5,0,4096,15,4096,15,15934,5,1,true
26,0.1pct,parquet_boundary_search_p16384,59070.0,59079.7,59235.5,510,15,0,15558,15558,5,0,15851,15,15851,15,15562,2,1,true
26,0.1pct,parquet_boundary_search,12360.2,12424.0,12424.4,510,15,0,2751,2751,5,0,1024,15,1024,15,17553,8,1,true
26,0.1pct,parquet_row_filter,61170.0,61267.0,61346.8,510,15,0,3486,3486,20,0,15851,15,15851,15,17553,0,0,false
26,0.1pct,parquet_page_index_filter,12362.8,12364.7,12365.0,510,15,0,2751,2751,5,0,1024,15,1024,15,17553,16,1,false
26,1pct,generated_selective,31100.1,31118.4,31120.0,2741,158,2920,10949,10949,4,2,27,158,3233,316,10949,0,0,false
26,1pct,generated_fused,213598.6,213825.4,214081.6,2741,158,19557,10949,10949,2,2,27,15851,3233,31702,10949,0,0,false
26,1pct,generated_direct_selective,2563.4,2563.7,2565.2,2741,158,1126,6328,6328,29,0,27,158,54,316,63424,0,0,false
26,1pct,generated_scan_selective,96590.6,96724.8,96967.6,2741,158,21398,10949,10949,4,2,15851,158,15851,316,10949,0,0,false
26,1pct,parquet_full,73757.3,73835.9,74152.1,2741,158,0,17549,17549,35,0,15851,158,15851,158,17553,0,0,false
26,1pct,parquet_boundary_search_p4096,26697.2,26752.1,26769.2,2741,158,0,4965,4965,5,0,4096,158,4096,158,15934,5,1,true
26,1pct,parquet_boundary_search_p16384,58865.1,58975.2,59093.3,2741,158,0,15558,15558,5,0,15851,158,15851,158,15562,2,1,true
26,1pct,parquet_boundary_search,12482.0,12513.5,12522.8,2741,158,0,2751,2751,5,0,1024,158,1024,158,17553,8,1,true
26,1pct,parquet_row_filter,61182.5,61224.1,61305.8,2741,158,0,3486,3486,20,0,15851,158,15851,158,17553,0,0,false
26,1pct,parquet_page_index_filter,12475.9,12491.9,12506.9,2741,158,0,2751,2751,5,0,1024,158,1024,158,17553,16,1,false
26,10pct,generated_selective,47044.7,47095.5,47154.1,25471,1585,4730,10949,10949,4,2,28,1585,3212,3170,10949,0,0,false
26,10pct,generated_fused,214750.2,214797.0,214819.3,25471,1585,19572,10949,10949,2,2,28,15851,3212,31702,10949,0,0,false
26,10pct,generated_direct_selective,19110.9,19113.3,19114.0,25471,1585,2923,8248,8248,35,0,28,1585,56,3170,63424,0,0,false
26,10pct,generated_scan_selective,113680.8,113716.6,114131.4,25471,1585,23193,10949,10949,4,2,15851,1585,15851,3170,10949,0,0,false
26,10pct,parquet_full,75397.1,75483.3,75779.2,25471,1585,0,17549,17549,35,0,15851,1585,15851,1585,17553,0,0,false
26,10pct,parquet_boundary_search_p4096,41393.2,41421.8,41531.5,25471,1585,0,8997,8997,7,0,8192,1585,8192,1585,15934,5,2,true
26,10pct,parquet_boundary_search_p16384,61064.5,61134.0,61154.6,25471,1585,0,15558,15558,5,0,15851,1585,15851,1585,15562,2,1,true
26,10pct,parquet_boundary_search,22742.3,22808.6,22912.9,25471,1585,0,4902,4902,9,0,3072,1585,3072,1585,17553,8,3,true
26,10pct,parquet_row_filter,64975.6,65091.4,65185.2,25471,1585,0,5539,5539,22,0,15851,1585,15851,1585,17553,0,0,false
26,10pct,parquet_page_index_filter,22796.3,22890.0,22898.9,25471,1585,0,4902,4902,9,0,3072,1585,3072,1585,17553,16,3,false
26,50pct,generated_selective,119763.6,119812.4,120144.8,97685,7925,12053,10949,10949,4,2,27,7925,3661,15850,10949,0,0,false
26,50pct,generated_fused,220363.1,220403.1,220458.8,97685,7925,20099,10949,10949,2,2,27,15851,3661,31702,10949,0,0,false
26,50pct,generated_direct_selective,92492.2,92575.2,92595.7,97685,7925,9720,15032,15032,39,0,27,7925,54,15850,63424,0,0,false
26,50pct,generated_scan_selective,188960.8,189033.9,189266.2,97685,7925,29989,10949,10949,4,2,15851,7925,15851,15850,10949,0,0,false
26,50pct,parquet_full,80479.2,80629.4,80742.5,97685,7925,0,17549,17549,35,0,15851,7925,15851,7925,17553,0,0,false
26,50pct,parquet_boundary_search_p4096,67678.8,67697.4,67776.1,97685,7925,0,12536,12536,9,0,12288,7925,12288,7925,15934,5,3,true
26,50pct,parquet_boundary_search_p16384,71850.2,71913.0,72022.8,97685,7925,0,15558,15558,5,0,15851,7925,15851,7925,15562,2,1,true
26,50pct,parquet_boundary_search,63980.6,64062.6,64347.9,97685,7925,0,11155,11155,21,0,9216,7925,9216,7925,17553,8,9,true
26,50pct,parquet_row_filter,86071.8,86248.2,86337.5,97685,7925,0,11498,11498,28,0,15851,7925,15851,7925,17553,0,0,false
26,50pct,parquet_page_index_filter,63897.6,63935.0,64009.8,97685,7925,0,11155,11155,21,0,9216,7925,9216,7925,17553,16,9,false
27,0.1pct,generated_selective,35983.1,36016.5,36070.2,4,15,2541,5972,5972,4,2,27,15,4363,30,5972,0,0,false
27,0.1pct,generated_fused,220050.5,220262.1,220463.8,4,15,12595,5972,5972,2,2,27,15858,4363,31716,5972,0,0,false
27,0.1pct,generated_direct_selective,900.2,902.4,902.5,4,15,644,5080,5080,17,0,27,15,54,30,56320,0,0,false
27,0.1pct,generated_scan_selective,96774.4,96795.9,96815.9,4,15,20923,5972,5972,4,2,15858,15,15858,30,5972,0,0,false
27,0.1pct,parquet_full,77513.6,77580.5,77753.6,4,15,0,10715,10715,35,0,15858,15,15858,15,10719,0,0,false
27,0.1pct,parquet_boundary_search_p4096,25815.6,25875.3,25883.6,4,15,0,2896,2896,5,0,4096,15,4096,15,8565,5,1,true
27,0.1pct,parquet_boundary_search_p16384,67482.3,67488.6,67597.3,4,15,0,7801,7801,5,0,15858,15,15858,15,7805,2,1,true
27,0.1pct,parquet_boundary_search,12240.3,12258.3,12271.3,4,15,0,2238,2238,5,0,1024,15,1024,15,10719,8,1,true
27,0.1pct,parquet_row_filter,60572.8,60642.9,60769.4,4,15,0,2973,2973,20,0,15858,15,15858,15,10719,0,0,false
27,0.1pct,parquet_page_index_filter,12229.7,12232.5,12272.8,4,15,0,2238,2238,5,0,1024,15,1024,15,10719,16,1,false
27,1pct,generated_selective,32444.4,32456.1,32488.0,104,158,2305,5972,5972,4,2,27,158,3085,316,5972,0,0,false
27,1pct,generated_fused,215361.1,215417.9,215475.8,104,158,12230,5972,5972,2,2,27,15858,3085,31716,5972,0,0,false
27,1pct,generated_direct_selective,2597.6,2603.5,2604.7,104,158,775,5160,5160,17,0,27,158,54,316,56320,0,0,false
27,1pct,generated_scan_selective,98510.4,98566.0,98656.1,104,158,21052,5972,5972,4,2,15858,158,15858,316,5972,0,0,false
27,1pct,parquet_full,77751.6,77761.6,77882.6,104,158,0,10715,10715,35,0,15858,158,15858,158,10719,0,0,false
27,1pct,parquet_boundary_search_p4096,25956.7,26100.3,26121.2,104,158,0,2896,2896,5,0,4096,158,4096,158,8565,5,1,true
27,1pct,parquet_boundary_search_p16384,67430.9,67639.4,67644.9,104,158,0,7801,7801,5,0,15858,158,15858,158,7805,2,1,true
27,1pct,parquet_boundary_search,12398.2,12401.0,12407.7,104,158,0,2238,2238,5,0,1024,158,1024,158,10719,8,1,true
27,1pct,parquet_row_filter,60785.2,60812.0,60958.3,104,158,0,2973,2973,20,0,15858,158,15858,158,10719,0,0,false
27,1pct,parquet_page_index_filter,12408.8,12413.7,12437.8,104,158,0,2238,2238,5,0,1024,158,1024,158,10719,16,1,false
27,10pct,generated_selective,49542.4,49553.2,49581.4,1273,1585,3545,5972,5972,4,2,28,1585,3312,3170,5972,0,0,false
27,10pct,generated_fused,217001.3,217215.1,217301.9,1273,1585,12554,5972,5972,2,2,28,15858,3312,31716,5972,0,0,false
27,10pct,generated_direct_selective,19080.7,19085.8,19115.0,1273,1585,1695,6552,6552,19,0,28,1585,56,3170,56320,0,0,false
27,10pct,generated_scan_selective,115591.2,115623.6,115740.9,1273,1585,21968,5972,5972,4,2,15858,1585,15858,3170,5972,0,0,false
27,10pct,parquet_full,78824.4,79363.2,79575.1,1273,1585,0,10715,10715,35,0,15858,1585,15858,1585,10719,0,0,false
27,10pct,parquet_boundary_search_p4096,43981.3,43997.7,44113.5,1273,1585,0,4854,4854,7,0,8192,1585,8192,1585,8565,5,2,true
27,10pct,parquet_boundary_search_p16384,69376.0,69527.6,69607.0,1273,1585,0,7801,7801,5,0,15858,1585,15858,1585,7805,2,1,true
27,10pct,parquet_boundary_search,24596.1,24621.2,24621.4,1273,1585,0,3313,3313,9,0,3072,1585,3072,1585,10719,8,3,true
27,10pct,parquet_row_filter,66519.9,66572.0,66716.4,1273,1585,0,3950,3950,22,0,15858,1585,15858,1585,10719,0,0,false
27,10pct,parquet_page_index_filter,24570.1,24658.9,24696.2,1273,1585,0,3313,3313,9,0,3072,1585,3072,1585,10719,16,3,false
27,50pct,generated_selective,120634.3,120648.1,120820.8,7016,7929,8265,5972,5972,4,2,26,7929,3392,15858,5972,0,0,false
27,50pct,generated_fused,220537.5,220560.0,221175.9,7016,7929,13244,5972,5972,2,2,26,15858,3392,31716,5972,0,0,false
27,50pct,generated_direct_selective,92628.1,92643.9,92663.0,7016,7929,5719,10512,10512,20,0,26,7929,52,15858,56320,0,0,false
27,50pct,generated_scan_selective,191146.0,191167.1,191191.2,7016,7929,25998,5972,5972,4,2,15858,7929,15858,15858,5972,0,0,false
27,50pct,parquet_full,81534.7,81646.1,81829.4,7016,7929,0,10715,10715,35,0,15858,7929,15858,7929,10719,0,0,false
27,50pct,parquet_boundary_search_p4096,73144.5,73195.7,73407.9,7016,7929,0,6796,6796,9,0,12288,7929,12288,7929,8565,5,3,true
27,50pct,parquet_boundary_search_p16384,79789.8,79851.2,79946.8,7016,7929,0,7801,7801,5,0,15858,7929,15858,7929,7805,2,1,true
27,50pct,parquet_boundary_search,64670.1,64854.7,64854.7,7016,7929,0,6837,6837,21,0,9216,7929,9216,7929,10719,8,9,true
27,50pct,parquet_row_filter,86690.6,86930.1,86937.4,7016,7929,0,7180,7180,28,0,15858,7929,15858,7929,10719,0,0,false
27,50pct,parquet_page_index_filter,64884.8,64911.5,65124.5,7016,7929,0,6837,6837,21,0,9216,7929,9216,7929,10719,16,9,false
28,0.1pct,generated_selective,42774.5,42780.8,42791.2,8,15,2580,8078,8078,4,2,27,15,3703,16,8078,0,0,false
28,0.1pct,generated_fused,107730.1,107815.8,107840.3,8,15,18431,8078,8078,2,2,27,15866,3703,15867,8078,0,0,false
28,0.1pct,generated_direct_selective,768.9,771.5,773.3,8,15,642,5200,5200,17,0,27,15,54,16,62144,0,0,false
28,0.1pct,generated_scan_selective,106363.6,106446.5,106518.8,8,15,20930,8078,8078,4,2,15866,15,15866,16,8078,0,0,false
28,0.1pct,parquet_full,77437.1,77480.3,77776.4,8,15,0,15048,15048,35,0,15866,15,15866,15,15052,0,0,false
28,0.1pct,parquet_boundary_search_p4096,26304.9,26314.4,26316.9,8,15,0,3943,3943,5,0,4096,15,4096,15,13296,5,1,true
28,0.1pct,parquet_boundary_search_p16384,60677.8,60838.3,60870.8,8,15,0,12837,12837,5,0,15866,15,15866,15,12841,2,1,true
28,0.1pct,parquet_boundary_search,14296.4,14328.2,14369.9,8,15,0,2504,2504,5,0,1024,15,1024,15,15052,8,1,true
28,0.1pct,parquet_row_filter,62236.9,62454.1,62534.8,8,15,0,3239,3239,20,0,15866,15,15866,15,15052,0,0,false
28,0.1pct,parquet_page_index_filter,14280.9,14292.3,14304.5,8,15,0,2504,2504,5,0,1024,15,1024,15,15052,16,1,false
28,1pct,generated_selective,41524.4,41535.3,41580.8,1197,158,2366,8078,8078,4,2,27,158,3193,159,8078,0,0,false
28,1pct,generated_fused,106038.7,106059.3,106143.8,1197,158,18074,8078,8078,2,2,27,15866,3193,15867,8078,0,0,false
28,1pct,generated_direct_selective,1317.4,1321.3,1323.1,1197,158,785,5200,5200,17,0,27,158,54,159,62144,0,0,false
28,1pct,generated_scan_selective,107083.6,107108.6,107127.0,1197,158,21073,8078,8078,4,2,15866,158,15866,159,8078,0,0,false
28,1pct,parquet_full,77004.0,77069.3,77211.6,1197,158,0,15048,15048,35,0,15866,158,15866,158,15052,0,0,false
28,1pct,parquet_boundary_search_p4096,26457.0,26463.6,26513.5,1197,158,0,3943,3943,5,0,4096,158,4096,158,13296,5,1,true
28,1pct,parquet_boundary_search_p16384,60897.7,60913.3,60935.2,1197,158,0,12837,12837,5,0,15866,158,15866,158,12841,2,1,true
28,1pct,parquet_boundary_search,14644.7,14676.0,14688.2,1197,158,0,2504,2504,5,0,1024,158,1024,158,15052,8,1,true
28,1pct,parquet_row_filter,62517.4,62636.0,62682.5,1197,158,0,3239,3239,20,0,15866,158,15866,158,15052,0,0,false
28,1pct,parquet_page_index_filter,14692.1,14708.9,14725.1,1197,158,0,2504,2504,5,0,1024,158,1024,158,15052,16,1,false
28,10pct,generated_selective,46852.7,46856.3,46877.3,6951,1586,4041,8078,8078,4,2,28,1586,3178,1587,8078,0,0,false
28,10pct,generated_fused,106476.6,106603.4,106635.2,6951,1586,18321,8078,8078,2,2,28,15866,3178,15867,8078,0,0,false
28,10pct,generated_direct_selective,6613.8,6615.9,6618.8,6951,1586,2212,7104,7104,18,0,28,1586,56,1587,62144,0,0,false
28,10pct,generated_scan_selective,113562.3,113624.8,113719.6,6951,1586,22501,8078,8078,4,2,15866,1586,15866,1587,8078,0,0,false
28,10pct,parquet_full,78100.5,78195.8,78333.2,6951,1586,0,15048,15048,35,0,15866,1586,15866,1586,15052,0,0,false
28,10pct,parquet_boundary_search_p4096,41154.3,41345.3,41350.8,6951,1586,0,7085,7085,7,0,8192,1586,8192,1586,13296,5,2,true
28,10pct,parquet_boundary_search_p16384,62628.2,62828.2,62875.7,6951,1586,0,12837,12837,5,0,15866,1586,15866,1586,12841,2,1,true
28,10pct,parquet_boundary_search,24552.6,24554.7,24616.7,6951,1586,0,4000,4000,9,0,3072,1586,3072,1586,15052,8,3,true
28,10pct,parquet_row_filter,65906.9,66037.4,66135.2,6951,1586,0,4637,4637,22,0,15866,1586,15866,1586,15052,0,0,false
28,10pct,parquet_page_index_filter,24514.8,24564.6,24593.5,6951,1586,0,4000,4000,9,0,3072,1586,3072,1586,15052,16,3,false
28,50pct,generated_selective,70598.3,70606.0,70618.3,35499,7933,10835,8078,8078,4,2,26,7933,3240,7934,8078,0,0,false
28,50pct,generated_fused,108993.1,109098.8,109323.6,35499,7933,18768,8078,8078,2,2,26,15866,3240,15867,8078,0,0,false
28,50pct,generated_direct_selective,30201.0,30205.7,30226.5,35499,7933,8554,13008,13008,17,0,26,7933,52,7934,62144,0,0,false
28,50pct,generated_scan_selective,141910.2,142016.1,142308.7,35499,7933,28848,8078,8078,4,2,15866,7933,15866,7934,8078,0,0,false
28,50pct,parquet_full,82701.5,82958.7,82962.8,35499,7933,0,15048,15048,35,0,15866,7933,15866,7933,15052,0,0,false
28,50pct,parquet_boundary_search_p4096,71165.0,71205.4,71323.0,35499,7933,0,10514,10514,9,0,12288,7933,12288,7933,13296,5,3,true
28,50pct,parquet_boundary_search_p16384,73303.4,73331.2,73378.7,35499,7933,0,12837,12837,5,0,15866,7933,15866,7933,12841,2,1,true
28,50pct,parquet_boundary_search,63549.6,63582.9,63661.4,35499,7933,0,9388,9388,21,0,9216,7933,9216,7933,15052,8,9,true
28,50pct,parquet_row_filter,85385.2,85510.1,85794.0,35499,7933,0,9731,9731,28,0,15866,7933,15866,7933,15052,0,0,false
28,50pct,parquet_page_index_filter,63337.7,63391.0,63454.0,35499,7933,0,9388,9388,21,0,9216,7933,9216,7933,15052,16,9,false
29,0.1pct+1pct+10pct,generated_selective,1376480.0,1377842.0,1385423.0,125594861847,25449,154886,412043,412043,947,1,131072,25449,131073,35972,444499,0,0,false
29,0.1pct+1pct+10pct,generated_fused,1523510.0,1529589.0,1533835.0,125594861847,25449,475728,444499,444499,2,1,131072,131072,131073,131073,444499,0,0,false
29,0.1pct+1pct+10pct,generated_direct_selective,1289410.0,1291954.0,1299404.0,125594861847,25449,154822,443264,443264,948,0,131072,25449,131073,35972,475776,0,0,false
29,0.1pct+1pct+10pct,generated_scan_selective,1368719.0,1369891.0,1370481.0,125594861847,25449,154886,412043,412043,947,1,131072,25449,131073,35972,444499,0,0,false
29,0.1pct+1pct+10pct,parquet_full,874228.0,880783.0,883522.0,125594861847,25449,0,466157,466157,259,0,131072,25449,131072,25449,466161,0,0,false
29,0.1pct+1pct+10pct,parquet_boundary_search_p4096,1260796.0,1263330.0,1268068.0,125594861847,25449,0,449772,449772,67,0,131072,25449,131072,25449,449776,32,32,false
29,0.1pct+1pct+10pct,parquet_boundary_search_p16384,1190933.0,1192905.0,1193095.0,125594861847,25449,0,445462,445462,19,0,131072,25449,131072,25449,445466,8,8,false
29,0.1pct+1pct+10pct,parquet_boundary_search,1406354.0,1408769.0,1412523.0,125594861847,25449,0,466157,466157,259,0,131072,25449,131072,25449,466161,128,128,false
29,0.1pct+1pct+10pct,parquet_row_filter,1314227.0,1316710.0,1320546.0,125594861847,25449,0,466157,466157,259,0,131072,25449,131072,25449,466161,0,0,false
29,0.1pct+1pct+10pct,parquet_page_index_filter,1402549.0,1405073.0,1406365.0,125594861847,25449,0,466157,466157,259,0,131072,25449,131072,25449,466161,128,128,false
29,50pct,generated_selective,1604982.0,1607005.0,1615858.0,478011110651,91150,359233,443643,443643,991,1,131072,91150,131073,100520,444499,0,0,false
29,50pct,generated_fused,1477091.0,1477471.0,1478442.0,478011110651,91150,475728,444499,444499,2,1,131072,131072,131073,131073,444499,0,0,false
29,50pct,generated_direct_selective,1521427.0,1531512.0,1533525.0,478011110651,91150,359169,474864,474864,992,0,131072,91150,131073,100520,475776,0,0,false
29,50pct,generated_scan_selective,1600725.0,1602418.0,1608046.0,478011110651,91150,359233,443643,443643,991,1,131072,91150,131073,100520,444499,0,0,false
29,50pct,parquet_full,926116.0,926186.0,929436.0,478011110651,91150,0,466157,466157,259,0,131072,91150,131072,91150,466161,0,0,false
29,50pct,parquet_boundary_search_p4096,1377662.0,1379515.0,1380125.0,478011110651,91150,0,449772,449772,67,0,131072,91150,131072,91150,449776,32,32,false
29,50pct,parquet_boundary_search_p16384,1297192.0,1298944.0,1302449.0,478011110651,91150,0,445462,445462,19,0,131072,91150,131072,91150,445466,8,8,false
29,50pct,parquet_boundary_search,1514257.0,1515328.0,1519804.0,478011110651,91150,0,466157,466157,259,0,131072,91150,131072,91150,466161,128,128,false
29,50pct,parquet_row_filter,1433625.0,1434937.0,1444572.0,478011110651,91150,0,466157,466157,259,0,131072,91150,131072,91150,466161,0,0,false
29,50pct,parquet_page_index_filter,1516910.0,1522158.0,1524512.0,478011110651,91150,0,466157,466157,259,0,131072,91150,131072,91150,466161,128,128,false
30,0.1pct+1pct,generated_selective,505860.3,506024.0,507202.3,2393,2393,51039,1092,1092,4,2,131072,2393,131078,2396,1092,0,0,false
30,0.1pct+1pct,generated_fused,1051673.0,1052455.0,1057412.0,2393,2393,115376,1092,1092,2,2,131072,131072,131078,131073,1092,0,0,false
30,0.1pct+1pct,generated_direct_selective,1975.0,1977.3,1979.7,2393,2393,1310,1424,1424,12,0,131072,2393,141,57,1488,0,0,false
30,0.1pct+1pct,generated_scan_selective,1501517.0,1510040.0,1510310.0,2393,2393,51055,1092,1092,4,2,131072,2393,262144,2396,1092,0,0,false
30,0.1pct+1pct,parquet_full,459322.2,459931.0,460101.0,2393,2393,0,20160,20160,259,0,131072,2393,131072,2393,20164,0,0,false
30,0.1pct+1pct,parquet_boundary_search_p4096,316056.3,316423.5,318122.8,2393,2393,0,4741,4741,33,0,102400,2393,102400,2393,6343,32,25,false
30,0.1pct+1pct,parquet_boundary_search_p16384,385428.8,386131.8,387045.2,2393,2393,0,2358,2358,13,0,131072,2393,131072,2393,2753,7,8,true
30,0.1pct+1pct,parquet_boundary_search,173903.0,174025.0,174261.6,2393,2393,0,11449,11449,51,0,44032,2393,44032,2393,20164,128,43,false
30,0.1pct+1pct,parquet_row_filter,447492.0,447697.5,448158.2,2393,2393,0,15110,15110,136,0,131072,2393,131072,2393,20164,0,0,false
30,0.1pct+1pct,parquet_page_index_filter,172637.5,172938.8,173938.5,2393,2393,0,11449,11449,51,0,44032,2393,44032,2393,20164,128,43,false
30,10pct,generated_selective,742076.0,744599.0,745496.0,40281,40281,69997,1092,1092,4,2,131072,40281,131078,40294,1092,0,0,false
30,10pct,generated_fused,1152224.0,1153617.0,1153627.0,40281,40281,115384,1092,1092,2,2,131072,131072,131078,131073,1092,0,0,false
30,10pct,generated_direct_selective,3717.0,3719.6,3728.3,40281,40281,1318,1424,1424,12,0,131072,40281,141,247,1488,0,0,false
30,10pct,generated_scan_selective,1667696.0,1668647.0,1671932.0,40281,40281,70005,1092,1092,4,2,131072,40281,262144,40294,1092,0,0,false
30,10pct,parquet_full,487810.0,487990.2,489788.0,40281,40281,0,20160,20160,259,0,131072,40281,131072,40281,20164,0,0,false
30,10pct,parquet_boundary_search_p4096,455834.5,457690.0,457855.2,40281,40281,0,5733,5733,56,0,126976,40281,126976,40281,6343,32,31,false
30,10pct,parquet_boundary_search_p16384,448809.2,450354.0,450682.0,40281,40281,0,2538,2538,17,0,131072,40281,131072,40281,2753,7,8,true
30,10pct,parquet_boundary_search,374644.6,375740.4,376870.0,40281,40281,0,14932,14932,134,0,80896,40281,80896,40281,20164,128,79,false
30,10pct,parquet_row_filter,535214.3,535821.7,536022.3,40281,40281,0,16990,16990,183,0,131072,40281,131072,40281,20164,0,0,false
30,10pct,parquet_page_index_filter,374464.4,374730.8,374780.8,40281,40281,0,14932,14932,134,0,80896,40281,80896,40281,20164,128,79,false
30,50pct,generated_selective,1255929.0,1257131.0,1261698.0,123058,123058,111371,1092,1092,4,2,131072,123058,131077,123064,1092,0,0,false
30,50pct,generated_fused,1383461.0,1383881.0,1389379.0,123058,123058,115376,1092,1092,2,2,131072,131072,131077,131073,1092,0,0,false
30,50pct,generated_direct_selective,2279.9,2282.7,2285.7,123058,123058,1313,1424,1424,12,0,131072,123058,140,74,1488,0,0,false
30,50pct,generated_scan_selective,2012141.0,2012162.0,2013303.0,123058,123058,111387,1092,1092,4,2,131072,123058,262144,123064,1092,0,0,false
30,50pct,parquet_full,555951.7,556185.7,557130.3,123058,123058,0,20160,20160,259,0,131072,123058,131072,123058,20164,0,0,false
30,50pct,parquet_boundary_search_p4096,595838.3,596886.7,596940.0,123058,123058,0,6339,6339,67,0,131072,123058,131072,123058,6343,32,32,false
30,50pct,parquet_boundary_search_p16384,571642.3,571915.7,572653.7,123058,123058,0,2749,2749,19,0,131072,123058,131072,123058,2753,7,8,true
30,50pct,parquet_boundary_search,682075.5,682306.0,683553.0,123058,123058,0,19911,19911,253,0,128000,123058,128000,123058,20164,128,125,false
30,50pct,parquet_row_filter,689572.0,691635.0,691665.0,123058,123058,0,20034,20034,256,0,131072,123058,131072,123058,20164,0,0,false
30,50pct,parquet_page_index_filter,677448.5,679156.0,680383.0,123058,123058,0,19911,19911,253,0,128000,123058,128000,123058,20164,128,125,false
31,0.1pct+1pct,generated_selective,823172.0,823748.0,825580.5,4506840305,2393,57019,67656,67656,4,2,131072,2393,131078,2396,67656,0,0,false
31,0.1pct+1pct,generated_fused,1375879.0,1377211.0,1377251.0,4506840305,2393,443056,67656,67656,2,2,131072,131072,131078,131073,67656,0,0,false
31,0.1pct+1pct,generated_direct_selective,13895.8,13914.0,13916.7,4506840305,2393,4345,6652,6652,44,0,131072,2393,141,1283,154032,0,0,false
31,0.1pct+1pct,generated_scan_selective,1835597.0,1836929.0,1843228.0,4506840305,2393,57035,67656,67656,4,2,131072,2393,262144,2396,67656,0,0,false
31,0.1pct+1pct,parquet_full,964133.0,969356.0,972710.5,4506840305,2393,0,120374,120374,259,0,131072,2393,131072,2393,120378,0,0,false
31,0.1pct+1pct,parquet_boundary_search_p4096,374404.4,375952.6,376465.4,4506840305,2393,0,18806,18806,33,0,102400,2393,102400,2393,102307,32,25,false
31,0.1pct+1pct,parquet_boundary_search_p16384,480409.0,489152.0,489337.2,4506840305,2393,0,28139,28139,13,0,131072,2393,131072,2393,98130,7,8,true
31,0.1pct+1pct,parquet_boundary_search,188794.6,189330.3,189704.9,4506840305,2393,0,15518,15518,51,0,44032,2393,44032,2393,120378,128,43,false
31,0.1pct+1pct,parquet_row_filter,466698.5,467234.2,468481.0,4506840305,2393,0,19179,19179,136,0,131072,2393,131072,2393,120378,0,0,false
31,0.1pct+1pct,parquet_page_index_filter,188458.0,188738.5,188740.5,4506840305,2393,0,15518,15518,51,0,44032,2393,44032,2393,120378,128,43,false
31,10pct,generated_selective,1070612.0,1075049.0,1075810.0,77499000165,40281,170691,67656,67656,4,2,131072,40281,131078,40294,67656,0,0,false
31,10pct,generated_fused,1479704.0,1479965.0,1482659.0,77499000165,40281,443064,67656,67656,2,2,131072,131072,131078,131073,67656,0,0,false
31,10pct,generated_direct_selective,328070.8,328267.8,328314.7,77499000165,40281,79834,88124,88124,509,0,131072,40281,141,33511,154032,0,0,false
31,10pct,generated_scan_selective,1983369.0,1983839.0,1988626.0,77499000165,40281,170699,67656,67656,4,2,131072,40281,262144,40294,67656,0,0,false
31,10pct,parquet_full,984323.0,985435.0,987668.0,77499000165,40281,0,120374,120374,259,0,131072,40281,131072,40281,120378,0,0,false
31,10pct,parquet_boundary_search_p4096,775796.0,778975.5,780223.0,77499000165,40281,0,78552,78552,56,0,126976,40281,126976,40281,102307,32,31,false
31,10pct,parquet_boundary_search_p16384,768365.0,770523.0,773833.0,77499000165,40281,0,79013,79013,17,0,131072,40281,131072,40281,98130,7,8,true
31,10pct,parquet_boundary_search,602304.7,605065.7,611251.3,77499000165,40281,0,69482,69482,134,0,80896,40281,80896,40281,120378,128,79,false
31,10pct,parquet_row_filter,757273.5,762401.0,762491.0,77499000165,40281,0,71540,71540,183,0,131072,40281,131072,40281,120378,0,0,false
31,10pct,parquet_page_index_filter,600218.3,601219.7,603970.3,77499000165,40281,0,69482,69482,134,0,80896,40281,80896,40281,120378,128,79,false
31,50pct,generated_selective,1577902.0,1583199.0,1586254.0,187213743189,123058,419014,67656,67656,4,2,131072,123058,131077,123064,67656,0,0,false
31,50pct,generated_fused,1704570.0,1704691.0,1710510.0,187213743189,123058,443056,67656,67656,2,2,131072,131072,131077,131073,67656,0,0,false
31,50pct,generated_direct_selective,579083.3,579383.7,579761.0,187213743189,123058,138942,142380,142380,801,0,131072,123058,140,58989,154032,0,0,false
31,50pct,generated_scan_selective,2335655.0,2338189.0,2342015.0,187213743189,123058,419030,67656,67656,4,2,131072,123058,262144,123064,67656,0,0,false
31,50pct,parquet_full,1058895.0,1059966.0,1060096.0,187213743189,123058,0,120374,120374,259,0,131072,123058,131072,123058,120378,0,0,false
31,50pct,parquet_boundary_search_p4096,1047958.0,1053056.0,1055500.0,187213743189,123058,0,102303,102303,67,0,131072,123058,131072,123058,102307,32,32,false
31,50pct,parquet_boundary_search_p16384,985865.0,992395.0,994944.0,187213743189,123058,0,98126,98126,19,0,131072,123058,131072,123058,98130,7,8,true
31,50pct,parquet_boundary_search,1211913.0,1213656.0,1217712.0,187213743189,123058,0,117388,117388,253,0,128000,123058,128000,123058,120378,128,125,false
31,50pct,parquet_row_filter,1216771.0,1217122.0,1228639.0,187213743189,123058,0,117511,117511,256,0,131072,123058,131072,123058,120378,0,0,false
31,50pct,parquet_page_index_filter,1208308.0,1208308.0,1208839.0,187213743189,123058,0,117388,117388,253,0,128000,123058,128000,123058,120378,128,125,false
32,0.1pct+1pct+10pct,generated_selective,10779181.0,10781385.0,10791069.0,162397,23482,223838,105849,105849,4,2,131072,23482,131073,2053809,105849,0,0,false
32,0.1pct+1pct+10pct,generated_fused,2336186.0,2336998.0,2338109.0,162397,23482,233608,105849,105849,2,2,131072,131072,131073,131072,105849,0,0,false
32,0.1pct+1pct+10pct,generated_direct_selective,1649038.0,1649378.0,1650480.0,162397,23482,128542,193448,193448,991,0,131072,23482,131073,46964,197696,0,0,false
32,0.1pct+1pct+10pct,generated_scan_selective,10746863.0,10755887.0,10766883.0,162397,23482,223838,105849,105849,4,2,131072,23482,131073,2053809,105849,0,0,false
32,0.1pct+1pct+10pct,parquet_full,852555.5,853452.5,856256.5,162397,23482,0,152502,152502,259,0,131072,23482,131072,23482,152506,0,0,false
32,0.1pct+1pct+10pct,parquet_boundary_search_p4096,1449499.0,1452244.0,1452644.0,162397,23482,0,135470,135470,67,0,131072,23482,131072,23482,135474,32,32,false
32,0.1pct+1pct+10pct,parquet_boundary_search_p16384,1387586.0,1387857.0,1393536.0,162397,23482,0,129515,129515,19,0,131072,23482,131072,23482,129519,8,8,false
32,0.1pct+1pct+10pct,parquet_boundary_search,1518753.0,1520115.0,1520685.0,162397,23482,0,152502,152502,259,0,131072,23482,131072,23482,152506,128,128,false
32,0.1pct+1pct+10pct,parquet_row_filter,1376830.0,1379465.0,1384572.0,162397,23482,0,152502,152502,259,0,131072,23482,131072,23482,152506,0,0,false
32,0.1pct+1pct+10pct,parquet_page_index_filter,1511102.0,1520345.0,1522809.0,162397,23482,0,152502,152502,259,0,131072,23482,131072,23482,152506,128,128,false
32,50pct,generated_selective,10380976.0,10396458.0,10398782.0,538723,77502,227131,105849,105849,4,2,131072,77502,131073,1974709,105849,0,0,false
32,50pct,generated_fused,2381994.0,2384899.0,2394093.0,538723,77502,233608,105849,105849,2,2,131072,131072,131073,131072,105849,0,0,false
32,50pct,generated_direct_selective,2333822.0,2338730.0,2340292.0,538723,77502,168453,194472,194472,896,0,131072,77502,131073,155004,197696,0,0,false
32,50pct,generated_scan_selective,10397891.0,10401076.0,10402848.0,538723,77502,227131,105849,105849,4,2,131072,77502,131073,1974709,105849,0,0,false
32,50pct,parquet_full,988349.0,990212.0,990332.0,538723,77502,0,152502,152502,259,0,131072,77502,131072,77502,152506,0,0,false
32,50pct,parquet_boundary_search_p4096,1590050.0,1598432.0,1600415.0,538723,77502,0,135470,135470,67,0,131072,77502,131072,77502,135474,32,32,false
32,50pct,parquet_boundary_search_p16384,1536309.0,1537501.0,1540385.0,538723,77502,0,129515,129515,19,0,131072,77502,131072,77502,129519,8,8,false
32,50pct,parquet_boundary_search,1667415.0,1668337.0,1670080.0,538723,77502,0,152502,152502,259,0,131072,77502,131072,77502,152506,128,128,false
32,50pct,parquet_row_filter,1536600.0,1539384.0,1540405.0,538723,77502,0,152502,152502,259,0,131072,77502,131072,77502,152506,0,0,false
32,50pct,parquet_page_index_filter,1659613.0,1664050.0,1664781.0,538723,77502,0,152502,152502,259,0,131072,77502,131072,77502,152506,128,128,false
33,0.1pct+1pct+10pct,generated_selective,4094868.0,4098193.0,4099055.0,86973,23482,99583,54917,54917,4,2,131072,23482,131073,387082,54917,0,0,false
33,0.1pct+1pct+10pct,generated_fused,1005995.0,1009581.0,1010512.0,86973,23482,99571,54917,54917,2,2,131072,131072,131073,281,54917,0,0,false
33,0.1pct+1pct+10pct,generated_direct_selective,4133766.0,4134026.0,4136791.0,86973,23482,99455,99472,99472,10,0,131072,23482,131073,387082,99568,0,0,false
33,0.1pct+1pct+10pct,generated_scan_selective,4099886.0,4103972.0,4106916.0,86973,23482,99583,54917,54917,4,2,131072,23482,131073,387082,54917,0,0,false
33,0.1pct+1pct+10pct,parquet_full,709031.0,709516.5,712766.5,86973,23482,0,87081,87081,259,0,131072,23482,131072,23482,87085,0,0,false
33,0.1pct+1pct+10pct,parquet_boundary_search_p4096,1285424.0,1286225.0,1289450.0,86973,23482,0,72127,72127,67,0,131072,23482,131072,23482,72131,32,32,false
33,0.1pct+1pct+10pct,parquet_boundary_search_p16384,1263521.0,1266205.0,1266606.0,86973,23482,0,67339,67339,19,0,131072,23482,131072,23482,67343,8,8,false
33,0.1pct+1pct+10pct,parquet_boundary_search,1355949.0,1358873.0,1362209.0,86973,23482,0,87081,87081,259,0,131072,23482,131072,23482,87085,128,128,false
33,0.1pct+1pct+10pct,parquet_row_filter,1223591.0,1227166.0,1229781.0,86973,23482,0,87081,87081,259,0,131072,23482,131072,23482,87085,0,0,false
33,0.1pct+1pct+10pct,parquet_page_index_filter,1355318.0,1357602.0,1364592.0,86973,23482,0,87081,87081,259,0,131072,23482,131072,23482,87085,128,128,false
33,50pct,generated_selective,3808780.0,3812906.0,3818885.0,289172,77502,99583,54917,54917,4,2,131072,77502,131073,363119,54917,0,0,false
33,50pct,generated_fused,902475.5,902731.0,904028.0,289172,77502,99571,54917,54917,2,2,131072,131072,131073,281,54917,0,0,false
33,50pct,generated_direct_selective,3823101.0,3830723.0,3831054.0,289172,77502,99455,99472,99472,10,0,131072,77502,131073,363119,99568,0,0,false
33,50pct,generated_scan_selective,3801269.0,3801930.0,3803682.0,289172,77502,99583,54917,54917,4,2,131072,77502,131073,363119,54917,0,0,false
33,50pct,parquet_full,827168.0,827268.0,829847.0,289172,77502,0,87081,87081,259,0,131072,77502,131072,77502,87085,0,0,false
33,50pct,parquet_boundary_search_p4096,1429779.0,1444182.0,1447496.0,289172,77502,0,72127,72127,67,0,131072,77502,131072,77502,72131,32,32,false
33,50pct,parquet_boundary_search_p16384,1410781.0,1413095.0,1418503.0,289172,77502,0,67339,67339,19,0,131072,77502,131072,77502,67343,8,8,false
33,50pct,parquet_boundary_search,1511923.0,1518472.0,1520806.0,289172,77502,0,87081,87081,259,0,131072,77502,131072,77502,87085,128,128,false
33,50pct,parquet_row_filter,1386365.0,1389810.0,1389990.0,289172,77502,0,87081,87081,259,0,131072,77502,131072,77502,87085,0,0,false
33,50pct,parquet_page_index_filter,1514566.0,1517161.0,1520015.0,289172,77502,0,87081,87081,259,0,131072,77502,131072,77502,87085,128,128,false
34,0.1pct,generated_selective,1491652.0,1491832.0,1492493.0,233,131,837365,465854,465854,4,2,131072,131,131072,255,465854,0,0,false
34,0.1pct,generated_fused,2033843.0,2034695.0,2036518.0,233,131,853640,465854,465854,2,2,131072,131072,131072,131073,465854,0,0,false
34,0.1pct,generated_direct_selective,516222.7,517701.3,517778.3,233,131,819845,820040,820040,24,0,131072,131,131073,262,836224,0,0,false
34,0.1pct,generated_scan_selective,1486615.0,1493875.0,1496059.0,233,131,837365,465854,465854,4,2,131072,131,131072,255,465854,0,0,false
34,0.1pct,parquet_full,1360365.0,1365574.0,1387056.0,233,131,0,571251,571251,259,0,131072,131,131072,131,571255,0,0,false
34,0.1pct,parquet_boundary_search_p4096,119875.6,120657.4,120778.2,233,131,0,53391,53391,8,0,12288,131,12288,131,549190,32,3,false
34,0.1pct,parquet_boundary_search_p16384,270411.9,270603.4,271642.3,233,131,0,136204,136204,7,0,32768,131,32768,131,540341,8,2,false
34,0.1pct,parquet_boundary_search,84273.1,84587.5,84620.6,233,131,0,30754,30754,11,0,5120,131,5120,131,571255,128,5,false
34,0.1pct,parquet_row_filter,1127357.0,1127658.0,1130532.0,233,131,0,545222,545222,134,0,131072,131,131072,131,571255,0,0,false
34,0.1pct,parquet_page_index_filter,84728.1,84762.5,84969.8,233,131,0,30754,30754,11,0,5120,131,5120,131,571255,128,5,false
34,1pct,generated_selective,1511211.0,1514637.0,1520075.0,2344,1311,837549,465854,465854,4,2,131072,1311,131072,1900,465854,0,0,false
34,1pct,generated_fused,2038390.0,2038660.0,2042587.0,2344,1311,853640,465854,465854,2,2,131072,131072,131072,131073,465854,0,0,false
34,1pct,generated_direct_selective,542662.3,543026.0,544578.3,2344,1311,820029,820072,820072,26,0,131072,1311,131073,2622,836224,0,0,false
34,1pct,generated_scan_selective,1510751.0,1512553.0,1513104.0,2344,1311,837549,465854,465854,4,2,131072,1311,131072,1900,465854,0,0,false
34,1pct,parquet_full,1351573.0,1351742.0,1362299.0,2344,1311,0,571251,571251,259,0,131072,1311,131072,1311,571255,0,0,false
34,1pct,parquet_boundary_search_p4096,164944.1,165825.5,171141.5,2344,1311,0,53391,53391,8,0,12288,1311,12288,1311,549190,32,3,false
34,1pct,parquet_boundary_search_p16384,320351.0,320431.2,320876.8,2344,1311,0,136204,136204,7,0,32768,1311,32768,1311,540341,8,2,false
34,1pct,parquet_boundary_search,144678.8,145969.2,146047.8,2344,1311,0,35132,35132,13,0,6144,1311,6144,1311,571255,128,6,false
34,1pct,parquet_row_filter,1182119.0,1182730.0,1184563.0,2344,1311,0,545428,545428,135,0,131072,1311,131072,1311,571255,0,0,false
34,1pct,parquet_page_index_filter,145566.3,146200.4,146282.0,2344,1311,0,35132,35132,13,0,6144,1311,6144,1311,571255,128,6,false
34,10pct,generated_selective,1564782.0,1564842.0,1566634.0,23537,13108,838948,465854,465854,4,2,131072,13108,131072,13415,465854,0,0,false
34,10pct,generated_fused,2052071.0,2053243.0,2054795.0,23537,13108,853640,465854,465854,2,2,131072,131072,131072,131073,465854,0,0,false
34,10pct,generated_direct_selective,680253.0,680603.5,681530.0,23537,13108,821428,821464,821464,36,0,131072,13108,131073,26216,836224,0,0,false
34,10pct,generated_scan_selective,1557310.0,1563750.0,1567786.0,23537,13108,838948,465854,465854,4,2,131072,13108,131072,13415,465854,0,0,false
34,10pct,parquet_full,1367987.0,1371022.0,1372124.0,23537,13108,0,571251,571251,259,0,131072,13108,131072,13108,571255,0,0,false
34,10pct,parquet_boundary_search_p4096,222560.6,223012.5,225303.4,23537,13108,0,88179,88179,13,0,20480,13108,20480,13108,549190,32,5,false
34,10pct,parquet_boundary_search_p16384,305064.8,306313.5,308645.2,23537,13108,0,136204,136204,7,0,32768,13108,32768,13108,540341,8,2,false
34,10pct,parquet_boundary_search,239104.1,240613.9,241357.5,23537,13108,0,75008,75008,33,0,15360,13108,15360,13108,571255,128,15,false
34,10pct,parquet_row_filter,1184272.0,1185414.0,1188638.0,23537,13108,0,547724,547724,146,0,131072,13108,131072,13108,571255,0,0,false
34,10pct,parquet_page_index_filter,239599.9,240168.1,240259.6,23537,13108,0,75008,75008,33,0,15360,13108,15360,13108,571255,128,15,false
34,50pct,generated_selective,1813194.0,1816729.0,1817169.0,115434,65536,845870,465854,465854,4,2,131072,65536,131072,66416,465854,0,0,false
34,50pct,generated_fused,2105441.0,2110488.0,2110959.0,115434,65536,853640,465854,465854,2,2,131072,131072,131072,131073,465854,0,0,false
34,50pct,generated_direct_selective,1328168.0,1329800.0,1338543.0,115434,65536,828350,828696,828696,77,0,131072,65536,131073,131072,836224,0,0,false
34,50pct,generated_scan_selective,1812623.0,1813303.0,1815006.0,115434,65536,845870,465854,465854,4,2,131072,65536,131072,66416,465854,0,0,false
34,50pct,parquet_full,1417411.0,1418944.0,1420586.0,115434,65536,0,571251,571251,259,0,131072,65536,131072,65536,571255,0,0,false
34,50pct,parquet_boundary_search_p4096,833437.0,834534.0,836777.0,115434,65536,0,327318,327318,41,0,77824,65536,77824,65536,549190,32,19,false
34,50pct,parquet_boundary_search_p16384,947428.0,948544.5,950077.0,115434,65536,0,405418,405418,15,0,98304,65536,98304,65536,540341,8,6,false
34,50pct,parquet_boundary_search,1022300.0,1027648.0,1027868.0,115434,65536,0,325560,325560,147,0,73728,65536,73728,65536,571255,128,72,false
34,50pct,parquet_row_filter,1493916.0,1500004.0,1504191.0,115434,65536,0,559732,559732,203,0,131072,65536,131072,65536,571255,0,0,false
34,50pct,parquet_page_index_filter,1022490.0,1022841.0,1025335.0,115434,65536,0,325560,325560,147,0,73728,65536,73728,65536,571255,128,72,false
35,0.1pct,generated_selective,1541127.0,1546283.0,1547856.0,224,131,837383,481771,481771,4,2,131072,131,131072,255,481771,0,0,false
35,0.1pct,generated_fused,2078250.0,2083828.0,2084870.0,224,131,902792,481771,481771,2,2,131072,131072,131072,131073,481771,0,0,false
35,0.1pct,generated_direct_selective,516646.3,517114.0,517451.0,224,131,819915,820696,820696,24,0,131072,131,131073,262,868992,0,0,false
35,0.1pct,generated_scan_selective,1540095.0,1542849.0,1543289.0,224,131,837383,481771,481771,4,2,131072,131,131072,255,481771,0,0,false
35,0.1pct,parquet_full,1383040.0,1383871.0,1398123.0,224,131,0,600695,600695,259,0,131072,131,131072,131,600699,0,0,false
35,0.1pct,parquet_boundary_search_p4096,121719.1,121723.4,122142.8,224,131,0,55287,55287,8,0,12288,131,12288,131,575925,32,3,false
35,0.1pct,parquet_boundary_search_p16384,278900.3,279066.3,279246.4,224,131,0,142339,142339,7,0,32768,131,32768,131,565567,8,2,false
35,0.1pct,parquet_boundary_search,85973.6,86156.2,86596.4,224,131,0,31524,31524,11,0,5120,131,5120,131,600699,128,5,false
35,0.1pct,parquet_row_filter,1123351.0,1125645.0,1128238.0,224,131,0,545992,545992,134,0,131072,131,131072,131,600699,0,0,false
35,0.1pct,parquet_page_index_filter,85928.6,85951.0,85985.9,224,131,0,31524,31524,11,0,5120,131,5120,131,600699,128,5,false
35,1pct,generated_selective,1568758.0,1568998.0,1571612.0,2046,1311,838194,481771,481771,4,2,131072,1311,131072,1900,481771,0,0,false
35,1pct,generated_fused,2085922.0,2086182.0,2090178.0,2046,1311,902792,481771,481771,2,2,131072,131072,131072,131073,481771,0,0,false
35,1pct,generated_direct_selective,543970.7,544722.0,545916.7,2046,1311,820598,820792,820792,26,0,131072,1311,131073,2622,868992,0,0,false
35,1pct,generated_scan_selective,1565954.0,1570810.0,1576228.0,2046,1311,838194,481771,481771,4,2,131072,1311,131072,1900,481771,0,0,false
35,1pct,parquet_full,1401057.0,1404131.0,1404772.0,2046,1311,0,600695,600695,259,0,131072,1311,131072,1311,600699,0,0,false
35,1pct,parquet_boundary_search_p4096,169801.5,171216.2,171629.5,2046,1311,0,55287,55287,8,0,12288,1311,12288,1311,575925,32,3,false
35,1pct,parquet_boundary_search_p16384,329717.4,329781.6,330769.0,2046,1311,0,142339,142339,7,0,32768,1311,32768,1311,565567,8,2,false
35,1pct,parquet_boundary_search,151038.4,151624.6,151785.6,2046,1311,0,36140,36140,13,0,6144,1311,6144,1311,600699,128,6,false
35,1pct,parquet_row_filter,1185084.0,1186285.0,1189650.0,2046,1311,0,546436,546436,135,0,131072,1311,131072,1311,600699,0,0,false
35,1pct,parquet_page_index_filter,150105.5,150933.3,151163.7,2046,1311,0,36140,36140,13,0,6144,1311,6144,1311,600699,128,6,false
35,10pct,generated_selective,1616730.0,1617882.0,1618011.0,20124,13108,843964,481771,481771,4,2,131072,13108,131072,13415,481771,0,0,false
35,10pct,generated_fused,2091260.0,2094665.0,2096568.0,20124,13108,902792,481771,481771,2,2,131072,131072,131072,131073,481771,0,0,false
35,10pct,generated_direct_selective,681380.0,682857.0,684158.5,20124,13108,824838,824968,824968,36,0,131072,13108,131073,26216,868992,0,0,false
35,10pct,generated_scan_selective,1617921.0,1618843.0,1622468.0,20124,13108,843964,481771,481771,4,2,131072,13108,131072,13415,481771,0,0,false
35,10pct,parquet_full,1396910.0,1397181.0,1398523.0,20124,13108,0,600695,600695,259,0,131072,13108,131072,13108,600699,0,0,false
35,10pct,parquet_boundary_search_p4096,227936.1,228333.0,230481.1,20124,13108,0,92299,92299,13,0,20480,13108,20480,13108,575925,32,5,false
35,10pct,parquet_boundary_search_p16384,314744.3,315518.8,316553.7,20124,13108,0,142339,142339,7,0,32768,13108,32768,13108,565567,8,2,false
35,10pct,parquet_boundary_search,243261.3,243820.6,244689.0,20124,13108,0,78668,78668,33,0,15360,13108,15360,13108,600699,128,15,false
35,10pct,parquet_row_filter,1187817.0,1190722.0,1191874.0,20124,13108,0,551384,551384,146,0,131072,13108,131072,13108,600699,0,0,false
35,10pct,parquet_page_index_filter,243257.8,243930.0,244269.4,20124,13108,0,78668,78668,33,0,15360,13108,15360,13108,600699,128,15,false
35,50pct,generated_selective,1863329.0,1867024.0,1867054.0,96968,65536,870465,481771,481771,4,2,131072,65536,131072,66416,481771,0,0,false
35,50pct,generated_fused,2162275.0,2164809.0,2183538.0,96968,65536,902792,481771,481771,2,2,131072,131072,131072,131073,481771,0,0,false
35,50pct,generated_direct_selective,1322219.0,1338784.0,1339524.0,96968,65536,845009,846664,846664,77,0,131072,65536,131073,131072,868992,0,0,false
35,50pct,generated_scan_selective,1866994.0,1872572.0,1873434.0,96968,65536,870465,481771,481771,4,2,131072,65536,131072,66416,481771,0,0,false
35,50pct,parquet_full,1453135.0,1453885.0,1462599.0,96968,65536,0,600695,600695,259,0,131072,65536,131072,65536,600699,0,0,false
35,50pct,parquet_boundary_search_p4096,865725.5,867708.5,870502.5,96968,65536,0,342729,342729,41,0,77824,65536,77824,65536,575925,32,19,false
35,50pct,parquet_boundary_search_p16384,989531.0,991529.0,991559.0,96968,65536,0,423845,423845,15,0,98304,65536,98304,65536,565567,8,6,false
35,50pct,parquet_boundary_search,1052025.0,1052635.0,1056992.0,96968,65536,0,341667,341667,147,0,73728,65536,73728,65536,600699,128,72,false
35,50pct,parquet_row_filter,1525293.0,1530931.0,1532844.0,96968,65536,0,575839,575839,203,0,131072,65536,131072,65536,600699,0,0,false
35,50pct,parquet_page_index_filter,1055560.0,1066556.0,1070933.0,96968,65536,0,341667,341667,147,0,73728,65536,73728,65536,600699,128,72,false
36,0.1pct,generated_selective,150167.8,150202.5,150373.5,392,136,1942,47224,47224,4,2,33,136,3641,137,47224,0,0,false
36,0.1pct,generated_fused,688485.5,690563.5,690839.0,392,136,51042,47224,47224,2,2,33,131072,3641,131073,47224,0,0,false
36,0.1pct,generated_direct_selective,10136.5,10208.5,10296.7,392,136,2578,9616,9616,75,0,33,136,961,272,258032,0,0,false
36,0.1pct,generated_scan_selective,750188.0,750438.0,751144.0,392,136,86716,47224,47224,4,2,131072,136,131072,137,47224,0,0,false
36,0.1pct,parquet_full,1187758.0,1200647.0,1215499.0,392,136,0,89541,89541,259,0,131072,136,131072,136,89545,0,0,false
36,0.1pct,parquet_boundary_search_p4096,57025.4,57114.0,57190.3,392,136,0,6497,6497,7,0,8192,136,8192,136,63839,9,2,true
36,0.1pct,parquet_boundary_search_p16384,172048.4,172283.3,172618.4,392,136,0,14564,14564,7,0,32768,136,32768,136,54699,5,2,true
36,0.1pct,parquet_boundary_search,35794.7,35798.4,35811.4,392,136,0,10315,10315,7,0,2048,136,2048,136,89545,21,2,true
36,0.1pct,parquet_row_filter,884108.5,886681.5,888995.5,392,136,0,50212,50212,133,0,131072,136,131072,136,89545,0,0,false
36,0.1pct,parquet_page_index_filter,35548.5,35566.9,35657.7,392,136,0,10315,10315,7,0,2048,136,2048,136,89545,128,2,false
36,1pct,generated_selective,153672.3,153780.9,153875.7,3811,1316,2105,47224,47224,4,2,33,1316,3242,1317,47224,0,0,false
36,1pct,generated_fused,688260.0,688901.0,691009.0,3811,1316,50762,47224,47224,2,2,33,131072,3242,131073,47224,0,0,false
36,1pct,generated_direct_selective,24196.6,24231.1,24262.7,3811,1316,3128,10032,10032,73,0,33,1316,1017,2632,258032,0,0,false
36,1pct,generated_scan_selective,756757.5,757433.5,758114.5,3811,1316,87159,47224,47224,4,2,131072,1316,131072,1317,47224,0,0,false
36,1pct,parquet_full,1175419.0,1182770.0,1192704.0,3811,1316,0,89541,89541,259,0,131072,1316,131072,1316,89545,0,0,false
36,1pct,parquet_boundary_search_p4096,59135.8,59224.4,59288.7,3811,1316,0,6497,6497,7,0,8192,1316,8192,1316,63839,9,2,true
36,1pct,parquet_boundary_search_p16384,174648.6,174658.6,174706.0,3811,1316,0,14564,14564,7,0,32768,1316,32768,1316,54699,5,2,true
36,1pct,parquet_boundary_search,37998.4,38005.3,38100.9,3811,1316,0,10315,10315,7,0,2048,1316,2048,1316,89545,21,2,true
36,1pct,parquet_row_filter,889977.0,890568.0,890678.0,3811,1316,0,50212,50212,133,0,131072,1316,131072,1316,89545,0,0,false
36,1pct,parquet_page_index_filter,37957.2,37960.9,38073.9,3811,1316,0,10315,10315,7,0,2048,1316,2048,1316,89545,128,2,false
36,10pct,generated_selective,196995.8,197021.8,197024.9,39146,13109,6577,47224,47224,4,2,33,13109,3153,13110,47224,0,0,false
36,10pct,generated_fused,693913.0,702726.5,705500.5,39146,13109,50812,47224,47224,2,2,33,131072,3153,131073,47224,0,0,false
36,10pct,generated_direct_selective,160617.9,160631.2,160681.3,39146,13109,7585,14512,14512,74,0,33,13109,1015,26218,258032,0,0,false
36,10pct,generated_scan_selective,809521.5,809782.0,810733.0,39146,13109,91581,47224,47224,4,2,131072,13109,131072,13110,47224,0,0,false
36,10pct,parquet_full,1196611.0,1199925.0,1199995.0,39146,13109,0,89541,89541,259,0,131072,13109,131072,13109,89545,0,0,false
36,10pct,parquet_boundary_search_p4096,127351.9,127612.3,127699.1,39146,13109,0,10282,10282,11,0,16384,13109,16384,13109,63839,9,4,true
36,10pct,parquet_boundary_search_p16384,193318.3,193525.6,193975.3,39146,13109,0,14564,14564,7,0,32768,13109,32768,13109,54699,5,2,true
36,10pct,parquet_boundary_search,171206.3,171399.2,171470.3,39146,13109,0,17810,17810,31,0,14336,13109,14336,13109,89545,22,14,true
36,10pct,parquet_row_filter,949937.0,950948.0,951043.0,39146,13109,0,53947,53947,145,0,131072,13109,131072,13109,89545,0,0,false
36,10pct,parquet_page_index_filter,171280.9,171318.2,171544.9,39146,13109,0,17810,17810,31,0,14336,13109,14336,13109,89545,128,14,false
36,50pct,generated_selective,397348.8,398089.6,398652.6,196817,65543,26889,47224,47224,4,2,34,65543,4459,65544,47224,0,0,false
36,50pct,generated_fused,717183.0,717554.0,719141.0,196817,65543,51461,47224,47224,2,2,34,131072,4459,131073,47224,0,0,false
36,50pct,generated_direct_selective,769551.5,770283.0,771329.5,196817,65543,27434,34528,34528,76,0,34,65543,1068,131086,258032,0,0,false
36,50pct,generated_scan_selective,1051333.0,1054528.0,1057512.0,196817,65543,111244,47224,47224,4,2,131072,65543,131072,65544,47224,0,0,false
36,50pct,parquet_full,1240416.0,1241248.0,1247507.0,196817,65543,0,89541,89541,259,0,131072,65543,131072,65543,89545,0,0,false
36,50pct,parquet_boundary_search_p4096,543102.7,543116.3,545790.0,196817,65543,0,37141,37141,39,0,73728,65543,73728,65543,63839,10,18,true
36,50pct,parquet_boundary_search_p16384,601797.3,603152.3,603960.7,196817,65543,0,41351,41351,15,0,98304,65543,98304,65543,54699,7,6,true
36,50pct,parquet_boundary_search,743427.5,744214.0,745796.0,196817,65543,0,50526,50526,135,0,67584,65543,67584,65543,89545,24,66,true
36,50pct,parquet_row_filter,1171653.0,1172625.0,1174788.0,196817,65543,0,70183,70183,197,0,131072,65543,131072,65543,89545,0,0,false
36,50pct,parquet_page_index_filter,740037.5,746898.0,749857.0,196817,65543,0,50526,50526,135,0,67584,65543,67584,65543,89545,128,66,false
37,0.1pct,generated_selective,95131.9,95274.6,95355.7,3358,136,1929,26644,26644,5,1,33,136,3641,137,124812,0,0,false
37,0.1pct,generated_fused,637300.7,638715.7,645105.3,3358,136,100130,124812,124812,2,1,33,131072,3641,131073,124812,0,0,false
37,0.1pct,generated_direct_selective,8958.5,8959.7,8977.1,3358,136,2581,9664,9664,75,0,33,136,961,137,307184,0,0,false
37,0.1pct,generated_scan_selective,692937.0,693517.5,694604.5,3358,136,86703,26644,26644,5,1,131072,136,131072,137,124812,0,0,false
37,0.1pct,parquet_full,901639.0,901910.0,903402.0,3358,136,0,171439,171439,259,0,131072,136,131072,136,171443,0,0,false
37,0.1pct,parquet_boundary_search_p4096,49651.9,49756.2,49947.4,3358,136,0,12034,12034,7,0,8192,136,8192,136,152542,9,2,true
37,0.1pct,parquet_boundary_search_p16384,151524.2,152026.7,152301.2,3358,136,0,37445,37445,7,0,32768,136,32768,136,146342,5,2,true
37,0.1pct,parquet_boundary_search,31678.5,31692.0,31755.6,3358,136,0,11590,11590,7,0,2048,136,2048,136,171443,21,2,true
37,0.1pct,parquet_row_filter,882190.0,883237.0,883682.5,3358,136,0,51487,51487,133,0,131072,136,131072,136,171443,0,0,false
37,0.1pct,parquet_page_index_filter,31706.6,31756.9,31792.0,3358,136,0,11590,11590,7,0,2048,136,2048,136,171443,128,2,false
37,1pct,generated_selective,99464.9,99702.2,99826.4,33866,1316,2534,27604,27604,5,1,33,1316,3242,1317,124812,0,0,false
37,1pct,generated_fused,638956.3,645856.7,658625.7,33866,1316,99850,124812,124812,2,1,33,131072,3242,131073,124812,0,0,false
37,1pct,generated_direct_selective,13829.2,13852.5,13880.6,33866,1316,3573,10560,10560,73,0,33,1316,1017,1317,307184,0,0,false
37,1pct,generated_scan_selective,704224.0,704769.5,705125.5,33866,1316,87588,27604,27604,5,1,131072,1316,131072,1317,124812,0,0,false
37,1pct,parquet_full,909180.5,909195.5,919015.0,33866,1316,0,171439,171439,259,0,131072,1316,131072,1316,171443,0,0,false
37,1pct,parquet_boundary_search_p4096,51625.1,51764.5,51936.1,33866,1316,0,12034,12034,7,0,8192,1316,8192,1316,152542,9,2,true
37,1pct,parquet_boundary_search_p16384,154008.8,154424.4,155491.0,33866,1316,0,37445,37445,7,0,32768,1316,32768,1316,146342,5,2,true
37,1pct,parquet_boundary_search,33843.6,33865.6,33934.0,33866,1316,0,11590,11590,7,0,2048,1316,2048,1316,171443,21,2,true
37,1pct,parquet_row_filter,887368.0,887858.5,888740.0,33866,1316,0,51487,51487,133,0,131072,1316,131072,1316,171443,0,0,false
37,1pct,parquet_page_index_filter,33939.2,33960.6,33977.2,33866,1316,0,11590,11590,7,0,2048,1316,2048,1316,171443,128,2,false
37,10pct,generated_selective,141672.8,141781.4,141928.5,334126,13109,11428,36436,36436,5,1,33,13109,3153,13110,124812,0,0,false
37,10pct,generated_fused,642124.3,643159.0,643686.7,334126,13109,99900,124812,124812,2,1,33,131072,3153,131073,124812,0,0,false
37,10pct,generated_direct_selective,57510.8,57530.2,57533.1,334126,13109,12452,19456,19456,74,0,33,13109,1015,13110,307184,0,0,false
37,10pct,generated_scan_selective,755821.0,758234.5,759571.5,334126,13109,96432,36436,36436,5,1,131072,13109,131072,13110,124812,0,0,false
37,10pct,parquet_full,916787.0,922981.5,932435.5,334126,13109,0,171439,171439,259,0,131072,13109,131072,13109,171443,0,0,false
37,10pct,parquet_boundary_search_p4096,113314.8,113343.8,113529.9,334126,13109,0,21374,21374,11,0,16384,13109,16384,13109,152542,9,4,true
37,10pct,parquet_boundary_search_p16384,174843.5,174915.4,175030.2,334126,13109,0,37445,37445,7,0,32768,13109,32768,13109,146342,5,2,true
37,10pct,parquet_boundary_search,142935.5,143140.3,143454.6,334126,13109,0,26774,26774,31,0,14336,13109,14336,13109,171443,22,14,true
37,10pct,parquet_row_filter,915620.0,917438.0,919105.5,334126,13109,0,62911,62911,145,0,131072,13109,131072,13109,171443,0,0,false
37,10pct,parquet_page_index_filter,142601.2,142710.5,142719.0,334126,13109,0,26774,26774,31,0,14336,13109,14336,13109,171443,128,14,false
37,50pct,generated_selective,342234.2,342470.6,342658.8,1673934,65543,51403,75796,75796,5,1,34,65543,4459,65544,124812,0,0,false
37,50pct,generated_fused,662574.7,663275.7,663690.0,1673934,65543,100549,124812,124812,2,1,34,131072,4459,131073,124812,0,0,false
37,50pct,generated_direct_selective,252998.6,253208.9,253230.4,1673934,65543,51964,59152,59152,76,0,34,65543,1068,65544,307184,0,0,false
37,50pct,generated_scan_selective,999220.5,999666.0,1002265.0,1673934,65543,135758,75796,75796,5,1,131072,65543,131072,65544,124812,0,0,false
37,50pct,parquet_full,961834.0,966165.5,973677.0,1673934,65543,0,171439,171439,259,0,131072,65543,131072,65543,171443,0,0,false
37,50pct,parquet_boundary_search_p4096,478648.8,478986.8,479247.2,1673934,65543,0,86991,86991,39,0,73728,65543,73728,65543,152542,10,18,true
37,50pct,parquet_boundary_search_p16384,542882.3,543657.0,544001.0,1673934,65543,0,110053,110053,15,0,98304,65543,98304,65543,146342,7,6,true
37,50pct,parquet_boundary_search,602288.0,603873.7,605873.3,1673934,65543,0,92758,92758,135,0,67584,65543,67584,65543,171443,24,66,true
37,50pct,parquet_row_filter,1026927.0,1028640.0,1028710.0,1673934,65543,0,112415,112415,197,0,131072,65543,131072,65543,171443,0,0,false
37,50pct,parquet_page_index_filter,603730.0,604067.3,604798.3,1673934,65543,0,92758,92758,135,0,67584,65543,67584,65543,171443,128,66,false
38,0.1pct,generated_selective,681134.5,681725.0,683382.5,475,164,197626,225626,225626,4,2,131072,164,131093,326,225626,0,0,false
38,0.1pct,generated_fused,1226776.0,1228559.0,1229810.0,475,164,246576,225626,225626,2,2,131072,131072,131093,131073,225626,0,0,false
38,0.1pct,generated_direct_selective,595468.0,596218.7,597430.7,475,164,197546,204824,204824,160,0,131072,164,131093,328,266560,0,0,false
38,0.1pct,generated_scan_selective,1577151.0,1579123.0,1582578.0,475,164,217634,225626,225626,4,2,131072,164,262144,326,225626,0,0,false
38,0.1pct,parquet_full,1456971.0,1457932.0,1465403.0,475,164,0,490587,490587,259,0,131072,164,131072,164,490591,0,0,false
38,0.1pct,parquet_boundary_search_p4096,1278313.0,1279004.0,1284202.0,475,164,0,445798,445798,66,0,131072,164,131072,164,446727,32,32,false
38,0.1pct,parquet_boundary_search_p16384,1119866.0,1122831.0,1123972.0,475,164,0,449757,449757,19,0,131072,164,131072,164,449761,8,8,false
38,0.1pct,parquet_boundary_search,1492484.0,1492714.0,1496029.0,475,164,0,479043,479043,222,0,131072,164,131072,164,490591,128,128,false
38,0.1pct,parquet_row_filter,1481977.0,1488046.0,1488919.0,475,164,0,479043,479043,222,0,131072,164,131072,164,490591,0,0,false
38,0.1pct,parquet_page_index_filter,1486294.0,1487736.0,1488788.0,475,164,0,479043,479043,222,0,131072,164,131072,164,490591,128,128,false
38,1pct,generated_selective,736847.5,740658.5,742000.5,4311,1423,198948,225626,225626,4,2,131072,1423,131094,2629,225626,0,0,false
38,1pct,generated_fused,1247477.0,1248809.0,1249400.0,4311,1423,246584,225626,225626,2,2,131072,131072,131094,131073,225626,0,0,false
38,1pct,generated_direct_selective,647161.7,647996.3,649138.0,4311,1423,198868,228616,228616,653,0,131072,1423,131094,2846,266560,0,0,false
38,1pct,generated_scan_selective,1635869.0,1635898.0,1637740.0,4311,1423,218948,225626,225626,4,2,131072,1423,262144,2629,225626,0,0,false
38,1pct,parquet_full,1475999.0,1476619.0,1481067.0,4311,1423,0,490587,490587,259,0,131072,1423,131072,1423,490591,0,0,false
38,1pct,parquet_boundary_search_p4096,1557691.0,1558392.0,1563089.0,4311,1423,0,446723,446723,67,0,131072,1423,131072,1423,446727,32,32,false
38,1pct,parquet_boundary_search_p16384,1379785.0,1379915.0,1380726.0,4311,1423,0,449757,449757,19,0,131072,1423,131072,1423,449761,8,8,false
38,1pct,parquet_boundary_search,1909517.0,1910148.0,1910830.0,4311,1423,0,490587,490587,259,0,131072,1423,131072,1423,490591,128,128,false
38,1pct,parquet_row_filter,1881005.0,1881426.0,1881906.0,4311,1423,0,490587,490587,259,0,131072,1423,131072,1423,490591,0,0,false
38,1pct,parquet_page_index_filter,1902857.0,1905582.0,1910409.0,4311,1423,0,490587,490587,259,0,131072,1423,131072,1423,490591,128,128,false
38,10pct,generated_selective,1017613.0,1018955.0,1020637.0,39432,13142,205987,225626,225626,4,2,131072,13142,131094,17734,225626,0,0,false
38,10pct,generated_fused,1387056.0,1389029.0,1391723.0,39432,13142,246584,225626,225626,2,2,131072,131072,131094,131073,225626,0,0,false
38,10pct,generated_direct_selective,1002951.0,1004534.0,1005505.0,39432,13142,205907,246680,246680,1028,0,131072,13142,131094,26284,266560,0,0,false
38,10pct,generated_scan_selective,1919953.0,1922227.0,1924900.0,39432,13142,225987,225626,225626,4,2,131072,13142,262144,17734,225626,0,0,false
38,10pct,parquet_full,1565953.0,1567106.0,1586334.0,39432,13142,0,490587,490587,259,0,131072,13142,131072,13142,490591,0,0,false
38,10pct,parquet_boundary_search_p4096,1602739.0,1605963.0,1607496.0,39432,13142,0,446723,446723,67,0,131072,13142,131072,13142,446727,32,32,false
38,10pct,parquet_boundary_search_p16384,1420305.0,1422228.0,1423640.0,39432,13142,0,449757,449757,19,0,131072,13142,131072,13142,449761,8,8,false
38,10pct,parquet_boundary_search,1948406.0,1951460.0,1953784.0,39432,13142,0,490587,490587,259,0,131072,13142,131072,13142,490591,128,128,false
38,10pct,parquet_row_filter,1906103.0,1912292.0,1914505.0,39432,13142,0,490587,490587,259,0,131072,13142,131072,13142,490591,0,0,false
38,10pct,parquet_page_index_filter,1945031.0,1949548.0,1953403.0,39432,13142,0,490587,490587,259,0,131072,13142,131072,13142,490591,128,128,false
38,50pct,generated_selective,1704260.0,1706684.0,1712072.0,196903,65587,229682,225626,225626,4,2,131072,65587,131095,75398,225626,0,0,false
38,50pct,generated_fused,1616259.0,1624852.0,1626814.0,196903,65587,246592,225626,225626,2,2,131072,131072,131095,131073,225626,0,0,false
38,50pct,generated_direct_selective,2069557.0,2069637.0,2071430.0,196903,65587,229602,247352,247352,1044,0,131072,65587,131095,131174,266560,0,0,false
38,50pct,generated_scan_selective,2613992.0,2616185.0,2619030.0,196903,65587,249674,225626,225626,4,2,131072,65587,262144,75398,225626,0,0,false
38,50pct,parquet_full,1715427.0,1721746.0,1729448.0,196903,65587,0,490587,490587,259,0,131072,65587,131072,65587,490591,0,0,false
38,50pct,parquet_boundary_search_p4096,1961405.0,1967074.0,1968236.0,196903,65587,0,446723,446723,67,0,131072,65587,131072,65587,446727,32,32,false
38,50pct,parquet_boundary_search_p16384,1770350.0,1772052.0,1776258.0,196903,65587,0,449757,449757,19,0,131072,65587,131072,65587,449761,8,8,false
38,50pct,parquet_boundary_search,2314815.0,2315545.0,2315956.0,196903,65587,0,490587,490587,259,0,131072,65587,131072,65587,490591,128,128,false
38,50pct,parquet_row_filter,2221094.0,2221815.0,2226442.0,196903,65587,0,490587,490587,259,0,131072,65587,131072,65587,490591,0,0,false
38,50pct,parquet_page_index_filter,2314434.0,2318119.0,2319591.0,196903,65587,0,490587,490587,259,0,131072,65587,131072,65587,490591,128,128,false
39,0.1pct,generated_selective,627883.0,628507.3,629809.0,4023,164,197606,218870,218870,150,1,131072,164,131093,326,303214,0,0,false
39,0.1pct,generated_fused,1174558.0,1176340.0,1176942.0,4023,164,295664,303214,303214,2,1,131072,131072,131093,131073,303214,0,0,false
39,0.1pct,generated_direct_selective,594973.7,595097.3,596516.0,4023,164,197542,211784,211784,160,0,131072,164,131093,326,315712,0,0,false
39,0.1pct,generated_scan_selective,1528758.0,1531672.0,1537972.0,4023,164,217614,218870,218870,150,1,131072,164,262144,326,303214,0,0,false
39,0.1pct,parquet_full,1167908.0,1169190.0,1169290.0,4023,164,0,572485,572485,259,0,131072,164,131072,164,572489,0,0,false
39,0.1pct,parquet_boundary_search_p4096,1152665.0,1152905.0,1158283.0,4023,164,0,531726,531726,66,0,131072,164,131072,164,535430,32,32,false
39,0.1pct,parquet_boundary_search_p16384,1041639.0,1041849.0,1043762.0,4023,164,0,541400,541400,19,0,131072,164,131072,164,541404,8,8,false
39,0.1pct,parquet_boundary_search,1289439.0,1290541.0,1310631.0,4023,164,0,537261,537261,222,0,131072,164,131072,164,572489,128,128,false
39,0.1pct,parquet_row_filter,1281298.0,1287476.0,1289259.0,4023,164,0,537261,537261,222,0,131072,164,131072,164,572489,0,0,false
39,0.1pct,parquet_page_index_filter,1282579.0,1285153.0,1286495.0,4023,164,0,537261,537261,222,0,131072,164,131072,164,572489,128,128,false
39,1pct,generated_selective,677579.0,679752.5,679762.0,37097,1423,199319,265814,265814,638,1,131072,1423,131094,2629,303214,0,0,false
39,1pct,generated_fused,1191513.0,1194738.0,1198083.0,37097,1423,295672,303214,303214,2,1,131072,131072,131094,131073,303214,0,0,false
39,1pct,generated_direct_selective,648584.0,648931.3,650810.7,37097,1423,199255,259048,259048,653,0,131072,1423,131094,2629,315712,0,0,false
39,1pct,generated_scan_selective,1580606.0,1584010.0,1585933.0,37097,1423,219319,265814,265814,638,1,131072,1423,262144,2629,303214,0,0,false
39,1pct,parquet_full,1212755.0,1213366.0,1218203.0,37097,1423,0,572485,572485,259,0,131072,1423,131072,1423,572489,0,0,false
39,1pct,parquet_boundary_search_p4096,1446505.0,1446765.0,1447085.0,37097,1423,0,535426,535426,67,0,131072,1423,131072,1423,535430,32,32,false
39,1pct,parquet_boundary_search_p16384,1316941.0,1318023.0,1324893.0,37097,1423,0,541400,541400,19,0,131072,1423,131072,1423,541404,8,8,false
39,1pct,parquet_boundary_search,1626594.0,1628056.0,1629769.0,37097,1423,0,572485,572485,259,0,131072,1423,131072,1423,572489,128,128,false
39,1pct,parquet_row_filter,1605973.0,1608287.0,1610651.0,37097,1423,0,572485,572485,259,0,131072,1423,131072,1423,572489,0,0,false
39,1pct,parquet_page_index_filter,1620005.0,1628467.0,1632262.0,37097,1423,0,572485,572485,259,0,131072,1423,131072,1423,572489,128,128,false
39,10pct,generated_selective,969015.0,969921.5,971994.5,337926,13142,210629,301814,301814,1012,1,131072,13142,131094,17734,303214,0,0,false
39,10pct,generated_fused,1339474.0,1349069.0,1362830.0,337926,13142,295672,303214,303214,2,1,131072,131072,131094,131073,303214,0,0,false
39,10pct,generated_direct_selective,934949.0,935079.5,935475.0,337926,13142,210565,295112,295112,1028,0,131072,13142,131094,17734,315712,0,0,false
39,10pct,generated_scan_selective,1877540.0,1882136.0,1882588.0,337926,13142,230629,301814,301814,1012,1,131072,13142,262144,17734,303214,0,0,false
39,10pct,parquet_full,1283811.0,1284322.0,1284782.0,337926,13142,0,572485,572485,259,0,131072,13142,131072,13142,572489,0,0,false
39,10pct,parquet_boundary_search_p4096,1477391.0,1479665.0,1479835.0,337926,13142,0,535426,535426,67,0,131072,13142,131072,13142,535430,32,32,false
39,10pct,parquet_boundary_search_p16384,1335498.0,1335739.0,1338633.0,337926,13142,0,541400,541400,19,0,131072,13142,131072,13142,541404,8,8,false
39,10pct,parquet_boundary_search,1654697.0,1657941.0,1660155.0,337926,13142,0,572485,572485,259,0,131072,13142,131072,13142,572489,128,128,false
39,10pct,parquet_row_filter,1608708.0,1610970.0,1618292.0,337926,13142,0,572485,572485,259,0,131072,13142,131072,13142,572489,0,0,false
39,10pct,parquet_page_index_filter,1656770.0,1658072.0,1660925.0,337926,13142,0,572485,572485,259,0,131072,13142,131072,13142,572489,128,128,false
39,50pct,generated_selective,1664911.0,1666074.0,1667506.0,1679730,65587,253940,303158,303158,1028,1,131072,65587,131095,75398,303214,0,0,false
39,50pct,generated_fused,1554186.0,1556309.0,1558292.0,1679730,65587,295680,303214,303214,2,1,131072,131072,131095,131073,303214,0,0,false
39,50pct,generated_direct_selective,1644141.0,1646193.0,1651121.0,1679730,65587,253876,296456,296456,1044,0,131072,65587,131095,75398,315712,0,0,false
39,50pct,generated_scan_selective,2604197.0,2608063.0,2608544.0,1679730,65587,273932,303158,303158,1028,1,131072,65587,262144,75398,303214,0,0,false
39,50pct,parquet_full,1399254.0,1399855.0,1405493.0,1679730,65587,0,572485,572485,259,0,131072,65587,131072,65587,572489,0,0,false
39,50pct,parquet_boundary_search_p4096,1818281.0,1822888.0,1823179.0,1679730,65587,0,535426,535426,67,0,131072,65587,131072,65587,535430,32,32,false
39,50pct,parquet_boundary_search_p16384,1688948.0,1693794.0,1697991.0,1679730,65587,0,541400,541400,19,0,131072,65587,131072,65587,541404,8,8,false
39,50pct,parquet_boundary_search,2022346.0,2023729.0,2024550.0,1679730,65587,0,572485,572485,259,0,131072,65587,131072,65587,572489,128,128,false
39,50pct,parquet_row_filter,1920604.0,1923488.0,1927505.0,1679730,65587,0,572485,572485,259,0,131072,65587,131072,65587,572489,0,0,false
39,50pct,parquet_page_index_filter,2012272.0,2014355.0,2015646.0,1679730,65587,0,572485,572485,259,0,131072,65587,131072,65587,572489,128,128,false
