group,source,column,query,plan,rows,metadata_bytes,candidate_rows,candidate_fraction,modeled_bytes,false_positive_blocks,matches,p25_ns,median_ns,p75_ns
clickbench,hits,c1_CounterID_x1,eq_rare,scan,131072,0,131072,1.00000000,1048576,127,6,178967.0,178988.0,179719.0
clickbench,hits,c1_CounterID_x1,eq_rare,minmax,131072,2048,1024,0.00781250,10240,0,6,1532.0,1532.0,1563.0
clickbench,hits,c1_CounterID_x1,eq_rare,bloom,131072,180224,1024,0.00781250,188416,0,6,1983.0,1983.0,1993.0
clickbench,hits,c1_CounterID_x1,eq_rare,minmax_bloom,131072,182272,1024,0.00781250,190464,0,6,2113.0,2113.0,2143.0
clickbench,hits,c1_CounterID_x1,eq_rare,sparse_fence,131072,174768,24,0.00018311,174960,0,6,261.0,321.0,420.0
clickbench,hits,c1_CounterID_x1,eq_frequent,scan,131072,0,131072,1.00000000,1048576,0,131057,179408.0,179459.0,179499.0
clickbench,hits,c1_CounterID_x1,eq_frequent,minmax,131072,2048,131072,1.00000000,1050624,0,131057,179969.0,179979.0,180390.0
clickbench,hits,c1_CounterID_x1,eq_frequent,bloom,131072,180224,131072,1.00000000,1228800,0,131057,183185.0,183314.0,183445.0
clickbench,hits,c1_CounterID_x1,eq_frequent,minmax_bloom,131072,182272,131072,1.00000000,1230848,0,131057,184316.0,184426.0,184506.0
clickbench,hits,c1_CounterID_x1,eq_frequent,sparse_fence,131072,174768,131060,0.99990845,1223248,0,131057,294982.0,296063.0,298977.0
clickbench,hits,c1_CounterID_x1,eq_absent,scan,131072,0,131072,1.00000000,1048576,128,0,178928.0,178938.0,179048.0
clickbench,hits,c1_CounterID_x1,eq_absent,minmax,131072,2048,1024,0.00781250,10240,1,0,1522.0,1522.0,1523.0
clickbench,hits,c1_CounterID_x1,eq_absent,bloom,131072,180224,0,0.00000000,180224,0,0,551.0,561.0,561.0
clickbench,hits,c1_CounterID_x1,eq_absent,minmax_bloom,131072,182272,0,0.00000000,182272,0,0,671.0,671.0,681.0
clickbench,hits,c1_CounterID_x1,eq_absent,sparse_fence,131072,174768,12,0.00009155,174864,1,0,130.0,130.0,141.0
clickbench,hits,c1_CounterID_x1,in_mixed,scan,131072,0,131072,1.00000000,1048576,0,131063,285788.0,285917.0,289954.0
clickbench,hits,c1_CounterID_x1,in_mixed,minmax,131072,2048,131072,1.00000000,1050624,0,131063,286519.0,286699.0,290334.0
clickbench,hits,c1_CounterID_x1,in_mixed,bloom,131072,180224,131072,1.00000000,1228800,0,131063,290395.0,291046.0,294310.0
clickbench,hits,c1_CounterID_x1,in_mixed,minmax_bloom,131072,182272,131072,1.00000000,1230848,0,131063,291997.0,292187.0,293279.0
clickbench,hits,c1_CounterID_x1,in_mixed,sparse_fence,131072,174768,131072,1.00000000,1223344,0,131063,401461.0,401531.0,405527.0
clickbench,hits,c2_RegionID_x1,eq_rare,scan,131072,0,131072,1.00000000,1048576,127,1,178848.0,178868.0,178988.0
clickbench,hits,c2_RegionID_x1,eq_rare,minmax,131072,2048,131072,1.00000000,1050624,127,1,179448.0,179578.0,179899.0
clickbench,hits,c2_RegionID_x1,eq_rare,bloom,131072,180224,1024,0.00781250,188416,0,1,1993.0,1993.0,1993.0
clickbench,hits,c2_RegionID_x1,eq_rare,minmax_bloom,131072,182272,1024,0.00781250,190464,0,1,2344.0,2363.0,2404.0
clickbench,hits,c2_RegionID_x1,eq_frequent,scan,131072,0,131072,1.00000000,1048576,0,60255,201412.0,204546.0,207350.0
clickbench,hits,c2_RegionID_x1,eq_frequent,minmax,131072,2048,131072,1.00000000,1050624,0,60255,201421.0,202533.0,205498.0
clickbench,hits,c2_RegionID_x1,eq_frequent,bloom,131072,180224,131072,1.00000000,1228800,0,60255,204375.0,204546.0,206378.0
clickbench,hits,c2_RegionID_x1,eq_frequent,minmax_bloom,131072,182272,131072,1.00000000,1230848,0,60255,205828.0,207711.0,209363.0
clickbench,hits,c2_RegionID_x1,eq_absent,scan,131072,0,131072,1.00000000,1048576,128,0,178928.0,178937.0,179018.0
clickbench,hits,c2_RegionID_x1,eq_absent,minmax,131072,2048,131072,1.00000000,1050624,128,0,179529.0,179619.0,179719.0
clickbench,hits,c2_RegionID_x1,eq_absent,bloom,131072,180224,0,0.00000000,180224,0,0,551.0,561.0,581.0
clickbench,hits,c2_RegionID_x1,eq_absent,minmax_bloom,131072,182272,0,0.00000000,182272,0,0,892.0,912.0,931.0
clickbench,hits,c2_RegionID_x1,in_mixed,scan,131072,0,131072,1.00000000,1048576,0,60256,255863.0,256173.0,260190.0
clickbench,hits,c2_RegionID_x1,in_mixed,minmax,131072,2048,131072,1.00000000,1050624,0,60256,256473.0,256614.0,260119.0
clickbench,hits,c2_RegionID_x1,in_mixed,bloom,131072,180224,131072,1.00000000,1228800,0,60256,260239.0,260520.0,264095.0
clickbench,hits,c2_RegionID_x1,in_mixed,minmax_bloom,131072,182272,131072,1.00000000,1230848,0,60256,260941.0,261352.0,265027.0
clickbench,hits,c3_ResolutionWidth_x1,eq_rare,scan,131072,0,131072,1.00000000,1048576,127,1,178818.0,178847.0,178908.0
clickbench,hits,c3_ResolutionWidth_x1,eq_rare,minmax,131072,2048,131072,1.00000000,1050624,127,1,179379.0,179468.0,179619.0
clickbench,hits,c3_ResolutionWidth_x1,eq_rare,bloom,131072,180224,1024,0.00781250,188416,0,1,2003.0,2003.0,2013.0
clickbench,hits,c3_ResolutionWidth_x1,eq_rare,minmax_bloom,131072,182272,1024,0.00781250,190464,0,1,2353.0,2373.0,2403.0
clickbench,hits,c3_ResolutionWidth_x1,eq_frequent,scan,131072,0,131072,1.00000000,1048576,0,40060,197185.0,200730.0,204776.0
clickbench,hits,c3_ResolutionWidth_x1,eq_frequent,minmax,131072,2048,131072,1.00000000,1050624,0,40060,197165.0,197966.0,198938.0
clickbench,hits,c3_ResolutionWidth_x1,eq_frequent,bloom,131072,180224,131072,1.00000000,1228800,0,40060,199749.0,199919.0,201211.0
clickbench,hits,c3_ResolutionWidth_x1,eq_frequent,minmax_bloom,131072,182272,131072,1.00000000,1230848,0,40060,200930.0,201642.0,205818.0
clickbench,hits,c3_ResolutionWidth_x1,eq_absent,scan,131072,0,131072,1.00000000,1048576,128,0,178778.0,178888.0,179158.0
clickbench,hits,c3_ResolutionWidth_x1,eq_absent,minmax,131072,2048,38912,0.29687500,313344,38,0,53210.0,53220.0,53350.0
clickbench,hits,c3_ResolutionWidth_x1,eq_absent,bloom,131072,180224,0,0.00000000,180224,0,0,551.0,561.0,561.0
clickbench,hits,c3_ResolutionWidth_x1,eq_absent,minmax_bloom,131072,182272,0,0.00000000,182272,0,0,781.0,791.0,831.0
clickbench,hits,c3_ResolutionWidth_x1,in_mixed,scan,131072,0,131072,1.00000000,1048576,0,40061,257776.0,258086.0,261982.0
clickbench,hits,c3_ResolutionWidth_x1,in_mixed,minmax,131072,2048,131072,1.00000000,1050624,0,40061,258277.0,258547.0,261842.0
clickbench,hits,c3_ResolutionWidth_x1,in_mixed,bloom,131072,180224,131072,1.00000000,1228800,0,40061,262352.0,262603.0,266068.0
clickbench,hits,c3_ResolutionWidth_x1,in_mixed,minmax_bloom,131072,182272,131072,1.00000000,1230848,0,40061,264155.0,265468.0,267160.0
clickbench,hits,c4_ResolutionHeight_x1,eq_rare,scan,131072,0,131072,1.00000000,1048576,127,1,178928.0,178978.0,179108.0
clickbench,hits,c4_ResolutionHeight_x1,eq_rare,minmax,131072,2048,131072,1.00000000,1050624,127,1,179519.0,179619.0,179939.0
clickbench,hits,c4_ResolutionHeight_x1,eq_rare,bloom,131072,180224,1024,0.00781250,188416,0,1,1993.0,2003.0,2013.0
clickbench,hits,c4_ResolutionHeight_x1,eq_rare,minmax_bloom,131072,182272,1024,0.00781250,190464,0,1,2373.0,2374.0,2414.0
clickbench,hits,c4_ResolutionHeight_x1,eq_frequent,scan,131072,0,131072,1.00000000,1048576,0,35181,196174.0,196574.0,199759.0
clickbench,hits,c4_ResolutionHeight_x1,eq_frequent,minmax,131072,2048,131072,1.00000000,1050624,0,35181,196324.0,196644.0,201953.0
clickbench,hits,c4_ResolutionHeight_x1,eq_frequent,bloom,131072,180224,131072,1.00000000,1228800,0,35181,199699.0,202623.0,211456.0
clickbench,hits,c4_ResolutionHeight_x1,eq_frequent,minmax_bloom,131072,182272,131072,1.00000000,1230848,0,35181,203184.0,203765.0,208502.0
clickbench,hits,c4_ResolutionHeight_x1,eq_absent,scan,131072,0,131072,1.00000000,1048576,128,0,180921.0,181121.0,181962.0
clickbench,hits,c4_ResolutionHeight_x1,eq_absent,minmax,131072,2048,38912,0.29687500,313344,38,0,53269.0,53320.0,53400.0
clickbench,hits,c4_ResolutionHeight_x1,eq_absent,bloom,131072,180224,0,0.00000000,180224,0,0,571.0,571.0,591.0
clickbench,hits,c4_ResolutionHeight_x1,eq_absent,minmax_bloom,131072,182272,0,0.00000000,182272,0,0,821.0,822.0,861.0
clickbench,hits,c4_ResolutionHeight_x1,in_mixed,scan,131072,0,131072,1.00000000,1048576,0,35182,247130.0,248512.0,250314.0
clickbench,hits,c4_ResolutionHeight_x1,in_mixed,minmax,131072,2048,131072,1.00000000,1050624,0,35182,247761.0,248492.0,250946.0
clickbench,hits,c4_ResolutionHeight_x1,in_mixed,bloom,131072,180224,131072,1.00000000,1228800,0,35182,251497.0,251666.0,256224.0
clickbench,hits,c4_ResolutionHeight_x1,in_mixed,minmax_bloom,131072,182272,131072,1.00000000,1230848,0,35182,253009.0,253530.0,257806.0
clickbench,hits,c5_WindowClientWidth_x1,eq_rare,scan,131072,0,131072,1.00000000,1048576,127,1,180611.0,180700.0,180740.0
clickbench,hits,c5_WindowClientWidth_x1,eq_rare,minmax,131072,2048,104448,0.79687500,837632,101,1,144025.0,144846.0,145328.0
clickbench,hits,c5_WindowClientWidth_x1,eq_rare,bloom,131072,180224,1024,0.00781250,188416,0,1,1983.0,1983.0,1993.0
clickbench,hits,c5_WindowClientWidth_x1,eq_rare,minmax_bloom,131072,182272,1024,0.00781250,190464,0,1,2364.0,2393.0,2403.0
clickbench,hits,c5_WindowClientWidth_x1,eq_frequent,scan,131072,0,131072,1.00000000,1048576,0,13194,191727.0,192348.0,195703.0
clickbench,hits,c5_WindowClientWidth_x1,eq_frequent,minmax,131072,2048,131072,1.00000000,1050624,0,13194,192558.0,192719.0,192898.0
clickbench,hits,c5_WindowClientWidth_x1,eq_frequent,bloom,131072,180224,131072,1.00000000,1228800,0,13194,194961.0,195272.0,198137.0
clickbench,hits,c5_WindowClientWidth_x1,eq_frequent,minmax_bloom,131072,182272,131072,1.00000000,1230848,0,13194,196194.0,197196.0,198988.0
clickbench,hits,c5_WindowClientWidth_x1,eq_absent,scan,131072,0,131072,1.00000000,1048576,128,0,180500.0,180601.0,181612.0
clickbench,hits,c5_WindowClientWidth_x1,eq_absent,minmax,131072,2048,64512,0.49218750,518144,63,0,89244.0,89333.0,89434.0
clickbench,hits,c5_WindowClientWidth_x1,eq_absent,bloom,131072,180224,0,0.00000000,180224,0,0,561.0,561.0,571.0
clickbench,hits,c5_WindowClientWidth_x1,eq_absent,minmax_bloom,131072,182272,0,0.00000000,182272,0,0,791.0,821.0,871.0
clickbench,hits,c5_WindowClientWidth_x1,in_mixed,scan,131072,0,131072,1.00000000,1048576,0,13195,236664.0,237956.0,241481.0
clickbench,hits,c5_WindowClientWidth_x1,in_mixed,minmax,131072,2048,131072,1.00000000,1050624,0,13195,237325.0,238638.0,242463.0
clickbench,hits,c5_WindowClientWidth_x1,in_mixed,bloom,131072,180224,131072,1.00000000,1228800,0,13195,241371.0,241762.0,246690.0
clickbench,hits,c5_WindowClientWidth_x1,in_mixed,minmax_bloom,131072,182272,131072,1.00000000,1230848,0,13195,243194.0,243625.0,246869.0
clickbench,hits,c6_CodeVersion_x1,eq_rare,scan,131072,0,131072,1.00000000,1048576,91,258,181672.0,182363.0,183885.0
clickbench,hits,c6_CodeVersion_x1,eq_rare,minmax,131072,2048,37888,0.28906250,305152,0,258,52859.0,52959.0,53540.0
clickbench,hits,c6_CodeVersion_x1,eq_rare,bloom,131072,180224,37888,0.28906250,483328,0,258,53830.0,53860.0,53941.0
clickbench,hits,c6_CodeVersion_x1,eq_rare,minmax_bloom,131072,182272,37888,0.28906250,485376,0,258,54362.0,54381.0,54521.0
clickbench,hits,c6_CodeVersion_x1,eq_frequent,scan,131072,0,131072,1.00000000,1048576,0,130814,182844.0,183014.0,183024.0
clickbench,hits,c6_CodeVersion_x1,eq_frequent,minmax,131072,2048,131072,1.00000000,1050624,0,130814,183455.0,183635.0,183875.0
clickbench,hits,c6_CodeVersion_x1,eq_frequent,bloom,131072,180224,131072,1.00000000,1228800,0,130814,185758.0,186689.0,187190.0
clickbench,hits,c6_CodeVersion_x1,eq_frequent,minmax_bloom,131072,182272,131072,1.00000000,1230848,0,130814,187931.0,188122.0,188422.0
clickbench,hits,c6_CodeVersion_x1,eq_absent,scan,131072,0,131072,1.00000000,1048576,128,0,180941.0,181051.0,181151.0
clickbench,hits,c6_CodeVersion_x1,eq_absent,minmax,131072,2048,37888,0.28906250,305152,37,0,51878.0,51947.0,52057.0
clickbench,hits,c6_CodeVersion_x1,eq_absent,bloom,131072,180224,0,0.00000000,180224,0,0,561.0,561.0,561.0
clickbench,hits,c6_CodeVersion_x1,eq_absent,minmax_bloom,131072,182272,0,0.00000000,182272,0,0,791.0,791.0,921.0
clickbench,hits,c6_CodeVersion_x1,in_mixed,scan,131072,0,131072,1.00000000,1048576,0,131072,288822.0,288863.0,290054.0
clickbench,hits,c6_CodeVersion_x1,in_mixed,minmax,131072,2048,131072,1.00000000,1050624,0,131072,289383.0,289754.0,290214.0
clickbench,hits,c6_CodeVersion_x1,in_mixed,bloom,131072,180224,131072,1.00000000,1228800,0,131072,293529.0,294000.0,297796.0
clickbench,hits,c6_CodeVersion_x1,in_mixed,minmax_bloom,131072,182272,131072,1.00000000,1230848,0,131072,294741.0,295301.0,299458.0
clickbench,hits,c7_SearchEngineID_x1,eq_rare,scan,131072,0,131072,1.00000000,1048576,127,2,180591.0,180780.0,180871.0
clickbench,hits,c7_SearchEngineID_x1,eq_rare,minmax,131072,2048,45056,0.34375000,362496,43,2,62654.0,62753.0,65438.0
clickbench,hits,c7_SearchEngineID_x1,eq_rare,bloom,131072,180224,1024,0.00781250,188416,0,2,1983.0,1993.0,2003.0
clickbench,hits,c7_SearchEngineID_x1,eq_rare,minmax_bloom,131072,182272,1024,0.00781250,190464,0,2,2294.0,2303.0,2314.0
clickbench,hits,c7_SearchEngineID_x1,eq_frequent,scan,131072,0,131072,1.00000000,1048576,0,112007,245217.0,248852.0,251987.0
clickbench,hits,c7_SearchEngineID_x1,eq_frequent,minmax,131072,2048,131072,1.00000000,1050624,0,112007,244586.0,245488.0,248522.0
clickbench,hits,c7_SearchEngineID_x1,eq_frequent,bloom,131072,180224,131072,1.00000000,1228800,0,112007,248823.0,251776.0,255542.0
clickbench,hits,c7_SearchEngineID_x1,eq_frequent,minmax_bloom,131072,182272,131072,1.00000000,1230848,0,112007,249133.0,250115.0,253850.0
clickbench,hits,c7_SearchEngineID_x1,eq_absent,scan,131072,0,131072,1.00000000,1048576,128,0,180931.0,181622.0,182984.0
clickbench,hits,c7_SearchEngineID_x1,eq_absent,minmax,131072,2048,131072,1.00000000,1050624,128,0,181232.0,181732.0,183264.0
clickbench,hits,c7_SearchEngineID_x1,eq_absent,bloom,131072,180224,0,0.00000000,180224,0,0,561.0,561.0,561.0
clickbench,hits,c7_SearchEngineID_x1,eq_absent,minmax_bloom,131072,182272,0,0.00000000,182272,0,0,851.0,871.0,881.0
clickbench,hits,c7_SearchEngineID_x1,in_mixed,scan,131072,0,131072,1.00000000,1048576,0,112009,256013.0,257546.0,261151.0
clickbench,hits,c7_SearchEngineID_x1,in_mixed,minmax,131072,2048,131072,1.00000000,1050624,0,112009,257034.0,258848.0,262743.0
clickbench,hits,c7_SearchEngineID_x1,in_mixed,bloom,131072,180224,131072,1.00000000,1228800,0,112009,260570.0,261862.0,264056.0
clickbench,hits,c7_SearchEngineID_x1,in_mixed,minmax_bloom,131072,182272,131072,1.00000000,1230848,0,112009,261492.0,264175.0,266439.0
clickbench,hits,c8_SendTiming_x1,eq_rare,scan,131072,0,131072,1.00000000,1048576,0,131072,181341.0,181402.0,182403.0
clickbench,hits,c8_SendTiming_x1,eq_rare,minmax,131072,2048,131072,1.00000000,1050624,0,131072,181592.0,182653.0,182974.0
clickbench,hits,c8_SendTiming_x1,eq_rare,bloom,131072,180224,131072,1.00000000,1228800,0,131072,185448.0,185868.0,186279.0
clickbench,hits,c8_SendTiming_x1,eq_rare,minmax_bloom,131072,182272,131072,1.00000000,1230848,0,131072,186209.0,186830.0,188142.0
clickbench,hits,c8_SendTiming_x1,eq_rare,sparse_fence,131072,174768,131072,1.00000000,1223344,0,131072,296894.0,298036.0,300269.0
clickbench,hits,c8_SendTiming_x1,eq_frequent,scan,131072,0,131072,1.00000000,1048576,0,131072,181271.0,182093.0,182413.0
clickbench,hits,c8_SendTiming_x1,eq_frequent,minmax,131072,2048,131072,1.00000000,1050624,0,131072,182073.0,182673.0,183224.0
clickbench,hits,c8_SendTiming_x1,eq_frequent,bloom,131072,180224,131072,1.00000000,1228800,0,131072,185047.0,185408.0,186750.0
clickbench,hits,c8_SendTiming_x1,eq_frequent,minmax_bloom,131072,182272,131072,1.00000000,1230848,0,131072,186559.0,187000.0,187301.0
clickbench,hits,c8_SendTiming_x1,eq_frequent,sparse_fence,131072,174768,131072,1.00000000,1223344,0,131072,296094.0,296844.0,300640.0
clickbench,hits,c8_SendTiming_x1,eq_absent,scan,131072,0,131072,1.00000000,1048576,128,0,180830.0,180930.0,181772.0
clickbench,hits,c8_SendTiming_x1,eq_absent,minmax,131072,2048,0,0.00000000,2048,0,0,160.0,160.0,170.0
clickbench,hits,c8_SendTiming_x1,eq_absent,bloom,131072,180224,0,0.00000000,180224,0,0,551.0,561.0,561.0
clickbench,hits,c8_SendTiming_x1,eq_absent,minmax_bloom,131072,182272,0,0.00000000,182272,0,0,661.0,671.0,671.0
clickbench,hits,c8_SendTiming_x1,eq_absent,sparse_fence,131072,174768,8,0.00006104,174832,1,0,130.0,130.0,131.0
clickbench,hits,c8_SendTiming_x1,in_mixed,scan,131072,0,131072,1.00000000,1048576,0,131072,181061.0,181301.0,182223.0
clickbench,hits,c8_SendTiming_x1,in_mixed,minmax,131072,2048,131072,1.00000000,1050624,0,131072,181792.0,182433.0,183144.0
clickbench,hits,c8_SendTiming_x1,in_mixed,bloom,131072,180224,131072,1.00000000,1228800,0,131072,185288.0,185457.0,185488.0
clickbench,hits,c8_SendTiming_x1,in_mixed,minmax_bloom,131072,182272,131072,1.00000000,1230848,0,131072,185848.0,186959.0,187351.0
clickbench,hits,c8_SendTiming_x1,in_mixed,sparse_fence,131072,174768,131072,1.00000000,1223344,0,131072,299368.0,300069.0,305677.0
clickbench,hits,timestamp,eq_rare,scan,131072,0,131072,1.00000000,1048576,127,1,178908.0,179008.0,179538.0
clickbench,hits,timestamp,eq_rare,minmax,131072,2048,5120,0.03906250,43008,4,1,7141.0,7151.0,7221.0
clickbench,hits,timestamp,eq_rare,bloom,131072,180224,1024,0.00781250,188416,0,1,2163.0,2163.0,2174.0
clickbench,hits,timestamp,eq_rare,minmax_bloom,131072,182272,1024,0.00781250,190464,0,1,2323.0,2333.0,2353.0
clickbench,hits,timestamp,eq_frequent,scan,131072,0,131072,1.00000000,1048576,122,15,179078.0,179118.0,179189.0
clickbench,hits,timestamp,eq_frequent,minmax,131072,2048,131072,1.00000000,1050624,122,15,179669.0,179779.0,179899.0
clickbench,hits,timestamp,eq_frequent,bloom,131072,180224,6144,0.04687500,229376,0,15,9234.0,9253.0,9284.0
clickbench,hits,timestamp,eq_frequent,minmax_bloom,131072,182272,6144,0.04687500,231424,0,15,9665.0,9675.0,9694.0
clickbench,hits,timestamp,eq_absent,scan,131072,0,131072,1.00000000,1048576,128,0,178828.0,178888.0,178917.0
clickbench,hits,timestamp,eq_absent,minmax,131072,2048,1024,0.00781250,10240,1,0,1552.0,1552.0,1553.0
clickbench,hits,timestamp,eq_absent,bloom,131072,180224,0,0.00000000,180224,0,0,651.0,661.0,661.0
clickbench,hits,timestamp,eq_absent,minmax_bloom,131072,182272,0,0.00000000,182272,0,0,771.0,781.0,781.0
clickbench,hits,timestamp,in_mixed,scan,131072,0,131072,1.00000000,1048576,121,16,214591.0,214622.0,214702.0
clickbench,hits,timestamp,in_mixed,minmax,131072,2048,131072,1.00000000,1050624,121,16,215312.0,215482.0,215573.0
clickbench,hits,timestamp,in_mixed,bloom,131072,180224,7168,0.05468750,237568,0,16,13911.0,13911.0,13951.0
clickbench,hits,timestamp,in_mixed,minmax_bloom,131072,182272,7168,0.05468750,239616,0,16,14452.0,14472.0,14612.0
household,uci_household_power,global_active_power_x1000,eq_rare,scan,131072,0,131072,1.00000000,1048576,127,1,214371.0,214421.0,214572.0
household,uci_household_power,global_active_power_x1000,eq_rare,minmax,131072,2048,110592,0.84375000,886784,107,1,181472.0,181522.0,181972.0
household,uci_household_power,global_active_power_x1000,eq_rare,bloom,131072,180224,1024,0.00781250,188416,0,1,2494.0,2503.0,2504.0
household,uci_household_power,global_active_power_x1000,eq_rare,minmax_bloom,131072,182272,1024,0.00781250,190464,0,1,2914.0,2934.0,2975.0
household,uci_household_power,global_active_power_x1000,eq_frequent,scan,131072,0,131072,1.00000000,1048576,65,1523,217596.0,217987.0,221302.0
household,uci_household_power,global_active_power_x1000,eq_frequent,minmax,131072,2048,73728,0.56250000,591872,9,1523,124276.0,124406.0,124777.0
household,uci_household_power,global_active_power_x1000,eq_frequent,bloom,131072,180224,64512,0.49218750,696320,0,1523,110886.0,110996.0,111557.0
household,uci_household_power,global_active_power_x1000,eq_frequent,minmax_bloom,131072,182272,64512,0.49218750,698368,0,1523,111818.0,111928.0,113120.0
household,uci_household_power,global_active_power_x1000,eq_absent,scan,131072,0,131072,1.00000000,1048576,128,0,214251.0,214301.0,214441.0
household,uci_household_power,global_active_power_x1000,eq_absent,minmax,131072,2048,2048,0.01562500,18432,2,0,3475.0,3485.0,3495.0
household,uci_household_power,global_active_power_x1000,eq_absent,bloom,131072,180224,0,0.00000000,180224,0,0,731.0,731.0,731.0
household,uci_household_power,global_active_power_x1000,eq_absent,minmax_bloom,131072,182272,0,0.00000000,182272,0,0,861.0,871.0,872.0
household,uci_household_power,global_active_power_x1000,in_mixed,scan,131072,0,131072,1.00000000,1048576,64,1524,221942.0,223094.0,229083.0
household,uci_household_power,global_active_power_x1000,in_mixed,minmax,131072,2048,126976,0.96875000,1017856,60,1524,216775.0,217165.0,219579.0
household,uci_household_power,global_active_power_x1000,in_mixed,bloom,131072,180224,65536,0.50000000,704512,0,1524,117365.0,118287.0,118427.0
household,uci_household_power,global_active_power_x1000,in_mixed,minmax_bloom,131072,182272,65536,0.50000000,706560,0,1524,119258.0,119388.0,120220.0
household,uci_household_power,global_intensity_x10,eq_rare,scan,131072,0,131072,1.00000000,1048576,127,1,181161.0,182052.0,183054.0
household,uci_household_power,global_intensity_x10,eq_rare,minmax,131072,2048,13312,0.10156250,108544,12,1,18348.0,18368.0,18498.0
household,uci_household_power,global_intensity_x10,eq_rare,bloom,131072,180224,1024,0.00781250,188416,0,1,2003.0,2003.0,2013.0
household,uci_household_power,global_intensity_x10,eq_rare,minmax_bloom,131072,182272,1024,0.00781250,190464,0,1,2243.0,2263.0,2274.0
household,uci_household_power,global_intensity_x10,eq_frequent,scan,131072,0,131072,1.00000000,1048576,5,11850,197986.0,200350.0,204366.0
household,uci_household_power,global_intensity_x10,eq_frequent,minmax,131072,2048,128000,0.97656250,1026048,2,11850,193790.0,196023.0,199258.0
household,uci_household_power,global_intensity_x10,eq_frequent,bloom,131072,180224,125952,0.96093750,1187840,0,11850,194391.0,195582.0,201652.0
household,uci_household_power,global_intensity_x10,eq_frequent,minmax_bloom,131072,182272,125952,0.96093750,1189888,0,11850,194991.0,195984.0,199488.0
household,uci_household_power,global_intensity_x10,eq_absent,scan,131072,0,131072,1.00000000,1048576,128,0,181922.0,182033.0,182903.0
household,uci_household_power,global_intensity_x10,eq_absent,minmax,131072,2048,60416,0.46093750,485376,59,0,84176.0,84888.0,85387.0
household,uci_household_power,global_intensity_x10,eq_absent,bloom,131072,180224,0,0.00000000,180224,0,0,560.0,561.0,561.0
household,uci_household_power,global_intensity_x10,eq_absent,minmax_bloom,131072,182272,0,0.00000000,182272,0,0,802.0,821.0,832.0
household,uci_household_power,global_intensity_x10,in_mixed,scan,131072,0,131072,1.00000000,1048576,5,11851,249063.0,249754.0,255593.0
household,uci_household_power,global_intensity_x10,in_mixed,minmax,131072,2048,128000,0.97656250,1026048,2,11851,244005.0,245698.0,249604.0
household,uci_household_power,global_intensity_x10,in_mixed,bloom,131072,180224,125952,0.96093750,1187840,0,11851,269032.0,270935.0,276855.0
household,uci_household_power,global_intensity_x10,in_mixed,minmax_bloom,131072,182272,125952,0.96093750,1189888,0,11851,270264.0,272138.0,275782.0
household,uci_household_power,global_reactive_power_x1000,eq_rare,scan,131072,0,131072,1.00000000,1048576,127,1,181001.0,181742.0,181832.0
household,uci_household_power,global_reactive_power_x1000,eq_rare,minmax,131072,2048,31744,0.24218750,256000,30,1,43515.0,43616.0,43726.0
household,uci_household_power,global_reactive_power_x1000,eq_rare,bloom,131072,180224,1024,0.00781250,188416,0,1,1983.0,1993.0,2003.0
household,uci_household_power,global_reactive_power_x1000,eq_rare,minmax_bloom,131072,182272,1024,0.00781250,190464,0,1,2293.0,2343.0,2404.0
household,uci_household_power,global_reactive_power_x1000,eq_frequent,scan,131072,0,131072,1.00000000,1048576,0,37714,228492.0,229704.0,235663.0
household,uci_household_power,global_reactive_power_x1000,eq_frequent,minmax,131072,2048,131072,1.00000000,1050624,0,37714,228822.0,230715.0,232818.0
household,uci_household_power,global_reactive_power_x1000,eq_frequent,bloom,131072,180224,131072,1.00000000,1228800,0,37714,230916.0,231717.0,236664.0
household,uci_household_power,global_reactive_power_x1000,eq_frequent,minmax_bloom,131072,182272,131072,1.00000000,1230848,0,37714,231126.0,231867.0,236744.0
household,uci_household_power,global_reactive_power_x1000,eq_absent,scan,131072,0,131072,1.00000000,1048576,128,0,181572.0,181632.0,181872.0
household,uci_household_power,global_reactive_power_x1000,eq_absent,minmax,131072,2048,131072,1.00000000,1050624,128,0,181221.0,181422.0,182032.0
household,uci_household_power,global_reactive_power_x1000,eq_absent,bloom,131072,180224,0,0.00000000,180224,0,0,560.0,561.0,571.0
household,uci_household_power,global_reactive_power_x1000,eq_absent,minmax_bloom,131072,182272,0,0.00000000,182272,0,0,841.0,952.0,1041.0
household,uci_household_power,global_reactive_power_x1000,in_mixed,scan,131072,0,131072,1.00000000,1048576,0,37715,255362.0,255833.0,258997.0
household,uci_household_power,global_reactive_power_x1000,in_mixed,minmax,131072,2048,131072,1.00000000,1050624,0,37715,256314.0,256764.0,260741.0
household,uci_household_power,global_reactive_power_x1000,in_mixed,bloom,131072,180224,131072,1.00000000,1228800,0,37715,260149.0,261061.0,262834.0
household,uci_household_power,global_reactive_power_x1000,in_mixed,minmax_bloom,131072,182272,131072,1.00000000,1230848,0,37715,260610.0,261551.0,265137.0
household,uci_household_power,sub_metering_1_x1,eq_rare,scan,131072,0,131072,1.00000000,1048576,127,1,216284.0,216364.0,217415.0
household,uci_household_power,sub_metering_1_x1,eq_rare,minmax,131072,2048,3072,0.02343750,26624,2,1,5207.0,5208.0,5218.0
household,uci_household_power,sub_metering_1_x1,eq_rare,bloom,131072,180224,1024,0.00781250,188416,0,1,2273.0,2274.0,2283.0
household,uci_household_power,sub_metering_1_x1,eq_rare,minmax_bloom,131072,182272,1024,0.00781250,190464,0,1,2404.0,2414.0,2414.0
household,uci_household_power,sub_metering_1_x1,eq_frequent,scan,131072,0,131072,1.00000000,1048576,0,120558,187741.0,187872.0,188843.0
household,uci_household_power,sub_metering_1_x1,eq_frequent,minmax,131072,2048,131072,1.00000000,1050624,0,120558,188332.0,188793.0,189594.0
household,uci_household_power,sub_metering_1_x1,eq_frequent,bloom,131072,180224,131072,1.00000000,1228800,0,120558,191367.0,192418.0,192728.0
household,uci_household_power,sub_metering_1_x1,eq_frequent,minmax_bloom,131072,182272,131072,1.00000000,1230848,0,120558,192738.0,193139.0,197005.0
household,uci_household_power,sub_metering_1_x1,eq_absent,scan,131072,0,131072,1.00000000,1048576,128,0,216324.0,217035.0,219348.0
household,uci_household_power,sub_metering_1_x1,eq_absent,minmax,131072,2048,4096,0.03125000,34816,4,0,6810.0,6820.0,6821.0
household,uci_household_power,sub_metering_1_x1,eq_absent,bloom,131072,180224,0,0.00000000,180224,0,0,551.0,551.0,561.0
household,uci_household_power,sub_metering_1_x1,eq_absent,minmax_bloom,131072,182272,0,0.00000000,182272,0,0,671.0,671.0,671.0
household,uci_household_power,sub_metering_1_x1,in_mixed,scan,131072,0,131072,1.00000000,1048576,0,120559,191817.0,192508.0,197125.0
household,uci_household_power,sub_metering_1_x1,in_mixed,minmax,131072,2048,131072,1.00000000,1050624,0,120559,191767.0,192859.0,197576.0
household,uci_household_power,sub_metering_1_x1,in_mixed,bloom,131072,180224,131072,1.00000000,1228800,0,120559,194942.0,195372.0,196674.0
household,uci_household_power,sub_metering_1_x1,in_mixed,minmax_bloom,131072,182272,131072,1.00000000,1230848,0,120559,191988.0,197516.0,198898.0
household,uci_household_power,sub_metering_2_x1,eq_rare,scan,131072,0,131072,1.00000000,1048576,127,1,215313.0,216294.0,216464.0
household,uci_household_power,sub_metering_2_x1,eq_rare,minmax,131072,2048,31744,0.24218750,256000,30,1,52068.0,52118.0,52369.0
household,uci_household_power,sub_metering_2_x1,eq_rare,bloom,131072,180224,1024,0.00781250,188416,0,1,2274.0,2283.0,2293.0
household,uci_household_power,sub_metering_2_x1,eq_rare,minmax_bloom,131072,182272,1024,0.00781250,190464,0,1,2534.0,2534.0,2664.0
household,uci_household_power,sub_metering_2_x1,eq_frequent,scan,131072,0,131072,1.00000000,1048576,0,93817,211507.0,213980.0,217365.0
household,uci_household_power,sub_metering_2_x1,eq_frequent,minmax,131072,2048,131072,1.00000000,1050624,0,93817,209353.0,211807.0,216014.0
household,uci_household_power,sub_metering_2_x1,eq_frequent,bloom,131072,180224,131072,1.00000000,1228800,0,93817,211557.0,213279.0,214902.0
household,uci_household_power,sub_metering_2_x1,eq_frequent,minmax_bloom,131072,182272,131072,1.00000000,1230848,0,93817,212358.0,213750.0,216134.0
household,uci_household_power,sub_metering_2_x1,eq_absent,scan,131072,0,131072,1.00000000,1048576,128,0,215302.0,215372.0,216193.0
household,uci_household_power,sub_metering_2_x1,eq_absent,minmax,131072,2048,0,0.00000000,2048,0,0,130.0,140.0,141.0
household,uci_household_power,sub_metering_2_x1,eq_absent,bloom,131072,180224,0,0.00000000,180224,0,0,561.0,561.0,561.0
household,uci_household_power,sub_metering_2_x1,eq_absent,minmax_bloom,131072,182272,0,0.00000000,182272,0,0,661.0,671.0,671.0
household,uci_household_power,sub_metering_2_x1,in_mixed,scan,131072,0,131072,1.00000000,1048576,0,93818,209604.0,210786.0,215082.0
household,uci_household_power,sub_metering_2_x1,in_mixed,minmax,131072,2048,131072,1.00000000,1050624,0,93818,210185.0,214231.0,215242.0
household,uci_household_power,sub_metering_2_x1,in_mixed,bloom,131072,180224,131072,1.00000000,1228800,0,93818,212288.0,213450.0,218317.0
household,uci_household_power,sub_metering_2_x1,in_mixed,minmax_bloom,131072,182272,131072,1.00000000,1230848,0,93818,214291.0,215763.0,217786.0
household,uci_household_power,sub_metering_3_x1,eq_rare,scan,131072,0,131072,1.00000000,1048576,123,5,216795.0,216914.0,217556.0
household,uci_household_power,sub_metering_3_x1,eq_rare,minmax,131072,2048,5120,0.03906250,43008,0,5,8623.0,8633.0,8703.0
household,uci_household_power,sub_metering_3_x1,eq_rare,bloom,131072,180224,5120,0.03906250,221184,0,5,9104.0,9144.0,9164.0
household,uci_household_power,sub_metering_3_x1,eq_rare,minmax_bloom,131072,182272,5120,0.03906250,223232,0,5,9324.0,9344.0,9374.0
household,uci_household_power,sub_metering_3_x1,eq_frequent,scan,131072,0,131072,1.00000000,1048576,0,79514,199639.0,200440.0,201371.0
household,uci_household_power,sub_metering_3_x1,eq_frequent,minmax,131072,2048,131072,1.00000000,1050624,0,79514,200059.0,200220.0,201121.0
household,uci_household_power,sub_metering_3_x1,eq_frequent,bloom,131072,180224,131072,1.00000000,1228800,0,79514,203194.0,204797.0,206860.0
household,uci_household_power,sub_metering_3_x1,eq_frequent,minmax_bloom,131072,182272,131072,1.00000000,1230848,0,79514,204556.0,205188.0,209053.0
household,uci_household_power,sub_metering_3_x1,eq_absent,scan,131072,0,131072,1.00000000,1048576,128,0,215302.0,216044.0,216294.0
household,uci_household_power,sub_metering_3_x1,eq_absent,minmax,131072,2048,0,0.00000000,2048,0,0,160.0,161.0,170.0
household,uci_household_power,sub_metering_3_x1,eq_absent,bloom,131072,180224,0,0.00000000,180224,0,0,551.0,561.0,561.0
household,uci_household_power,sub_metering_3_x1,eq_absent,minmax_bloom,131072,182272,0,0.00000000,182272,0,0,661.0,671.0,671.0
household,uci_household_power,sub_metering_3_x1,in_mixed,scan,131072,0,131072,1.00000000,1048576,0,79519,199859.0,199949.0,200180.0
household,uci_household_power,sub_metering_3_x1,in_mixed,minmax,131072,2048,131072,1.00000000,1050624,0,79519,199999.0,200330.0,202362.0
household,uci_household_power,sub_metering_3_x1,in_mixed,bloom,131072,180224,131072,1.00000000,1228800,0,79519,202994.0,203204.0,203294.0
household,uci_household_power,sub_metering_3_x1,in_mixed,minmax_bloom,131072,182272,131072,1.00000000,1230848,0,79519,204476.0,204766.0,207571.0
household,uci_household_power,timestamp,eq_rare,scan,131072,0,131072,1.00000000,1048576,127,1,178758.0,178778.0,178807.0
household,uci_household_power,timestamp,eq_rare,minmax,131072,2048,1024,0.00781250,10240,0,1,1532.0,1533.0,1542.0
household,uci_household_power,timestamp,eq_rare,bloom,131072,180224,1024,0.00781250,188416,0,1,2284.0,2293.0,2294.0
household,uci_household_power,timestamp,eq_rare,minmax_bloom,131072,182272,1024,0.00781250,190464,0,1,2413.0,2414.0,2423.0
household,uci_household_power,timestamp,eq_rare,sparse_fence,131072,174768,12,0.00009155,174864,0,1,140.0,140.0,141.0
household,uci_household_power,timestamp,eq_frequent,scan,131072,0,131072,1.00000000,1048576,127,1,178687.0,178708.0,178808.0
household,uci_household_power,timestamp,eq_frequent,minmax,131072,2048,1024,0.00781250,10240,0,1,1532.0,1532.0,1532.0
household,uci_household_power,timestamp,eq_frequent,bloom,131072,180224,1024,0.00781250,188416,0,1,2284.0,2293.0,2294.0
household,uci_household_power,timestamp,eq_frequent,minmax_bloom,131072,182272,1024,0.00781250,190464,0,1,2414.0,2414.0,2414.0
household,uci_household_power,timestamp,eq_frequent,sparse_fence,131072,174768,12,0.00009155,174864,0,1,140.0,140.0,141.0
household,uci_household_power,timestamp,eq_absent,scan,131072,0,131072,1.00000000,1048576,128,0,178567.0,178607.0,178757.0
household,uci_household_power,timestamp,eq_absent,minmax,131072,2048,1024,0.00781250,10240,1,0,1522.0,1522.0,1533.0
household,uci_household_power,timestamp,eq_absent,bloom,131072,180224,2048,0.01562500,196608,2,0,3686.0,3695.0,3706.0
household,uci_household_power,timestamp,eq_absent,minmax_bloom,131072,182272,0,0.00000000,182272,0,0,1011.0,1012.0,1022.0
household,uci_household_power,timestamp,eq_absent,sparse_fence,131072,174768,12,0.00009155,174864,1,0,130.0,130.0,131.0
household,uci_household_power,timestamp,in_mixed,scan,131072,0,131072,1.00000000,1048576,127,1,178807.0,178827.0,178928.0
household,uci_household_power,timestamp,in_mixed,minmax,131072,2048,1024,0.00781250,10240,0,1,1633.0,1633.0,1642.0
household,uci_household_power,timestamp,in_mixed,bloom,131072,180224,3072,0.02343750,204800,2,1,5919.0,5919.0,5929.0
household,uci_household_power,timestamp,in_mixed,minmax_bloom,131072,182272,1024,0.00781250,190464,0,1,3305.0,3315.0,3315.0
household,uci_household_power,timestamp,in_mixed,sparse_fence,131072,174768,12,0.00009155,174864,0,1,190.0,190.0,191.0
household,uci_household_power,voltage_x100,eq_rare,scan,131072,0,131072,1.00000000,1048576,127,1,214471.0,214571.0,215022.0
household,uci_household_power,voltage_x100,eq_rare,minmax,131072,2048,1024,0.00781250,10240,0,1,1822.0,1823.0,1823.0
household,uci_household_power,voltage_x100,eq_rare,bloom,131072,180224,1024,0.00781250,188416,0,1,2363.0,2364.0,2374.0
household,uci_household_power,voltage_x100,eq_rare,minmax_bloom,131072,182272,1024,0.00781250,190464,0,1,2484.0,2494.0,2514.0
household,uci_household_power,voltage_x100,eq_frequent,scan,131072,0,131072,1.00000000,1048576,25,219,216404.0,216454.0,216785.0
household,uci_household_power,voltage_x100,eq_frequent,minmax,131072,2048,131072,1.00000000,1050624,25,219,219017.0,220620.0,268792.0
household,uci_household_power,voltage_x100,eq_frequent,bloom,131072,180224,105472,0.80468750,1024000,0,219,179849.0,180610.0,184066.0
household,uci_household_power,voltage_x100,eq_frequent,minmax_bloom,131072,182272,105472,0.80468750,1026048,0,219,180801.0,181432.0,182463.0
household,uci_household_power,voltage_x100,eq_absent,scan,131072,0,131072,1.00000000,1048576,128,0,215683.0,216494.0,219578.0
household,uci_household_power,voltage_x100,eq_absent,minmax,131072,2048,1024,0.00781250,10240,1,0,1793.0,1793.0,1823.0
household,uci_household_power,voltage_x100,eq_absent,bloom,131072,180224,0,0.00000000,180224,0,0,761.0,762.0,822.0
household,uci_household_power,voltage_x100,eq_absent,minmax_bloom,131072,182272,0,0.00000000,182272,0,0,871.0,881.0,882.0
household,uci_household_power,voltage_x100,in_mixed,scan,131072,0,131072,1.00000000,1048576,25,220,254110.0,254341.0,259298.0
household,uci_household_power,voltage_x100,in_mixed,minmax,131072,2048,131072,1.00000000,1050624,25,220,254731.0,255001.0,261241.0
household,uci_household_power,voltage_x100,in_mixed,bloom,131072,180224,105472,0.80468750,1024000,0,220,210215.0,210606.0,213349.0
household,uci_household_power,voltage_x100,in_mixed,minmax_bloom,131072,182272,105472,0.80468750,1026048,0,220,211706.0,211787.0,212758.0
large,yellow_tripdata_2024-01,Airport_fee,eq_rare,scan,131072,0,131072,1.00000000,1048576,30,275,181031.0,181081.0,181983.0
large,yellow_tripdata_2024-01,Airport_fee,eq_rare,minmax,131072,2048,100352,0.76562500,804864,0,275,139800.0,139969.0,140039.0
large,yellow_tripdata_2024-01,Airport_fee,eq_rare,bloom,131072,180224,100352,0.76562500,983040,0,275,142093.0,142153.0,142393.0
large,yellow_tripdata_2024-01,Airport_fee,eq_rare,minmax_bloom,131072,182272,100352,0.76562500,985088,0,275,143155.0,143364.0,143485.0
large,yellow_tripdata_2024-01,Airport_fee,eq_frequent,scan,131072,0,131072,1.00000000,1048576,0,115346,278146.0,280249.0,282733.0
large,yellow_tripdata_2024-01,Airport_fee,eq_frequent,minmax,131072,2048,131072,1.00000000,1050624,0,115346,278476.0,279869.0,285757.0
large,yellow_tripdata_2024-01,Airport_fee,eq_frequent,bloom,131072,180224,131072,1.00000000,1228800,0,115346,288411.0,291626.0,298006.0
large,yellow_tripdata_2024-01,Airport_fee,eq_frequent,minmax_bloom,131072,182272,131072,1.00000000,1230848,0,115346,288212.0,288472.0,292147.0
large,yellow_tripdata_2024-01,Airport_fee,eq_absent,scan,131072,0,131072,1.00000000,1048576,128,0,178477.0,178537.0,178637.0
large,yellow_tripdata_2024-01,Airport_fee,eq_absent,minmax,131072,2048,100352,0.76562500,804864,98,0,137395.0,137526.0,142343.0
large,yellow_tripdata_2024-01,Airport_fee,eq_absent,bloom,131072,180224,0,0.00000000,180224,0,0,561.0,561.0,571.0
large,yellow_tripdata_2024-01,Airport_fee,eq_absent,minmax_bloom,131072,182272,0,0.00000000,182272,0,0,812.0,821.0,831.0
large,yellow_tripdata_2024-01,Airport_fee,in_mixed,scan,131072,0,131072,1.00000000,1048576,0,115621,368562.0,370695.0,373449.0
large,yellow_tripdata_2024-01,Airport_fee,in_mixed,minmax,131072,2048,131072,1.00000000,1050624,0,115621,369403.0,370044.0,373629.0
large,yellow_tripdata_2024-01,Airport_fee,in_mixed,bloom,131072,180224,131072,1.00000000,1228800,0,115621,372197.0,374019.0,378847.0
large,yellow_tripdata_2024-01,Airport_fee,in_mixed,minmax_bloom,131072,182272,131072,1.00000000,1230848,0,115621,374100.0,374180.0,378977.0
large,yellow_tripdata_2024-01,DOLocationID,eq_rare,scan,131072,0,131072,1.00000000,1048576,127,1,178818.0,178848.0,179118.0
large,yellow_tripdata_2024-01,DOLocationID,eq_rare,minmax,131072,2048,131072,1.00000000,1050624,127,1,179408.0,179549.0,179889.0
large,yellow_tripdata_2024-01,DOLocationID,eq_rare,bloom,131072,180224,1024,0.00781250,188416,0,1,1983.0,1993.0,1993.0
large,yellow_tripdata_2024-01,DOLocationID,eq_rare,minmax_bloom,131072,182272,1024,0.00781250,190464,0,1,2343.0,2363.0,2384.0
large,yellow_tripdata_2024-01,DOLocationID,eq_frequent,scan,131072,0,131072,1.00000000,1048576,0,4966,205979.0,207000.0,210184.0
large,yellow_tripdata_2024-01,DOLocationID,eq_frequent,minmax,131072,2048,131072,1.00000000,1050624,0,4966,206338.0,206699.0,210705.0
large,yellow_tripdata_2024-01,DOLocationID,eq_frequent,bloom,131072,180224,131072,1.00000000,1228800,0,4966,209083.0,209283.0,210875.0
large,yellow_tripdata_2024-01,DOLocationID,eq_frequent,minmax_bloom,131072,182272,131072,1.00000000,1230848,0,4966,210244.0,211667.0,214240.0
large,yellow_tripdata_2024-01,DOLocationID,eq_absent,scan,131072,0,131072,1.00000000,1048576,128,0,178847.0,178898.0,178958.0
large,yellow_tripdata_2024-01,DOLocationID,eq_absent,minmax,131072,2048,111616,0.85156250,894976,109,0,152758.0,152799.0,152979.0
large,yellow_tripdata_2024-01,DOLocationID,eq_absent,bloom,131072,180224,0,0.00000000,180224,0,0,551.0,561.0,561.0
large,yellow_tripdata_2024-01,DOLocationID,eq_absent,minmax_bloom,131072,182272,0,0.00000000,182272,0,0,812.0,821.0,831.0
large,yellow_tripdata_2024-01,DOLocationID,in_mixed,scan,131072,0,131072,1.00000000,1048576,0,4967,257315.0,258236.0,261692.0
large,yellow_tripdata_2024-01,DOLocationID,in_mixed,minmax,131072,2048,131072,1.00000000,1050624,0,4967,257455.0,257516.0,261651.0
large,yellow_tripdata_2024-01,DOLocationID,in_mixed,bloom,131072,180224,131072,1.00000000,1228800,0,4967,261211.0,261741.0,264976.0
large,yellow_tripdata_2024-01,DOLocationID,in_mixed,minmax_bloom,131072,182272,131072,1.00000000,1230848,0,4967,262523.0,263815.0,268302.0
large,yellow_tripdata_2024-01,PULocationID,eq_rare,scan,131072,0,131072,1.00000000,1048576,127,1,178938.0,178988.0,179508.0
large,yellow_tripdata_2024-01,PULocationID,eq_rare,minmax,131072,2048,131072,1.00000000,1050624,127,1,179458.0,179589.0,179659.0
large,yellow_tripdata_2024-01,PULocationID,eq_rare,bloom,131072,180224,1024,0.00781250,188416,0,1,1983.0,1993.0,1993.0
large,yellow_tripdata_2024-01,PULocationID,eq_rare,minmax_bloom,131072,182272,1024,0.00781250,190464,0,1,2393.0,2394.0,2434.0
large,yellow_tripdata_2024-01,PULocationID,eq_frequent,scan,131072,0,131072,1.00000000,1048576,0,10381,234311.0,235091.0,239849.0
large,yellow_tripdata_2024-01,PULocationID,eq_frequent,minmax,131072,2048,131072,1.00000000,1050624,0,10381,234792.0,236654.0,239339.0
large,yellow_tripdata_2024-01,PULocationID,eq_frequent,bloom,131072,180224,131072,1.00000000,1228800,0,10381,237686.0,238197.0,242302.0
large,yellow_tripdata_2024-01,PULocationID,eq_frequent,minmax_bloom,131072,182272,131072,1.00000000,1230848,0,10381,239188.0,240289.0,243264.0
large,yellow_tripdata_2024-01,PULocationID,eq_absent,scan,131072,0,131072,1.00000000,1048576,128,0,178808.0,178858.0,178908.0
large,yellow_tripdata_2024-01,PULocationID,eq_absent,minmax,131072,2048,26624,0.20312500,215040,26,0,36665.0,36695.0,36775.0
large,yellow_tripdata_2024-01,PULocationID,eq_absent,bloom,131072,180224,0,0.00000000,180224,0,0,551.0,561.0,561.0
large,yellow_tripdata_2024-01,PULocationID,eq_absent,minmax_bloom,131072,182272,0,0.00000000,182272,0,0,791.0,791.0,841.0
large,yellow_tripdata_2024-01,PULocationID,in_mixed,scan,131072,0,131072,1.00000000,1048576,0,10382,297515.0,297926.0,301671.0
large,yellow_tripdata_2024-01,PULocationID,in_mixed,minmax,131072,2048,131072,1.00000000,1050624,0,10382,298246.0,298476.0,303033.0
large,yellow_tripdata_2024-01,PULocationID,in_mixed,bloom,131072,180224,131072,1.00000000,1228800,0,10382,302233.0,302893.0,307700.0
large,yellow_tripdata_2024-01,PULocationID,in_mixed,minmax_bloom,131072,182272,131072,1.00000000,1230848,0,10382,304185.0,304766.0,307921.0
large,yellow_tripdata_2024-01,RatecodeID,eq_rare,scan,131072,0,131072,1.00000000,1048576,127,1,178778.0,178818.0,178998.0
large,yellow_tripdata_2024-01,RatecodeID,eq_rare,minmax,131072,2048,101376,0.77343750,813056,98,1,138728.0,138768.0,138828.0
large,yellow_tripdata_2024-01,RatecodeID,eq_rare,bloom,131072,180224,1024,0.00781250,188416,0,1,1983.0,1983.0,1993.0
large,yellow_tripdata_2024-01,RatecodeID,eq_rare,minmax_bloom,131072,182272,1024,0.00781250,190464,0,1,2314.0,2323.0,2343.0
large,yellow_tripdata_2024-01,RatecodeID,eq_frequent,scan,131072,0,131072,1.00000000,1048576,0,119134,259989.0,261922.0,264706.0
large,yellow_tripdata_2024-01,RatecodeID,eq_frequent,minmax,131072,2048,131072,1.00000000,1050624,0,119134,259979.0,260310.0,264366.0
large,yellow_tripdata_2024-01,RatecodeID,eq_frequent,bloom,131072,180224,131072,1.00000000,1228800,0,119134,263785.0,264436.0,267520.0
large,yellow_tripdata_2024-01,RatecodeID,eq_frequent,minmax_bloom,131072,182272,131072,1.00000000,1230848,0,119134,264185.0,264936.0,269644.0
large,yellow_tripdata_2024-01,RatecodeID,eq_absent,scan,131072,0,131072,1.00000000,1048576,128,0,178738.0,178748.0,178958.0
large,yellow_tripdata_2024-01,RatecodeID,eq_absent,minmax,131072,2048,100352,0.76562500,804864,98,0,137275.0,137385.0,137485.0
large,yellow_tripdata_2024-01,RatecodeID,eq_absent,bloom,131072,180224,0,0.00000000,180224,0,0,551.0,561.0,561.0
large,yellow_tripdata_2024-01,RatecodeID,eq_absent,minmax_bloom,131072,182272,0,0.00000000,182272,0,0,851.0,861.0,861.0
large,yellow_tripdata_2024-01,RatecodeID,in_mixed,scan,131072,0,131072,1.00000000,1048576,0,119135,266339.0,266789.0,273399.0
large,yellow_tripdata_2024-01,RatecodeID,in_mixed,minmax,131072,2048,131072,1.00000000,1050624,0,119135,268372.0,268552.0,270375.0
large,yellow_tripdata_2024-01,RatecodeID,in_mixed,bloom,131072,180224,131072,1.00000000,1228800,0,119135,270475.0,270685.0,275562.0
large,yellow_tripdata_2024-01,RatecodeID,in_mixed,minmax_bloom,131072,182272,131072,1.00000000,1230848,0,119135,273329.0,278096.0,279979.0
large,yellow_tripdata_2024-01,VendorID,eq_rare,scan,131072,0,131072,1.00000000,1048576,0,30375,354951.0,355562.0,362112.0
large,yellow_tripdata_2024-01,VendorID,eq_rare,minmax,131072,2048,131072,1.00000000,1050624,0,30375,355371.0,356294.0,362312.0
large,yellow_tripdata_2024-01,VendorID,eq_rare,bloom,131072,180224,131072,1.00000000,1228800,0,30375,358587.0,359829.0,362733.0
large,yellow_tripdata_2024-01,VendorID,eq_rare,minmax_bloom,131072,182272,131072,1.00000000,1230848,0,30375,360279.0,360840.0,364476.0
large,yellow_tripdata_2024-01,VendorID,eq_frequent,scan,131072,0,131072,1.00000000,1048576,0,100697,368682.0,369633.0,372858.0
large,yellow_tripdata_2024-01,VendorID,eq_frequent,minmax,131072,2048,131072,1.00000000,1050624,0,100697,369302.0,375612.0,409933.0
large,yellow_tripdata_2024-01,VendorID,eq_frequent,bloom,131072,180224,131072,1.00000000,1228800,0,100697,374971.0,376804.0,379238.0
large,yellow_tripdata_2024-01,VendorID,eq_frequent,minmax_bloom,131072,182272,131072,1.00000000,1230848,0,100697,375733.0,380860.0,381281.0
large,yellow_tripdata_2024-01,VendorID,eq_absent,scan,131072,0,131072,1.00000000,1048576,128,0,180871.0,181041.0,181061.0
large,yellow_tripdata_2024-01,VendorID,eq_absent,minmax,131072,2048,0,0.00000000,2048,0,0,160.0,161.0,170.0
large,yellow_tripdata_2024-01,VendorID,eq_absent,bloom,131072,180224,0,0.00000000,180224,0,0,561.0,561.0,570.0
large,yellow_tripdata_2024-01,VendorID,eq_absent,minmax_bloom,131072,182272,0,0.00000000,182272,0,0,661.0,671.0,671.0
large,yellow_tripdata_2024-01,VendorID,in_mixed,scan,131072,0,131072,1.00000000,1048576,0,131072,409283.0,409874.0,414080.0
large,yellow_tripdata_2024-01,VendorID,in_mixed,minmax,131072,2048,131072,1.00000000,1050624,0,131072,411115.0,412668.0,415872.0
large,yellow_tripdata_2024-01,VendorID,in_mixed,bloom,131072,180224,131072,1.00000000,1228800,0,131072,413278.0,415181.0,418827.0
large,yellow_tripdata_2024-01,VendorID,in_mixed,minmax_bloom,131072,182272,131072,1.00000000,1230848,0,131072,411515.0,411976.0,416824.0
large,yellow_tripdata_2024-01,congestion_surcharge,eq_rare,scan,131072,0,131072,1.00000000,1048576,127,1,179999.0,180901.0,181802.0
large,yellow_tripdata_2024-01,congestion_surcharge,eq_rare,minmax,131072,2048,131072,1.00000000,1050624,127,1,181341.0,181472.0,182103.0
large,yellow_tripdata_2024-01,congestion_surcharge,eq_rare,bloom,131072,180224,1024,0.00781250,188416,0,1,1983.0,1983.0,1993.0
large,yellow_tripdata_2024-01,congestion_surcharge,eq_rare,minmax_bloom,131072,182272,1024,0.00781250,190464,0,1,2274.0,2293.0,2323.0
large,yellow_tripdata_2024-01,congestion_surcharge,eq_frequent,scan,131072,0,131072,1.00000000,1048576,0,115363,288021.0,288732.0,294150.0
large,yellow_tripdata_2024-01,congestion_surcharge,eq_frequent,minmax,131072,2048,131072,1.00000000,1050624,0,115363,287530.0,289543.0,295783.0
large,yellow_tripdata_2024-01,congestion_surcharge,eq_frequent,bloom,131072,180224,131072,1.00000000,1228800,0,115363,291346.0,292297.0,298016.0
large,yellow_tripdata_2024-01,congestion_surcharge,eq_frequent,minmax_bloom,131072,182272,131072,1.00000000,1230848,0,115363,292768.0,293940.0,299008.0
large,yellow_tripdata_2024-01,congestion_surcharge,eq_absent,scan,131072,0,131072,1.00000000,1048576,128,0,180851.0,180890.0,181181.0
large,yellow_tripdata_2024-01,congestion_surcharge,eq_absent,minmax,131072,2048,131072,1.00000000,1050624,128,0,181301.0,181361.0,182093.0
large,yellow_tripdata_2024-01,congestion_surcharge,eq_absent,bloom,131072,180224,0,0.00000000,180224,0,0,560.0,561.0,561.0
large,yellow_tripdata_2024-01,congestion_surcharge,eq_absent,minmax_bloom,131072,182272,0,0.00000000,182272,0,0,811.0,831.0,832.0
large,yellow_tripdata_2024-01,congestion_surcharge,in_mixed,scan,131072,0,131072,1.00000000,1048576,0,115364,393138.0,398175.0,399518.0
large,yellow_tripdata_2024-01,congestion_surcharge,in_mixed,minmax,131072,2048,131072,1.00000000,1050624,0,115364,393529.0,393899.0,399277.0
large,yellow_tripdata_2024-01,congestion_surcharge,in_mixed,bloom,131072,180224,131072,1.00000000,1228800,0,115364,396594.0,397876.0,403694.0
large,yellow_tripdata_2024-01,congestion_surcharge,in_mixed,minmax_bloom,131072,182272,131072,1.00000000,1230848,0,115364,400269.0,402532.0,403604.0
large,yellow_tripdata_2024-01,extra,eq_rare,scan,131072,0,131072,1.00000000,1048576,127,1,181091.0,181883.0,182083.0
large,yellow_tripdata_2024-01,extra,eq_rare,minmax,131072,2048,131072,1.00000000,1050624,127,1,181522.0,182312.0,182493.0
large,yellow_tripdata_2024-01,extra,eq_rare,bloom,131072,180224,1024,0.00781250,188416,0,1,2003.0,2003.0,2013.0
large,yellow_tripdata_2024-01,extra,eq_rare,minmax_bloom,131072,182272,1024,0.00781250,190464,0,1,2274.0,2293.0,2303.0
large,yellow_tripdata_2024-01,extra,eq_frequent,scan,131072,0,131072,1.00000000,1048576,0,58486,336303.0,341882.0,352738.0
large,yellow_tripdata_2024-01,extra,eq_frequent,minmax,131072,2048,131072,1.00000000,1050624,0,58486,336544.0,338938.0,341260.0
large,yellow_tripdata_2024-01,extra,eq_frequent,bloom,131072,180224,131072,1.00000000,1228800,0,58486,338566.0,344145.0,345397.0
large,yellow_tripdata_2024-01,extra,eq_frequent,minmax_bloom,131072,182272,131072,1.00000000,1230848,0,58486,339738.0,342763.0,345847.0
large,yellow_tripdata_2024-01,extra,eq_absent,scan,131072,0,131072,1.00000000,1048576,128,0,180871.0,181010.0,181922.0
large,yellow_tripdata_2024-01,extra,eq_absent,minmax,131072,2048,10240,0.07812500,83968,10,0,14112.0,14121.0,14191.0
large,yellow_tripdata_2024-01,extra,eq_absent,bloom,131072,180224,0,0.00000000,180224,0,0,560.0,561.0,561.0
large,yellow_tripdata_2024-01,extra,eq_absent,minmax_bloom,131072,182272,0,0.00000000,182272,0,0,731.0,731.0,761.0
large,yellow_tripdata_2024-01,extra,in_mixed,scan,131072,0,131072,1.00000000,1048576,0,58487,401451.0,403614.0,407089.0
large,yellow_tripdata_2024-01,extra,in_mixed,minmax,131072,2048,131072,1.00000000,1050624,0,58487,400179.0,402262.0,405457.0
large,yellow_tripdata_2024-01,extra,in_mixed,bloom,131072,180224,131072,1.00000000,1228800,0,58487,396784.0,399397.0,403244.0
large,yellow_tripdata_2024-01,extra,in_mixed,minmax_bloom,131072,182272,131072,1.00000000,1230848,0,58487,396934.0,397535.0,402773.0
large,yellow_tripdata_2024-01,fare_amount,eq_rare,scan,131072,0,131072,1.00000000,1048576,127,1,179719.0,179849.0,180801.0
large,yellow_tripdata_2024-01,fare_amount,eq_rare,minmax,131072,2048,1024,0.00781250,10240,0,1,1552.0,1552.0,1553.0
large,yellow_tripdata_2024-01,fare_amount,eq_rare,bloom,131072,180224,1024,0.00781250,188416,0,1,1983.0,1983.0,1983.0
large,yellow_tripdata_2024-01,fare_amount,eq_rare,minmax_bloom,131072,182272,1024,0.00781250,190464,0,1,2103.0,2113.0,2114.0
large,yellow_tripdata_2024-01,fare_amount,eq_frequent,scan,131072,0,131072,1.00000000,1048576,0,7746,225227.0,227270.0,231356.0
large,yellow_tripdata_2024-01,fare_amount,eq_frequent,minmax,131072,2048,131072,1.00000000,1050624,0,7746,224456.0,225337.0,229384.0
large,yellow_tripdata_2024-01,fare_amount,eq_frequent,bloom,131072,180224,131072,1.00000000,1228800,0,7746,227400.0,227650.0,232338.0
large,yellow_tripdata_2024-01,fare_amount,eq_frequent,minmax_bloom,131072,182272,131072,1.00000000,1230848,0,7746,227630.0,228872.0,234671.0
large,yellow_tripdata_2024-01,fare_amount,eq_absent,scan,131072,0,131072,1.00000000,1048576,128,0,179688.0,179769.0,181202.0
large,yellow_tripdata_2024-01,fare_amount,eq_absent,minmax,131072,2048,1024,0.00781250,10240,1,0,1522.0,1522.0,1523.0
large,yellow_tripdata_2024-01,fare_amount,eq_absent,bloom,131072,180224,0,0.00000000,180224,0,0,791.0,801.0,811.0
large,yellow_tripdata_2024-01,fare_amount,eq_absent,minmax_bloom,131072,182272,0,0.00000000,182272,0,0,921.0,932.0,952.0
large,yellow_tripdata_2024-01,fare_amount,in_mixed,scan,131072,0,131072,1.00000000,1048576,0,7747,268342.0,268972.0,272888.0
large,yellow_tripdata_2024-01,fare_amount,in_mixed,minmax,131072,2048,131072,1.00000000,1050624,0,7747,269153.0,269493.0,273048.0
large,yellow_tripdata_2024-01,fare_amount,in_mixed,bloom,131072,180224,131072,1.00000000,1228800,0,7747,273219.0,273890.0,279408.0
large,yellow_tripdata_2024-01,fare_amount,in_mixed,minmax_bloom,131072,182272,131072,1.00000000,1230848,0,7747,290244.0,290895.0,291386.0
large,yellow_tripdata_2024-01,improvement_surcharge,eq_rare,scan,131072,0,131072,1.00000000,1048576,122,7,179028.0,179068.0,179148.0
large,yellow_tripdata_2024-01,improvement_surcharge,eq_rare,minmax,131072,2048,131072,1.00000000,1050624,122,7,179478.0,179529.0,179559.0
large,yellow_tripdata_2024-01,improvement_surcharge,eq_rare,bloom,131072,180224,6144,0.04687500,229376,0,7,9154.0,9173.0,9204.0
large,yellow_tripdata_2024-01,improvement_surcharge,eq_rare,minmax_bloom,131072,182272,6144,0.04687500,231424,0,7,9534.0,9555.0,9584.0
large,yellow_tripdata_2024-01,improvement_surcharge,eq_frequent,scan,131072,0,131072,1.00000000,1048576,0,128972,194922.0,195983.0,196814.0
large,yellow_tripdata_2024-01,improvement_surcharge,eq_frequent,minmax,131072,2048,131072,1.00000000,1050624,0,128972,195032.0,195242.0,195583.0
large,yellow_tripdata_2024-01,improvement_surcharge,eq_frequent,bloom,131072,180224,131072,1.00000000,1228800,0,128972,197696.0,197926.0,198557.0
large,yellow_tripdata_2024-01,improvement_surcharge,eq_frequent,minmax_bloom,131072,182272,131072,1.00000000,1230848,0,128972,199298.0,199548.0,199689.0
large,yellow_tripdata_2024-01,improvement_surcharge,eq_absent,scan,131072,0,131072,1.00000000,1048576,128,0,178757.0,178808.0,179007.0
large,yellow_tripdata_2024-01,improvement_surcharge,eq_absent,minmax,131072,2048,131072,1.00000000,1050624,128,0,179288.0,179349.0,179729.0
large,yellow_tripdata_2024-01,improvement_surcharge,eq_absent,bloom,131072,180224,0,0.00000000,180224,0,0,561.0,561.0,570.0
large,yellow_tripdata_2024-01,improvement_surcharge,eq_absent,minmax_bloom,131072,182272,0,0.00000000,182272,0,0,811.0,811.0,851.0
large,yellow_tripdata_2024-01,improvement_surcharge,in_mixed,scan,131072,0,131072,1.00000000,1048576,0,128979,301752.0,302283.0,306378.0
large,yellow_tripdata_2024-01,improvement_surcharge,in_mixed,minmax,131072,2048,131072,1.00000000,1050624,0,128979,301351.0,301572.0,302022.0
large,yellow_tripdata_2024-01,improvement_surcharge,in_mixed,bloom,131072,180224,131072,1.00000000,1228800,0,128979,305778.0,307421.0,310885.0
large,yellow_tripdata_2024-01,improvement_surcharge,in_mixed,minmax_bloom,131072,182272,131072,1.00000000,1230848,0,128979,307360.0,307641.0,311817.0
large,yellow_tripdata_2024-01,mta_tax,eq_rare,scan,131072,0,131072,1.00000000,1048576,127,1,178797.0,178838.0,179018.0
large,yellow_tripdata_2024-01,mta_tax,eq_rare,minmax,131072,2048,1024,0.00781250,10240,0,1,1533.0,1542.0,1542.0
large,yellow_tripdata_2024-01,mta_tax,eq_rare,bloom,131072,180224,1024,0.00781250,188416,0,1,1993.0,1993.0,2003.0
large,yellow_tripdata_2024-01,mta_tax,eq_rare,minmax_bloom,131072,182272,1024,0.00781250,190464,0,1,2123.0,2123.0,2173.0
large,yellow_tripdata_2024-01,mta_tax,eq_frequent,scan,131072,0,131072,1.00000000,1048576,0,126731,203664.0,204726.0,211998.0
large,yellow_tripdata_2024-01,mta_tax,eq_frequent,minmax,131072,2048,131072,1.00000000,1050624,0,126731,203805.0,203945.0,208292.0
large,yellow_tripdata_2024-01,mta_tax,eq_frequent,bloom,131072,180224,131072,1.00000000,1228800,0,126731,206760.0,206830.0,208572.0
large,yellow_tripdata_2024-01,mta_tax,eq_frequent,minmax_bloom,131072,182272,131072,1.00000000,1230848,0,126731,207811.0,208052.0,209473.0
large,yellow_tripdata_2024-01,mta_tax,eq_absent,scan,131072,0,131072,1.00000000,1048576,128,0,178697.0,178727.0,178818.0
large,yellow_tripdata_2024-01,mta_tax,eq_absent,minmax,131072,2048,131072,1.00000000,1050624,128,0,179048.0,179238.0,179669.0
large,yellow_tripdata_2024-01,mta_tax,eq_absent,bloom,131072,180224,0,0.00000000,180224,0,0,561.0,561.0,561.0
large,yellow_tripdata_2024-01,mta_tax,eq_absent,minmax_bloom,131072,182272,0,0.00000000,182272,0,0,852.0,862.0,881.0
large,yellow_tripdata_2024-01,mta_tax,in_mixed,scan,131072,0,131072,1.00000000,1048576,0,126732,274641.0,275152.0,279518.0
large,yellow_tripdata_2024-01,mta_tax,in_mixed,minmax,131072,2048,131072,1.00000000,1050624,0,126732,274882.0,275282.0,279669.0
large,yellow_tripdata_2024-01,mta_tax,in_mixed,bloom,131072,180224,131072,1.00000000,1228800,0,126732,278597.0,278817.0,283284.0
large,yellow_tripdata_2024-01,mta_tax,in_mixed,minmax_bloom,131072,182272,131072,1.00000000,1230848,0,126732,279638.0,280039.0,284336.0
large,yellow_tripdata_2024-01,passenger_count,eq_rare,scan,131072,0,131072,1.00000000,1048576,121,7,179218.0,179269.0,179298.0
large,yellow_tripdata_2024-01,passenger_count,eq_rare,minmax,131072,2048,7168,0.05468750,59392,0,7,10035.0,10095.0,10136.0
large,yellow_tripdata_2024-01,passenger_count,eq_rare,bloom,131072,180224,7168,0.05468750,237568,0,7,10586.0,10596.0,10596.0
large,yellow_tripdata_2024-01,passenger_count,eq_rare,minmax_bloom,131072,182272,7168,0.05468750,239616,0,7,10756.0,10756.0,10826.0
large,yellow_tripdata_2024-01,passenger_count,eq_frequent,scan,131072,0,131072,1.00000000,1048576,0,91074,471065.0,472176.0,473349.0
large,yellow_tripdata_2024-01,passenger_count,eq_frequent,minmax,131072,2048,131072,1.00000000,1050624,0,91074,467309.0,468592.0,469843.0
large,yellow_tripdata_2024-01,passenger_count,eq_frequent,bloom,131072,180224,131072,1.00000000,1228800,0,91074,472827.0,474521.0,476823.0
large,yellow_tripdata_2024-01,passenger_count,eq_frequent,minmax_bloom,131072,182272,131072,1.00000000,1230848,0,91074,470984.0,475621.0,477254.0
large,yellow_tripdata_2024-01,passenger_count,eq_absent,scan,131072,0,131072,1.00000000,1048576,128,0,178988.0,179098.0,182423.0
large,yellow_tripdata_2024-01,passenger_count,eq_absent,minmax,131072,2048,7168,0.05468750,59392,7,0,9905.0,9914.0,9944.0
large,yellow_tripdata_2024-01,passenger_count,eq_absent,bloom,131072,180224,0,0.00000000,180224,0,0,561.0,561.0,561.0
large,yellow_tripdata_2024-01,passenger_count,eq_absent,minmax_bloom,131072,182272,0,0.00000000,182272,0,0,721.0,721.0,721.0
large,yellow_tripdata_2024-01,passenger_count,in_mixed,scan,131072,0,131072,1.00000000,1048576,0,91081,483253.0,486799.0,488841.0
large,yellow_tripdata_2024-01,passenger_count,in_mixed,minmax,131072,2048,131072,1.00000000,1050624,0,91081,483553.0,484435.0,489232.0
large,yellow_tripdata_2024-01,passenger_count,in_mixed,bloom,131072,180224,131072,1.00000000,1228800,0,91081,486729.0,487459.0,491034.0
large,yellow_tripdata_2024-01,passenger_count,in_mixed,minmax_bloom,131072,182272,131072,1.00000000,1230848,0,91081,490294.0,490685.0,491846.0
large,yellow_tripdata_2024-01,payment_type,eq_rare,scan,131072,0,131072,1.00000000,1048576,1,1120,185308.0,185358.0,187410.0
large,yellow_tripdata_2024-01,payment_type,eq_rare,minmax,131072,2048,131072,1.00000000,1050624,1,1120,185628.0,185888.0,186209.0
large,yellow_tripdata_2024-01,payment_type,eq_rare,bloom,131072,180224,130048,0.99218750,1220608,0,1120,187291.0,187591.0,191607.0
large,yellow_tripdata_2024-01,payment_type,eq_rare,minmax_bloom,131072,182272,130048,0.99218750,1222656,0,1120,188522.0,188623.0,189323.0
large,yellow_tripdata_2024-01,payment_type,eq_frequent,scan,131072,0,131072,1.00000000,1048576,0,99445,412387.0,413739.0,416253.0
large,yellow_tripdata_2024-01,payment_type,eq_frequent,minmax,131072,2048,131072,1.00000000,1050624,0,99445,410274.0,410755.0,413519.0
large,yellow_tripdata_2024-01,payment_type,eq_frequent,bloom,131072,180224,131072,1.00000000,1228800,0,99445,415833.0,421130.0,422212.0
large,yellow_tripdata_2024-01,payment_type,eq_frequent,minmax_bloom,131072,182272,131072,1.00000000,1230848,0,99445,415461.0,417325.0,419719.0
large,yellow_tripdata_2024-01,payment_type,eq_absent,scan,131072,0,131072,1.00000000,1048576,128,0,178507.0,178538.0,178607.0
large,yellow_tripdata_2024-01,payment_type,eq_absent,minmax,131072,2048,0,0.00000000,2048,0,0,160.0,161.0,170.0
large,yellow_tripdata_2024-01,payment_type,eq_absent,bloom,131072,180224,0,0.00000000,180224,0,0,560.0,561.0,561.0
large,yellow_tripdata_2024-01,payment_type,eq_absent,minmax_bloom,131072,182272,0,0.00000000,182272,0,0,671.0,671.0,671.0
large,yellow_tripdata_2024-01,payment_type,in_mixed,scan,131072,0,131072,1.00000000,1048576,0,100565,418567.0,419948.0,420760.0
large,yellow_tripdata_2024-01,payment_type,in_mixed,minmax,131072,2048,131072,1.00000000,1050624,0,100565,414631.0,418066.0,422863.0
large,yellow_tripdata_2024-01,payment_type,in_mixed,bloom,131072,180224,131072,1.00000000,1228800,0,100565,417535.0,419497.0,424345.0
large,yellow_tripdata_2024-01,payment_type,in_mixed,minmax_bloom,131072,182272,131072,1.00000000,1230848,0,100565,421340.0,423123.0,423484.0
large,yellow_tripdata_2024-01,tip_amount,eq_rare,scan,131072,0,131072,1.00000000,1048576,127,1,178898.0,178908.0,179128.0
large,yellow_tripdata_2024-01,tip_amount,eq_rare,minmax,131072,2048,1024,0.00781250,10240,0,1,1552.0,1553.0,1562.0
large,yellow_tripdata_2024-01,tip_amount,eq_rare,bloom,131072,180224,1024,0.00781250,188416,0,1,2013.0,2013.0,2013.0
large,yellow_tripdata_2024-01,tip_amount,eq_rare,minmax_bloom,131072,182272,1024,0.00781250,190464,0,1,2133.0,2143.0,2153.0
large,yellow_tripdata_2024-01,tip_amount,eq_frequent,scan,131072,0,131072,1.00000000,1048576,0,38298,442102.0,444855.0,446137.0
large,yellow_tripdata_2024-01,tip_amount,eq_frequent,minmax,131072,2048,131072,1.00000000,1050624,0,38298,441500.0,446187.0,448211.0
large,yellow_tripdata_2024-01,tip_amount,eq_frequent,bloom,131072,180224,131072,1.00000000,1228800,0,38298,445097.0,448962.0,451425.0
large,yellow_tripdata_2024-01,tip_amount,eq_frequent,minmax_bloom,131072,182272,131072,1.00000000,1230848,0,38298,446718.0,451375.0,452748.0
large,yellow_tripdata_2024-01,tip_amount,eq_absent,scan,131072,0,131072,1.00000000,1048576,128,0,178747.0,178778.0,178878.0
large,yellow_tripdata_2024-01,tip_amount,eq_absent,minmax,131072,2048,1024,0.00781250,10240,1,0,1542.0,1542.0,1543.0
large,yellow_tripdata_2024-01,tip_amount,eq_absent,bloom,131072,180224,0,0.00000000,180224,0,0,711.0,711.0,712.0
large,yellow_tripdata_2024-01,tip_amount,eq_absent,minmax_bloom,131072,182272,0,0.00000000,182272,0,0,821.0,821.0,831.0
large,yellow_tripdata_2024-01,tip_amount,in_mixed,scan,131072,0,131072,1.00000000,1048576,0,38299,508932.0,512638.0,513669.0
large,yellow_tripdata_2024-01,tip_amount,in_mixed,minmax,131072,2048,131072,1.00000000,1050624,0,38299,509212.0,509723.0,512357.0
large,yellow_tripdata_2024-01,tip_amount,in_mixed,bloom,131072,180224,131072,1.00000000,1228800,0,38299,513438.0,516894.0,518546.0
large,yellow_tripdata_2024-01,tip_amount,in_mixed,minmax_bloom,131072,182272,131072,1.00000000,1230848,0,38299,514601.0,518105.0,520169.0
large,yellow_tripdata_2024-01,tolls_amount,eq_rare,scan,131072,0,131072,1.00000000,1048576,127,1,178797.0,178808.0,178968.0
large,yellow_tripdata_2024-01,tolls_amount,eq_rare,minmax,131072,2048,1024,0.00781250,10240,0,1,1542.0,1543.0,1553.0
large,yellow_tripdata_2024-01,tolls_amount,eq_rare,bloom,131072,180224,1024,0.00781250,188416,0,1,1983.0,1993.0,2003.0
large,yellow_tripdata_2024-01,tolls_amount,eq_rare,minmax_bloom,131072,182272,1024,0.00781250,190464,0,1,2123.0,2123.0,2133.0
large,yellow_tripdata_2024-01,tolls_amount,eq_frequent,scan,131072,0,131072,1.00000000,1048576,0,117553,272988.0,273699.0,277496.0
large,yellow_tripdata_2024-01,tolls_amount,eq_frequent,minmax,131072,2048,131072,1.00000000,1050624,0,117553,273680.0,274832.0,278917.0
large,yellow_tripdata_2024-01,tolls_amount,eq_frequent,bloom,131072,180224,131072,1.00000000,1228800,0,117553,277245.0,281661.0,286769.0
large,yellow_tripdata_2024-01,tolls_amount,eq_frequent,minmax_bloom,131072,182272,131072,1.00000000,1230848,0,117553,277735.0,278136.0,283595.0
large,yellow_tripdata_2024-01,tolls_amount,eq_absent,scan,131072,0,131072,1.00000000,1048576,128,0,178687.0,178758.0,178837.0
large,yellow_tripdata_2024-01,tolls_amount,eq_absent,minmax,131072,2048,1024,0.00781250,10240,1,0,1513.0,1522.0,1532.0
large,yellow_tripdata_2024-01,tolls_amount,eq_absent,bloom,131072,180224,0,0.00000000,180224,0,0,551.0,561.0,561.0
large,yellow_tripdata_2024-01,tolls_amount,eq_absent,minmax_bloom,131072,182272,0,0.00000000,182272,0,0,671.0,671.0,671.0
large,yellow_tripdata_2024-01,tolls_amount,in_mixed,scan,131072,0,131072,1.00000000,1048576,0,117554,376854.0,377675.0,381391.0
large,yellow_tripdata_2024-01,tolls_amount,in_mixed,minmax,131072,2048,131072,1.00000000,1050624,0,117554,377064.0,378387.0,381230.0
large,yellow_tripdata_2024-01,tolls_amount,in_mixed,bloom,131072,180224,131072,1.00000000,1228800,0,117554,381321.0,382182.0,385608.0
large,yellow_tripdata_2024-01,tolls_amount,in_mixed,minmax_bloom,131072,182272,131072,1.00000000,1230848,0,117554,382943.0,384054.0,387940.0
large,yellow_tripdata_2024-01,total_amount,eq_rare,scan,131072,0,131072,1.00000000,1048576,127,1,178708.0,178757.0,179358.0
large,yellow_tripdata_2024-01,total_amount,eq_rare,minmax,131072,2048,1024,0.00781250,10240,0,1,1532.0,1532.0,1543.0
large,yellow_tripdata_2024-01,total_amount,eq_rare,bloom,131072,180224,1024,0.00781250,188416,0,1,2013.0,2013.0,2023.0
large,yellow_tripdata_2024-01,total_amount,eq_rare,minmax_bloom,131072,182272,1024,0.00781250,190464,0,1,2133.0,2134.0,2153.0
large,yellow_tripdata_2024-01,total_amount,eq_frequent,scan,131072,0,131072,1.00000000,1048576,20,2211,189964.0,190014.0,190996.0
large,yellow_tripdata_2024-01,total_amount,eq_frequent,minmax,131072,2048,131072,1.00000000,1050624,20,2211,190836.0,191256.0,194872.0
large,yellow_tripdata_2024-01,total_amount,eq_frequent,bloom,131072,180224,110592,0.84375000,1064960,0,2211,165277.0,165287.0,166108.0
large,yellow_tripdata_2024-01,total_amount,eq_frequent,minmax_bloom,131072,182272,110592,0.84375000,1067008,0,2211,166219.0,166509.0,167190.0
large,yellow_tripdata_2024-01,total_amount,eq_absent,scan,131072,0,131072,1.00000000,1048576,128,0,178678.0,178698.0,178717.0
large,yellow_tripdata_2024-01,total_amount,eq_absent,minmax,131072,2048,1024,0.00781250,10240,1,0,1522.0,1522.0,1522.0
large,yellow_tripdata_2024-01,total_amount,eq_absent,bloom,131072,180224,0,0.00000000,180224,0,0,611.0,611.0,621.0
large,yellow_tripdata_2024-01,total_amount,eq_absent,minmax_bloom,131072,182272,0,0.00000000,182272,0,0,731.0,731.0,731.0
large,yellow_tripdata_2024-01,total_amount,in_mixed,scan,131072,0,131072,1.00000000,1048576,20,2212,229093.0,229103.0,229724.0
large,yellow_tripdata_2024-01,total_amount,in_mixed,minmax,131072,2048,131072,1.00000000,1050624,20,2212,229804.0,230164.0,231567.0
large,yellow_tripdata_2024-01,total_amount,in_mixed,bloom,131072,180224,110592,0.84375000,1064960,0,2212,199950.0,200109.0,200871.0
large,yellow_tripdata_2024-01,total_amount,in_mixed,minmax_bloom,131072,182272,110592,0.84375000,1067008,0,2212,201441.0,201482.0,203735.0
large,yellow_tripdata_2024-01,tpep_dropoff_datetime,eq_rare,scan,131072,0,131072,1.00000000,1048576,127,1,178858.0,178928.0,178998.0
large,yellow_tripdata_2024-01,tpep_dropoff_datetime,eq_rare,minmax,131072,2048,2048,0.01562500,18432,1,1,2934.0,2944.0,2945.0
large,yellow_tripdata_2024-01,tpep_dropoff_datetime,eq_rare,bloom,131072,180224,1024,0.00781250,188416,0,1,2203.0,2204.0,2204.0
large,yellow_tripdata_2024-01,tpep_dropoff_datetime,eq_rare,minmax_bloom,131072,182272,1024,0.00781250,190464,0,1,2333.0,2334.0,2344.0
large,yellow_tripdata_2024-01,tpep_dropoff_datetime,eq_frequent,scan,131072,0,131072,1.00000000,1048576,117,14,179198.0,179289.0,179368.0
large,yellow_tripdata_2024-01,tpep_dropoff_datetime,eq_frequent,minmax,131072,2048,50176,0.38281250,403456,38,14,68883.0,68913.0,69063.0
large,yellow_tripdata_2024-01,tpep_dropoff_datetime,eq_frequent,bloom,131072,180224,11264,0.08593750,270336,0,14,16564.0,16585.0,16785.0
large,yellow_tripdata_2024-01,tpep_dropoff_datetime,eq_frequent,minmax_bloom,131072,182272,11264,0.08593750,272384,0,14,16905.0,16915.0,16926.0
large,yellow_tripdata_2024-01,tpep_dropoff_datetime,eq_absent,scan,131072,0,131072,1.00000000,1048576,128,0,178677.0,178767.0,178827.0
large,yellow_tripdata_2024-01,tpep_dropoff_datetime,eq_absent,minmax,131072,2048,1024,0.00781250,10240,1,0,1513.0,1522.0,1523.0
large,yellow_tripdata_2024-01,tpep_dropoff_datetime,eq_absent,bloom,131072,180224,0,0.00000000,180224,0,0,771.0,771.0,781.0
large,yellow_tripdata_2024-01,tpep_dropoff_datetime,eq_absent,minmax_bloom,131072,182272,0,0.00000000,182272,0,0,891.0,892.0,902.0
large,yellow_tripdata_2024-01,tpep_dropoff_datetime,in_mixed,scan,131072,0,131072,1.00000000,1048576,116,15,214661.0,214671.0,215102.0
large,yellow_tripdata_2024-01,tpep_dropoff_datetime,in_mixed,minmax,131072,2048,51200,0.39062500,411648,38,15,84236.0,84297.0,84486.0
large,yellow_tripdata_2024-01,tpep_dropoff_datetime,in_mixed,bloom,131072,180224,12288,0.09375000,278528,0,15,22764.0,22804.0,23094.0
large,yellow_tripdata_2024-01,tpep_dropoff_datetime,in_mixed,minmax_bloom,131072,182272,12288,0.09375000,280576,0,15,23255.0,23265.0,23475.0
large,yellow_tripdata_2024-01,tpep_pickup_datetime,eq_rare,scan,131072,0,131072,1.00000000,1048576,127,1,178697.0,178707.0,178748.0
large,yellow_tripdata_2024-01,tpep_pickup_datetime,eq_rare,minmax,131072,2048,2048,0.01562500,18432,1,1,2944.0,2944.0,2945.0
large,yellow_tripdata_2024-01,tpep_pickup_datetime,eq_rare,bloom,131072,180224,1024,0.00781250,188416,0,1,2293.0,2294.0,2294.0
large,yellow_tripdata_2024-01,tpep_pickup_datetime,eq_rare,minmax_bloom,131072,182272,1024,0.00781250,190464,0,1,2433.0,2434.0,2454.0
large,yellow_tripdata_2024-01,tpep_pickup_datetime,eq_frequent,scan,131072,0,131072,1.00000000,1048576,124,8,178968.0,179038.0,182383.0
large,yellow_tripdata_2024-01,tpep_pickup_datetime,eq_frequent,minmax,131072,2048,11264,0.08593750,92160,7,8,15673.0,15693.0,15694.0
large,yellow_tripdata_2024-01,tpep_pickup_datetime,eq_frequent,bloom,131072,180224,4096,0.03125000,212992,0,8,6580.0,6580.0,6600.0
large,yellow_tripdata_2024-01,tpep_pickup_datetime,eq_frequent,minmax_bloom,131072,182272,4096,0.03125000,215040,0,8,6780.0,6800.0,6811.0
large,yellow_tripdata_2024-01,tpep_pickup_datetime,eq_absent,scan,131072,0,131072,1.00000000,1048576,128,0,178667.0,178748.0,178807.0
large,yellow_tripdata_2024-01,tpep_pickup_datetime,eq_absent,minmax,131072,2048,1024,0.00781250,10240,1,0,1512.0,1522.0,1523.0
large,yellow_tripdata_2024-01,tpep_pickup_datetime,eq_absent,bloom,131072,180224,0,0.00000000,180224,0,0,751.0,751.0,762.0
large,yellow_tripdata_2024-01,tpep_pickup_datetime,eq_absent,minmax_bloom,131072,182272,0,0.00000000,182272,0,0,862.0,871.0,871.0
large,yellow_tripdata_2024-01,tpep_pickup_datetime,in_mixed,scan,131072,0,131072,1.00000000,1048576,123,9,214631.0,214672.0,214762.0
large,yellow_tripdata_2024-01,tpep_pickup_datetime,in_mixed,minmax,131072,2048,11264,0.08593750,92160,6,9,18809.0,18828.0,18878.0
large,yellow_tripdata_2024-01,tpep_pickup_datetime,in_mixed,bloom,131072,180224,5120,0.03906250,221184,0,9,10977.0,11096.0,11146.0
large,yellow_tripdata_2024-01,tpep_pickup_datetime,in_mixed,minmax_bloom,131072,182272,5120,0.03906250,223232,0,9,11357.0,11448.0,11547.0
large,yellow_tripdata_2024-01,trip_distance,eq_rare,scan,131072,0,131072,1.00000000,1048576,127,1,178948.0,179018.0,180220.0
large,yellow_tripdata_2024-01,trip_distance,eq_rare,minmax,131072,2048,131072,1.00000000,1050624,127,1,179349.0,179418.0,179579.0
large,yellow_tripdata_2024-01,trip_distance,eq_rare,bloom,131072,180224,1024,0.00781250,188416,0,1,2053.0,2054.0,2063.0
large,yellow_tripdata_2024-01,trip_distance,eq_rare,minmax_bloom,131072,182272,1024,0.00781250,190464,0,1,2453.0,2463.0,2554.0
large,yellow_tripdata_2024-01,trip_distance,eq_frequent,scan,131072,0,131072,1.00000000,1048576,0,2358,191306.0,191877.0,195533.0
large,yellow_tripdata_2024-01,trip_distance,eq_frequent,minmax,131072,2048,131072,1.00000000,1050624,0,2358,191717.0,191937.0,193630.0
large,yellow_tripdata_2024-01,trip_distance,eq_frequent,bloom,131072,180224,131072,1.00000000,1228800,0,2358,194751.0,194992.0,196945.0
large,yellow_tripdata_2024-01,trip_distance,eq_frequent,minmax_bloom,131072,182272,131072,1.00000000,1230848,0,2358,196294.0,196404.0,198427.0
large,yellow_tripdata_2024-01,trip_distance,eq_absent,scan,131072,0,131072,1.00000000,1048576,128,0,178798.0,178828.0,178868.0
large,yellow_tripdata_2024-01,trip_distance,eq_absent,minmax,131072,2048,131072,1.00000000,1050624,128,0,179348.0,179368.0,179459.0
large,yellow_tripdata_2024-01,trip_distance,eq_absent,bloom,131072,180224,0,0.00000000,180224,0,0,731.0,731.0,732.0
large,yellow_tripdata_2024-01,trip_distance,eq_absent,minmax_bloom,131072,182272,0,0.00000000,182272,0,0,1072.0,1101.0,1132.0
large,yellow_tripdata_2024-01,trip_distance,in_mixed,scan,131072,0,131072,1.00000000,1048576,0,2359,228562.0,228833.0,232218.0
large,yellow_tripdata_2024-01,trip_distance,in_mixed,minmax,131072,2048,131072,1.00000000,1050624,0,2359,229043.0,229113.0,233910.0
large,yellow_tripdata_2024-01,trip_distance,in_mixed,bloom,131072,180224,131072,1.00000000,1228800,0,2359,231987.0,232037.0,234010.0
large,yellow_tripdata_2024-01,trip_distance,in_mixed,minmax_bloom,131072,182272,131072,1.00000000,1230848,0,2359,234661.0,234842.0,235132.0
nab,realAWSCloudwatch/ec2_disk_write_bytes_1ef3de,timestamp,eq_rare,scan,4730,0,4730,1.00000000,37840,4,1,6479.0,6480.0,6480.0
nab,realAWSCloudwatch/ec2_disk_write_bytes_1ef3de,timestamp,eq_rare,minmax,4730,80,1024,0.21649049,8272,0,1,1432.0,1432.0,1432.0
nab,realAWSCloudwatch/ec2_disk_write_bytes_1ef3de,timestamp,eq_rare,bloom,4730,7040,1024,0.21649049,15232,0,1,1473.0,1482.0,1482.0
nab,realAWSCloudwatch/ec2_disk_write_bytes_1ef3de,timestamp,eq_rare,minmax_bloom,4730,7120,1024,0.21649049,15312,0,1,1492.0,1502.0,1503.0
nab,realAWSCloudwatch/ec2_disk_write_bytes_1ef3de,timestamp,eq_rare,sparse_fence,4730,6880,11,0.00232558,6968,0,1,121.0,130.0,140.0
nab,realAWSCloudwatch/ec2_disk_write_bytes_1ef3de,timestamp,eq_frequent,scan,4730,0,4730,1.00000000,37840,4,12,6480.0,6490.0,6499.0
nab,realAWSCloudwatch/ec2_disk_write_bytes_1ef3de,timestamp,eq_frequent,minmax,4730,80,1024,0.21649049,8272,0,12,1432.0,1433.0,1452.0
nab,realAWSCloudwatch/ec2_disk_write_bytes_1ef3de,timestamp,eq_frequent,bloom,4730,7040,1024,0.21649049,15232,0,12,1482.0,1482.0,1492.0
nab,realAWSCloudwatch/ec2_disk_write_bytes_1ef3de,timestamp,eq_frequent,minmax_bloom,4730,7120,1024,0.21649049,15312,0,12,1502.0,1503.0,1512.0
nab,realAWSCloudwatch/ec2_disk_write_bytes_1ef3de,timestamp,eq_frequent,sparse_fence,4730,6880,22,0.00465116,7056,0,12,150.0,151.0,161.0
nab,realAWSCloudwatch/ec2_disk_write_bytes_1ef3de,timestamp,eq_absent,scan,4730,0,4730,1.00000000,37840,5,0,6460.0,6470.0,6480.0
nab,realAWSCloudwatch/ec2_disk_write_bytes_1ef3de,timestamp,eq_absent,minmax,4730,80,1024,0.21649049,8272,1,0,1422.0,1422.0,1423.0
nab,realAWSCloudwatch/ec2_disk_write_bytes_1ef3de,timestamp,eq_absent,bloom,4730,7040,0,0.00000000,7040,0,0,70.0,70.0,70.0
nab,realAWSCloudwatch/ec2_disk_write_bytes_1ef3de,timestamp,eq_absent,minmax_bloom,4730,7120,0,0.00000000,7120,0,0,80.0,80.0,90.0
nab,realAWSCloudwatch/ec2_disk_write_bytes_1ef3de,timestamp,eq_absent,sparse_fence,4730,6880,11,0.00232558,6968,1,0,111.0,120.0,120.0
nab,realAWSCloudwatch/ec2_disk_write_bytes_1ef3de,timestamp,in_mixed,scan,4730,0,4730,1.00000000,37840,3,13,7772.0,7802.0,7871.0
nab,realAWSCloudwatch/ec2_disk_write_bytes_1ef3de,timestamp,in_mixed,minmax,4730,80,2048,0.43298097,16464,0,13,3405.0,3405.0,3415.0
nab,realAWSCloudwatch/ec2_disk_write_bytes_1ef3de,timestamp,in_mixed,bloom,4730,7040,2048,0.43298097,23424,0,13,3525.0,3525.0,3525.0
nab,realAWSCloudwatch/ec2_disk_write_bytes_1ef3de,timestamp,in_mixed,minmax_bloom,4730,7120,2048,0.43298097,23504,0,13,3545.0,3546.0,3565.0
nab,realAWSCloudwatch/ec2_disk_write_bytes_1ef3de,timestamp,in_mixed,sparse_fence,4730,6880,33,0.00697674,7144,0,13,250.0,260.0,261.0
nab,realAWSCloudwatch/ec2_disk_write_bytes_1ef3de,value_x10,eq_rare,scan,4730,0,4730,1.00000000,37840,4,1,6479.0,6480.0,6490.0
nab,realAWSCloudwatch/ec2_disk_write_bytes_1ef3de,value_x10,eq_rare,minmax,4730,80,4730,1.00000000,37920,4,1,6510.0,6529.0,6569.0
nab,realAWSCloudwatch/ec2_disk_write_bytes_1ef3de,value_x10,eq_rare,bloom,4730,7040,634,0.13403805,12112,0,1,942.0,951.0,952.0
nab,realAWSCloudwatch/ec2_disk_write_bytes_1ef3de,value_x10,eq_rare,minmax_bloom,4730,7120,634,0.13403805,12192,0,1,992.0,1001.0,1002.0
nab,realAWSCloudwatch/ec2_disk_write_bytes_1ef3de,value_x10,eq_frequent,scan,4730,0,4730,1.00000000,37840,0,4249,6940.0,6941.0,6980.0
nab,realAWSCloudwatch/ec2_disk_write_bytes_1ef3de,value_x10,eq_frequent,minmax,4730,80,4730,1.00000000,37920,0,4249,6960.0,6981.0,7121.0
nab,realAWSCloudwatch/ec2_disk_write_bytes_1ef3de,value_x10,eq_frequent,bloom,4730,7040,4730,1.00000000,44880,0,4249,7100.0,7110.0,7130.0
nab,realAWSCloudwatch/ec2_disk_write_bytes_1ef3de,value_x10,eq_frequent,minmax_bloom,4730,7120,4730,1.00000000,44960,0,4249,7191.0,7220.0,7281.0
nab,realAWSCloudwatch/ec2_disk_write_bytes_1ef3de,value_x10,eq_absent,scan,4730,0,4730,1.00000000,37840,5,0,6459.0,6460.0,6470.0
nab,realAWSCloudwatch/ec2_disk_write_bytes_1ef3de,value_x10,eq_absent,minmax,4730,80,4730,1.00000000,37920,5,0,6499.0,6509.0,6520.0
nab,realAWSCloudwatch/ec2_disk_write_bytes_1ef3de,value_x10,eq_absent,bloom,4730,7040,0,0.00000000,7040,0,0,50.0,50.0,60.0
nab,realAWSCloudwatch/ec2_disk_write_bytes_1ef3de,value_x10,eq_absent,minmax_bloom,4730,7120,0,0.00000000,7120,0,0,90.0,90.0,91.0
nab,realAWSCloudwatch/ec2_disk_write_bytes_1ef3de,value_x10,in_mixed,scan,4730,0,4730,1.00000000,37840,0,4250,7081.0,7091.0,7210.0
nab,realAWSCloudwatch/ec2_disk_write_bytes_1ef3de,value_x10,in_mixed,minmax,4730,80,4730,1.00000000,37920,0,4250,7111.0,7121.0,7191.0
nab,realAWSCloudwatch/ec2_disk_write_bytes_1ef3de,value_x10,in_mixed,bloom,4730,7040,4730,1.00000000,44880,0,4250,7181.0,7211.0,7221.0
nab,realAWSCloudwatch/ec2_disk_write_bytes_1ef3de,value_x10,in_mixed,minmax_bloom,4730,7120,4730,1.00000000,44960,0,4250,7341.0,7361.0,7421.0
nab,realAWSCloudwatch/ec2_disk_write_bytes_c0d644,timestamp,eq_rare,scan,4032,0,4032,1.00000000,32256,3,1,5528.0,5528.0,5529.0
nab,realAWSCloudwatch/ec2_disk_write_bytes_c0d644,timestamp,eq_rare,minmax,4032,64,1024,0.25396825,8256,0,1,1432.0,1432.0,1433.0
nab,realAWSCloudwatch/ec2_disk_write_bytes_c0d644,timestamp,eq_rare,bloom,4032,5632,1024,0.25396825,13824,0,1,1472.0,1473.0,1483.0
nab,realAWSCloudwatch/ec2_disk_write_bytes_c0d644,timestamp,eq_rare,minmax_bloom,4032,5696,1024,0.25396825,13888,0,1,1502.0,1502.0,1512.0
nab,realAWSCloudwatch/ec2_disk_write_bytes_c0d644,timestamp,eq_rare,sparse_fence,4032,5376,12,0.00297619,5472,0,1,130.0,131.0,150.0
nab,realAWSCloudwatch/ec2_disk_write_bytes_c0d644,timestamp,eq_frequent,scan,4032,0,4032,1.00000000,32256,3,1,5528.0,5529.0,5538.0
nab,realAWSCloudwatch/ec2_disk_write_bytes_c0d644,timestamp,eq_frequent,minmax,4032,64,1024,0.25396825,8256,0,1,1432.0,1433.0,1442.0
nab,realAWSCloudwatch/ec2_disk_write_bytes_c0d644,timestamp,eq_frequent,bloom,4032,5632,1024,0.25396825,13824,0,1,1472.0,1472.0,1482.0
nab,realAWSCloudwatch/ec2_disk_write_bytes_c0d644,timestamp,eq_frequent,minmax_bloom,4032,5696,1024,0.25396825,13888,0,1,1493.0,1502.0,1503.0
nab,realAWSCloudwatch/ec2_disk_write_bytes_c0d644,timestamp,eq_frequent,sparse_fence,4032,5376,12,0.00297619,5472,0,1,130.0,130.0,160.0
nab,realAWSCloudwatch/ec2_disk_write_bytes_c0d644,timestamp,eq_absent,scan,4032,0,4032,1.00000000,32256,4,0,5508.0,5509.0,5519.0
nab,realAWSCloudwatch/ec2_disk_write_bytes_c0d644,timestamp,eq_absent,minmax,4032,64,1024,0.25396825,8256,1,0,1422.0,1422.0,1432.0
nab,realAWSCloudwatch/ec2_disk_write_bytes_c0d644,timestamp,eq_absent,bloom,4032,5632,0,0.00000000,5632,0,0,60.0,60.0,61.0
nab,realAWSCloudwatch/ec2_disk_write_bytes_c0d644,timestamp,eq_absent,minmax_bloom,4032,5696,0,0.00000000,5696,0,0,70.0,80.0,80.0
nab,realAWSCloudwatch/ec2_disk_write_bytes_c0d644,timestamp,eq_absent,sparse_fence,4032,5376,12,0.00297619,5472,1,0,120.0,120.0,121.0
nab,realAWSCloudwatch/ec2_disk_write_bytes_c0d644,timestamp,in_mixed,scan,4032,0,4032,1.00000000,32256,3,1,6620.0,6620.0,6630.0
nab,realAWSCloudwatch/ec2_disk_write_bytes_c0d644,timestamp,in_mixed,minmax,4032,64,1024,0.25396825,8256,0,1,1712.0,1713.0,1732.0
nab,realAWSCloudwatch/ec2_disk_write_bytes_c0d644,timestamp,in_mixed,bloom,4032,5632,1024,0.25396825,13824,0,1,1772.0,1773.0,1783.0
nab,realAWSCloudwatch/ec2_disk_write_bytes_c0d644,timestamp,in_mixed,minmax_bloom,4032,5696,1024,0.25396825,13888,0,1,1802.0,1803.0,1803.0
nab,realAWSCloudwatch/ec2_disk_write_bytes_c0d644,timestamp,in_mixed,sparse_fence,4032,5376,12,0.00297619,5472,0,1,160.0,170.0,170.0
nab,realAWSCloudwatch/ec2_disk_write_bytes_c0d644,value_x10,eq_rare,scan,4032,0,4032,1.00000000,32256,3,1,5528.0,5528.0,5538.0
nab,realAWSCloudwatch/ec2_disk_write_bytes_c0d644,value_x10,eq_rare,minmax,4032,64,4032,1.00000000,32320,3,1,5539.0,5558.0,5558.0
nab,realAWSCloudwatch/ec2_disk_write_bytes_c0d644,value_x10,eq_rare,bloom,4032,5632,960,0.23809524,13312,0,1,1382.0,1392.0,1402.0
nab,realAWSCloudwatch/ec2_disk_write_bytes_c0d644,value_x10,eq_rare,minmax_bloom,4032,5696,960,0.23809524,13376,0,1,1412.0,1412.0,1413.0
nab,realAWSCloudwatch/ec2_disk_write_bytes_c0d644,value_x10,eq_frequent,scan,4032,0,4032,1.00000000,32256,0,3256,6710.0,6730.0,6740.0
nab,realAWSCloudwatch/ec2_disk_write_bytes_c0d644,value_x10,eq_frequent,minmax,4032,64,4032,1.00000000,32320,0,3256,6690.0,6700.0,6720.0
nab,realAWSCloudwatch/ec2_disk_write_bytes_c0d644,value_x10,eq_frequent,bloom,4032,5632,4032,1.00000000,37888,0,3256,6780.0,6790.0,6800.0
nab,realAWSCloudwatch/ec2_disk_write_bytes_c0d644,value_x10,eq_frequent,minmax_bloom,4032,5696,4032,1.00000000,37952,0,3256,6820.0,6821.0,6841.0
nab,realAWSCloudwatch/ec2_disk_write_bytes_c0d644,value_x10,eq_absent,scan,4032,0,4032,1.00000000,32256,4,0,5508.0,5518.0,5519.0
nab,realAWSCloudwatch/ec2_disk_write_bytes_c0d644,value_x10,eq_absent,minmax,4032,64,4032,1.00000000,32320,4,0,5518.0,5528.0,5539.0
nab,realAWSCloudwatch/ec2_disk_write_bytes_c0d644,value_x10,eq_absent,bloom,4032,5632,0,0.00000000,5632,0,0,50.0,50.0,51.0
nab,realAWSCloudwatch/ec2_disk_write_bytes_c0d644,value_x10,eq_absent,minmax_bloom,4032,5696,0,0.00000000,5696,0,0,60.0,60.0,81.0
nab,realAWSCloudwatch/ec2_disk_write_bytes_c0d644,value_x10,in_mixed,scan,4032,0,4032,1.00000000,32256,0,3257,7110.0,7141.0,7672.0
nab,realAWSCloudwatch/ec2_disk_write_bytes_c0d644,value_x10,in_mixed,minmax,4032,64,4032,1.00000000,32320,0,3257,7131.0,7140.0,7181.0
nab,realAWSCloudwatch/ec2_disk_write_bytes_c0d644,value_x10,in_mixed,bloom,4032,5632,4032,1.00000000,37888,0,3257,7201.0,7231.0,7281.0
nab,realAWSCloudwatch/ec2_disk_write_bytes_c0d644,value_x10,in_mixed,minmax_bloom,4032,5696,4032,1.00000000,37952,0,3257,7251.0,7261.0,7291.0
nab,realAWSCloudwatch/ec2_network_in_257a54,timestamp,eq_rare,scan,4032,0,4032,1.00000000,32256,3,1,5528.0,5528.0,5529.0
nab,realAWSCloudwatch/ec2_network_in_257a54,timestamp,eq_rare,minmax,4032,64,1024,0.25396825,8256,0,1,1432.0,1433.0,1442.0
nab,realAWSCloudwatch/ec2_network_in_257a54,timestamp,eq_rare,bloom,4032,5632,1024,0.25396825,13824,0,1,1472.0,1482.0,1482.0
nab,realAWSCloudwatch/ec2_network_in_257a54,timestamp,eq_rare,minmax_bloom,4032,5696,1024,0.25396825,13888,0,1,1493.0,1502.0,1502.0
nab,realAWSCloudwatch/ec2_network_in_257a54,timestamp,eq_rare,sparse_fence,4032,5376,12,0.00297619,5472,0,1,120.0,130.0,131.0
nab,realAWSCloudwatch/ec2_network_in_257a54,timestamp,eq_frequent,scan,4032,0,4032,1.00000000,32256,3,1,5528.0,5528.0,5539.0
nab,realAWSCloudwatch/ec2_network_in_257a54,timestamp,eq_frequent,minmax,4032,64,1024,0.25396825,8256,0,1,1432.0,1433.0,1442.0
nab,realAWSCloudwatch/ec2_network_in_257a54,timestamp,eq_frequent,bloom,4032,5632,1024,0.25396825,13824,0,1,1472.0,1482.0,1483.0
nab,realAWSCloudwatch/ec2_network_in_257a54,timestamp,eq_frequent,minmax_bloom,4032,5696,1024,0.25396825,13888,0,1,1492.0,1502.0,1502.0
nab,realAWSCloudwatch/ec2_network_in_257a54,timestamp,eq_frequent,sparse_fence,4032,5376,12,0.00297619,5472,0,1,120.0,130.0,130.0
nab,realAWSCloudwatch/ec2_network_in_257a54,timestamp,eq_absent,scan,4032,0,4032,1.00000000,32256,4,0,5509.0,5518.0,5518.0
nab,realAWSCloudwatch/ec2_network_in_257a54,timestamp,eq_absent,minmax,4032,64,1024,0.25396825,8256,1,0,1422.0,1422.0,1422.0
nab,realAWSCloudwatch/ec2_network_in_257a54,timestamp,eq_absent,bloom,4032,5632,0,0.00000000,5632,0,0,70.0,70.0,70.0
nab,realAWSCloudwatch/ec2_network_in_257a54,timestamp,eq_absent,minmax_bloom,4032,5696,0,0.00000000,5696,0,0,80.0,80.0,90.0
nab,realAWSCloudwatch/ec2_network_in_257a54,timestamp,eq_absent,sparse_fence,4032,5376,12,0.00297619,5472,1,0,110.0,120.0,121.0
nab,realAWSCloudwatch/ec2_network_in_257a54,timestamp,in_mixed,scan,4032,0,4032,1.00000000,32256,3,1,6620.0,6630.0,6660.0
nab,realAWSCloudwatch/ec2_network_in_257a54,timestamp,in_mixed,minmax,4032,64,1024,0.25396825,8256,0,1,1703.0,1712.0,1713.0
nab,realAWSCloudwatch/ec2_network_in_257a54,timestamp,in_mixed,bloom,4032,5632,1024,0.25396825,13824,0,1,1773.0,1783.0,1792.0
nab,realAWSCloudwatch/ec2_network_in_257a54,timestamp,in_mixed,minmax_bloom,4032,5696,1024,0.25396825,13888,0,1,1803.0,1803.0,1803.0
nab,realAWSCloudwatch/ec2_network_in_257a54,timestamp,in_mixed,sparse_fence,4032,5376,12,0.00297619,5472,0,1,160.0,160.0,161.0
nab,realAWSCloudwatch/ec2_network_in_257a54,value_x10,eq_rare,scan,4032,0,4032,1.00000000,32256,3,1,5538.0,5559.0,5628.0
nab,realAWSCloudwatch/ec2_network_in_257a54,value_x10,eq_rare,minmax,4032,64,1024,0.25396825,8256,0,1,1432.0,1432.0,1433.0
nab,realAWSCloudwatch/ec2_network_in_257a54,value_x10,eq_rare,bloom,4032,5632,1024,0.25396825,13824,0,1,1472.0,1473.0,1483.0
nab,realAWSCloudwatch/ec2_network_in_257a54,value_x10,eq_rare,minmax_bloom,4032,5696,1024,0.25396825,13888,0,1,1502.0,1503.0,1513.0
nab,realAWSCloudwatch/ec2_network_in_257a54,value_x10,eq_frequent,scan,4032,0,4032,1.00000000,32256,2,3,5548.0,5549.0,5558.0
nab,realAWSCloudwatch/ec2_network_in_257a54,value_x10,eq_frequent,minmax,4032,64,4032,1.00000000,32320,2,3,5559.0,5568.0,5569.0
nab,realAWSCloudwatch/ec2_network_in_257a54,value_x10,eq_frequent,bloom,4032,5632,1984,0.49206349,21504,0,3,2834.0,2844.0,2854.0
nab,realAWSCloudwatch/ec2_network_in_257a54,value_x10,eq_frequent,minmax_bloom,4032,5696,1984,0.49206349,21568,0,3,2865.0,2874.0,2885.0
nab,realAWSCloudwatch/ec2_network_in_257a54,value_x10,eq_absent,scan,4032,0,4032,1.00000000,32256,4,0,5508.0,5518.0,5519.0
nab,realAWSCloudwatch/ec2_network_in_257a54,value_x10,eq_absent,minmax,4032,64,1024,0.25396825,8256,1,0,1413.0,1422.0,1422.0
nab,realAWSCloudwatch/ec2_network_in_257a54,value_x10,eq_absent,bloom,4032,5632,0,0.00000000,5632,0,0,60.0,70.0,70.0
nab,realAWSCloudwatch/ec2_network_in_257a54,value_x10,eq_absent,minmax_bloom,4032,5696,0,0.00000000,5696,0,0,80.0,80.0,80.0
nab,realAWSCloudwatch/ec2_network_in_257a54,value_x10,in_mixed,scan,4032,0,4032,1.00000000,32256,1,4,7741.0,7742.0,7742.0
nab,realAWSCloudwatch/ec2_network_in_257a54,value_x10,in_mixed,minmax,4032,64,4032,1.00000000,32320,1,4,7752.0,7752.0,7772.0
nab,realAWSCloudwatch/ec2_network_in_257a54,value_x10,in_mixed,bloom,4032,5632,3008,0.74603175,29696,0,4,5909.0,5909.0,5919.0
nab,realAWSCloudwatch/ec2_network_in_257a54,value_x10,in_mixed,minmax_bloom,4032,5696,3008,0.74603175,29760,0,4,5938.0,5939.0,5959.0
nab,realAWSCloudwatch/ec2_network_in_5abac7,timestamp,eq_rare,scan,4730,0,4730,1.00000000,37840,4,1,6479.0,6480.0,6490.0
nab,realAWSCloudwatch/ec2_network_in_5abac7,timestamp,eq_rare,minmax,4730,80,1024,0.21649049,8272,0,1,1423.0,1432.0,1433.0
nab,realAWSCloudwatch/ec2_network_in_5abac7,timestamp,eq_rare,bloom,4730,7040,1024,0.21649049,15232,0,1,1482.0,1493.0,1682.0
nab,realAWSCloudwatch/ec2_network_in_5abac7,timestamp,eq_rare,minmax_bloom,4730,7120,1024,0.21649049,15312,0,1,1502.0,1503.0,1503.0
nab,realAWSCloudwatch/ec2_network_in_5abac7,timestamp,eq_rare,sparse_fence,4730,6880,11,0.00232558,6968,0,1,121.0,131.0,140.0
nab,realAWSCloudwatch/ec2_network_in_5abac7,timestamp,eq_frequent,scan,4730,0,4730,1.00000000,37840,4,12,6490.0,6509.0,6510.0
nab,realAWSCloudwatch/ec2_network_in_5abac7,timestamp,eq_frequent,minmax,4730,80,1024,0.21649049,8272,0,12,1432.0,1432.0,1453.0
nab,realAWSCloudwatch/ec2_network_in_5abac7,timestamp,eq_frequent,bloom,4730,7040,1024,0.21649049,15232,0,12,1482.0,1492.0,1492.0
nab,realAWSCloudwatch/ec2_network_in_5abac7,timestamp,eq_frequent,minmax_bloom,4730,7120,1024,0.21649049,15312,0,12,1512.0,1513.0,1532.0
nab,realAWSCloudwatch/ec2_network_in_5abac7,timestamp,eq_frequent,sparse_fence,4730,6880,22,0.00465116,7056,0,12,150.0,160.0,161.0
nab,realAWSCloudwatch/ec2_network_in_5abac7,timestamp,eq_absent,scan,4730,0,4730,1.00000000,37840,5,0,6460.0,6469.0,6470.0
nab,realAWSCloudwatch/ec2_network_in_5abac7,timestamp,eq_absent,minmax,4730,80,1024,0.21649049,8272,1,0,1412.0,1422.0,1423.0
nab,realAWSCloudwatch/ec2_network_in_5abac7,timestamp,eq_absent,bloom,4730,7040,0,0.00000000,7040,0,0,60.0,60.0,61.0
nab,realAWSCloudwatch/ec2_network_in_5abac7,timestamp,eq_absent,minmax_bloom,4730,7120,0,0.00000000,7120,0,0,70.0,80.0,80.0
nab,realAWSCloudwatch/ec2_network_in_5abac7,timestamp,eq_absent,sparse_fence,4730,6880,11,0.00232558,6968,1,0,110.0,110.0,111.0
nab,realAWSCloudwatch/ec2_network_in_5abac7,timestamp,in_mixed,scan,4730,0,4730,1.00000000,37840,3,13,9053.0,9054.0,9054.0
nab,realAWSCloudwatch/ec2_network_in_5abac7,timestamp,in_mixed,minmax,4730,80,2048,0.43298097,16464,0,13,3956.0,3966.0,3966.0
nab,realAWSCloudwatch/ec2_network_in_5abac7,timestamp,in_mixed,bloom,4730,7040,2048,0.43298097,23424,0,13,4076.0,4076.0,4086.0
nab,realAWSCloudwatch/ec2_network_in_5abac7,timestamp,in_mixed,minmax_bloom,4730,7120,2048,0.43298097,23504,0,13,4096.0,4106.0,4127.0
nab,realAWSCloudwatch/ec2_network_in_5abac7,timestamp,in_mixed,sparse_fence,4730,6880,33,0.00697674,7144,0,13,270.0,271.0,291.0
nab,realAWSCloudwatch/ec2_network_in_5abac7,value_x100,eq_rare,scan,4730,0,4730,1.00000000,37840,4,1,6479.0,6480.0,6480.0
nab,realAWSCloudwatch/ec2_network_in_5abac7,value_x100,eq_rare,minmax,4730,80,4730,1.00000000,37920,4,1,6520.0,6540.0,6540.0
nab,realAWSCloudwatch/ec2_network_in_5abac7,value_x100,eq_rare,bloom,4730,7040,634,0.13403805,12112,0,1,951.0,951.0,952.0
nab,realAWSCloudwatch/ec2_network_in_5abac7,value_x100,eq_rare,minmax_bloom,4730,7120,634,0.13403805,12192,0,1,1021.0,1031.0,1052.0
nab,realAWSCloudwatch/ec2_network_in_5abac7,value_x100,eq_frequent,scan,4730,0,4730,1.00000000,37840,1,1241,7451.0,7472.0,7552.0
nab,realAWSCloudwatch/ec2_network_in_5abac7,value_x100,eq_frequent,minmax,4730,80,4730,1.00000000,37920,1,1241,7522.0,7531.0,7561.0
nab,realAWSCloudwatch/ec2_network_in_5abac7,value_x100,eq_frequent,bloom,4730,7040,4096,0.86596195,39808,0,1241,6660.0,6700.0,6720.0
nab,realAWSCloudwatch/ec2_network_in_5abac7,value_x100,eq_frequent,minmax_bloom,4730,7120,4096,0.86596195,39888,0,1241,6740.0,6750.0,6760.0
nab,realAWSCloudwatch/ec2_network_in_5abac7,value_x100,eq_absent,scan,4730,0,4730,1.00000000,37840,5,0,6460.0,6469.0,6470.0
nab,realAWSCloudwatch/ec2_network_in_5abac7,value_x100,eq_absent,minmax,4730,80,4730,1.00000000,37920,5,0,6489.0,6490.0,6520.0
nab,realAWSCloudwatch/ec2_network_in_5abac7,value_x100,eq_absent,bloom,4730,7040,0,0.00000000,7040,0,0,50.0,50.0,60.0
nab,realAWSCloudwatch/ec2_network_in_5abac7,value_x100,eq_absent,minmax_bloom,4730,7120,0,0.00000000,7120,0,0,140.0,170.0,190.0
nab,realAWSCloudwatch/ec2_network_in_5abac7,value_x100,in_mixed,scan,4730,0,4730,1.00000000,37840,0,1242,10405.0,10426.0,10806.0
nab,realAWSCloudwatch/ec2_network_in_5abac7,value_x100,in_mixed,minmax,4730,80,4730,1.00000000,37920,0,1242,10465.0,10485.0,10526.0
nab,realAWSCloudwatch/ec2_network_in_5abac7,value_x100,in_mixed,bloom,4730,7040,4730,1.00000000,44880,0,1242,10565.0,10576.0,10616.0
nab,realAWSCloudwatch/ec2_network_in_5abac7,value_x100,in_mixed,minmax_bloom,4730,7120,4730,1.00000000,44960,0,1242,10676.0,10776.0,10857.0
nab,realAWSCloudwatch/elb_request_count_8c0756,timestamp,eq_rare,scan,4032,0,4032,1.00000000,32256,3,1,5528.0,5528.0,5539.0
nab,realAWSCloudwatch/elb_request_count_8c0756,timestamp,eq_rare,minmax,4032,64,1024,0.25396825,8256,0,1,1432.0,1432.0,1433.0
nab,realAWSCloudwatch/elb_request_count_8c0756,timestamp,eq_rare,bloom,4032,5632,1024,0.25396825,13824,0,1,1462.0,1462.0,1483.0
nab,realAWSCloudwatch/elb_request_count_8c0756,timestamp,eq_rare,minmax_bloom,4032,5696,1024,0.25396825,13888,0,1,1492.0,1492.0,1512.0
nab,realAWSCloudwatch/elb_request_count_8c0756,timestamp,eq_rare,sparse_fence,4032,5376,12,0.00297619,5472,0,1,130.0,150.0,160.0
nab,realAWSCloudwatch/elb_request_count_8c0756,timestamp,eq_frequent,scan,4032,0,4032,1.00000000,32256,3,1,5528.0,5529.0,5538.0
nab,realAWSCloudwatch/elb_request_count_8c0756,timestamp,eq_frequent,minmax,4032,64,1024,0.25396825,8256,0,1,1432.0,1432.0,1443.0
nab,realAWSCloudwatch/elb_request_count_8c0756,timestamp,eq_frequent,bloom,4032,5632,1024,0.25396825,13824,0,1,1472.0,1472.0,1482.0
nab,realAWSCloudwatch/elb_request_count_8c0756,timestamp,eq_frequent,minmax_bloom,4032,5696,1024,0.25396825,13888,0,1,1492.0,1493.0,1502.0
nab,realAWSCloudwatch/elb_request_count_8c0756,timestamp,eq_frequent,sparse_fence,4032,5376,12,0.00297619,5472,0,1,130.0,130.0,131.0
nab,realAWSCloudwatch/elb_request_count_8c0756,timestamp,eq_absent,scan,4032,0,4032,1.00000000,32256,4,0,5508.0,5518.0,5519.0
nab,realAWSCloudwatch/elb_request_count_8c0756,timestamp,eq_absent,minmax,4032,64,1024,0.25396825,8256,1,0,1422.0,1422.0,1443.0
nab,realAWSCloudwatch/elb_request_count_8c0756,timestamp,eq_absent,bloom,4032,5632,0,0.00000000,5632,0,0,70.0,70.0,71.0
nab,realAWSCloudwatch/elb_request_count_8c0756,timestamp,eq_absent,minmax_bloom,4032,5696,0,0.00000000,5696,0,0,80.0,80.0,80.0
nab,realAWSCloudwatch/elb_request_count_8c0756,timestamp,eq_absent,sparse_fence,4032,5376,12,0.00297619,5472,1,0,120.0,120.0,121.0
nab,realAWSCloudwatch/elb_request_count_8c0756,timestamp,in_mixed,scan,4032,0,4032,1.00000000,32256,3,1,6620.0,6620.0,6630.0
nab,realAWSCloudwatch/elb_request_count_8c0756,timestamp,in_mixed,minmax,4032,64,1024,0.25396825,8256,0,1,1703.0,1712.0,1713.0
nab,realAWSCloudwatch/elb_request_count_8c0756,timestamp,in_mixed,bloom,4032,5632,1024,0.25396825,13824,0,1,1773.0,1773.0,1783.0
nab,realAWSCloudwatch/elb_request_count_8c0756,timestamp,in_mixed,minmax_bloom,4032,5696,1024,0.25396825,13888,0,1,1802.0,1803.0,1803.0
nab,realAWSCloudwatch/elb_request_count_8c0756,timestamp,in_mixed,sparse_fence,4032,5376,12,0.00297619,5472,0,1,160.0,170.0,171.0
nab,realAWSCloudwatch/elb_request_count_8c0756,value_x1,eq_rare,scan,4032,0,4032,1.00000000,32256,3,1,5528.0,5529.0,5538.0
nab,realAWSCloudwatch/elb_request_count_8c0756,value_x1,eq_rare,minmax,4032,64,4032,1.00000000,32320,3,1,5548.0,5558.0,5558.0
nab,realAWSCloudwatch/elb_request_count_8c0756,value_x1,eq_rare,bloom,4032,5632,1024,0.25396825,13824,0,1,1472.0,1473.0,1502.0
nab,realAWSCloudwatch/elb_request_count_8c0756,value_x1,eq_rare,minmax_bloom,4032,5696,1024,0.25396825,13888,0,1,1502.0,1502.0,1512.0
nab,realAWSCloudwatch/elb_request_count_8c0756,value_x1,eq_frequent,scan,4032,0,4032,1.00000000,32256,0,99,5878.0,5889.0,5899.0
nab,realAWSCloudwatch/elb_request_count_8c0756,value_x1,eq_frequent,minmax,4032,64,4032,1.00000000,32320,0,99,5889.0,5899.0,5919.0
nab,realAWSCloudwatch/elb_request_count_8c0756,value_x1,eq_frequent,bloom,4032,5632,4032,1.00000000,37888,0,99,5999.0,6009.0,6029.0
nab,realAWSCloudwatch/elb_request_count_8c0756,value_x1,eq_frequent,minmax_bloom,4032,5696,4032,1.00000000,37952,0,99,5969.0,5979.0,6019.0
nab,realAWSCloudwatch/elb_request_count_8c0756,value_x1,eq_absent,scan,4032,0,4032,1.00000000,32256,4,0,5508.0,5509.0,5518.0
nab,realAWSCloudwatch/elb_request_count_8c0756,value_x1,eq_absent,minmax,4032,64,4032,1.00000000,32320,4,0,5518.0,5518.0,5528.0
nab,realAWSCloudwatch/elb_request_count_8c0756,value_x1,eq_absent,bloom,4032,5632,0,0.00000000,5632,0,0,50.0,50.0,51.0
nab,realAWSCloudwatch/elb_request_count_8c0756,value_x1,eq_absent,minmax_bloom,4032,5696,0,0.00000000,5696,0,0,60.0,60.0,61.0
nab,realAWSCloudwatch/elb_request_count_8c0756,value_x1,in_mixed,scan,4032,0,4032,1.00000000,32256,0,100,8242.0,8452.0,8563.0
nab,realAWSCloudwatch/elb_request_count_8c0756,value_x1,in_mixed,minmax,4032,64,4032,1.00000000,32320,0,100,8162.0,8163.0,8182.0
nab,realAWSCloudwatch/elb_request_count_8c0756,value_x1,in_mixed,bloom,4032,5632,4032,1.00000000,37888,0,100,8243.0,8252.0,8272.0
nab,realAWSCloudwatch/elb_request_count_8c0756,value_x1,in_mixed,minmax_bloom,4032,5696,4032,1.00000000,37952,0,100,8253.0,8262.0,8323.0
nab,realAWSCloudwatch/iio_us-east-1_i-a2eb1cd9_NetworkIn,timestamp,eq_rare,scan,1243,0,1243,1.00000000,9944,1,1,1733.0,1733.0,1733.0
nab,realAWSCloudwatch/iio_us-east-1_i-a2eb1cd9_NetworkIn,timestamp,eq_rare,minmax,1243,32,1024,0.82381335,8224,0,1,1422.0,1432.0,1432.0
nab,realAWSCloudwatch/iio_us-east-1_i-a2eb1cd9_NetworkIn,timestamp,eq_rare,bloom,1243,2816,1024,0.82381335,11008,0,1,1462.0,1462.0,1463.0
nab,realAWSCloudwatch/iio_us-east-1_i-a2eb1cd9_NetworkIn,timestamp,eq_rare,minmax_bloom,1243,2848,1024,0.82381335,11040,0,1,1483.0,1492.0,1492.0
nab,realAWSCloudwatch/iio_us-east-1_i-a2eb1cd9_NetworkIn,timestamp,eq_rare,sparse_fence,1243,2496,8,0.00643604,2560,0,1,130.0,131.0,150.0
nab,realAWSCloudwatch/iio_us-east-1_i-a2eb1cd9_NetworkIn,timestamp,eq_frequent,scan,1243,0,1243,1.00000000,9944,1,1,1733.0,1742.0,1743.0
nab,realAWSCloudwatch/iio_us-east-1_i-a2eb1cd9_NetworkIn,timestamp,eq_frequent,minmax,1243,32,1024,0.82381335,8224,0,1,1422.0,1432.0,1442.0
nab,realAWSCloudwatch/iio_us-east-1_i-a2eb1cd9_NetworkIn,timestamp,eq_frequent,bloom,1243,2816,1024,0.82381335,11008,0,1,1462.0,1463.0,1472.0
nab,realAWSCloudwatch/iio_us-east-1_i-a2eb1cd9_NetworkIn,timestamp,eq_frequent,minmax_bloom,1243,2848,1024,0.82381335,11040,0,1,1492.0,1492.0,1493.0
nab,realAWSCloudwatch/iio_us-east-1_i-a2eb1cd9_NetworkIn,timestamp,eq_frequent,sparse_fence,1243,2496,8,0.00643604,2560,0,1,120.0,130.0,140.0
nab,realAWSCloudwatch/iio_us-east-1_i-a2eb1cd9_NetworkIn,timestamp,eq_absent,scan,1243,0,1243,1.00000000,9944,2,0,1722.0,1722.0,1723.0
nab,realAWSCloudwatch/iio_us-east-1_i-a2eb1cd9_NetworkIn,timestamp,eq_absent,minmax,1243,32,1024,0.82381335,8224,1,0,1422.0,1422.0,1423.0
nab,realAWSCloudwatch/iio_us-east-1_i-a2eb1cd9_NetworkIn,timestamp,eq_absent,bloom,1243,2816,0,0.00000000,2816,0,0,40.0,40.0,40.0
nab,realAWSCloudwatch/iio_us-east-1_i-a2eb1cd9_NetworkIn,timestamp,eq_absent,minmax_bloom,1243,2848,0,0.00000000,2848,0,0,50.0,50.0,60.0
nab,realAWSCloudwatch/iio_us-east-1_i-a2eb1cd9_NetworkIn,timestamp,eq_absent,sparse_fence,1243,2496,8,0.00643604,2560,1,0,110.0,110.0,121.0
nab,realAWSCloudwatch/iio_us-east-1_i-a2eb1cd9_NetworkIn,timestamp,in_mixed,scan,1243,0,1243,1.00000000,9944,1,1,2073.0,2074.0,2083.0
nab,realAWSCloudwatch/iio_us-east-1_i-a2eb1cd9_NetworkIn,timestamp,in_mixed,minmax,1243,32,1024,0.82381335,8224,0,1,1712.0,1712.0,1713.0
nab,realAWSCloudwatch/iio_us-east-1_i-a2eb1cd9_NetworkIn,timestamp,in_mixed,bloom,1243,2816,1024,0.82381335,11008,0,1,1743.0,1743.0,1743.0
nab,realAWSCloudwatch/iio_us-east-1_i-a2eb1cd9_NetworkIn,timestamp,in_mixed,minmax_bloom,1243,2848,1024,0.82381335,11040,0,1,1763.0,1772.0,1773.0
nab,realAWSCloudwatch/iio_us-east-1_i-a2eb1cd9_NetworkIn,timestamp,in_mixed,sparse_fence,1243,2496,8,0.00643604,2560,0,1,160.0,170.0,180.0
nab,realAWSCloudwatch/iio_us-east-1_i-a2eb1cd9_NetworkIn,value_x10,eq_rare,scan,1243,0,1243,1.00000000,9944,1,1,1753.0,1753.0,1773.0
nab,realAWSCloudwatch/iio_us-east-1_i-a2eb1cd9_NetworkIn,value_x10,eq_rare,minmax,1243,32,1024,0.82381335,8224,0,1,1442.0,1442.0,1453.0
nab,realAWSCloudwatch/iio_us-east-1_i-a2eb1cd9_NetworkIn,value_x10,eq_rare,bloom,1243,2816,1024,0.82381335,11008,0,1,1482.0,1482.0,1483.0
nab,realAWSCloudwatch/iio_us-east-1_i-a2eb1cd9_NetworkIn,value_x10,eq_rare,minmax_bloom,1243,2848,1024,0.82381335,11040,0,1,1502.0,1503.0,1512.0
nab,realAWSCloudwatch/iio_us-east-1_i-a2eb1cd9_NetworkIn,value_x10,eq_frequent,scan,1243,0,1243,1.00000000,9944,1,1,1743.0,1753.0,1753.0
nab,realAWSCloudwatch/iio_us-east-1_i-a2eb1cd9_NetworkIn,value_x10,eq_frequent,minmax,1243,32,1024,0.82381335,8224,0,1,1442.0,1452.0,1452.0
nab,realAWSCloudwatch/iio_us-east-1_i-a2eb1cd9_NetworkIn,value_x10,eq_frequent,bloom,1243,2816,1024,0.82381335,11008,0,1,1472.0,1482.0,1482.0
nab,realAWSCloudwatch/iio_us-east-1_i-a2eb1cd9_NetworkIn,value_x10,eq_frequent,minmax_bloom,1243,2848,1024,0.82381335,11040,0,1,1502.0,1503.0,1512.0
nab,realAWSCloudwatch/iio_us-east-1_i-a2eb1cd9_NetworkIn,value_x10,eq_absent,scan,1243,0,1243,1.00000000,9944,2,0,1722.0,1722.0,1742.0
nab,realAWSCloudwatch/iio_us-east-1_i-a2eb1cd9_NetworkIn,value_x10,eq_absent,minmax,1243,32,1024,0.82381335,8224,1,0,1412.0,1413.0,1422.0
nab,realAWSCloudwatch/iio_us-east-1_i-a2eb1cd9_NetworkIn,value_x10,eq_absent,bloom,1243,2816,0,0.00000000,2816,0,0,40.0,40.0,40.0
nab,realAWSCloudwatch/iio_us-east-1_i-a2eb1cd9_NetworkIn,value_x10,eq_absent,minmax_bloom,1243,2848,0,0.00000000,2848,0,0,50.0,50.0,60.0
nab,realAWSCloudwatch/iio_us-east-1_i-a2eb1cd9_NetworkIn,value_x10,in_mixed,scan,1243,0,1243,1.00000000,9944,1,1,1743.0,1743.0,1753.0
nab,realAWSCloudwatch/iio_us-east-1_i-a2eb1cd9_NetworkIn,value_x10,in_mixed,minmax,1243,32,1024,0.82381335,8224,0,1,1432.0,1442.0,1443.0
nab,realAWSCloudwatch/iio_us-east-1_i-a2eb1cd9_NetworkIn,value_x10,in_mixed,bloom,1243,2816,1024,0.82381335,11008,0,1,1472.0,1472.0,1472.0
nab,realAWSCloudwatch/iio_us-east-1_i-a2eb1cd9_NetworkIn,value_x10,in_mixed,minmax_bloom,1243,2848,1024,0.82381335,11040,0,1,1502.0,1502.0,1502.0
nab,realKnownCause/nyc_taxi,timestamp,eq_rare,scan,10320,0,10320,1.00000000,82560,10,1,14071.0,14071.0,14081.0
nab,realKnownCause/nyc_taxi,timestamp,eq_rare,minmax,10320,176,1024,0.09922481,8368,0,1,1442.0,1442.0,1443.0
nab,realKnownCause/nyc_taxi,timestamp,eq_rare,bloom,10320,15488,1024,0.09922481,23680,0,1,1532.0,1542.0,1563.0
nab,realKnownCause/nyc_taxi,timestamp,eq_rare,minmax_bloom,10320,15664,1024,0.09922481,23856,0,1,1563.0,1572.0,1573.0
nab,realKnownCause/nyc_taxi,timestamp,eq_rare,sparse_fence,10320,15024,11,0.00106589,15112,0,1,130.0,140.0,140.0
nab,realKnownCause/nyc_taxi,timestamp,eq_frequent,scan,10320,0,10320,1.00000000,82560,10,1,14071.0,14071.0,14072.0
nab,realKnownCause/nyc_taxi,timestamp,eq_frequent,minmax,10320,176,1024,0.09922481,8368,0,1,1442.0,1442.0,1452.0
nab,realKnownCause/nyc_taxi,timestamp,eq_frequent,bloom,10320,15488,1024,0.09922481,23680,0,1,1522.0,1523.0,1542.0
nab,realKnownCause/nyc_taxi,timestamp,eq_frequent,minmax_bloom,10320,15664,1024,0.09922481,23856,0,1,1562.0,1562.0,1572.0
nab,realKnownCause/nyc_taxi,timestamp,eq_frequent,sparse_fence,10320,15024,11,0.00106589,15112,0,1,130.0,130.0,140.0
nab,realKnownCause/nyc_taxi,timestamp,eq_absent,scan,10320,0,10320,1.00000000,82560,11,0,14061.0,14061.0,14071.0
nab,realKnownCause/nyc_taxi,timestamp,eq_absent,minmax,10320,176,1024,0.09922481,8368,1,0,1422.0,1422.0,1432.0
nab,realKnownCause/nyc_taxi,timestamp,eq_absent,bloom,10320,15488,0,0.00000000,15488,0,0,90.0,90.0,90.0
nab,realKnownCause/nyc_taxi,timestamp,eq_absent,minmax_bloom,10320,15664,0,0.00000000,15664,0,0,110.0,110.0,111.0
nab,realKnownCause/nyc_taxi,timestamp,eq_absent,sparse_fence,10320,15024,11,0.00106589,15112,1,0,120.0,120.0,121.0
nab,realKnownCause/nyc_taxi,timestamp,in_mixed,scan,10320,0,10320,1.00000000,82560,10,1,14072.0,14081.0,14081.0
nab,realKnownCause/nyc_taxi,timestamp,in_mixed,minmax,10320,176,1024,0.09922481,8368,0,1,1442.0,1442.0,1443.0
nab,realKnownCause/nyc_taxi,timestamp,in_mixed,bloom,10320,15488,1024,0.09922481,23680,0,1,1582.0,1582.0,1592.0
nab,realKnownCause/nyc_taxi,timestamp,in_mixed,minmax_bloom,10320,15664,1024,0.09922481,23856,0,1,1613.0,1622.0,1623.0
nab,realKnownCause/nyc_taxi,timestamp,in_mixed,sparse_fence,10320,15024,11,0.00106589,15112,0,1,171.0,190.0,190.0
nab,realKnownCause/nyc_taxi,value_x1,eq_rare,scan,10320,0,10320,1.00000000,82560,10,1,14071.0,14081.0,14081.0
nab,realKnownCause/nyc_taxi,value_x1,eq_rare,minmax,10320,176,1024,0.09922481,8368,0,1,1442.0,1442.0,1443.0
nab,realKnownCause/nyc_taxi,value_x1,eq_rare,bloom,10320,15488,1024,0.09922481,23680,0,1,1512.0,1512.0,1512.0
nab,realKnownCause/nyc_taxi,value_x1,eq_rare,minmax_bloom,10320,15664,1024,0.09922481,23856,0,1,1542.0,1542.0,1543.0
nab,realKnownCause/nyc_taxi,value_x1,eq_frequent,scan,10320,0,10320,1.00000000,82560,8,6,14161.0,14161.0,14181.0
nab,realKnownCause/nyc_taxi,value_x1,eq_frequent,minmax,10320,176,10320,1.00000000,82736,8,6,14262.0,14282.0,14322.0
nab,realKnownCause/nyc_taxi,value_x1,eq_frequent,bloom,10320,15488,3072,0.29767442,40064,0,6,4407.0,4407.0,4427.0
nab,realKnownCause/nyc_taxi,value_x1,eq_frequent,minmax_bloom,10320,15664,3072,0.29767442,40240,0,6,4536.0,4547.0,4586.0
nab,realKnownCause/nyc_taxi,value_x1,eq_absent,scan,10320,0,10320,1.00000000,82560,11,0,14051.0,14061.0,14061.0
nab,realKnownCause/nyc_taxi,value_x1,eq_absent,minmax,10320,176,1024,0.09922481,8368,1,0,1422.0,1422.0,1423.0
nab,realKnownCause/nyc_taxi,value_x1,eq_absent,bloom,10320,15488,0,0.00000000,15488,0,0,90.0,90.0,91.0
nab,realKnownCause/nyc_taxi,value_x1,eq_absent,minmax_bloom,10320,15664,0,0.00000000,15664,0,0,110.0,111.0,120.0
nab,realKnownCause/nyc_taxi,value_x1,in_mixed,scan,10320,0,10320,1.00000000,82560,7,7,19760.0,19770.0,19789.0
nab,realKnownCause/nyc_taxi,value_x1,in_mixed,minmax,10320,176,10320,1.00000000,82736,7,7,19850.0,19880.0,20029.0
nab,realKnownCause/nyc_taxi,value_x1,in_mixed,bloom,10320,15488,4096,0.39689922,48256,0,7,8152.0,8152.0,8162.0
nab,realKnownCause/nyc_taxi,value_x1,in_mixed,minmax_bloom,10320,15664,4096,0.39689922,48432,0,7,8282.0,8283.0,8292.0
nab,realTraffic/TravelTime_387,timestamp,eq_rare,scan,2500,0,2500,1.00000000,20000,2,1,3455.0,3455.0,3456.0
nab,realTraffic/TravelTime_387,timestamp,eq_rare,minmax,2500,48,1024,0.40960000,8240,0,1,1432.0,1432.0,1433.0
nab,realTraffic/TravelTime_387,timestamp,eq_rare,bloom,2500,4224,1024,0.40960000,12416,0,1,1472.0,1473.0,1482.0
nab,realTraffic/TravelTime_387,timestamp,eq_rare,minmax_bloom,2500,4272,1024,0.40960000,12464,0,1,1502.0,1502.0,1503.0
nab,realTraffic/TravelTime_387,timestamp,eq_rare,sparse_fence,2500,4000,10,0.00400000,4080,0,1,120.0,130.0,131.0
nab,realTraffic/TravelTime_387,timestamp,eq_frequent,scan,2500,0,2500,1.00000000,20000,2,1,3445.0,3455.0,3465.0
nab,realTraffic/TravelTime_387,timestamp,eq_frequent,minmax,2500,48,1024,0.40960000,8240,0,1,1432.0,1442.0,1452.0
nab,realTraffic/TravelTime_387,timestamp,eq_frequent,bloom,2500,4224,1024,0.40960000,12416,0,1,1472.0,1472.0,1482.0
nab,realTraffic/TravelTime_387,timestamp,eq_frequent,minmax_bloom,2500,4272,1024,0.40960000,12464,0,1,1492.0,1502.0,1512.0
nab,realTraffic/TravelTime_387,timestamp,eq_frequent,sparse_fence,2500,4000,10,0.00400000,4080,0,1,130.0,130.0,140.0
nab,realTraffic/TravelTime_387,timestamp,eq_absent,scan,2500,0,2500,1.00000000,20000,3,0,3426.0,3435.0,3446.0
nab,realTraffic/TravelTime_387,timestamp,eq_absent,minmax,2500,48,1024,0.40960000,8240,1,0,1422.0,1422.0,1423.0
nab,realTraffic/TravelTime_387,timestamp,eq_absent,bloom,2500,4224,0,0.00000000,4224,0,0,50.0,50.0,51.0
nab,realTraffic/TravelTime_387,timestamp,eq_absent,minmax_bloom,2500,4272,0,0.00000000,4272,0,0,60.0,60.0,61.0
nab,realTraffic/TravelTime_387,timestamp,eq_absent,sparse_fence,2500,4000,10,0.00400000,4080,1,0,110.0,120.0,120.0
nab,realTraffic/TravelTime_387,timestamp,in_mixed,scan,2500,0,2500,1.00000000,20000,2,1,3455.0,3455.0,3455.0
nab,realTraffic/TravelTime_387,timestamp,in_mixed,minmax,2500,48,1024,0.40960000,8240,0,1,1432.0,1432.0,1443.0
nab,realTraffic/TravelTime_387,timestamp,in_mixed,bloom,2500,4224,1024,0.40960000,12416,0,1,1482.0,1482.0,1492.0
nab,realTraffic/TravelTime_387,timestamp,in_mixed,minmax_bloom,2500,4272,1024,0.40960000,12464,0,1,1502.0,1512.0,1513.0
nab,realTraffic/TravelTime_387,timestamp,in_mixed,sparse_fence,2500,4000,10,0.00400000,4080,0,1,151.0,160.0,160.0
nab,realTraffic/TravelTime_387,value_x1,eq_rare,scan,2500,0,2500,1.00000000,20000,2,1,3455.0,3455.0,3456.0
nab,realTraffic/TravelTime_387,value_x1,eq_rare,minmax,2500,48,1024,0.40960000,8240,0,1,1432.0,1432.0,1433.0
nab,realTraffic/TravelTime_387,value_x1,eq_rare,bloom,2500,4224,1024,0.40960000,12416,0,1,1462.0,1462.0,1463.0
nab,realTraffic/TravelTime_387,value_x1,eq_rare,minmax_bloom,2500,4272,1024,0.40960000,12464,0,1,1492.0,1493.0,1503.0
nab,realTraffic/TravelTime_387,value_x1,eq_frequent,scan,2500,0,2500,1.00000000,20000,0,14,3565.0,3566.0,3576.0
nab,realTraffic/TravelTime_387,value_x1,eq_frequent,minmax,2500,48,2500,1.00000000,20048,0,14,3575.0,3576.0,3605.0
nab,realTraffic/TravelTime_387,value_x1,eq_frequent,bloom,2500,4224,2500,1.00000000,24224,0,14,3646.0,3665.0,3675.0
nab,realTraffic/TravelTime_387,value_x1,eq_frequent,minmax_bloom,2500,4272,2500,1.00000000,24272,0,14,3686.0,3686.0,3695.0
nab,realTraffic/TravelTime_387,value_x1,eq_absent,scan,2500,0,2500,1.00000000,20000,3,0,3435.0,3435.0,3435.0
nab,realTraffic/TravelTime_387,value_x1,eq_absent,minmax,2500,48,2500,1.00000000,20048,3,0,3435.0,3445.0,3455.0
nab,realTraffic/TravelTime_387,value_x1,eq_absent,bloom,2500,4224,0,0.00000000,4224,0,0,40.0,40.0,50.0
nab,realTraffic/TravelTime_387,value_x1,eq_absent,minmax_bloom,2500,4272,0,0.00000000,4272,0,0,60.0,60.0,60.0
nab,realTraffic/TravelTime_387,value_x1,in_mixed,scan,2500,0,2500,1.00000000,20000,0,15,4256.0,4256.0,4277.0
nab,realTraffic/TravelTime_387,value_x1,in_mixed,minmax,2500,48,2500,1.00000000,20048,0,15,4337.0,4337.0,4346.0
nab,realTraffic/TravelTime_387,value_x1,in_mixed,bloom,2500,4224,2500,1.00000000,24224,0,15,4367.0,4386.0,4397.0
nab,realTraffic/TravelTime_387,value_x1,in_mixed,minmax_bloom,2500,4272,2500,1.00000000,24272,0,15,4396.0,4397.0,4397.0
nab,realTraffic/TravelTime_451,timestamp,eq_rare,scan,2162,0,2162,1.00000000,17296,2,1,2985.0,2985.0,2994.0
nab,realTraffic/TravelTime_451,timestamp,eq_rare,minmax,2162,48,1024,0.47363552,8240,0,1,1432.0,1432.0,1433.0
nab,realTraffic/TravelTime_451,timestamp,eq_rare,bloom,2162,4224,1024,0.47363552,12416,0,1,1462.0,1462.0,1482.0
nab,realTraffic/TravelTime_451,timestamp,eq_rare,minmax_bloom,2162,4272,1024,0.47363552,12464,0,1,1483.0,1492.0,1493.0
nab,realTraffic/TravelTime_451,timestamp,eq_rare,sparse_fence,2162,3856,9,0.00416281,3928,0,1,121.0,130.0,140.0
nab,realTraffic/TravelTime_451,timestamp,eq_frequent,scan,2162,0,2162,1.00000000,17296,2,1,2994.0,2995.0,3004.0
nab,realTraffic/TravelTime_451,timestamp,eq_frequent,minmax,2162,48,1024,0.47363552,8240,0,1,1432.0,1432.0,1442.0
nab,realTraffic/TravelTime_451,timestamp,eq_frequent,bloom,2162,4224,1024,0.47363552,12416,0,1,1462.0,1463.0,1472.0
nab,realTraffic/TravelTime_451,timestamp,eq_frequent,minmax_bloom,2162,4272,1024,0.47363552,12464,0,1,1482.0,1492.0,1502.0
nab,realTraffic/TravelTime_451,timestamp,eq_frequent,sparse_fence,2162,3856,9,0.00416281,3928,0,1,120.0,121.0,140.0
nab,realTraffic/TravelTime_451,timestamp,eq_absent,scan,2162,0,2162,1.00000000,17296,3,0,2974.0,2975.0,2984.0
nab,realTraffic/TravelTime_451,timestamp,eq_absent,minmax,2162,48,1024,0.47363552,8240,1,0,1422.0,1422.0,1432.0
nab,realTraffic/TravelTime_451,timestamp,eq_absent,bloom,2162,4224,0,0.00000000,4224,0,0,40.0,40.0,50.0
nab,realTraffic/TravelTime_451,timestamp,eq_absent,minmax_bloom,2162,4272,0,0.00000000,4272,0,0,50.0,60.0,61.0
nab,realTraffic/TravelTime_451,timestamp,eq_absent,sparse_fence,2162,3856,9,0.00416281,3928,1,0,110.0,111.0,120.0
nab,realTraffic/TravelTime_451,timestamp,in_mixed,scan,2162,0,2162,1.00000000,17296,2,1,2994.0,2995.0,2995.0
nab,realTraffic/TravelTime_451,timestamp,in_mixed,minmax,2162,48,1024,0.47363552,8240,0,1,1432.0,1432.0,1432.0
nab,realTraffic/TravelTime_451,timestamp,in_mixed,bloom,2162,4224,1024,0.47363552,12416,0,1,1472.0,1472.0,1473.0
nab,realTraffic/TravelTime_451,timestamp,in_mixed,minmax_bloom,2162,4272,1024,0.47363552,12464,0,1,1492.0,1502.0,1503.0
nab,realTraffic/TravelTime_451,timestamp,in_mixed,sparse_fence,2162,3856,9,0.00416281,3928,0,1,151.0,160.0,160.0
nab,realTraffic/TravelTime_451,value_x1,eq_rare,scan,2162,0,2162,1.00000000,17296,2,1,2985.0,2994.0,2995.0
nab,realTraffic/TravelTime_451,value_x1,eq_rare,minmax,2162,48,1024,0.47363552,8240,0,1,1442.0,1442.0,1443.0
nab,realTraffic/TravelTime_451,value_x1,eq_rare,bloom,2162,4224,1024,0.47363552,12416,0,1,1472.0,1473.0,1482.0
nab,realTraffic/TravelTime_451,value_x1,eq_rare,minmax_bloom,2162,4272,1024,0.47363552,12464,0,1,1492.0,1503.0,1512.0
nab,realTraffic/TravelTime_451,value_x1,eq_frequent,scan,2162,0,2162,1.00000000,17296,0,16,3124.0,3125.0,3135.0
nab,realTraffic/TravelTime_451,value_x1,eq_frequent,minmax,2162,48,2162,1.00000000,17344,0,16,3115.0,3145.0,3174.0
nab,realTraffic/TravelTime_451,value_x1,eq_frequent,bloom,2162,4224,2162,1.00000000,21520,0,16,3225.0,3245.0,3255.0
nab,realTraffic/TravelTime_451,value_x1,eq_frequent,minmax_bloom,2162,4272,2162,1.00000000,21568,0,16,3225.0,3225.0,3255.0
nab,realTraffic/TravelTime_451,value_x1,eq_absent,scan,2162,0,2162,1.00000000,17296,3,0,2974.0,2975.0,2975.0
nab,realTraffic/TravelTime_451,value_x1,eq_absent,minmax,2162,48,1024,0.47363552,8240,1,0,1412.0,1422.0,1422.0
nab,realTraffic/TravelTime_451,value_x1,eq_absent,bloom,2162,4224,0,0.00000000,4224,0,0,40.0,50.0,50.0
nab,realTraffic/TravelTime_451,value_x1,eq_absent,minmax_bloom,2162,4272,0,0.00000000,4272,0,0,60.0,60.0,61.0
nab,realTraffic/TravelTime_451,value_x1,in_mixed,scan,2162,0,2162,1.00000000,17296,0,17,3775.0,3776.0,3786.0
nab,realTraffic/TravelTime_451,value_x1,in_mixed,minmax,2162,48,2162,1.00000000,17344,0,17,3756.0,3766.0,3776.0
nab,realTraffic/TravelTime_451,value_x1,in_mixed,bloom,2162,4224,2162,1.00000000,21520,0,17,3876.0,3886.0,3906.0
nab,realTraffic/TravelTime_451,value_x1,in_mixed,minmax_bloom,2162,4272,2162,1.00000000,21568,0,17,3866.0,3886.0,3905.0
nab,realTraffic/occupancy_6005,timestamp,eq_rare,scan,2380,0,2380,1.00000000,19040,2,1,3285.0,3285.0,3295.0
nab,realTraffic/occupancy_6005,timestamp,eq_rare,minmax,2380,48,1024,0.43025210,8240,0,1,1423.0,1432.0,1442.0
nab,realTraffic/occupancy_6005,timestamp,eq_rare,bloom,2380,4224,1024,0.43025210,12416,0,1,1462.0,1472.0,1473.0
nab,realTraffic/occupancy_6005,timestamp,eq_rare,minmax_bloom,2380,4272,1024,0.43025210,12464,0,1,1492.0,1492.0,1493.0
nab,realTraffic/occupancy_6005,timestamp,eq_rare,sparse_fence,2380,3808,10,0.00420168,3888,0,1,120.0,140.0,141.0
nab,realTraffic/occupancy_6005,timestamp,eq_frequent,scan,2380,0,2380,1.00000000,19040,2,1,3285.0,3285.0,3295.0
nab,realTraffic/occupancy_6005,timestamp,eq_frequent,minmax,2380,48,1024,0.43025210,8240,0,1,1432.0,1432.0,1433.0
nab,realTraffic/occupancy_6005,timestamp,eq_frequent,bloom,2380,4224,1024,0.43025210,12416,0,1,1462.0,1472.0,1472.0
nab,realTraffic/occupancy_6005,timestamp,eq_frequent,minmax_bloom,2380,4272,1024,0.43025210,12464,0,1,1482.0,1492.0,1493.0
nab,realTraffic/occupancy_6005,timestamp,eq_frequent,sparse_fence,2380,3808,10,0.00420168,3888,0,1,120.0,121.0,130.0
nab,realTraffic/occupancy_6005,timestamp,eq_absent,scan,2380,0,2380,1.00000000,19040,3,0,3265.0,3275.0,3275.0
nab,realTraffic/occupancy_6005,timestamp,eq_absent,minmax,2380,48,1024,0.43025210,8240,1,0,1412.0,1422.0,1423.0
nab,realTraffic/occupancy_6005,timestamp,eq_absent,bloom,2380,4224,0,0.00000000,4224,0,0,40.0,50.0,60.0
nab,realTraffic/occupancy_6005,timestamp,eq_absent,minmax_bloom,2380,4272,0,0.00000000,4272,0,0,60.0,60.0,60.0
nab,realTraffic/occupancy_6005,timestamp,eq_absent,sparse_fence,2380,3808,10,0.00420168,3888,1,0,110.0,110.0,110.0
nab,realTraffic/occupancy_6005,timestamp,in_mixed,scan,2380,0,2380,1.00000000,19040,2,1,3285.0,3285.0,3295.0
nab,realTraffic/occupancy_6005,timestamp,in_mixed,minmax,2380,48,1024,0.43025210,8240,0,1,1432.0,1432.0,1433.0
nab,realTraffic/occupancy_6005,timestamp,in_mixed,bloom,2380,4224,1024,0.43025210,12416,0,1,1472.0,1472.0,1482.0
nab,realTraffic/occupancy_6005,timestamp,in_mixed,minmax_bloom,2380,4272,1024,0.43025210,12464,0,1,1492.0,1492.0,1503.0
nab,realTraffic/occupancy_6005,timestamp,in_mixed,sparse_fence,2380,3808,10,0.00420168,3888,0,1,151.0,160.0,160.0
nab,realTraffic/occupancy_6005,value_x100,eq_rare,scan,2380,0,2380,1.00000000,19040,2,1,3285.0,3285.0,3285.0
nab,realTraffic/occupancy_6005,value_x100,eq_rare,minmax,2380,48,2380,1.00000000,19088,2,1,3295.0,3295.0,3295.0
nab,realTraffic/occupancy_6005,value_x100,eq_rare,bloom,2380,4224,1024,0.43025210,12416,0,1,1472.0,1472.0,1482.0
nab,realTraffic/occupancy_6005,value_x100,eq_rare,minmax_bloom,2380,4272,1024,0.43025210,12464,0,1,1493.0,1502.0,1503.0
nab,realTraffic/occupancy_6005,value_x100,eq_frequent,scan,2380,0,2380,1.00000000,19040,0,52,3505.0,3506.0,3545.0
nab,realTraffic/occupancy_6005,value_x100,eq_frequent,minmax,2380,48,2380,1.00000000,19088,0,52,3495.0,3515.0,3536.0
nab,realTraffic/occupancy_6005,value_x100,eq_frequent,bloom,2380,4224,2380,1.00000000,23264,0,52,3566.0,3575.0,3576.0
nab,realTraffic/occupancy_6005,value_x100,eq_frequent,minmax_bloom,2380,4272,2380,1.00000000,23312,0,52,3615.0,3625.0,3645.0
nab,realTraffic/occupancy_6005,value_x100,eq_absent,scan,2380,0,2380,1.00000000,19040,3,0,3265.0,3275.0,3294.0
nab,realTraffic/occupancy_6005,value_x100,eq_absent,minmax,2380,48,2380,1.00000000,19088,3,0,3265.0,3275.0,3275.0
nab,realTraffic/occupancy_6005,value_x100,eq_absent,bloom,2380,4224,0,0.00000000,4224,0,0,40.0,40.0,51.0
nab,realTraffic/occupancy_6005,value_x100,eq_absent,minmax_bloom,2380,4272,0,0.00000000,4272,0,0,50.0,60.0,60.0
nab,realTraffic/occupancy_6005,value_x100,in_mixed,scan,2380,0,2380,1.00000000,19040,0,53,4878.0,4888.0,4898.0
nab,realTraffic/occupancy_6005,value_x100,in_mixed,minmax,2380,48,2380,1.00000000,19088,0,53,4898.0,4907.0,5047.0
nab,realTraffic/occupancy_6005,value_x100,in_mixed,bloom,2380,4224,2380,1.00000000,23264,0,53,4948.0,4957.0,4958.0
nab,realTraffic/occupancy_6005,value_x100,in_mixed,minmax_bloom,2380,4272,2380,1.00000000,23312,0,53,4967.0,4977.0,5008.0
nab,realTraffic/occupancy_t4013,timestamp,eq_rare,scan,2500,0,2500,1.00000000,20000,2,1,3445.0,3446.0,3486.0
nab,realTraffic/occupancy_t4013,timestamp,eq_rare,minmax,2500,48,1024,0.40960000,8240,0,1,1433.0,1442.0,1442.0
nab,realTraffic/occupancy_t4013,timestamp,eq_rare,bloom,2500,4224,1024,0.40960000,12416,0,1,1472.0,1472.0,1473.0
nab,realTraffic/occupancy_t4013,timestamp,eq_rare,minmax_bloom,2500,4272,1024,0.40960000,12464,0,1,1492.0,1493.0,1503.0
nab,realTraffic/occupancy_t4013,timestamp,eq_rare,sparse_fence,2500,4000,10,0.00400000,4080,0,1,120.0,130.0,140.0
nab,realTraffic/occupancy_t4013,timestamp,eq_frequent,scan,2500,0,2500,1.00000000,20000,2,2,3455.0,3466.0,3485.0
nab,realTraffic/occupancy_t4013,timestamp,eq_frequent,minmax,2500,48,1024,0.40960000,8240,0,2,1442.0,1443.0,1452.0
nab,realTraffic/occupancy_t4013,timestamp,eq_frequent,bloom,2500,4224,1024,0.40960000,12416,0,2,1472.0,1473.0,1492.0
nab,realTraffic/occupancy_t4013,timestamp,eq_frequent,minmax_bloom,2500,4272,1024,0.40960000,12464,0,2,1502.0,1502.0,1532.0
nab,realTraffic/occupancy_t4013,timestamp,eq_frequent,sparse_fence,2500,4000,10,0.00400000,4080,0,2,130.0,130.0,131.0
nab,realTraffic/occupancy_t4013,timestamp,eq_absent,scan,2500,0,2500,1.00000000,20000,3,0,3435.0,3435.0,3445.0
nab,realTraffic/occupancy_t4013,timestamp,eq_absent,minmax,2500,48,1024,0.40960000,8240,1,0,1422.0,1422.0,1423.0
nab,realTraffic/occupancy_t4013,timestamp,eq_absent,bloom,2500,4224,0,0.00000000,4224,0,0,50.0,50.0,51.0
nab,realTraffic/occupancy_t4013,timestamp,eq_absent,minmax_bloom,2500,4272,0,0.00000000,4272,0,0,60.0,60.0,61.0
nab,realTraffic/occupancy_t4013,timestamp,eq_absent,sparse_fence,2500,4000,10,0.00400000,4080,1,0,110.0,110.0,120.0
nab,realTraffic/occupancy_t4013,timestamp,in_mixed,scan,2500,0,2500,1.00000000,20000,2,3,4807.0,4807.0,4808.0
nab,realTraffic/occupancy_t4013,timestamp,in_mixed,minmax,2500,48,1024,0.40960000,8240,0,3,1993.0,1993.0,2003.0
nab,realTraffic/occupancy_t4013,timestamp,in_mixed,bloom,2500,4224,1024,0.40960000,12416,0,3,2043.0,2053.0,2054.0
nab,realTraffic/occupancy_t4013,timestamp,in_mixed,minmax_bloom,2500,4272,1024,0.40960000,12464,0,3,2073.0,2073.0,2074.0
nab,realTraffic/occupancy_t4013,timestamp,in_mixed,sparse_fence,2500,4000,20,0.00800000,4160,0,3,210.0,210.0,211.0
nab,realTraffic/occupancy_t4013,value_x100,eq_rare,scan,2500,0,2500,1.00000000,20000,2,1,3455.0,3455.0,3456.0
nab,realTraffic/occupancy_t4013,value_x100,eq_rare,minmax,2500,48,452,0.18080000,3664,0,1,661.0,661.0,671.0
nab,realTraffic/occupancy_t4013,value_x100,eq_rare,bloom,2500,4224,452,0.18080000,7840,0,1,691.0,691.0,701.0
nab,realTraffic/occupancy_t4013,value_x100,eq_rare,minmax_bloom,2500,4272,452,0.18080000,7888,0,1,721.0,721.0,721.0
nab,realTraffic/occupancy_t4013,value_x100,eq_frequent,scan,2500,0,2500,1.00000000,20000,0,20,3676.0,3685.0,3696.0
nab,realTraffic/occupancy_t4013,value_x100,eq_frequent,minmax,2500,48,2500,1.00000000,20048,0,20,3675.0,3676.0,3696.0
nab,realTraffic/occupancy_t4013,value_x100,eq_frequent,bloom,2500,4224,2500,1.00000000,24224,0,20,3746.0,3755.0,3756.0
nab,realTraffic/occupancy_t4013,value_x100,eq_frequent,minmax_bloom,2500,4272,2500,1.00000000,24272,0,20,3785.0,3786.0,3796.0
nab,realTraffic/occupancy_t4013,value_x100,eq_absent,scan,2500,0,2500,1.00000000,20000,3,0,3435.0,3435.0,3435.0
nab,realTraffic/occupancy_t4013,value_x100,eq_absent,minmax,2500,48,452,0.18080000,3664,1,0,641.0,641.0,651.0
nab,realTraffic/occupancy_t4013,value_x100,eq_absent,bloom,2500,4224,0,0.00000000,4224,0,0,40.0,50.0,50.0
nab,realTraffic/occupancy_t4013,value_x100,eq_absent,minmax_bloom,2500,4272,0,0.00000000,4272,0,0,60.0,60.0,80.0
nab,realTraffic/occupancy_t4013,value_x100,in_mixed,scan,2500,0,2500,1.00000000,20000,0,21,5027.0,5037.0,5048.0
nab,realTraffic/occupancy_t4013,value_x100,in_mixed,minmax,2500,48,2500,1.00000000,20048,0,21,5018.0,5027.0,5048.0
nab,realTraffic/occupancy_t4013,value_x100,in_mixed,bloom,2500,4224,2500,1.00000000,24224,0,21,5097.0,5098.0,5108.0
nab,realTraffic/occupancy_t4013,value_x100,in_mixed,minmax_bloom,2500,4272,2500,1.00000000,24272,0,21,5117.0,5128.0,5188.0
nab,realTraffic/speed_6005,timestamp,eq_rare,scan,2500,0,2500,1.00000000,20000,2,1,3445.0,3446.0,3535.0
nab,realTraffic/speed_6005,timestamp,eq_rare,minmax,2500,48,1024,0.40960000,8240,0,1,1422.0,1432.0,1442.0
nab,realTraffic/speed_6005,timestamp,eq_rare,bloom,2500,4224,1024,0.40960000,12416,0,1,1462.0,1462.0,1472.0
nab,realTraffic/speed_6005,timestamp,eq_rare,minmax_bloom,2500,4272,1024,0.40960000,12464,0,1,1492.0,1492.0,1493.0
nab,realTraffic/speed_6005,timestamp,eq_rare,sparse_fence,2500,4000,10,0.00400000,4080,0,1,120.0,130.0,140.0
nab,realTraffic/speed_6005,timestamp,eq_frequent,scan,2500,0,2500,1.00000000,20000,2,1,3445.0,3455.0,3465.0
nab,realTraffic/speed_6005,timestamp,eq_frequent,minmax,2500,48,1024,0.40960000,8240,0,1,1432.0,1432.0,1443.0
nab,realTraffic/speed_6005,timestamp,eq_frequent,bloom,2500,4224,1024,0.40960000,12416,0,1,1462.0,1472.0,1472.0
nab,realTraffic/speed_6005,timestamp,eq_frequent,minmax_bloom,2500,4272,1024,0.40960000,12464,0,1,1492.0,1492.0,1502.0
nab,realTraffic/speed_6005,timestamp,eq_frequent,sparse_fence,2500,4000,10,0.00400000,4080,0,1,120.0,121.0,130.0
nab,realTraffic/speed_6005,timestamp,eq_absent,scan,2500,0,2500,1.00000000,20000,3,0,3435.0,3435.0,3436.0
nab,realTraffic/speed_6005,timestamp,eq_absent,minmax,2500,48,1024,0.40960000,8240,1,0,1422.0,1422.0,1423.0
nab,realTraffic/speed_6005,timestamp,eq_absent,bloom,2500,4224,0,0.00000000,4224,0,0,50.0,50.0,61.0
nab,realTraffic/speed_6005,timestamp,eq_absent,minmax_bloom,2500,4272,0,0.00000000,4272,0,0,60.0,70.0,80.0
nab,realTraffic/speed_6005,timestamp,eq_absent,sparse_fence,2500,4000,10,0.00400000,4080,1,0,110.0,110.0,120.0
nab,realTraffic/speed_6005,timestamp,in_mixed,scan,2500,0,2500,1.00000000,20000,2,1,4126.0,4126.0,4127.0
nab,realTraffic/speed_6005,timestamp,in_mixed,minmax,2500,48,1024,0.40960000,8240,0,1,1703.0,1712.0,1713.0
nab,realTraffic/speed_6005,timestamp,in_mixed,bloom,2500,4224,1024,0.40960000,12416,0,1,1752.0,1753.0,1762.0
nab,realTraffic/speed_6005,timestamp,in_mixed,minmax_bloom,2500,4272,1024,0.40960000,12464,0,1,1773.0,1773.0,1783.0
nab,realTraffic/speed_6005,timestamp,in_mixed,sparse_fence,2500,4000,10,0.00400000,4080,0,1,150.0,180.0,190.0
nab,realTraffic/speed_6005,value_x1,eq_rare,scan,2500,0,2500,1.00000000,20000,2,1,3445.0,3455.0,3456.0
nab,realTraffic/speed_6005,value_x1,eq_rare,minmax,2500,48,452,0.18080000,3664,0,1,661.0,661.0,661.0
nab,realTraffic/speed_6005,value_x1,eq_rare,bloom,2500,4224,452,0.18080000,7840,0,1,691.0,691.0,701.0
nab,realTraffic/speed_6005,value_x1,eq_rare,minmax_bloom,2500,4272,452,0.18080000,7888,0,1,721.0,721.0,731.0
nab,realTraffic/speed_6005,value_x1,eq_frequent,scan,2500,0,2500,1.00000000,20000,0,128,3715.0,3726.0,3735.0
nab,realTraffic/speed_6005,value_x1,eq_frequent,minmax,2500,48,2500,1.00000000,20048,0,128,3705.0,3706.0,3776.0
nab,realTraffic/speed_6005,value_x1,eq_frequent,bloom,2500,4224,2500,1.00000000,24224,0,128,3786.0,3796.0,3826.0
nab,realTraffic/speed_6005,value_x1,eq_frequent,minmax_bloom,2500,4272,2500,1.00000000,24272,0,128,3795.0,3795.0,3816.0
nab,realTraffic/speed_6005,value_x1,eq_absent,scan,2500,0,2500,1.00000000,20000,3,0,3435.0,3435.0,3435.0
nab,realTraffic/speed_6005,value_x1,eq_absent,minmax,2500,48,452,0.18080000,3664,1,0,641.0,651.0,661.0
nab,realTraffic/speed_6005,value_x1,eq_absent,bloom,2500,4224,0,0.00000000,4224,0,0,40.0,41.0,50.0
nab,realTraffic/speed_6005,value_x1,eq_absent,minmax_bloom,2500,4272,0,0.00000000,4272,0,0,51.0,60.0,60.0
nab,realTraffic/speed_6005,value_x1,in_mixed,scan,2500,0,2500,1.00000000,20000,0,129,5138.0,5148.0,5198.0
nab,realTraffic/speed_6005,value_x1,in_mixed,minmax,2500,48,2500,1.00000000,20048,0,129,5137.0,5138.0,5218.0
nab,realTraffic/speed_6005,value_x1,in_mixed,bloom,2500,4224,2500,1.00000000,24224,0,129,5218.0,5218.0,5238.0
nab,realTraffic/speed_6005,value_x1,in_mixed,minmax_bloom,2500,4272,2500,1.00000000,24272,0,129,5248.0,5248.0,5268.0
nab,realTraffic/speed_7578,timestamp,eq_rare,scan,1127,0,1127,1.00000000,9016,1,1,1572.0,1573.0,1573.0
nab,realTraffic/speed_7578,timestamp,eq_rare,minmax,1127,32,1024,0.90860692,8224,0,1,1432.0,1432.0,1442.0
nab,realTraffic/speed_7578,timestamp,eq_rare,bloom,1127,2816,1024,0.90860692,11008,0,1,1462.0,1472.0,1473.0
nab,realTraffic/speed_7578,timestamp,eq_rare,minmax_bloom,1127,2848,1024,0.90860692,11040,0,1,1492.0,1492.0,1493.0
nab,realTraffic/speed_7578,timestamp,eq_rare,sparse_fence,1127,2576,7,0.00621118,2632,0,1,120.0,120.0,140.0
nab,realTraffic/speed_7578,timestamp,eq_frequent,scan,1127,0,1127,1.00000000,9016,1,1,1572.0,1583.0,1592.0
nab,realTraffic/speed_7578,timestamp,eq_frequent,minmax,1127,32,1024,0.90860692,8224,0,1,1432.0,1442.0,1442.0
nab,realTraffic/speed_7578,timestamp,eq_frequent,bloom,1127,2816,1024,0.90860692,11008,0,1,1462.0,1472.0,1473.0
nab,realTraffic/speed_7578,timestamp,eq_frequent,minmax_bloom,1127,2848,1024,0.90860692,11040,0,1,1492.0,1492.0,1493.0
nab,realTraffic/speed_7578,timestamp,eq_frequent,sparse_fence,1127,2576,7,0.00621118,2632,0,1,120.0,130.0,140.0
nab,realTraffic/speed_7578,timestamp,eq_absent,scan,1127,0,1127,1.00000000,9016,2,0,1562.0,1563.0,1563.0
nab,realTraffic/speed_7578,timestamp,eq_absent,minmax,1127,32,1024,0.90860692,8224,1,0,1422.0,1422.0,1422.0
nab,realTraffic/speed_7578,timestamp,eq_absent,bloom,1127,2816,0,0.00000000,2816,0,0,40.0,40.0,60.0
nab,realTraffic/speed_7578,timestamp,eq_absent,minmax_bloom,1127,2848,0,0.00000000,2848,0,0,50.0,50.0,60.0
nab,realTraffic/speed_7578,timestamp,eq_absent,sparse_fence,1127,2576,7,0.00621118,2632,1,0,110.0,120.0,121.0
nab,realTraffic/speed_7578,timestamp,in_mixed,scan,1127,0,1127,1.00000000,9016,1,1,1893.0,1893.0,1893.0
nab,realTraffic/speed_7578,timestamp,in_mixed,minmax,1127,32,1024,0.90860692,8224,0,1,1712.0,1713.0,1713.0
nab,realTraffic/speed_7578,timestamp,in_mixed,bloom,1127,2816,1024,0.90860692,11008,0,1,1743.0,1743.0,1753.0
nab,realTraffic/speed_7578,timestamp,in_mixed,minmax_bloom,1127,2848,1024,0.90860692,11040,0,1,1772.0,1772.0,1773.0
nab,realTraffic/speed_7578,timestamp,in_mixed,sparse_fence,1127,2576,7,0.00621118,2632,0,1,150.0,160.0,171.0
nab,realTraffic/speed_7578,value_x1,eq_rare,scan,1127,0,1127,1.00000000,9016,1,1,1572.0,1572.0,1573.0
nab,realTraffic/speed_7578,value_x1,eq_rare,minmax,1127,32,1024,0.90860692,8224,0,1,1423.0,1432.0,1433.0
nab,realTraffic/speed_7578,value_x1,eq_rare,bloom,1127,2816,1024,0.90860692,11008,0,1,1452.0,1462.0,1472.0
nab,realTraffic/speed_7578,value_x1,eq_rare,minmax_bloom,1127,2848,1024,0.90860692,11040,0,1,1482.0,1492.0,1493.0
nab,realTraffic/speed_7578,value_x1,eq_frequent,scan,1127,0,1127,1.00000000,9016,0,126,1753.0,1763.0,1782.0
nab,realTraffic/speed_7578,value_x1,eq_frequent,minmax,1127,32,1127,1.00000000,9048,0,126,1732.0,1733.0,1752.0
nab,realTraffic/speed_7578,value_x1,eq_frequent,bloom,1127,2816,1127,1.00000000,11832,0,126,1782.0,1783.0,1783.0
nab,realTraffic/speed_7578,value_x1,eq_frequent,minmax_bloom,1127,2848,1127,1.00000000,11864,0,126,1843.0,1843.0,1883.0
nab,realTraffic/speed_7578,value_x1,eq_absent,scan,1127,0,1127,1.00000000,9016,2,0,1562.0,1563.0,1563.0
nab,realTraffic/speed_7578,value_x1,eq_absent,minmax,1127,32,1024,0.90860692,8224,1,0,1412.0,1422.0,1422.0
nab,realTraffic/speed_7578,value_x1,eq_absent,bloom,1127,2816,0,0.00000000,2816,0,0,40.0,40.0,40.0
nab,realTraffic/speed_7578,value_x1,eq_absent,minmax_bloom,1127,2848,0,0.00000000,2848,0,0,50.0,50.0,60.0
nab,realTraffic/speed_7578,value_x1,in_mixed,scan,1127,0,1127,1.00000000,9016,0,127,2394.0,2404.0,2424.0
nab,realTraffic/speed_7578,value_x1,in_mixed,minmax,1127,32,1127,1.00000000,9048,0,127,2384.0,2394.0,2424.0
nab,realTraffic/speed_7578,value_x1,in_mixed,bloom,1127,2816,1127,1.00000000,11832,0,127,2434.0,2443.0,2444.0
nab,realTraffic/speed_7578,value_x1,in_mixed,minmax_bloom,1127,2848,1127,1.00000000,11864,0,127,2454.0,2463.0,2474.0
nab,realTraffic/speed_t4013,timestamp,eq_rare,scan,2495,0,2495,1.00000000,19960,2,1,3435.0,3435.0,3446.0
nab,realTraffic/speed_t4013,timestamp,eq_rare,minmax,2495,48,1024,0.41042084,8240,0,1,1432.0,1432.0,1433.0
nab,realTraffic/speed_t4013,timestamp,eq_rare,bloom,2495,4224,1024,0.41042084,12416,0,1,1472.0,1472.0,1483.0
nab,realTraffic/speed_t4013,timestamp,eq_rare,minmax_bloom,2495,4272,1024,0.41042084,12464,0,1,1483.0,1492.0,1493.0
nab,realTraffic/speed_t4013,timestamp,eq_rare,sparse_fence,2495,4000,10,0.00400802,4080,0,1,120.0,140.0,151.0
nab,realTraffic/speed_t4013,timestamp,eq_frequent,scan,2495,0,2495,1.00000000,19960,2,2,3446.0,3455.0,3465.0
nab,realTraffic/speed_t4013,timestamp,eq_frequent,minmax,2495,48,1024,0.41042084,8240,0,2,1432.0,1442.0,1453.0
nab,realTraffic/speed_t4013,timestamp,eq_frequent,bloom,2495,4224,1024,0.41042084,12416,0,2,1472.0,1472.0,1473.0
nab,realTraffic/speed_t4013,timestamp,eq_frequent,minmax_bloom,2495,4272,1024,0.41042084,12464,0,2,1492.0,1502.0,1503.0
nab,realTraffic/speed_t4013,timestamp,eq_frequent,sparse_fence,2495,4000,10,0.00400802,4080,0,2,120.0,130.0,131.0
nab,realTraffic/speed_t4013,timestamp,eq_absent,scan,2495,0,2495,1.00000000,19960,3,0,3425.0,3426.0,3435.0
nab,realTraffic/speed_t4013,timestamp,eq_absent,minmax,2495,48,1024,0.41042084,8240,1,0,1412.0,1422.0,1423.0
nab,realTraffic/speed_t4013,timestamp,eq_absent,bloom,2495,4224,0,0.00000000,4224,0,0,40.0,50.0,60.0
nab,realTraffic/speed_t4013,timestamp,eq_absent,minmax_bloom,2495,4272,0,0.00000000,4272,0,0,60.0,60.0,61.0
nab,realTraffic/speed_t4013,timestamp,eq_absent,sparse_fence,2495,4000,10,0.00400802,4080,1,0,110.0,110.0,120.0
nab,realTraffic/speed_t4013,timestamp,in_mixed,scan,2495,0,2495,1.00000000,19960,2,3,4797.0,4807.0,4817.0
nab,realTraffic/speed_t4013,timestamp,in_mixed,minmax,2495,48,1024,0.41042084,8240,0,3,1983.0,1993.0,1993.0
nab,realTraffic/speed_t4013,timestamp,in_mixed,bloom,2495,4224,1024,0.41042084,12416,0,3,2043.0,2053.0,2053.0
nab,realTraffic/speed_t4013,timestamp,in_mixed,minmax_bloom,2495,4272,1024,0.41042084,12464,0,3,2073.0,2073.0,2074.0
nab,realTraffic/speed_t4013,timestamp,in_mixed,sparse_fence,2495,4000,20,0.00801603,4160,0,3,211.0,230.0,230.0
nab,realTraffic/speed_t4013,value_x1,eq_rare,scan,2495,0,2495,1.00000000,19960,2,1,3435.0,3435.0,3445.0
nab,realTraffic/speed_t4013,value_x1,eq_rare,minmax,2495,48,447,0.17915832,3624,0,1,651.0,651.0,651.0
nab,realTraffic/speed_t4013,value_x1,eq_rare,bloom,2495,4224,447,0.17915832,7800,0,1,681.0,681.0,691.0
nab,realTraffic/speed_t4013,value_x1,eq_rare,minmax_bloom,2495,4272,447,0.17915832,7848,0,1,701.0,711.0,712.0
nab,realTraffic/speed_t4013,value_x1,eq_frequent,scan,2495,0,2495,1.00000000,19960,0,329,3856.0,3865.0,3906.0
nab,realTraffic/speed_t4013,value_x1,eq_frequent,minmax,2495,48,2495,1.00000000,20008,0,329,3866.0,3866.0,3886.0
nab,realTraffic/speed_t4013,value_x1,eq_frequent,bloom,2495,4224,2495,1.00000000,24184,0,329,3936.0,3966.0,4026.0
nab,realTraffic/speed_t4013,value_x1,eq_frequent,minmax_bloom,2495,4272,2495,1.00000000,24232,0,329,3956.0,3966.0,3976.0
nab,realTraffic/speed_t4013,value_x1,eq_absent,scan,2495,0,2495,1.00000000,19960,3,0,3425.0,3425.0,3436.0
nab,realTraffic/speed_t4013,value_x1,eq_absent,minmax,2495,48,447,0.17915832,3624,1,0,631.0,641.0,651.0
nab,realTraffic/speed_t4013,value_x1,eq_absent,bloom,2495,4224,0,0.00000000,4224,0,0,40.0,40.0,50.0
nab,realTraffic/speed_t4013,value_x1,eq_absent,minmax_bloom,2495,4272,0,0.00000000,4272,0,0,60.0,60.0,60.0
nab,realTraffic/speed_t4013,value_x1,in_mixed,scan,2495,0,2495,1.00000000,19960,0,330,5288.0,5288.0,5298.0
nab,realTraffic/speed_t4013,value_x1,in_mixed,minmax,2495,48,2495,1.00000000,20008,0,330,5288.0,5308.0,5318.0
nab,realTraffic/speed_t4013,value_x1,in_mixed,bloom,2495,4224,2495,1.00000000,24184,0,330,5368.0,5368.0,5378.0
nab,realTraffic/speed_t4013,value_x1,in_mixed,minmax_bloom,2495,4272,2495,1.00000000,24232,0,330,5378.0,5388.0,5388.0
nab,realTweets/Twitter_volume_AAPL,timestamp,eq_rare,scan,15902,0,15902,1.00000000,127216,15,1,21663.0,21672.0,21673.0
nab,realTweets/Twitter_volume_AAPL,timestamp,eq_rare,minmax,15902,256,1024,0.06439442,8448,0,1,1442.0,1442.0,1443.0
nab,realTweets/Twitter_volume_AAPL,timestamp,eq_rare,bloom,15902,22528,1024,0.06439442,30720,0,1,1552.0,1553.0,1562.0
nab,realTweets/Twitter_volume_AAPL,timestamp,eq_rare,minmax_bloom,15902,22784,1024,0.06439442,30976,0,1,1592.0,1592.0,1592.0
nab,realTweets/Twitter_volume_AAPL,timestamp,eq_rare,sparse_fence,15902,21216,12,0.00075462,21312,0,1,130.0,130.0,140.0
nab,realTweets/Twitter_volume_AAPL,timestamp,eq_frequent,scan,15902,0,15902,1.00000000,127216,15,1,21663.0,21673.0,21712.0
nab,realTweets/Twitter_volume_AAPL,timestamp,eq_frequent,minmax,15902,256,1024,0.06439442,8448,0,1,1442.0,1443.0,1452.0
nab,realTweets/Twitter_volume_AAPL,timestamp,eq_frequent,bloom,15902,22528,1024,0.06439442,30720,0,1,1552.0,1553.0,1563.0
nab,realTweets/Twitter_volume_AAPL,timestamp,eq_frequent,minmax_bloom,15902,22784,1024,0.06439442,30976,0,1,1582.0,1592.0,1593.0
nab,realTweets/Twitter_volume_AAPL,timestamp,eq_frequent,sparse_fence,15902,21216,12,0.00075462,21312,0,1,130.0,130.0,130.0
nab,realTweets/Twitter_volume_AAPL,timestamp,eq_absent,scan,15902,0,15902,1.00000000,127216,16,0,21642.0,21652.0,21653.0
nab,realTweets/Twitter_volume_AAPL,timestamp,eq_absent,minmax,15902,256,1024,0.06439442,8448,1,0,1432.0,1432.0,1442.0
nab,realTweets/Twitter_volume_AAPL,timestamp,eq_absent,bloom,15902,22528,0,0.00000000,22528,0,0,130.0,130.0,131.0
nab,realTweets/Twitter_volume_AAPL,timestamp,eq_absent,minmax_bloom,15902,22784,0,0.00000000,22784,0,0,150.0,150.0,170.0
nab,realTweets/Twitter_volume_AAPL,timestamp,eq_absent,sparse_fence,15902,21216,12,0.00075462,21312,1,0,120.0,120.0,121.0
nab,realTweets/Twitter_volume_AAPL,timestamp,in_mixed,scan,15902,0,15902,1.00000000,127216,15,1,25979.0,25979.0,25999.0
nab,realTweets/Twitter_volume_AAPL,timestamp,in_mixed,minmax,15902,256,1024,0.06439442,8448,0,1,1733.0,1763.0,1923.0
nab,realTweets/Twitter_volume_AAPL,timestamp,in_mixed,bloom,15902,22528,1024,0.06439442,30720,0,1,1923.0,1932.0,1933.0
nab,realTweets/Twitter_volume_AAPL,timestamp,in_mixed,minmax_bloom,15902,22784,1024,0.06439442,30976,0,1,1963.0,2013.0,2153.0
nab,realTweets/Twitter_volume_AAPL,timestamp,in_mixed,sparse_fence,15902,21216,12,0.00075462,21312,0,1,170.0,190.0,200.0
nab,realTweets/Twitter_volume_AAPL,value_x1,eq_rare,scan,15902,0,15902,1.00000000,127216,15,1,21662.0,21672.0,21673.0
nab,realTweets/Twitter_volume_AAPL,value_x1,eq_rare,minmax,15902,256,1024,0.06439442,8448,0,1,1443.0,1452.0,1452.0
nab,realTweets/Twitter_volume_AAPL,value_x1,eq_rare,bloom,15902,22528,1024,0.06439442,30720,0,1,1522.0,1522.0,1532.0
nab,realTweets/Twitter_volume_AAPL,value_x1,eq_rare,minmax_bloom,15902,22784,1024,0.06439442,30976,0,1,1552.0,1553.0,1563.0
nab,realTweets/Twitter_volume_AAPL,value_x1,eq_frequent,scan,15902,0,15902,1.00000000,127216,0,259,22774.0,22775.0,22824.0
nab,realTweets/Twitter_volume_AAPL,value_x1,eq_frequent,minmax,15902,256,15902,1.00000000,127472,0,259,22844.0,22874.0,22894.0
nab,realTweets/Twitter_volume_AAPL,value_x1,eq_frequent,bloom,15902,22528,15902,1.00000000,149744,0,259,23235.0,23255.0,23315.0
nab,realTweets/Twitter_volume_AAPL,value_x1,eq_frequent,minmax_bloom,15902,22784,15902,1.00000000,150000,0,259,23575.0,23696.0,24006.0
nab,realTweets/Twitter_volume_AAPL,value_x1,eq_absent,scan,15902,0,15902,1.00000000,127216,16,0,21643.0,21652.0,21653.0
nab,realTweets/Twitter_volume_AAPL,value_x1,eq_absent,minmax,15902,256,15902,1.00000000,127472,16,0,21743.0,21743.0,21822.0
nab,realTweets/Twitter_volume_AAPL,value_x1,eq_absent,bloom,15902,22528,0,0.00000000,22528,0,0,90.0,100.0,101.0
nab,realTweets/Twitter_volume_AAPL,value_x1,eq_absent,minmax_bloom,15902,22784,0,0.00000000,22784,0,0,190.0,190.0,200.0
nab,realTweets/Twitter_volume_AAPL,value_x1,in_mixed,scan,15902,0,15902,1.00000000,127216,0,260,27251.0,27261.0,27331.0
nab,realTweets/Twitter_volume_AAPL,value_x1,in_mixed,minmax,15902,256,15902,1.00000000,127472,0,260,27371.0,27401.0,27401.0
nab,realTweets/Twitter_volume_AAPL,value_x1,in_mixed,bloom,15902,22528,15902,1.00000000,149744,0,260,27791.0,27882.0,28022.0
nab,realTweets/Twitter_volume_AAPL,value_x1,in_mixed,minmax_bloom,15902,22784,15902,1.00000000,150000,0,260,27931.0,27942.0,28102.0
nab,realTweets/Twitter_volume_AMZN,timestamp,eq_rare,scan,15831,0,15831,1.00000000,126648,15,1,25859.0,25869.0,25869.0
nab,realTweets/Twitter_volume_AMZN,timestamp,eq_rare,minmax,15831,256,1024,0.06468322,8448,0,1,1713.0,1723.0,1732.0
nab,realTweets/Twitter_volume_AMZN,timestamp,eq_rare,bloom,15831,22528,1024,0.06468322,30720,0,1,1813.0,1823.0,1833.0
nab,realTweets/Twitter_volume_AMZN,timestamp,eq_rare,minmax_bloom,15831,22784,1024,0.06468322,30976,0,1,1853.0,1862.0,1863.0
nab,realTweets/Twitter_volume_AMZN,timestamp,eq_rare,sparse_fence,15831,21120,12,0.00075801,21216,0,1,130.0,140.0,140.0
nab,realTweets/Twitter_volume_AMZN,timestamp,eq_frequent,scan,15831,0,15831,1.00000000,126648,15,1,25859.0,25869.0,25869.0
nab,realTweets/Twitter_volume_AMZN,timestamp,eq_frequent,minmax,15831,256,1024,0.06468322,8448,0,1,1712.0,1713.0,1723.0
nab,realTweets/Twitter_volume_AMZN,timestamp,eq_frequent,bloom,15831,22528,1024,0.06468322,30720,0,1,1823.0,1823.0,1833.0
nab,realTweets/Twitter_volume_AMZN,timestamp,eq_frequent,minmax_bloom,15831,22784,1024,0.06468322,30976,0,1,1853.0,1853.0,1863.0
nab,realTweets/Twitter_volume_AMZN,timestamp,eq_frequent,sparse_fence,15831,21120,12,0.00075801,21216,0,1,130.0,131.0,140.0
nab,realTweets/Twitter_volume_AMZN,timestamp,eq_absent,scan,15831,0,15831,1.00000000,126648,16,0,25839.0,25849.0,25859.0
nab,realTweets/Twitter_volume_AMZN,timestamp,eq_absent,minmax,15831,256,1024,0.06468322,8448,1,0,1703.0,1712.0,1713.0
nab,realTweets/Twitter_volume_AMZN,timestamp,eq_absent,bloom,15831,22528,0,0.00000000,22528,0,0,130.0,130.0,131.0
nab,realTweets/Twitter_volume_AMZN,timestamp,eq_absent,minmax_bloom,15831,22784,0,0.00000000,22784,0,0,150.0,151.0,161.0
nab,realTweets/Twitter_volume_AMZN,timestamp,eq_absent,sparse_fence,15831,21120,12,0.00075801,21216,1,0,120.0,121.0,131.0
nab,realTweets/Twitter_volume_AMZN,timestamp,in_mixed,scan,15831,0,15831,1.00000000,126648,15,1,30135.0,30145.0,30145.0
nab,realTweets/Twitter_volume_AMZN,timestamp,in_mixed,minmax,15831,256,1024,0.06468322,8448,0,1,2003.0,2003.0,2003.0
nab,realTweets/Twitter_volume_AMZN,timestamp,in_mixed,bloom,15831,22528,1024,0.06468322,30720,0,1,2193.0,2194.0,2203.0
nab,realTweets/Twitter_volume_AMZN,timestamp,in_mixed,minmax_bloom,15831,22784,1024,0.06468322,30976,0,1,2233.0,2233.0,2234.0
nab,realTweets/Twitter_volume_AMZN,timestamp,in_mixed,sparse_fence,15831,21120,12,0.00075801,21216,0,1,170.0,180.0,200.0
nab,realTweets/Twitter_volume_AMZN,value_x1,eq_rare,scan,15831,0,15831,1.00000000,126648,15,1,21582.0,21583.0,21612.0
nab,realTweets/Twitter_volume_AMZN,value_x1,eq_rare,minmax,15831,256,1024,0.06468322,8448,0,1,1442.0,1452.0,1473.0
nab,realTweets/Twitter_volume_AMZN,value_x1,eq_rare,bloom,15831,22528,1024,0.06468322,30720,0,1,1522.0,1523.0,1533.0
nab,realTweets/Twitter_volume_AMZN,value_x1,eq_rare,minmax_bloom,15831,22784,1024,0.06468322,30976,0,1,1562.0,1562.0,1583.0
nab,realTweets/Twitter_volume_AMZN,value_x1,eq_frequent,scan,15831,0,15831,1.00000000,126648,0,308,22925.0,22955.0,23185.0
nab,realTweets/Twitter_volume_AMZN,value_x1,eq_frequent,minmax,15831,256,15831,1.00000000,126904,0,308,23055.0,23074.0,23195.0
nab,realTweets/Twitter_volume_AMZN,value_x1,eq_frequent,bloom,15831,22528,15831,1.00000000,149176,0,308,23395.0,23435.0,23495.0
nab,realTweets/Twitter_volume_AMZN,value_x1,eq_frequent,minmax_bloom,15831,22784,15831,1.00000000,149432,0,308,23575.0,23605.0,23616.0
nab,realTweets/Twitter_volume_AMZN,value_x1,eq_absent,scan,15831,0,15831,1.00000000,126648,16,0,21552.0,21562.0,21563.0
nab,realTweets/Twitter_volume_AMZN,value_x1,eq_absent,minmax,15831,256,1024,0.06468322,8448,1,0,1423.0,1432.0,1442.0
nab,realTweets/Twitter_volume_AMZN,value_x1,eq_absent,bloom,15831,22528,0,0.00000000,22528,0,0,90.0,100.0,100.0
nab,realTweets/Twitter_volume_AMZN,value_x1,eq_absent,minmax_bloom,15831,22784,0,0.00000000,22784,0,0,120.0,120.0,130.0
nab,realTweets/Twitter_volume_AMZN,value_x1,in_mixed,scan,15831,0,15831,1.00000000,126648,0,309,32078.0,32088.0,32138.0
nab,realTweets/Twitter_volume_AMZN,value_x1,in_mixed,minmax,15831,256,15831,1.00000000,126904,0,309,32188.0,32188.0,32229.0
nab,realTweets/Twitter_volume_AMZN,value_x1,in_mixed,bloom,15831,22528,15831,1.00000000,149176,0,309,32659.0,32679.0,32839.0
nab,realTweets/Twitter_volume_AMZN,value_x1,in_mixed,minmax_bloom,15831,22784,15831,1.00000000,149432,0,309,32929.0,33099.0,33160.0
nab,realTweets/Twitter_volume_CRM,timestamp,eq_rare,scan,15902,0,15902,1.00000000,127216,15,1,21663.0,21672.0,21682.0
nab,realTweets/Twitter_volume_CRM,timestamp,eq_rare,minmax,15902,256,1024,0.06439442,8448,0,1,1433.0,1442.0,1442.0
nab,realTweets/Twitter_volume_CRM,timestamp,eq_rare,bloom,15902,22528,1024,0.06439442,30720,0,1,1542.0,1543.0,1553.0
nab,realTweets/Twitter_volume_CRM,timestamp,eq_rare,minmax_bloom,15902,22784,1024,0.06439442,30976,0,1,1582.0,1583.0,1583.0
nab,realTweets/Twitter_volume_CRM,timestamp,eq_rare,sparse_fence,15902,21216,12,0.00075462,21312,0,1,130.0,130.0,131.0
nab,realTweets/Twitter_volume_CRM,timestamp,eq_frequent,scan,15902,0,15902,1.00000000,127216,15,1,21672.0,21672.0,21673.0
nab,realTweets/Twitter_volume_CRM,timestamp,eq_frequent,minmax,15902,256,1024,0.06439442,8448,0,1,1442.0,1442.0,1452.0
nab,realTweets/Twitter_volume_CRM,timestamp,eq_frequent,bloom,15902,22528,1024,0.06439442,30720,0,1,1542.0,1552.0,1553.0
nab,realTweets/Twitter_volume_CRM,timestamp,eq_frequent,minmax_bloom,15902,22784,1024,0.06439442,30976,0,1,1582.0,1583.0,1583.0
nab,realTweets/Twitter_volume_CRM,timestamp,eq_frequent,sparse_fence,15902,21216,12,0.00075462,21312,0,1,130.0,130.0,140.0
nab,realTweets/Twitter_volume_CRM,timestamp,eq_absent,scan,15902,0,15902,1.00000000,127216,16,0,21643.0,21652.0,21653.0
nab,realTweets/Twitter_volume_CRM,timestamp,eq_absent,minmax,15902,256,1024,0.06439442,8448,1,0,1423.0,1432.0,1442.0
nab,realTweets/Twitter_volume_CRM,timestamp,eq_absent,bloom,15902,22528,0,0.00000000,22528,0,0,130.0,130.0,131.0
nab,realTweets/Twitter_volume_CRM,timestamp,eq_absent,minmax_bloom,15902,22784,0,0.00000000,22784,0,0,150.0,151.0,160.0
nab,realTweets/Twitter_volume_CRM,timestamp,eq_absent,sparse_fence,15902,21216,12,0.00075462,21312,1,0,120.0,120.0,121.0
nab,realTweets/Twitter_volume_CRM,timestamp,in_mixed,scan,15902,0,15902,1.00000000,127216,15,1,25979.0,25979.0,26019.0
nab,realTweets/Twitter_volume_CRM,timestamp,in_mixed,minmax,15902,256,1024,0.06439442,8448,0,1,1723.0,1733.0,1733.0
nab,realTweets/Twitter_volume_CRM,timestamp,in_mixed,bloom,15902,22528,1024,0.06439442,30720,0,1,1923.0,1923.0,1923.0
nab,realTweets/Twitter_volume_CRM,timestamp,in_mixed,minmax_bloom,15902,22784,1024,0.06439442,30976,0,1,1963.0,1973.0,1983.0
nab,realTweets/Twitter_volume_CRM,timestamp,in_mixed,sparse_fence,15902,21216,12,0.00075462,21312,0,1,171.0,180.0,181.0
nab,realTweets/Twitter_volume_CRM,value_x1,eq_rare,scan,15902,0,15902,1.00000000,127216,15,1,21662.0,21662.0,21663.0
nab,realTweets/Twitter_volume_CRM,value_x1,eq_rare,minmax,15902,256,6144,0.38636649,49408,5,1,8493.0,8512.0,8522.0
nab,realTweets/Twitter_volume_CRM,value_x1,eq_rare,bloom,15902,22528,1024,0.06439442,30720,0,1,1522.0,1523.0,1523.0
nab,realTweets/Twitter_volume_CRM,value_x1,eq_rare,minmax_bloom,15902,22784,1024,0.06439442,30976,0,1,1613.0,1653.0,1713.0
nab,realTweets/Twitter_volume_CRM,value_x1,eq_frequent,scan,15902,0,15902,1.00000000,127216,0,3108,24446.0,24507.0,24577.0
nab,realTweets/Twitter_volume_CRM,value_x1,eq_frequent,minmax,15902,256,15902,1.00000000,127472,0,3108,24477.0,24487.0,24496.0
nab,realTweets/Twitter_volume_CRM,value_x1,eq_frequent,bloom,15902,22528,15902,1.00000000,149744,0,3108,24837.0,24887.0,25128.0
nab,realTweets/Twitter_volume_CRM,value_x1,eq_frequent,minmax_bloom,15902,22784,15902,1.00000000,150000,0,3108,25068.0,25158.0,25308.0
nab,realTweets/Twitter_volume_CRM,value_x1,eq_absent,scan,15902,0,15902,1.00000000,127216,16,0,21643.0,21652.0,21653.0
nab,realTweets/Twitter_volume_CRM,value_x1,eq_absent,minmax,15902,256,2048,0.12878883,16640,2,0,2834.0,2835.0,2855.0
nab,realTweets/Twitter_volume_CRM,value_x1,eq_absent,bloom,15902,22528,0,0.00000000,22528,0,0,100.0,100.0,101.0
nab,realTweets/Twitter_volume_CRM,value_x1,eq_absent,minmax_bloom,15902,22784,0,0.00000000,22784,0,0,120.0,120.0,121.0
nab,realTweets/Twitter_volume_CRM,value_x1,in_mixed,scan,15902,0,15902,1.00000000,127216,0,3109,32899.0,36254.0,44256.0
nab,realTweets/Twitter_volume_CRM,value_x1,in_mixed,minmax,15902,256,15902,1.00000000,127472,0,3109,31697.0,31718.0,31818.0
nab,realTweets/Twitter_volume_CRM,value_x1,in_mixed,bloom,15902,22528,15902,1.00000000,149744,0,3109,32048.0,32068.0,32268.0
nab,realTweets/Twitter_volume_CRM,value_x1,in_mixed,minmax_bloom,15902,22784,15902,1.00000000,150000,0,3109,32328.0,32559.0,33150.0
nab,realTweets/Twitter_volume_CVS,timestamp,eq_rare,scan,15853,0,15853,1.00000000,126824,15,1,21602.0,21602.0,21603.0
nab,realTweets/Twitter_volume_CVS,timestamp,eq_rare,minmax,15853,256,1024,0.06459345,8448,0,1,1442.0,1442.0,1443.0
nab,realTweets/Twitter_volume_CVS,timestamp,eq_rare,bloom,15853,22528,1024,0.06459345,30720,0,1,1542.0,1542.0,1552.0
nab,realTweets/Twitter_volume_CVS,timestamp,eq_rare,minmax_bloom,15853,22784,1024,0.06459345,30976,0,1,1582.0,1582.0,1583.0
nab,realTweets/Twitter_volume_CVS,timestamp,eq_rare,sparse_fence,15853,21152,12,0.00075695,21248,0,1,130.0,130.0,141.0
nab,realTweets/Twitter_volume_CVS,timestamp,eq_frequent,scan,15853,0,15853,1.00000000,126824,15,1,21592.0,21593.0,21602.0
nab,realTweets/Twitter_volume_CVS,timestamp,eq_frequent,minmax,15853,256,1024,0.06459345,8448,0,1,1442.0,1442.0,1452.0
nab,realTweets/Twitter_volume_CVS,timestamp,eq_frequent,bloom,15853,22528,1024,0.06459345,30720,0,1,1542.0,1552.0,1562.0
nab,realTweets/Twitter_volume_CVS,timestamp,eq_frequent,minmax_bloom,15853,22784,1024,0.06459345,30976,0,1,1572.0,1582.0,1582.0
nab,realTweets/Twitter_volume_CVS,timestamp,eq_frequent,sparse_fence,15853,21152,12,0.00075695,21248,0,1,130.0,130.0,140.0
nab,realTweets/Twitter_volume_CVS,timestamp,eq_absent,scan,15853,0,15853,1.00000000,126824,16,0,21573.0,21582.0,21582.0
nab,realTweets/Twitter_volume_CVS,timestamp,eq_absent,minmax,15853,256,1024,0.06459345,8448,1,0,1432.0,1432.0,1432.0
nab,realTweets/Twitter_volume_CVS,timestamp,eq_absent,bloom,15853,22528,0,0.00000000,22528,0,0,130.0,130.0,131.0
nab,realTweets/Twitter_volume_CVS,timestamp,eq_absent,minmax_bloom,15853,22784,0,0.00000000,22784,0,0,150.0,150.0,151.0
nab,realTweets/Twitter_volume_CVS,timestamp,eq_absent,sparse_fence,15853,21152,12,0.00075695,21248,1,0,120.0,120.0,130.0
nab,realTweets/Twitter_volume_CVS,timestamp,in_mixed,scan,15853,0,15853,1.00000000,126824,15,1,25889.0,25889.0,25899.0
nab,realTweets/Twitter_volume_CVS,timestamp,in_mixed,minmax,15853,256,1024,0.06459345,8448,0,1,1722.0,1723.0,1733.0
nab,realTweets/Twitter_volume_CVS,timestamp,in_mixed,bloom,15853,22528,1024,0.06459345,30720,0,1,1913.0,1923.0,1923.0
nab,realTweets/Twitter_volume_CVS,timestamp,in_mixed,minmax_bloom,15853,22784,1024,0.06459345,30976,0,1,1953.0,1953.0,1963.0
nab,realTweets/Twitter_volume_CVS,timestamp,in_mixed,sparse_fence,15853,21152,12,0.00075695,21248,0,1,170.0,171.0,180.0
nab,realTweets/Twitter_volume_CVS,value_x1,eq_rare,scan,15853,0,15853,1.00000000,126824,15,1,21593.0,21602.0,21613.0
nab,realTweets/Twitter_volume_CVS,value_x1,eq_rare,minmax,15853,256,4096,0.25837381,33024,3,1,5638.0,5638.0,5639.0
nab,realTweets/Twitter_volume_CVS,value_x1,eq_rare,bloom,15853,22528,1024,0.06459345,30720,0,1,1522.0,1523.0,1552.0
nab,realTweets/Twitter_volume_CVS,value_x1,eq_rare,minmax_bloom,15853,22784,1024,0.06459345,30976,0,1,1562.0,1572.0,1593.0
nab,realTweets/Twitter_volume_CVS,value_x1,eq_frequent,scan,15853,0,15853,1.00000000,126824,0,12203,26570.0,26620.0,29534.0
nab,realTweets/Twitter_volume_CVS,value_x1,eq_frequent,minmax,15853,256,15853,1.00000000,127080,0,12203,26640.0,26650.0,26720.0
nab,realTweets/Twitter_volume_CVS,value_x1,eq_frequent,bloom,15853,22528,15853,1.00000000,149352,0,12203,26951.0,26970.0,27010.0
nab,realTweets/Twitter_volume_CVS,value_x1,eq_frequent,minmax_bloom,15853,22784,15853,1.00000000,149608,0,12203,27240.0,27241.0,27331.0
nab,realTweets/Twitter_volume_CVS,value_x1,eq_absent,scan,15853,0,15853,1.00000000,126824,16,0,21592.0,21592.0,21593.0
nab,realTweets/Twitter_volume_CVS,value_x1,eq_absent,minmax,15853,256,3072,0.19378036,24832,3,0,4226.0,4226.0,4237.0
nab,realTweets/Twitter_volume_CVS,value_x1,eq_absent,bloom,15853,22528,0,0.00000000,22528,0,0,91.0,100.0,100.0
nab,realTweets/Twitter_volume_CVS,value_x1,eq_absent,minmax_bloom,15853,22784,0,0.00000000,22784,0,0,120.0,120.0,130.0
nab,realTweets/Twitter_volume_CVS,value_x1,in_mixed,scan,15853,0,15853,1.00000000,126824,0,12204,26259.0,26290.0,27261.0
nab,realTweets/Twitter_volume_CVS,value_x1,in_mixed,minmax,15853,256,15853,1.00000000,127080,0,12204,26329.0,26349.0,26380.0
nab,realTweets/Twitter_volume_CVS,value_x1,in_mixed,bloom,15853,22528,15853,1.00000000,149352,0,12204,26660.0,26680.0,26780.0
nab,realTweets/Twitter_volume_CVS,value_x1,in_mixed,minmax_bloom,15853,22784,15853,1.00000000,149608,0,12204,26870.0,26890.0,27151.0
nab,realTweets/Twitter_volume_FB,timestamp,eq_rare,scan,15833,0,15833,1.00000000,126664,15,1,21572.0,21573.0,21582.0
nab,realTweets/Twitter_volume_FB,timestamp,eq_rare,minmax,15833,256,1024,0.06467505,8448,0,1,1432.0,1442.0,1443.0
nab,realTweets/Twitter_volume_FB,timestamp,eq_rare,bloom,15833,22528,1024,0.06467505,30720,0,1,1543.0,1552.0,1552.0
nab,realTweets/Twitter_volume_FB,timestamp,eq_rare,minmax_bloom,15833,22784,1024,0.06467505,30976,0,1,1573.0,1582.0,1583.0
nab,realTweets/Twitter_volume_FB,timestamp,eq_rare,sparse_fence,15833,21120,12,0.00075791,21216,0,1,130.0,130.0,140.0
nab,realTweets/Twitter_volume_FB,timestamp,eq_frequent,scan,15833,0,15833,1.00000000,126664,15,1,21572.0,21573.0,21613.0
nab,realTweets/Twitter_volume_FB,timestamp,eq_frequent,minmax,15833,256,1024,0.06467505,8448,0,1,1442.0,1442.0,1452.0
nab,realTweets/Twitter_volume_FB,timestamp,eq_frequent,bloom,15833,22528,1024,0.06467505,30720,0,1,1552.0,1552.0,1562.0
nab,realTweets/Twitter_volume_FB,timestamp,eq_frequent,minmax_bloom,15833,22784,1024,0.06467505,30976,0,1,1582.0,1583.0,1583.0
nab,realTweets/Twitter_volume_FB,timestamp,eq_frequent,sparse_fence,15833,21120,12,0.00075791,21216,0,1,130.0,140.0,150.0
nab,realTweets/Twitter_volume_FB,timestamp,eq_absent,scan,15833,0,15833,1.00000000,126664,16,0,21552.0,21562.0,21572.0
nab,realTweets/Twitter_volume_FB,timestamp,eq_absent,minmax,15833,256,1024,0.06467505,8448,1,0,1432.0,1432.0,1433.0
nab,realTweets/Twitter_volume_FB,timestamp,eq_absent,bloom,15833,22528,0,0.00000000,22528,0,0,130.0,130.0,130.0
nab,realTweets/Twitter_volume_FB,timestamp,eq_absent,minmax_bloom,15833,22784,0,0.00000000,22784,0,0,150.0,150.0,151.0
nab,realTweets/Twitter_volume_FB,timestamp,eq_absent,sparse_fence,15833,21120,12,0.00075791,21216,1,0,120.0,120.0,120.0
nab,realTweets/Twitter_volume_FB,timestamp,in_mixed,scan,15833,0,15833,1.00000000,126664,15,1,25859.0,25869.0,25869.0
nab,realTweets/Twitter_volume_FB,timestamp,in_mixed,minmax,15833,256,1024,0.06467505,8448,0,1,1723.0,1732.0,1733.0
nab,realTweets/Twitter_volume_FB,timestamp,in_mixed,bloom,15833,22528,1024,0.06467505,30720,0,1,1922.0,1923.0,1923.0
nab,realTweets/Twitter_volume_FB,timestamp,in_mixed,minmax_bloom,15833,22784,1024,0.06467505,30976,0,1,1953.0,1963.0,1963.0
nab,realTweets/Twitter_volume_FB,timestamp,in_mixed,sparse_fence,15833,21120,12,0.00075791,21216,0,1,170.0,171.0,191.0
nab,realTweets/Twitter_volume_FB,value_x1,eq_rare,scan,15833,0,15833,1.00000000,126664,15,1,21573.0,21582.0,21602.0
nab,realTweets/Twitter_volume_FB,value_x1,eq_rare,minmax,15833,256,15833,1.00000000,126920,15,1,21683.0,21702.0,21913.0
nab,realTweets/Twitter_volume_FB,value_x1,eq_rare,bloom,15833,22528,1024,0.06467505,30720,0,1,1522.0,1522.0,1532.0
nab,realTweets/Twitter_volume_FB,value_x1,eq_rare,minmax_bloom,15833,22784,1024,0.06467505,30976,0,1,1673.0,1703.0,1763.0
nab,realTweets/Twitter_volume_FB,value_x1,eq_frequent,scan,15833,0,15833,1.00000000,126664,0,863,22825.0,22854.0,23065.0
nab,realTweets/Twitter_volume_FB,value_x1,eq_frequent,minmax,15833,256,15833,1.00000000,126920,0,863,22894.0,22904.0,23015.0
nab,realTweets/Twitter_volume_FB,value_x1,eq_frequent,bloom,15833,22528,15833,1.00000000,149192,0,863,23274.0,23305.0,23635.0
nab,realTweets/Twitter_volume_FB,value_x1,eq_frequent,minmax_bloom,15833,22784,15833,1.00000000,149448,0,863,23495.0,23525.0,23696.0
nab,realTweets/Twitter_volume_FB,value_x1,eq_absent,scan,15833,0,15833,1.00000000,126664,16,0,21552.0,21553.0,21562.0
nab,realTweets/Twitter_volume_FB,value_x1,eq_absent,minmax,15833,256,14809,0.93532495,118728,15,0,20260.0,20261.0,20270.0
nab,realTweets/Twitter_volume_FB,value_x1,eq_absent,bloom,15833,22528,0,0.00000000,22528,0,0,90.0,100.0,100.0
nab,realTweets/Twitter_volume_FB,value_x1,eq_absent,minmax_bloom,15833,22784,0,0.00000000,22784,0,0,190.0,190.0,191.0
nab,realTweets/Twitter_volume_FB,value_x1,in_mixed,scan,15833,0,15833,1.00000000,126664,0,864,31747.0,31928.0,32429.0
nab,realTweets/Twitter_volume_FB,value_x1,in_mixed,minmax,15833,256,15833,1.00000000,126920,0,864,31787.0,31808.0,31838.0
nab,realTweets/Twitter_volume_FB,value_x1,in_mixed,bloom,15833,22528,15833,1.00000000,149192,0,864,32158.0,32178.0,32339.0
nab,realTweets/Twitter_volume_FB,value_x1,in_mixed,minmax_bloom,15833,22784,15833,1.00000000,149448,0,864,32348.0,32369.0,32469.0
nab,realTweets/Twitter_volume_GOOG,timestamp,eq_rare,scan,15842,0,15842,1.00000000,126736,15,1,21582.0,21622.0,21643.0
nab,realTweets/Twitter_volume_GOOG,timestamp,eq_rare,minmax,15842,256,1024,0.06463830,8448,0,1,1442.0,1442.0,1452.0
nab,realTweets/Twitter_volume_GOOG,timestamp,eq_rare,bloom,15842,22528,1024,0.06463830,30720,0,1,1552.0,1553.0,1562.0
nab,realTweets/Twitter_volume_GOOG,timestamp,eq_rare,minmax_bloom,15842,22784,1024,0.06463830,30976,0,1,1582.0,1583.0,1603.0
nab,realTweets/Twitter_volume_GOOG,timestamp,eq_rare,sparse_fence,15842,21136,12,0.00075748,21232,0,1,130.0,140.0,141.0
nab,realTweets/Twitter_volume_GOOG,timestamp,eq_frequent,scan,15842,0,15842,1.00000000,126736,15,1,21592.0,21593.0,21602.0
nab,realTweets/Twitter_volume_GOOG,timestamp,eq_frequent,minmax,15842,256,1024,0.06463830,8448,0,1,1442.0,1442.0,1462.0
nab,realTweets/Twitter_volume_GOOG,timestamp,eq_frequent,bloom,15842,22528,1024,0.06463830,30720,0,1,1552.0,1553.0,1562.0
nab,realTweets/Twitter_volume_GOOG,timestamp,eq_frequent,minmax_bloom,15842,22784,1024,0.06463830,30976,0,1,1582.0,1583.0,1612.0
nab,realTweets/Twitter_volume_GOOG,timestamp,eq_frequent,sparse_fence,15842,21136,12,0.00075748,21232,0,1,131.0,150.0,150.0
nab,realTweets/Twitter_volume_GOOG,timestamp,eq_absent,scan,15842,0,15842,1.00000000,126736,16,0,21562.0,21563.0,21572.0
nab,realTweets/Twitter_volume_GOOG,timestamp,eq_absent,minmax,15842,256,1024,0.06463830,8448,1,0,1432.0,1432.0,1442.0
nab,realTweets/Twitter_volume_GOOG,timestamp,eq_absent,bloom,15842,22528,0,0.00000000,22528,0,0,130.0,130.0,130.0
nab,realTweets/Twitter_volume_GOOG,timestamp,eq_absent,minmax_bloom,15842,22784,0,0.00000000,22784,0,0,150.0,150.0,151.0
nab,realTweets/Twitter_volume_GOOG,timestamp,eq_absent,sparse_fence,15842,21136,12,0.00075748,21232,1,0,120.0,120.0,121.0
nab,realTweets/Twitter_volume_GOOG,timestamp,in_mixed,scan,15842,0,15842,1.00000000,126736,15,1,25879.0,25879.0,25879.0
nab,realTweets/Twitter_volume_GOOG,timestamp,in_mixed,minmax,15842,256,1024,0.06463830,8448,0,1,1723.0,1732.0,1733.0
nab,realTweets/Twitter_volume_GOOG,timestamp,in_mixed,bloom,15842,22528,1024,0.06463830,30720,0,1,1922.0,1923.0,1923.0
nab,realTweets/Twitter_volume_GOOG,timestamp,in_mixed,minmax_bloom,15842,22784,1024,0.06463830,30976,0,1,1953.0,1963.0,1963.0
nab,realTweets/Twitter_volume_GOOG,timestamp,in_mixed,sparse_fence,15842,21136,12,0.00075748,21232,0,1,171.0,190.0,200.0
nab,realTweets/Twitter_volume_GOOG,value_x1,eq_rare,scan,15842,0,15842,1.00000000,126736,15,1,21582.0,21592.0,21593.0
nab,realTweets/Twitter_volume_GOOG,value_x1,eq_rare,minmax,15842,256,13794,0.87072339,110608,13,1,18898.0,18918.0,18989.0
nab,realTweets/Twitter_volume_GOOG,value_x1,eq_rare,bloom,15842,22528,1024,0.06463830,30720,0,1,1522.0,1523.0,1523.0
nab,realTweets/Twitter_volume_GOOG,value_x1,eq_rare,minmax_bloom,15842,22784,1024,0.06463830,30976,0,1,1653.0,1682.0,1753.0
nab,realTweets/Twitter_volume_GOOG,value_x1,eq_frequent,scan,15842,0,15842,1.00000000,126736,0,768,23055.0,23085.0,23354.0
nab,realTweets/Twitter_volume_GOOG,value_x1,eq_frequent,minmax,15842,256,15842,1.00000000,126992,0,768,23134.0,23135.0,23225.0
nab,realTweets/Twitter_volume_GOOG,value_x1,eq_frequent,bloom,15842,22528,15842,1.00000000,149264,0,768,23465.0,23475.0,23526.0
nab,realTweets/Twitter_volume_GOOG,value_x1,eq_frequent,minmax_bloom,15842,22784,15842,1.00000000,149520,0,768,23685.0,23716.0,23925.0
nab,realTweets/Twitter_volume_GOOG,value_x1,eq_absent,scan,15842,0,15842,1.00000000,126736,16,0,21563.0,21572.0,21573.0
nab,realTweets/Twitter_volume_GOOG,value_x1,eq_absent,minmax,15842,256,11746,0.74144679,94224,12,0,16074.0,16094.0,16094.0
nab,realTweets/Twitter_volume_GOOG,value_x1,eq_absent,bloom,15842,22528,0,0.00000000,22528,0,0,90.0,100.0,101.0
nab,realTweets/Twitter_volume_GOOG,value_x1,eq_absent,minmax_bloom,15842,22784,0,0.00000000,22784,0,0,180.0,190.0,191.0
nab,realTweets/Twitter_volume_GOOG,value_x1,in_mixed,scan,15842,0,15842,1.00000000,126736,0,769,31938.0,31998.0,32599.0
nab,realTweets/Twitter_volume_GOOG,value_x1,in_mixed,minmax,15842,256,15842,1.00000000,126992,0,769,31998.0,32038.0,32128.0
nab,realTweets/Twitter_volume_GOOG,value_x1,in_mixed,bloom,15842,22528,15842,1.00000000,149264,0,769,32318.0,32339.0,32378.0
nab,realTweets/Twitter_volume_GOOG,value_x1,in_mixed,minmax_bloom,15842,22784,15842,1.00000000,149520,0,769,32569.0,32669.0,32790.0
nab,realTweets/Twitter_volume_IBM,timestamp,eq_rare,scan,15893,0,15893,1.00000000,127144,15,1,21662.0,21663.0,21663.0
nab,realTweets/Twitter_volume_IBM,timestamp,eq_rare,minmax,15893,256,1024,0.06443088,8448,0,1,1442.0,1442.0,1443.0
nab,realTweets/Twitter_volume_IBM,timestamp,eq_rare,bloom,15893,22528,1024,0.06443088,30720,0,1,1542.0,1543.0,1553.0
nab,realTweets/Twitter_volume_IBM,timestamp,eq_rare,minmax_bloom,15893,22784,1024,0.06443088,30976,0,1,1582.0,1583.0,1593.0
nab,realTweets/Twitter_volume_IBM,timestamp,eq_rare,sparse_fence,15893,21200,12,0.00075505,21296,0,1,130.0,130.0,131.0
nab,realTweets/Twitter_volume_IBM,timestamp,eq_frequent,scan,15893,0,15893,1.00000000,127144,15,1,21662.0,21663.0,21702.0
nab,realTweets/Twitter_volume_IBM,timestamp,eq_frequent,minmax,15893,256,1024,0.06443088,8448,0,1,1442.0,1442.0,1443.0
nab,realTweets/Twitter_volume_IBM,timestamp,eq_frequent,bloom,15893,22528,1024,0.06443088,30720,0,1,1542.0,1542.0,1553.0
nab,realTweets/Twitter_volume_IBM,timestamp,eq_frequent,minmax_bloom,15893,22784,1024,0.06443088,30976,0,1,1582.0,1583.0,1653.0
nab,realTweets/Twitter_volume_IBM,timestamp,eq_frequent,sparse_fence,15893,21200,12,0.00075505,21296,0,1,130.0,130.0,131.0
nab,realTweets/Twitter_volume_IBM,timestamp,eq_absent,scan,15893,0,15893,1.00000000,127144,16,0,21633.0,21642.0,21662.0
nab,realTweets/Twitter_volume_IBM,timestamp,eq_absent,minmax,15893,256,1024,0.06443088,8448,1,0,1432.0,1432.0,1433.0
nab,realTweets/Twitter_volume_IBM,timestamp,eq_absent,bloom,15893,22528,0,0.00000000,22528,0,0,130.0,130.0,130.0
nab,realTweets/Twitter_volume_IBM,timestamp,eq_absent,minmax_bloom,15893,22784,0,0.00000000,22784,0,0,150.0,150.0,151.0
nab,realTweets/Twitter_volume_IBM,timestamp,eq_absent,sparse_fence,15893,21200,12,0.00075505,21296,1,0,120.0,120.0,121.0
nab,realTweets/Twitter_volume_IBM,timestamp,in_mixed,scan,15893,0,15893,1.00000000,127144,15,1,25949.0,25959.0,25968.0
nab,realTweets/Twitter_volume_IBM,timestamp,in_mixed,minmax,15893,256,1024,0.06443088,8448,0,1,1723.0,1733.0,1733.0
nab,realTweets/Twitter_volume_IBM,timestamp,in_mixed,bloom,15893,22528,1024,0.06443088,30720,0,1,1923.0,1923.0,1923.0
nab,realTweets/Twitter_volume_IBM,timestamp,in_mixed,minmax_bloom,15893,22784,1024,0.06443088,30976,0,1,1953.0,1963.0,1963.0
nab,realTweets/Twitter_volume_IBM,timestamp,in_mixed,sparse_fence,15893,21200,12,0.00075505,21296,0,1,170.0,170.0,171.0
nab,realTweets/Twitter_volume_IBM,value_x1,eq_rare,scan,15893,0,15893,1.00000000,127144,15,1,21652.0,21652.0,21653.0
nab,realTweets/Twitter_volume_IBM,value_x1,eq_rare,minmax,15893,256,9749,0.61341471,78248,9,1,13420.0,13420.0,13440.0
nab,realTweets/Twitter_volume_IBM,value_x1,eq_rare,bloom,15893,22528,1024,0.06443088,30720,0,1,1522.0,1522.0,1523.0
nab,realTweets/Twitter_volume_IBM,value_x1,eq_rare,minmax_bloom,15893,22784,1024,0.06443088,30976,0,1,1642.0,1693.0,1713.0
nab,realTweets/Twitter_volume_IBM,value_x1,eq_frequent,scan,15893,0,15893,1.00000000,127144,0,2509,23655.0,23855.0,24617.0
nab,realTweets/Twitter_volume_IBM,value_x1,eq_frequent,minmax,15893,256,15893,1.00000000,127400,0,2509,23716.0,23725.0,23786.0
nab,realTweets/Twitter_volume_IBM,value_x1,eq_frequent,bloom,15893,22528,15893,1.00000000,149672,0,2509,24046.0,24046.0,24146.0
nab,realTweets/Twitter_volume_IBM,value_x1,eq_frequent,minmax_bloom,15893,22784,15893,1.00000000,149928,0,2509,24227.0,24276.0,24436.0
nab,realTweets/Twitter_volume_IBM,value_x1,eq_absent,scan,15893,0,15893,1.00000000,127144,16,0,21642.0,21643.0,21702.0
nab,realTweets/Twitter_volume_IBM,value_x1,eq_absent,minmax,15893,256,8725,0.54898383,70056,9,0,11978.0,11998.0,12028.0
nab,realTweets/Twitter_volume_IBM,value_x1,eq_absent,bloom,15893,22528,0,0.00000000,22528,0,0,91.0,100.0,100.0
nab,realTweets/Twitter_volume_IBM,value_x1,eq_absent,minmax_bloom,15893,22784,0,0.00000000,22784,0,0,190.0,190.0,191.0
nab,realTweets/Twitter_volume_IBM,value_x1,in_mixed,scan,15893,0,15893,1.00000000,127144,0,2510,27652.0,27752.0,28352.0
nab,realTweets/Twitter_volume_IBM,value_x1,in_mixed,minmax,15893,256,15893,1.00000000,127400,0,2510,27821.0,27882.0,28192.0
nab,realTweets/Twitter_volume_IBM,value_x1,in_mixed,bloom,15893,22528,15893,1.00000000,149672,0,2510,28112.0,28152.0,28202.0
nab,realTweets/Twitter_volume_IBM,value_x1,in_mixed,minmax_bloom,15893,22784,15893,1.00000000,149928,0,2510,28352.0,28363.0,28713.0
nab,realTweets/Twitter_volume_KO,timestamp,eq_rare,scan,15851,0,15851,1.00000000,126808,15,1,21593.0,21602.0,21613.0
nab,realTweets/Twitter_volume_KO,timestamp,eq_rare,minmax,15851,256,1024,0.06460160,8448,0,1,1442.0,1443.0,1452.0
nab,realTweets/Twitter_volume_KO,timestamp,eq_rare,bloom,15851,22528,1024,0.06460160,30720,0,1,1552.0,1552.0,1553.0
nab,realTweets/Twitter_volume_KO,timestamp,eq_rare,minmax_bloom,15851,22784,1024,0.06460160,30976,0,1,1582.0,1583.0,1602.0
nab,realTweets/Twitter_volume_KO,timestamp,eq_rare,sparse_fence,15851,21136,12,0.00075705,21232,0,1,130.0,131.0,141.0
nab,realTweets/Twitter_volume_KO,timestamp,eq_frequent,scan,15851,0,15851,1.00000000,126808,15,1,21602.0,21602.0,21602.0
nab,realTweets/Twitter_volume_KO,timestamp,eq_frequent,minmax,15851,256,1024,0.06460160,8448,0,1,1442.0,1443.0,1452.0
nab,realTweets/Twitter_volume_KO,timestamp,eq_frequent,bloom,15851,22528,1024,0.06460160,30720,0,1,1543.0,1552.0,1552.0
nab,realTweets/Twitter_volume_KO,timestamp,eq_frequent,minmax_bloom,15851,22784,1024,0.06460160,30976,0,1,1582.0,1583.0,1583.0
nab,realTweets/Twitter_volume_KO,timestamp,eq_frequent,sparse_fence,15851,21136,12,0.00075705,21232,0,1,130.0,130.0,140.0
nab,realTweets/Twitter_volume_KO,timestamp,eq_absent,scan,15851,0,15851,1.00000000,126808,16,0,21582.0,21583.0,21592.0
nab,realTweets/Twitter_volume_KO,timestamp,eq_absent,minmax,15851,256,1024,0.06460160,8448,1,0,1432.0,1432.0,1433.0
nab,realTweets/Twitter_volume_KO,timestamp,eq_absent,bloom,15851,22528,0,0.00000000,22528,0,0,130.0,130.0,131.0
nab,realTweets/Twitter_volume_KO,timestamp,eq_absent,minmax_bloom,15851,22784,0,0.00000000,22784,0,0,150.0,150.0,151.0
nab,realTweets/Twitter_volume_KO,timestamp,eq_absent,sparse_fence,15851,21136,12,0.00075705,21232,1,0,120.0,120.0,131.0
nab,realTweets/Twitter_volume_KO,timestamp,in_mixed,scan,15851,0,15851,1.00000000,126808,15,1,25889.0,25889.0,25899.0
nab,realTweets/Twitter_volume_KO,timestamp,in_mixed,minmax,15851,256,1024,0.06460160,8448,0,1,1723.0,1732.0,1733.0
nab,realTweets/Twitter_volume_KO,timestamp,in_mixed,bloom,15851,22528,1024,0.06460160,30720,0,1,1923.0,1923.0,1923.0
nab,realTweets/Twitter_volume_KO,timestamp,in_mixed,minmax_bloom,15851,22784,1024,0.06460160,30976,0,1,1963.0,1963.0,1973.0
nab,realTweets/Twitter_volume_KO,timestamp,in_mixed,sparse_fence,15851,21136,12,0.00075705,21232,0,1,170.0,190.0,200.0
nab,realTweets/Twitter_volume_KO,value_x1,eq_rare,scan,15851,0,15851,1.00000000,126808,15,1,21592.0,21602.0,21603.0
nab,realTweets/Twitter_volume_KO,value_x1,eq_rare,minmax,15851,256,15851,1.00000000,127064,15,1,21683.0,21692.0,21713.0
nab,realTweets/Twitter_volume_KO,value_x1,eq_rare,bloom,15851,22528,1024,0.06460160,30720,0,1,1522.0,1522.0,1522.0
nab,realTweets/Twitter_volume_KO,value_x1,eq_rare,minmax_bloom,15851,22784,1024,0.06460160,30976,0,1,1723.0,1792.0,1812.0
nab,realTweets/Twitter_volume_KO,value_x1,eq_frequent,scan,15851,0,15851,1.00000000,126808,0,1240,23134.0,23174.0,23245.0
nab,realTweets/Twitter_volume_KO,value_x1,eq_frequent,minmax,15851,256,15851,1.00000000,127064,0,1240,23234.0,23285.0,23585.0
nab,realTweets/Twitter_volume_KO,value_x1,eq_frequent,bloom,15851,22528,15851,1.00000000,149336,0,1240,23545.0,23546.0,23615.0
nab,realTweets/Twitter_volume_KO,value_x1,eq_frequent,minmax_bloom,15851,22784,15851,1.00000000,149592,0,1240,23765.0,23786.0,23946.0
nab,realTweets/Twitter_volume_KO,value_x1,eq_absent,scan,15851,0,15851,1.00000000,126808,16,0,21573.0,21582.0,21582.0
nab,realTweets/Twitter_volume_KO,value_x1,eq_absent,minmax,15851,256,13312,0.83982083,106752,13,0,18218.0,18247.0,18267.0
nab,realTweets/Twitter_volume_KO,value_x1,eq_absent,bloom,15851,22528,0,0.00000000,22528,0,0,90.0,100.0,100.0
nab,realTweets/Twitter_volume_KO,value_x1,eq_absent,minmax_bloom,15851,22784,0,0.00000000,22784,0,0,190.0,190.0,191.0
nab,realTweets/Twitter_volume_KO,value_x1,in_mixed,scan,15851,0,15851,1.00000000,126808,0,1241,28153.0,28252.0,28783.0
nab,realTweets/Twitter_volume_KO,value_x1,in_mixed,minmax,15851,256,15851,1.00000000,127064,0,1241,28192.0,28202.0,28343.0
nab,realTweets/Twitter_volume_KO,value_x1,in_mixed,bloom,15851,22528,15851,1.00000000,149336,0,1241,28583.0,28613.0,28754.0
nab,realTweets/Twitter_volume_KO,value_x1,in_mixed,minmax_bloom,15851,22784,15851,1.00000000,149592,0,1241,28703.0,28743.0,28873.0
nab,realTweets/Twitter_volume_PFE,timestamp,eq_rare,scan,15858,0,15858,1.00000000,126864,15,1,21602.0,21603.0,21612.0
nab,realTweets/Twitter_volume_PFE,timestamp,eq_rare,minmax,15858,256,1024,0.06457309,8448,0,1,1442.0,1442.0,1443.0
nab,realTweets/Twitter_volume_PFE,timestamp,eq_rare,bloom,15858,22528,1024,0.06457309,30720,0,1,1543.0,1552.0,1553.0
nab,realTweets/Twitter_volume_PFE,timestamp,eq_rare,minmax_bloom,15858,22784,1024,0.06457309,30976,0,1,1582.0,1582.0,1603.0
nab,realTweets/Twitter_volume_PFE,timestamp,eq_rare,sparse_fence,15858,21152,12,0.00075672,21248,0,1,130.0,130.0,131.0
nab,realTweets/Twitter_volume_PFE,timestamp,eq_frequent,scan,15858,0,15858,1.00000000,126864,15,1,21612.0,21612.0,21613.0
nab,realTweets/Twitter_volume_PFE,timestamp,eq_frequent,minmax,15858,256,1024,0.06457309,8448,0,1,1442.0,1442.0,1453.0
nab,realTweets/Twitter_volume_PFE,timestamp,eq_frequent,bloom,15858,22528,1024,0.06457309,30720,0,1,1543.0,1552.0,1553.0
nab,realTweets/Twitter_volume_PFE,timestamp,eq_frequent,minmax_bloom,15858,22784,1024,0.06457309,30976,0,1,1572.0,1573.0,1593.0
nab,realTweets/Twitter_volume_PFE,timestamp,eq_frequent,sparse_fence,15858,21152,12,0.00075672,21248,0,1,131.0,140.0,140.0
nab,realTweets/Twitter_volume_PFE,timestamp,eq_absent,scan,15858,0,15858,1.00000000,126864,16,0,21582.0,21592.0,21593.0
nab,realTweets/Twitter_volume_PFE,timestamp,eq_absent,minmax,15858,256,1024,0.06457309,8448,1,0,1422.0,1432.0,1433.0
nab,realTweets/Twitter_volume_PFE,timestamp,eq_absent,bloom,15858,22528,0,0.00000000,22528,0,0,130.0,130.0,130.0
nab,realTweets/Twitter_volume_PFE,timestamp,eq_absent,minmax_bloom,15858,22784,0,0.00000000,22784,0,0,150.0,150.0,161.0
nab,realTweets/Twitter_volume_PFE,timestamp,eq_absent,sparse_fence,15858,21152,12,0.00075672,21248,1,0,120.0,120.0,121.0
nab,realTweets/Twitter_volume_PFE,timestamp,in_mixed,scan,15858,0,15858,1.00000000,126864,15,1,25908.0,25909.0,25909.0
nab,realTweets/Twitter_volume_PFE,timestamp,in_mixed,minmax,15858,256,1024,0.06457309,8448,0,1,1722.0,1723.0,1723.0
nab,realTweets/Twitter_volume_PFE,timestamp,in_mixed,bloom,15858,22528,1024,0.06457309,30720,0,1,1913.0,1923.0,1923.0
nab,realTweets/Twitter_volume_PFE,timestamp,in_mixed,minmax_bloom,15858,22784,1024,0.06457309,30976,0,1,1963.0,1963.0,1973.0
nab,realTweets/Twitter_volume_PFE,timestamp,in_mixed,sparse_fence,15858,21152,12,0.00075672,21248,0,1,171.0,190.0,200.0
nab,realTweets/Twitter_volume_PFE,value_x1,eq_rare,scan,15858,0,15858,1.00000000,126864,15,1,21602.0,21603.0,21632.0
nab,realTweets/Twitter_volume_PFE,value_x1,eq_rare,minmax,15858,256,10738,0.67713457,86160,10,1,14742.0,14743.0,14752.0
nab,realTweets/Twitter_volume_PFE,value_x1,eq_rare,bloom,15858,22528,1024,0.06457309,30720,0,1,1522.0,1522.0,1522.0
nab,realTweets/Twitter_volume_PFE,value_x1,eq_rare,minmax_bloom,15858,22784,1024,0.06457309,30976,0,1,1672.0,1693.0,1733.0
nab,realTweets/Twitter_volume_PFE,value_x1,eq_frequent,scan,15858,0,15858,1.00000000,126864,0,8882,26079.0,26109.0,26800.0
nab,realTweets/Twitter_volume_PFE,value_x1,eq_frequent,minmax,15858,256,15858,1.00000000,127120,0,8882,26320.0,26340.0,26460.0
nab,realTweets/Twitter_volume_PFE,value_x1,eq_frequent,bloom,15858,22528,15858,1.00000000,149392,0,8882,26579.0,26669.0,26950.0
nab,realTweets/Twitter_volume_PFE,value_x1,eq_frequent,minmax_bloom,15858,22784,15858,1.00000000,149648,0,8882,26840.0,26850.0,26980.0
nab,realTweets/Twitter_volume_PFE,value_x1,eq_absent,scan,15858,0,15858,1.00000000,126864,16,0,21583.0,21592.0,21593.0
nab,realTweets/Twitter_volume_PFE,value_x1,eq_absent,minmax,15858,256,6144,0.38743852,49408,6,0,8462.0,8463.0,8472.0
nab,realTweets/Twitter_volume_PFE,value_x1,eq_absent,bloom,15858,22528,0,0.00000000,22528,0,0,100.0,100.0,101.0
nab,realTweets/Twitter_volume_PFE,value_x1,eq_absent,minmax_bloom,15858,22784,0,0.00000000,22784,0,0,180.0,180.0,181.0
nab,realTweets/Twitter_volume_PFE,value_x1,in_mixed,scan,15858,0,15858,1.00000000,126864,0,8883,28012.0,28212.0,33210.0
nab,realTweets/Twitter_volume_PFE,value_x1,in_mixed,minmax,15858,256,15858,1.00000000,127120,0,8883,28172.0,28212.0,28242.0
nab,realTweets/Twitter_volume_PFE,value_x1,in_mixed,bloom,15858,22528,15858,1.00000000,149392,0,8883,28413.0,28423.0,28452.0
nab,realTweets/Twitter_volume_PFE,value_x1,in_mixed,minmax_bloom,15858,22784,15858,1.00000000,149648,0,8883,28743.0,28793.0,28914.0
nab,realTweets/Twitter_volume_UPS,timestamp,eq_rare,scan,15866,0,15866,1.00000000,126928,15,1,21613.0,21622.0,21623.0
nab,realTweets/Twitter_volume_UPS,timestamp,eq_rare,minmax,15866,256,1024,0.06454053,8448,0,1,1442.0,1443.0,1452.0
nab,realTweets/Twitter_volume_UPS,timestamp,eq_rare,bloom,15866,22528,1024,0.06454053,30720,0,1,1552.0,1553.0,1553.0
nab,realTweets/Twitter_volume_UPS,timestamp,eq_rare,minmax_bloom,15866,22784,1024,0.06454053,30976,0,1,1582.0,1583.0,1603.0
nab,realTweets/Twitter_volume_UPS,timestamp,eq_rare,sparse_fence,15866,21168,12,0.00075633,21264,0,1,130.0,130.0,131.0
nab,realTweets/Twitter_volume_UPS,timestamp,eq_frequent,scan,15866,0,15866,1.00000000,126928,15,1,21613.0,21622.0,21623.0
nab,realTweets/Twitter_volume_UPS,timestamp,eq_frequent,minmax,15866,256,1024,0.06454053,8448,0,1,1442.0,1442.0,1452.0
nab,realTweets/Twitter_volume_UPS,timestamp,eq_frequent,bloom,15866,22528,1024,0.06454053,30720,0,1,1552.0,1552.0,1553.0
nab,realTweets/Twitter_volume_UPS,timestamp,eq_frequent,minmax_bloom,15866,22784,1024,0.06454053,30976,0,1,1582.0,1582.0,1593.0
nab,realTweets/Twitter_volume_UPS,timestamp,eq_frequent,sparse_fence,15866,21168,12,0.00075633,21264,0,1,130.0,130.0,150.0
nab,realTweets/Twitter_volume_UPS,timestamp,eq_absent,scan,15866,0,15866,1.00000000,126928,16,0,21602.0,21602.0,21602.0
nab,realTweets/Twitter_volume_UPS,timestamp,eq_absent,minmax,15866,256,1024,0.06454053,8448,1,0,1423.0,1432.0,1432.0
nab,realTweets/Twitter_volume_UPS,timestamp,eq_absent,bloom,15866,22528,0,0.00000000,22528,0,0,130.0,130.0,130.0
nab,realTweets/Twitter_volume_UPS,timestamp,eq_absent,minmax_bloom,15866,22784,0,0.00000000,22784,0,0,150.0,151.0,161.0
nab,realTweets/Twitter_volume_UPS,timestamp,eq_absent,sparse_fence,15866,21168,12,0.00075633,21264,1,0,120.0,120.0,130.0
nab,realTweets/Twitter_volume_UPS,timestamp,in_mixed,scan,15866,0,15866,1.00000000,126928,15,1,25919.0,25919.0,29324.0
nab,realTweets/Twitter_volume_UPS,timestamp,in_mixed,minmax,15866,256,1024,0.06454053,8448,0,1,1722.0,1733.0,1733.0
nab,realTweets/Twitter_volume_UPS,timestamp,in_mixed,bloom,15866,22528,1024,0.06454053,30720,0,1,1913.0,1913.0,1923.0
nab,realTweets/Twitter_volume_UPS,timestamp,in_mixed,minmax_bloom,15866,22784,1024,0.06454053,30976,0,1,1953.0,1963.0,1973.0
nab,realTweets/Twitter_volume_UPS,timestamp,in_mixed,sparse_fence,15866,21168,12,0.00075633,21264,0,1,180.0,190.0,191.0
nab,realTweets/Twitter_volume_UPS,value_x1,eq_rare,scan,15866,0,15866,1.00000000,126928,15,1,21623.0,21663.0,21812.0
nab,realTweets/Twitter_volume_UPS,value_x1,eq_rare,minmax,15866,256,13312,0.83902685,106752,12,1,18257.0,18298.0,18318.0
nab,realTweets/Twitter_volume_UPS,value_x1,eq_rare,bloom,15866,22528,1024,0.06454053,30720,0,1,1522.0,1523.0,1523.0
nab,realTweets/Twitter_volume_UPS,value_x1,eq_rare,minmax_bloom,15866,22784,1024,0.06454053,30976,0,1,1703.0,1733.0,1813.0
nab,realTweets/Twitter_volume_UPS,value_x1,eq_frequent,scan,15866,0,15866,1.00000000,126928,0,4400,24727.0,24768.0,25368.0
nab,realTweets/Twitter_volume_UPS,value_x1,eq_frequent,minmax,15866,256,15866,1.00000000,127184,0,4400,24798.0,24827.0,24867.0
nab,realTweets/Twitter_volume_UPS,value_x1,eq_frequent,bloom,15866,22528,15866,1.00000000,149456,0,4400,25187.0,25317.0,25398.0
nab,realTweets/Twitter_volume_UPS,value_x1,eq_frequent,minmax_bloom,15866,22784,15866,1.00000000,149712,0,4400,25658.0,25778.0,26100.0
nab,realTweets/Twitter_volume_UPS,value_x1,eq_absent,scan,15866,0,15866,1.00000000,126928,16,0,21602.0,21602.0,21603.0
nab,realTweets/Twitter_volume_UPS,value_x1,eq_absent,minmax,15866,256,13312,0.83902685,106752,13,0,18207.0,18237.0,18298.0
nab,realTweets/Twitter_volume_UPS,value_x1,eq_absent,bloom,15866,22528,0,0.00000000,22528,0,0,90.0,91.0,100.0
nab,realTweets/Twitter_volume_UPS,value_x1,eq_absent,minmax_bloom,15866,22784,0,0.00000000,22784,0,0,181.0,190.0,190.0
nab,realTweets/Twitter_volume_UPS,value_x1,in_mixed,scan,15866,0,15866,1.00000000,126928,0,4401,28262.0,28312.0,28994.0
nab,realTweets/Twitter_volume_UPS,value_x1,in_mixed,minmax,15866,256,15866,1.00000000,127184,0,4401,28072.0,28082.0,28172.0
nab,realTweets/Twitter_volume_UPS,value_x1,in_mixed,bloom,15866,22528,15866,1.00000000,149456,0,4401,28553.0,28563.0,28623.0
nab,realTweets/Twitter_volume_UPS,value_x1,in_mixed,minmax_bloom,15866,22784,15866,1.00000000,149712,0,4401,28753.0,28823.0,28934.0
publicbi,Arade,c10_WNET_bin_x1,eq_rare,scan,131072,0,131072,1.00000000,1048576,122,32,179118.0,179198.0,179318.0
publicbi,Arade,c10_WNET_bin_x1,eq_rare,minmax,131072,2048,6144,0.04687500,51200,0,32,8693.0,8703.0,8783.0
publicbi,Arade,c10_WNET_bin_x1,eq_rare,bloom,131072,180224,6144,0.04687500,229376,0,32,9243.0,9244.0,9254.0
publicbi,Arade,c10_WNET_bin_x1,eq_rare,minmax_bloom,131072,182272,6144,0.04687500,231424,0,32,9414.0,9424.0,9464.0
publicbi,Arade,c10_WNET_bin_x1,eq_frequent,scan,131072,0,131072,1.00000000,1048576,1,33468,287470.0,291606.0,294510.0
publicbi,Arade,c10_WNET_bin_x1,eq_frequent,minmax,131072,2048,130048,0.99218750,1042432,0,33468,287480.0,287871.0,291837.0
publicbi,Arade,c10_WNET_bin_x1,eq_frequent,bloom,131072,180224,130048,0.99218750,1220608,0,33468,290625.0,291736.0,294872.0
publicbi,Arade,c10_WNET_bin_x1,eq_frequent,minmax_bloom,131072,182272,130048,0.99218750,1222656,0,33468,291997.0,293068.0,296174.0
publicbi,Arade,c10_WNET_bin_x1,eq_absent,scan,131072,0,131072,1.00000000,1048576,128,0,178758.0,178778.0,178938.0
publicbi,Arade,c10_WNET_bin_x1,eq_absent,minmax,131072,2048,0,0.00000000,2048,0,0,131.0,140.0,180.0
publicbi,Arade,c10_WNET_bin_x1,eq_absent,bloom,131072,180224,0,0.00000000,180224,0,0,551.0,561.0,561.0
publicbi,Arade,c10_WNET_bin_x1,eq_absent,minmax_bloom,131072,182272,0,0.00000000,182272,0,0,661.0,661.0,671.0
publicbi,Arade,c10_WNET_bin_x1,in_mixed,scan,131072,0,131072,1.00000000,1048576,1,33500,323284.0,326969.0,328271.0
publicbi,Arade,c10_WNET_bin_x1,in_mixed,minmax,131072,2048,130048,0.99218750,1042432,0,33500,322282.0,323784.0,327349.0
publicbi,Arade,c10_WNET_bin_x1,in_mixed,bloom,131072,180224,130048,0.99218750,1220608,0,33500,324466.0,327230.0,331286.0
publicbi,Arade,c10_WNET_bin_x1,in_mixed,minmax_bloom,131072,182272,130048,0.99218750,1222656,0,33500,326799.0,327530.0,331145.0
publicbi,Arade,c3_F4_x10000,eq_rare,scan,131072,0,131072,1.00000000,1048576,127,1,178927.0,178938.0,179399.0
publicbi,Arade,c3_F4_x10000,eq_rare,minmax,131072,2048,1024,0.00781250,10240,0,1,1542.0,1542.0,1543.0
publicbi,Arade,c3_F4_x10000,eq_rare,bloom,131072,180224,1024,0.00781250,188416,0,1,2263.0,2274.0,2284.0
publicbi,Arade,c3_F4_x10000,eq_rare,minmax_bloom,131072,182272,1024,0.00781250,190464,0,1,2424.0,2433.0,2444.0
publicbi,Arade,c3_F4_x10000,eq_frequent,scan,131072,0,131072,1.00000000,1048576,124,4,178848.0,178907.0,178947.0
publicbi,Arade,c3_F4_x10000,eq_frequent,minmax,131072,2048,114688,0.87500000,919552,108,4,157076.0,157115.0,157275.0
publicbi,Arade,c3_F4_x10000,eq_frequent,bloom,131072,180224,4096,0.03125000,212992,0,4,6560.0,6580.0,6590.0
publicbi,Arade,c3_F4_x10000,eq_frequent,minmax_bloom,131072,182272,4096,0.03125000,215040,0,4,7011.0,7011.0,7080.0
publicbi,Arade,c3_F4_x10000,eq_absent,scan,131072,0,131072,1.00000000,1048576,128,0,178687.0,178797.0,182714.0
publicbi,Arade,c3_F4_x10000,eq_absent,minmax,131072,2048,1024,0.00781250,10240,1,0,1522.0,1523.0,1532.0
publicbi,Arade,c3_F4_x10000,eq_absent,bloom,131072,180224,0,0.00000000,180224,0,0,851.0,861.0,862.0
publicbi,Arade,c3_F4_x10000,eq_absent,minmax_bloom,131072,182272,0,0.00000000,182272,0,0,961.0,971.0,972.0
publicbi,Arade,c3_F4_x10000,in_mixed,scan,131072,0,131072,1.00000000,1048576,123,5,249904.0,249924.0,250325.0
publicbi,Arade,c3_F4_x10000,in_mixed,minmax,131072,2048,114688,0.87500000,919552,107,5,219389.0,219708.0,220149.0
publicbi,Arade,c3_F4_x10000,in_mixed,bloom,131072,180224,5120,0.03906250,221184,0,5,12418.0,12429.0,12499.0
publicbi,Arade,c3_F4_x10000,in_mixed,minmax_bloom,131072,182272,5120,0.03906250,223232,0,5,12990.0,12999.0,13050.0
publicbi,Bimbo,c0_Agencia_ID_x1,eq_rare,scan,131072,0,131072,1.00000000,1048576,125,2048,178808.0,178888.0,178918.0
publicbi,Bimbo,c0_Agencia_ID_x1,eq_rare,minmax,131072,2048,47104,0.35937500,378880,43,2048,64697.0,64797.0,64857.0
publicbi,Bimbo,c0_Agencia_ID_x1,eq_rare,bloom,131072,180224,3072,0.02343750,204800,0,2048,4837.0,4838.0,4888.0
publicbi,Bimbo,c0_Agencia_ID_x1,eq_rare,minmax_bloom,131072,182272,3072,0.02343750,206848,0,2048,5098.0,5108.0,5168.0
publicbi,Bimbo,c0_Agencia_ID_x1,eq_frequent,scan,131072,0,131072,1.00000000,1048576,68,42681,179679.0,180190.0,181852.0
publicbi,Bimbo,c0_Agencia_ID_x1,eq_frequent,minmax,131072,2048,65536,0.50000000,526336,4,42681,90686.0,90746.0,90866.0
publicbi,Bimbo,c0_Agencia_ID_x1,eq_frequent,bloom,131072,180224,61440,0.46875000,671744,0,42681,86720.0,86740.0,86870.0
publicbi,Bimbo,c0_Agencia_ID_x1,eq_frequent,minmax_bloom,131072,182272,61440,0.46875000,673792,0,42681,87290.0,87501.0,87741.0
publicbi,Bimbo,c0_Agencia_ID_x1,eq_absent,scan,131072,0,131072,1.00000000,1048576,128,0,178747.0,178768.0,178818.0
publicbi,Bimbo,c0_Agencia_ID_x1,eq_absent,minmax,131072,2048,37888,0.28906250,305152,37,0,52038.0,52058.0,52168.0
publicbi,Bimbo,c0_Agencia_ID_x1,eq_absent,bloom,131072,180224,0,0.00000000,180224,0,0,561.0,561.0,561.0
publicbi,Bimbo,c0_Agencia_ID_x1,eq_absent,minmax_bloom,131072,182272,0,0.00000000,182272,0,0,811.0,811.0,812.0
publicbi,Bimbo,c0_Agencia_ID_x1,in_mixed,scan,131072,0,131072,1.00000000,1048576,65,44729,228192.0,229533.0,232989.0
publicbi,Bimbo,c0_Agencia_ID_x1,in_mixed,minmax,131072,2048,81920,0.62500000,657408,17,44729,134962.0,136113.0,136314.0
publicbi,Bimbo,c0_Agencia_ID_x1,in_mixed,bloom,131072,180224,64512,0.49218750,696320,0,44729,104085.0,104126.0,106710.0
publicbi,Bimbo,c0_Agencia_ID_x1,in_mixed,minmax_bloom,131072,182272,64512,0.49218750,698368,0,44729,104827.0,104907.0,105088.0
publicbi,Bimbo,c1_Canal_ID_x1,eq_rare,scan,131072,0,131072,1.00000000,1048576,126,421,178847.0,178898.0,178958.0
publicbi,Bimbo,c1_Canal_ID_x1,eq_rare,minmax,131072,2048,2048,0.01562500,18432,0,421,2974.0,2975.0,2985.0
publicbi,Bimbo,c1_Canal_ID_x1,eq_rare,bloom,131072,180224,2048,0.01562500,196608,0,421,3415.0,3416.0,3425.0
publicbi,Bimbo,c1_Canal_ID_x1,eq_rare,minmax_bloom,131072,182272,2048,0.01562500,198656,0,421,3546.0,3555.0,3565.0
publicbi,Bimbo,c1_Canal_ID_x1,eq_frequent,scan,131072,0,131072,1.00000000,1048576,3,123058,179519.0,179578.0,179699.0
publicbi,Bimbo,c1_Canal_ID_x1,eq_frequent,minmax,131072,2048,128000,0.97656250,1026048,0,123058,175693.0,175693.0,176103.0
publicbi,Bimbo,c1_Canal_ID_x1,eq_frequent,bloom,131072,180224,128000,0.97656250,1204224,0,123058,178878.0,178987.0,179889.0
publicbi,Bimbo,c1_Canal_ID_x1,eq_frequent,minmax_bloom,131072,182272,128000,0.97656250,1206272,0,123058,180100.0,180210.0,181191.0
publicbi,Bimbo,c1_Canal_ID_x1,eq_absent,scan,131072,0,131072,1.00000000,1048576,128,0,178788.0,178827.0,178857.0
publicbi,Bimbo,c1_Canal_ID_x1,eq_absent,minmax,131072,2048,9216,0.07031250,75776,9,0,12729.0,12730.0,12749.0
publicbi,Bimbo,c1_Canal_ID_x1,eq_absent,bloom,131072,180224,0,0.00000000,180224,0,0,551.0,560.0,561.0
publicbi,Bimbo,c1_Canal_ID_x1,eq_absent,minmax_bloom,131072,182272,0,0.00000000,182272,0,0,751.0,751.0,781.0
publicbi,Bimbo,c1_Canal_ID_x1,in_mixed,scan,131072,0,131072,1.00000000,1048576,2,123479,181772.0,181822.0,183434.0
publicbi,Bimbo,c1_Canal_ID_x1,in_mixed,minmax,131072,2048,129024,0.98437500,1034240,0,123479,178808.0,178888.0,179018.0
publicbi,Bimbo,c1_Canal_ID_x1,in_mixed,bloom,131072,180224,129024,0.98437500,1212416,0,123479,181842.0,181972.0,182123.0
publicbi,Bimbo,c1_Canal_ID_x1,in_mixed,minmax_bloom,131072,182272,129024,0.98437500,1214464,0,123479,183525.0,183735.0,184286.0
publicbi,Bimbo,c2_Cliente_ID_x1,eq_rare,scan,131072,0,131072,1.00000000,1048576,127,1,178898.0,178948.0,179078.0
publicbi,Bimbo,c2_Cliente_ID_x1,eq_rare,minmax,131072,2048,5120,0.03906250,43008,4,1,7181.0,7211.0,7291.0
publicbi,Bimbo,c2_Cliente_ID_x1,eq_rare,bloom,131072,180224,1024,0.00781250,188416,0,1,2013.0,2013.0,2023.0
publicbi,Bimbo,c2_Cliente_ID_x1,eq_rare,minmax_bloom,131072,182272,1024,0.00781250,190464,0,1,2154.0,2183.0,2253.0
publicbi,Bimbo,c2_Cliente_ID_x1,eq_frequent,scan,131072,0,131072,1.00000000,1048576,124,66,178897.0,178928.0,178958.0
publicbi,Bimbo,c2_Cliente_ID_x1,eq_frequent,minmax,131072,2048,130048,0.99218750,1042432,123,66,177926.0,177956.0,177997.0
publicbi,Bimbo,c2_Cliente_ID_x1,eq_frequent,bloom,131072,180224,4096,0.03125000,212992,0,66,6340.0,6349.0,6369.0
publicbi,Bimbo,c2_Cliente_ID_x1,eq_frequent,minmax_bloom,131072,182272,4096,0.03125000,215040,0,66,6690.0,6690.0,6710.0
publicbi,Bimbo,c2_Cliente_ID_x1,eq_absent,scan,131072,0,131072,1.00000000,1048576,128,0,178808.0,178818.0,178867.0
publicbi,Bimbo,c2_Cliente_ID_x1,eq_absent,minmax,131072,2048,1024,0.00781250,10240,1,0,1522.0,1523.0,1533.0
publicbi,Bimbo,c2_Cliente_ID_x1,eq_absent,bloom,131072,180224,0,0.00000000,180224,0,0,571.0,581.0,581.0
publicbi,Bimbo,c2_Cliente_ID_x1,eq_absent,minmax_bloom,131072,182272,0,0.00000000,182272,0,0,681.0,691.0,691.0
publicbi,Bimbo,c2_Cliente_ID_x1,in_mixed,scan,131072,0,131072,1.00000000,1048576,123,67,250104.0,250124.0,254711.0
publicbi,Bimbo,c2_Cliente_ID_x1,in_mixed,minmax,131072,2048,130048,0.99218750,1042432,122,67,252748.0,260670.0,305027.0
publicbi,Bimbo,c2_Cliente_ID_x1,in_mixed,bloom,131072,180224,5120,0.03906250,221184,0,67,11748.0,11757.0,11868.0
publicbi,Bimbo,c2_Cliente_ID_x1,in_mixed,minmax_bloom,131072,182272,5120,0.03906250,223232,0,67,12208.0,12249.0,12468.0
publicbi,Bimbo,c3_Demanda_uni_equil_x1,eq_rare,scan,131072,0,131072,1.00000000,1048576,127,1,180821.0,180911.0,181291.0
publicbi,Bimbo,c3_Demanda_uni_equil_x1,eq_rare,minmax,131072,2048,71680,0.54687500,575488,69,1,99539.0,99669.0,100150.0
publicbi,Bimbo,c3_Demanda_uni_equil_x1,eq_rare,bloom,131072,180224,1024,0.00781250,188416,0,1,1993.0,1993.0,2003.0
publicbi,Bimbo,c3_Demanda_uni_equil_x1,eq_rare,minmax_bloom,131072,182272,1024,0.00781250,190464,0,1,2303.0,2303.0,2443.0
publicbi,Bimbo,c3_Demanda_uni_equil_x1,eq_frequent,scan,131072,0,131072,1.00000000,1048576,0,25308,352126.0,354721.0,360149.0
publicbi,Bimbo,c3_Demanda_uni_equil_x1,eq_frequent,minmax,131072,2048,131072,1.00000000,1050624,0,25308,349894.0,352067.0,354331.0
publicbi,Bimbo,c3_Demanda_uni_equil_x1,eq_frequent,bloom,131072,180224,131072,1.00000000,1228800,0,25308,352508.0,354310.0,356694.0
publicbi,Bimbo,c3_Demanda_uni_equil_x1,eq_frequent,minmax_bloom,131072,182272,131072,1.00000000,1230848,0,25308,354140.0,354620.0,359037.0
publicbi,Bimbo,c3_Demanda_uni_equil_x1,eq_absent,scan,131072,0,131072,1.00000000,1048576,128,0,179829.0,180671.0,180861.0
publicbi,Bimbo,c3_Demanda_uni_equil_x1,eq_absent,minmax,131072,2048,37888,0.28906250,305152,37,0,51878.0,51928.0,52048.0
publicbi,Bimbo,c3_Demanda_uni_equil_x1,eq_absent,bloom,131072,180224,0,0.00000000,180224,0,0,561.0,561.0,571.0
publicbi,Bimbo,c3_Demanda_uni_equil_x1,eq_absent,minmax_bloom,131072,182272,0,0.00000000,182272,0,0,771.0,772.0,801.0
publicbi,Bimbo,c3_Demanda_uni_equil_x1,in_mixed,scan,131072,0,131072,1.00000000,1048576,0,25309,364185.0,368311.0,369142.0
publicbi,Bimbo,c3_Demanda_uni_equil_x1,in_mixed,minmax,131072,2048,131072,1.00000000,1050624,0,25309,364245.0,365798.0,369032.0
publicbi,Bimbo,c3_Demanda_uni_equil_x1,in_mixed,bloom,131072,180224,131072,1.00000000,1228800,0,25309,368191.0,372398.0,386999.0
publicbi,Bimbo,c3_Demanda_uni_equil_x1,in_mixed,minmax_bloom,131072,182272,131072,1.00000000,1230848,0,25309,369223.0,370875.0,375783.0
publicbi,Bimbo,c4_Dev_proxima_x100,eq_rare,scan,131072,0,131072,1.00000000,1048576,127,1,179889.0,180841.0,180941.0
publicbi,Bimbo,c4_Dev_proxima_x100,eq_rare,minmax,131072,2048,131072,1.00000000,1050624,127,1,181362.0,181541.0,184065.0
publicbi,Bimbo,c4_Dev_proxima_x100,eq_rare,bloom,131072,180224,1024,0.00781250,188416,0,1,1993.0,1993.0,2013.0
publicbi,Bimbo,c4_Dev_proxima_x100,eq_rare,minmax_bloom,131072,182272,1024,0.00781250,190464,0,1,2314.0,2324.0,2384.0
publicbi,Bimbo,c4_Dev_proxima_x100,eq_frequent,scan,131072,0,131072,1.00000000,1048576,0,127165,193329.0,194812.0,205077.0
publicbi,Bimbo,c4_Dev_proxima_x100,eq_frequent,minmax,131072,2048,131072,1.00000000,1050624,0,127165,193039.0,193499.0,195423.0
publicbi,Bimbo,c4_Dev_proxima_x100,eq_frequent,bloom,131072,180224,131072,1.00000000,1228800,0,127165,196544.0,196774.0,199528.0
publicbi,Bimbo,c4_Dev_proxima_x100,eq_frequent,minmax_bloom,131072,182272,131072,1.00000000,1230848,0,127165,197516.0,197886.0,199919.0
publicbi,Bimbo,c4_Dev_proxima_x100,eq_absent,scan,131072,0,131072,1.00000000,1048576,128,0,180580.0,181101.0,244857.0
publicbi,Bimbo,c4_Dev_proxima_x100,eq_absent,minmax,131072,2048,131072,1.00000000,1050624,128,0,180240.0,181362.0,185758.0
publicbi,Bimbo,c4_Dev_proxima_x100,eq_absent,bloom,131072,180224,0,0.00000000,180224,0,0,561.0,561.0,571.0
publicbi,Bimbo,c4_Dev_proxima_x100,eq_absent,minmax_bloom,131072,182272,0,0.00000000,182272,0,0,872.0,901.0,931.0
publicbi,Bimbo,c4_Dev_proxima_x100,in_mixed,scan,131072,0,131072,1.00000000,1048576,0,127166,198146.0,200460.0,205367.0
publicbi,Bimbo,c4_Dev_proxima_x100,in_mixed,minmax,131072,2048,131072,1.00000000,1050624,0,127166,202763.0,203264.0,207040.0
publicbi,Bimbo,c4_Dev_proxima_x100,in_mixed,bloom,131072,180224,131072,1.00000000,1228800,0,127166,201882.0,203094.0,208552.0
publicbi,Bimbo,c4_Dev_proxima_x100,in_mixed,minmax_bloom,131072,182272,131072,1.00000000,1230848,0,127166,203765.0,203935.0,211246.0
publicbi,Bimbo,c5_Dev_uni_proxima_x1,eq_rare,scan,131072,0,131072,1.00000000,1048576,127,1,178778.0,178807.0,178948.0
publicbi,Bimbo,c5_Dev_uni_proxima_x1,eq_rare,minmax,131072,2048,37888,0.28906250,305152,36,1,51888.0,51897.0,52268.0
publicbi,Bimbo,c5_Dev_uni_proxima_x1,eq_rare,bloom,131072,180224,1024,0.00781250,188416,0,1,1993.0,1993.0,2013.0
publicbi,Bimbo,c5_Dev_uni_proxima_x1,eq_rare,minmax_bloom,131072,182272,1024,0.00781250,190464,0,1,2263.0,2273.0,2324.0
publicbi,Bimbo,c5_Dev_uni_proxima_x1,eq_frequent,scan,131072,0,131072,1.00000000,1048576,0,127165,193209.0,194972.0,197456.0
publicbi,Bimbo,c5_Dev_uni_proxima_x1,eq_frequent,minmax,131072,2048,131072,1.00000000,1050624,0,127165,192979.0,193770.0,195263.0
publicbi,Bimbo,c5_Dev_uni_proxima_x1,eq_frequent,bloom,131072,180224,131072,1.00000000,1228800,0,127165,196164.0,197005.0,200740.0
publicbi,Bimbo,c5_Dev_uni_proxima_x1,eq_frequent,minmax_bloom,131072,182272,131072,1.00000000,1230848,0,127165,197445.0,198036.0,201432.0
publicbi,Bimbo,c5_Dev_uni_proxima_x1,eq_absent,scan,131072,0,131072,1.00000000,1048576,128,0,178697.0,178748.0,178887.0
publicbi,Bimbo,c5_Dev_uni_proxima_x1,eq_absent,minmax,131072,2048,37888,0.28906250,305152,37,0,51858.0,51907.0,51998.0
publicbi,Bimbo,c5_Dev_uni_proxima_x1,eq_absent,bloom,131072,180224,0,0.00000000,180224,0,0,551.0,561.0,561.0
publicbi,Bimbo,c5_Dev_uni_proxima_x1,eq_absent,minmax_bloom,131072,182272,0,0.00000000,182272,0,0,781.0,781.0,812.0
publicbi,Bimbo,c5_Dev_uni_proxima_x1,in_mixed,scan,131072,0,131072,1.00000000,1048576,0,127166,198617.0,200180.0,202504.0
publicbi,Bimbo,c5_Dev_uni_proxima_x1,in_mixed,minmax,131072,2048,131072,1.00000000,1050624,0,127166,198567.0,198808.0,201001.0
publicbi,Bimbo,c5_Dev_uni_proxima_x1,in_mixed,bloom,131072,180224,131072,1.00000000,1228800,0,127166,201682.0,202333.0,210064.0
publicbi,Bimbo,c5_Dev_uni_proxima_x1,in_mixed,minmax_bloom,131072,182272,131072,1.00000000,1230848,0,127166,203044.0,203645.0,205147.0
publicbi,CMSprovider,c3_BENE_DAY_SRVC_CNT_x1,eq_rare,scan,131072,0,131072,1.00000000,1048576,127,1,178657.0,178768.0,179008.0
publicbi,CMSprovider,c3_BENE_DAY_SRVC_CNT_x1,eq_rare,minmax,131072,2048,119808,0.91406250,960512,116,1,163735.0,163866.0,163935.0
publicbi,CMSprovider,c3_BENE_DAY_SRVC_CNT_x1,eq_rare,bloom,131072,180224,1024,0.00781250,188416,0,1,1993.0,2003.0,2003.0
publicbi,CMSprovider,c3_BENE_DAY_SRVC_CNT_x1,eq_rare,minmax_bloom,131072,182272,1024,0.00781250,190464,0,1,2313.0,2324.0,2414.0
publicbi,CMSprovider,c3_BENE_DAY_SRVC_CNT_x1,eq_frequent,scan,131072,0,131072,1.00000000,1048576,1,5401,205358.0,206419.0,209373.0
publicbi,CMSprovider,c3_BENE_DAY_SRVC_CNT_x1,eq_frequent,minmax,131072,2048,131072,1.00000000,1050624,1,5401,205517.0,206299.0,207921.0
publicbi,CMSprovider,c3_BENE_DAY_SRVC_CNT_x1,eq_frequent,bloom,131072,180224,130048,0.99218750,1220608,0,5401,206990.0,207981.0,210815.0
publicbi,CMSprovider,c3_BENE_DAY_SRVC_CNT_x1,eq_frequent,minmax_bloom,131072,182272,130048,0.99218750,1222656,0,5401,208813.0,209133.0,212788.0
publicbi,CMSprovider,c3_BENE_DAY_SRVC_CNT_x1,eq_absent,scan,131072,0,131072,1.00000000,1048576,128,0,178508.0,178547.0,178617.0
publicbi,CMSprovider,c3_BENE_DAY_SRVC_CNT_x1,eq_absent,minmax,131072,2048,114688,0.87500000,919552,112,0,156725.0,156904.0,156995.0
publicbi,CMSprovider,c3_BENE_DAY_SRVC_CNT_x1,eq_absent,bloom,131072,180224,0,0.00000000,180224,0,0,771.0,771.0,772.0
publicbi,CMSprovider,c3_BENE_DAY_SRVC_CNT_x1,eq_absent,minmax_bloom,131072,182272,0,0.00000000,182272,0,0,1101.0,1102.0,1352.0
publicbi,CMSprovider,c3_BENE_DAY_SRVC_CNT_x1,in_mixed,scan,131072,0,131072,1.00000000,1048576,1,5402,311577.0,314501.0,315812.0
publicbi,CMSprovider,c3_BENE_DAY_SRVC_CNT_x1,in_mixed,minmax,131072,2048,131072,1.00000000,1050624,1,5402,312778.0,314671.0,316343.0
publicbi,CMSprovider,c3_BENE_DAY_SRVC_CNT_x1,in_mixed,bloom,131072,180224,130048,0.99218750,1220608,0,5402,312507.0,313129.0,317164.0
publicbi,CMSprovider,c3_BENE_DAY_SRVC_CNT_x1,in_mixed,minmax_bloom,131072,182272,130048,0.99218750,1222656,0,5402,313999.0,314861.0,318988.0
publicbi,CMSprovider,c4_BENE_UNIQUE_CNT_x1,eq_rare,scan,131072,0,131072,1.00000000,1048576,127,1,178377.0,178438.0,178778.0
publicbi,CMSprovider,c4_BENE_UNIQUE_CNT_x1,eq_rare,minmax,131072,2048,100352,0.76562500,804864,97,1,137116.0,137235.0,137506.0
publicbi,CMSprovider,c4_BENE_UNIQUE_CNT_x1,eq_rare,bloom,131072,180224,1024,0.00781250,188416,0,1,2003.0,2003.0,2013.0
publicbi,CMSprovider,c4_BENE_UNIQUE_CNT_x1,eq_rare,minmax_bloom,131072,182272,1024,0.00781250,190464,0,1,2313.0,2324.0,2364.0
publicbi,CMSprovider,c4_BENE_UNIQUE_CNT_x1,eq_frequent,scan,131072,0,131072,1.00000000,1048576,0,7479,217826.0,218757.0,223805.0
publicbi,CMSprovider,c4_BENE_UNIQUE_CNT_x1,eq_frequent,minmax,131072,2048,131072,1.00000000,1050624,0,7479,218557.0,219418.0,220691.0
publicbi,CMSprovider,c4_BENE_UNIQUE_CNT_x1,eq_frequent,bloom,131072,180224,131072,1.00000000,1228800,0,7479,221201.0,221852.0,225918.0
publicbi,CMSprovider,c4_BENE_UNIQUE_CNT_x1,eq_frequent,minmax_bloom,131072,182272,131072,1.00000000,1230848,0,7479,222634.0,222763.0,225648.0
publicbi,CMSprovider,c4_BENE_UNIQUE_CNT_x1,eq_absent,scan,131072,0,131072,1.00000000,1048576,128,0,178247.0,178257.0,178407.0
publicbi,CMSprovider,c4_BENE_UNIQUE_CNT_x1,eq_absent,minmax,131072,2048,88064,0.67187500,706560,86,0,120350.0,120360.0,120560.0
publicbi,CMSprovider,c4_BENE_UNIQUE_CNT_x1,eq_absent,bloom,131072,180224,0,0.00000000,180224,0,0,551.0,560.0,561.0
publicbi,CMSprovider,c4_BENE_UNIQUE_CNT_x1,eq_absent,minmax_bloom,131072,182272,0,0.00000000,182272,0,0,852.0,871.0,871.0
publicbi,CMSprovider,c4_BENE_UNIQUE_CNT_x1,in_mixed,scan,131072,0,131072,1.00000000,1048576,0,7480,322422.0,325998.0,329854.0
publicbi,CMSprovider,c4_BENE_UNIQUE_CNT_x1,in_mixed,minmax,131072,2048,131072,1.00000000,1050624,0,7480,323524.0,325758.0,326989.0
publicbi,CMSprovider,c4_BENE_UNIQUE_CNT_x1,in_mixed,bloom,131072,180224,131072,1.00000000,1228800,0,7480,326198.0,327630.0,330755.0
publicbi,CMSprovider,c4_BENE_UNIQUE_CNT_x1,in_mixed,minmax_bloom,131072,182272,131072,1.00000000,1230848,0,7480,327260.0,328031.0,331236.0
publicbi,Euro2016,c1_id_x1,eq_rare,scan,131072,0,131072,1.00000000,1048576,127,1,178647.0,178747.0,178788.0
publicbi,Euro2016,c1_id_x1,eq_rare,minmax,131072,2048,1024,0.00781250,10240,0,1,1572.0,1572.0,1573.0
publicbi,Euro2016,c1_id_x1,eq_rare,bloom,131072,180224,2048,0.01562500,196608,1,1,3706.0,3716.0,3726.0
publicbi,Euro2016,c1_id_x1,eq_rare,minmax_bloom,131072,182272,1024,0.00781250,190464,0,1,2424.0,2424.0,2453.0
publicbi,Euro2016,c1_id_x1,eq_frequent,scan,131072,0,131072,1.00000000,1048576,127,1,178648.0,178798.0,182122.0
publicbi,Euro2016,c1_id_x1,eq_frequent,minmax,131072,2048,1024,0.00781250,10240,0,1,1542.0,1543.0,1552.0
publicbi,Euro2016,c1_id_x1,eq_frequent,bloom,131072,180224,2048,0.01562500,196608,1,1,3706.0,3715.0,3716.0
publicbi,Euro2016,c1_id_x1,eq_frequent,minmax_bloom,131072,182272,1024,0.00781250,190464,0,1,2424.0,2424.0,2433.0
publicbi,Euro2016,c1_id_x1,eq_absent,scan,131072,0,131072,1.00000000,1048576,128,0,178567.0,178628.0,178737.0
publicbi,Euro2016,c1_id_x1,eq_absent,minmax,131072,2048,1024,0.00781250,10240,1,0,1513.0,1522.0,1533.0
publicbi,Euro2016,c1_id_x1,eq_absent,bloom,131072,180224,0,0.00000000,180224,0,0,791.0,791.0,801.0
publicbi,Euro2016,c1_id_x1,eq_absent,minmax_bloom,131072,182272,0,0.00000000,182272,0,0,942.0,951.0,952.0
publicbi,Euro2016,c1_id_x1,in_mixed,scan,131072,0,131072,1.00000000,1048576,127,1,214100.0,214181.0,214391.0
publicbi,Euro2016,c1_id_x1,in_mixed,minmax,131072,2048,1024,0.00781250,10240,0,1,1893.0,1903.0,1903.0
publicbi,Euro2016,c1_id_x1,in_mixed,bloom,131072,180224,2048,0.01562500,196608,1,1,5008.0,5017.0,5028.0
publicbi,Euro2016,c1_id_x1,in_mixed,minmax_bloom,131072,182272,1024,0.00781250,190464,0,1,3545.0,3545.0,3556.0
publicbi,Generico,c10_Corte_x1,eq_rare,scan,131072,0,131072,1.00000000,1048576,126,5,178987.0,179118.0,179678.0
publicbi,Generico,c10_Corte_x1,eq_rare,minmax,131072,2048,2048,0.01562500,18432,0,5,3015.0,3034.0,3045.0
publicbi,Generico,c10_Corte_x1,eq_rare,bloom,131072,180224,2048,0.01562500,196608,0,5,3495.0,3496.0,3505.0
publicbi,Generico,c10_Corte_x1,eq_rare,minmax_bloom,131072,182272,2048,0.01562500,198656,0,5,3625.0,3625.0,3686.0
publicbi,Generico,c10_Corte_x1,eq_frequent,scan,131072,0,131072,1.00000000,1048576,2,24597,203384.0,205307.0,211116.0
publicbi,Generico,c10_Corte_x1,eq_frequent,minmax,131072,2048,129024,0.98437500,1034240,0,24597,199388.0,201973.0,205487.0
publicbi,Generico,c10_Corte_x1,eq_frequent,bloom,131072,180224,129024,0.98437500,1212416,0,24597,201732.0,203795.0,205828.0
publicbi,Generico,c10_Corte_x1,eq_frequent,minmax_bloom,131072,182272,129024,0.98437500,1214464,0,24597,203875.0,206870.0,208122.0
publicbi,Generico,c10_Corte_x1,eq_absent,scan,131072,0,131072,1.00000000,1048576,128,0,178698.0,178747.0,179088.0
publicbi,Generico,c10_Corte_x1,eq_absent,minmax,131072,2048,0,0.00000000,2048,0,0,160.0,160.0,170.0
publicbi,Generico,c10_Corte_x1,eq_absent,bloom,131072,180224,0,0.00000000,180224,0,0,551.0,561.0,561.0
publicbi,Generico,c10_Corte_x1,eq_absent,minmax_bloom,131072,182272,0,0.00000000,182272,0,0,661.0,661.0,671.0
publicbi,Generico,c10_Corte_x1,in_mixed,scan,131072,0,131072,1.00000000,1048576,2,24602,237436.0,241061.0,243484.0
publicbi,Generico,c10_Corte_x1,in_mixed,minmax,131072,2048,129024,0.98437500,1034240,0,24602,233790.0,235963.0,237926.0
publicbi,Generico,c10_Corte_x1,in_mixed,bloom,131072,180224,129024,0.98437500,1212416,0,24602,238197.0,239949.0,243835.0
publicbi,Generico,c10_Corte_x1,in_mixed,minmax_bloom,131072,182272,129024,0.98437500,1214464,0,24602,238557.0,239889.0,242834.0
publicbi,Generico,c11_De_Npags_x1,eq_rare,scan,131072,0,131072,1.00000000,1048576,127,7,178827.0,178858.0,178998.0
publicbi,Generico,c11_De_Npags_x1,eq_rare,minmax,131072,2048,12288,0.09375000,100352,11,7,16935.0,16936.0,16946.0
publicbi,Generico,c11_De_Npags_x1,eq_rare,bloom,131072,180224,1024,0.00781250,188416,0,7,1993.0,2003.0,2003.0
publicbi,Generico,c11_De_Npags_x1,eq_rare,minmax_bloom,131072,182272,1024,0.00781250,190464,0,7,2203.0,2214.0,2253.0
publicbi,Generico,c11_De_Npags_x1,eq_frequent,scan,131072,0,131072,1.00000000,1048576,0,19979,281101.0,281912.0,287380.0
publicbi,Generico,c11_De_Npags_x1,eq_frequent,minmax,131072,2048,131072,1.00000000,1050624,0,19979,282312.0,284595.0,289102.0
publicbi,Generico,c11_De_Npags_x1,eq_frequent,bloom,131072,180224,131072,1.00000000,1228800,0,19979,284355.0,286109.0,290585.0
publicbi,Generico,c11_De_Npags_x1,eq_frequent,minmax_bloom,131072,182272,131072,1.00000000,1230848,0,19979,286188.0,287561.0,289914.0
publicbi,Generico,c11_De_Npags_x1,eq_absent,scan,131072,0,131072,1.00000000,1048576,128,0,178728.0,178748.0,178868.0
publicbi,Generico,c11_De_Npags_x1,eq_absent,minmax,131072,2048,36864,0.28125000,296960,36,0,50426.0,50466.0,50796.0
publicbi,Generico,c11_De_Npags_x1,eq_absent,bloom,131072,180224,0,0.00000000,180224,0,0,581.0,581.0,581.0
publicbi,Generico,c11_De_Npags_x1,eq_absent,minmax_bloom,131072,182272,0,0.00000000,182272,0,0,811.0,821.0,911.0
publicbi,Generico,c11_De_Npags_x1,in_mixed,scan,131072,0,131072,1.00000000,1048576,0,19986,380389.0,383173.0,384395.0
publicbi,Generico,c11_De_Npags_x1,in_mixed,minmax,131072,2048,131072,1.00000000,1050624,0,19986,385327.0,385808.0,388382.0
publicbi,Generico,c11_De_Npags_x1,in_mixed,bloom,131072,180224,131072,1.00000000,1228800,0,19986,384506.0,387389.0,389353.0
publicbi,Generico,c11_De_Npags_x1,in_mixed,minmax_bloom,131072,182272,131072,1.00000000,1230848,0,19986,387089.0,388190.0,392347.0
publicbi,Generico,c12_Dia_Semana_x1,eq_rare,scan,131072,0,131072,1.00000000,1048576,107,14781,179158.0,179840.0,180360.0
publicbi,Generico,c12_Dia_Semana_x1,eq_rare,minmax,131072,2048,41984,0.32031250,337920,20,14781,57686.0,57727.0,61982.0
publicbi,Generico,c12_Dia_Semana_x1,eq_rare,bloom,131072,180224,21504,0.16406250,352256,0,14781,34431.0,34432.0,34472.0
publicbi,Generico,c12_Dia_Semana_x1,eq_rare,minmax_bloom,131072,182272,21504,0.16406250,354304,0,14781,34822.0,34832.0,34922.0
publicbi,Generico,c12_Dia_Semana_x1,eq_frequent,scan,131072,0,131072,1.00000000,1048576,93,23173,178998.0,179209.0,184015.0
publicbi,Generico,c12_Dia_Semana_x1,eq_frequent,minmax,131072,2048,60416,0.46093750,485376,24,23173,89314.0,89323.0,89795.0
publicbi,Generico,c12_Dia_Semana_x1,eq_frequent,bloom,131072,180224,35840,0.27343750,466944,0,23173,56624.0,56795.0,57265.0
publicbi,Generico,c12_Dia_Semana_x1,eq_frequent,minmax_bloom,131072,182272,35840,0.27343750,468992,0,23173,57206.0,57216.0,57416.0
publicbi,Generico,c12_Dia_Semana_x1,eq_absent,scan,131072,0,131072,1.00000000,1048576,128,0,178457.0,178467.0,181311.0
publicbi,Generico,c12_Dia_Semana_x1,eq_absent,minmax,131072,2048,0,0.00000000,2048,0,0,160.0,160.0,181.0
publicbi,Generico,c12_Dia_Semana_x1,eq_absent,bloom,131072,180224,0,0.00000000,180224,0,0,551.0,561.0,561.0
publicbi,Generico,c12_Dia_Semana_x1,eq_absent,minmax_bloom,131072,182272,0,0.00000000,182272,0,0,661.0,671.0,671.0
publicbi,Generico,c12_Dia_Semana_x1,in_mixed,scan,131072,0,131072,1.00000000,1048576,75,37954,212538.0,212568.0,212719.0
publicbi,Generico,c12_Dia_Semana_x1,in_mixed,minmax,131072,2048,79872,0.60937500,641024,25,37954,135593.0,136294.0,140049.0
publicbi,Generico,c12_Dia_Semana_x1,in_mixed,bloom,131072,180224,54272,0.41406250,614400,0,37954,95723.0,95734.0,96033.0
publicbi,Generico,c12_Dia_Semana_x1,in_mixed,minmax_bloom,131072,182272,54272,0.41406250,616448,0,37954,96564.0,96565.0,96645.0
publicbi,Generico,c2_A_o_x1,eq_rare,scan,131072,0,131072,1.00000000,1048576,0,131072,179438.0,179468.0,179559.0
publicbi,Generico,c2_A_o_x1,eq_rare,minmax,131072,2048,131072,1.00000000,1050624,0,131072,180090.0,180199.0,180280.0
publicbi,Generico,c2_A_o_x1,eq_rare,bloom,131072,180224,131072,1.00000000,1228800,0,131072,182904.0,183094.0,183214.0
publicbi,Generico,c2_A_o_x1,eq_rare,minmax_bloom,131072,182272,131072,1.00000000,1230848,0,131072,190255.0,194762.0,314030.0
publicbi,Generico,c2_A_o_x1,eq_rare,sparse_fence,131072,174768,131072,1.00000000,1223344,0,131072,298897.0,299147.0,303344.0
publicbi,Generico,c2_A_o_x1,eq_frequent,scan,131072,0,131072,1.00000000,1048576,0,131072,182043.0,182092.0,182243.0
publicbi,Generico,c2_A_o_x1,eq_frequent,minmax,131072,2048,131072,1.00000000,1050624,0,131072,182623.0,182903.0,183886.0
publicbi,Generico,c2_A_o_x1,eq_frequent,bloom,131072,180224,131072,1.00000000,1228800,0,131072,185698.0,187200.0,191025.0
publicbi,Generico,c2_A_o_x1,eq_frequent,minmax_bloom,131072,182272,131072,1.00000000,1230848,0,131072,186920.0,187361.0,187721.0
publicbi,Generico,c2_A_o_x1,eq_frequent,sparse_fence,131072,174768,131072,1.00000000,1223344,0,131072,297395.0,300079.0,300930.0
publicbi,Generico,c2_A_o_x1,eq_absent,scan,131072,0,131072,1.00000000,1048576,128,0,181802.0,182002.0,182763.0
publicbi,Generico,c2_A_o_x1,eq_absent,minmax,131072,2048,0,0.00000000,2048,0,0,140.0,150.0,160.0
publicbi,Generico,c2_A_o_x1,eq_absent,bloom,131072,180224,0,0.00000000,180224,0,0,551.0,561.0,561.0
publicbi,Generico,c2_A_o_x1,eq_absent,minmax_bloom,131072,182272,0,0.00000000,182272,0,0,661.0,671.0,671.0
publicbi,Generico,c2_A_o_x1,eq_absent,sparse_fence,131072,174768,8,0.00006104,174832,1,0,130.0,130.0,131.0
publicbi,Generico,c2_A_o_x1,in_mixed,scan,131072,0,131072,1.00000000,1048576,0,131072,182142.0,182843.0,202913.0
publicbi,Generico,c2_A_o_x1,in_mixed,minmax,131072,2048,131072,1.00000000,1050624,0,131072,182203.0,182584.0,183264.0
publicbi,Generico,c2_A_o_x1,in_mixed,bloom,131072,180224,131072,1.00000000,1228800,0,131072,185698.0,186529.0,191046.0
publicbi,Generico,c2_A_o_x1,in_mixed,minmax_bloom,131072,182272,131072,1.00000000,1230848,0,131072,187020.0,187581.0,188793.0
publicbi,Generico,c2_A_o_x1,in_mixed,sparse_fence,131072,174768,131072,1.00000000,1223344,0,131072,298617.0,298917.0,304576.0
publicbi,Generico,c6_Codigo_x1,eq_rare,scan,131072,0,131072,1.00000000,1048576,127,1,180039.0,181291.0,227410.0
publicbi,Generico,c6_Codigo_x1,eq_rare,minmax,131072,2048,32768,0.25000000,264192,31,1,44877.0,44917.0,44997.0
publicbi,Generico,c6_Codigo_x1,eq_rare,bloom,131072,180224,1024,0.00781250,188416,0,1,2003.0,2013.0,2043.0
publicbi,Generico,c6_Codigo_x1,eq_rare,minmax_bloom,131072,182272,1024,0.00781250,190464,0,1,2233.0,2254.0,2303.0
publicbi,Generico,c6_Codigo_x1,eq_frequent,scan,131072,0,131072,1.00000000,1048576,107,6298,182373.0,182753.0,187711.0
publicbi,Generico,c6_Codigo_x1,eq_frequent,minmax,131072,2048,124928,0.95312500,1001472,101,6298,174021.0,174591.0,174781.0
publicbi,Generico,c6_Codigo_x1,eq_frequent,bloom,131072,180224,21504,0.16406250,352256,0,6298,32669.0,32769.0,32939.0
publicbi,Generico,c6_Codigo_x1,eq_frequent,minmax_bloom,131072,182272,21504,0.16406250,354304,0,6298,33049.0,33060.0,33259.0
publicbi,Generico,c6_Codigo_x1,eq_absent,scan,131072,0,131072,1.00000000,1048576,128,0,180911.0,180951.0,181001.0
publicbi,Generico,c6_Codigo_x1,eq_absent,minmax,131072,2048,1024,0.00781250,10240,1,0,1523.0,1532.0,1532.0
publicbi,Generico,c6_Codigo_x1,eq_absent,bloom,131072,180224,0,0.00000000,180224,0,0,661.0,661.0,671.0
publicbi,Generico,c6_Codigo_x1,eq_absent,minmax_bloom,131072,182272,0,0.00000000,182272,0,0,771.0,771.0,781.0
publicbi,Generico,c6_Codigo_x1,in_mixed,scan,131072,0,131072,1.00000000,1048576,106,6299,220920.0,220931.0,221642.0
publicbi,Generico,c6_Codigo_x1,in_mixed,minmax,131072,2048,124928,0.95312500,1001472,100,6299,211156.0,211576.0,212017.0
publicbi,Generico,c6_Codigo_x1,in_mixed,bloom,131072,180224,22528,0.17187500,360448,0,6299,43175.0,43184.0,43255.0
publicbi,Generico,c6_Codigo_x1,in_mixed,minmax_bloom,131072,182272,22528,0.17187500,362496,0,6299,43775.0,43786.0,43865.0
publicbi,Generico,c7_Cols_x1,eq_rare,scan,131072,0,131072,1.00000000,1048576,125,12,181021.0,181161.0,181461.0
publicbi,Generico,c7_Cols_x1,eq_rare,minmax,131072,2048,17408,0.13281250,141312,14,12,23996.0,24026.0,24146.0
publicbi,Generico,c7_Cols_x1,eq_rare,bloom,131072,180224,3072,0.02343750,204800,0,12,4888.0,4907.0,4908.0
publicbi,Generico,c7_Cols_x1,eq_rare,minmax_bloom,131072,182272,3072,0.02343750,206848,0,12,5147.0,5168.0,5227.0
publicbi,Generico,c7_Cols_x1,eq_frequent,scan,131072,0,131072,1.00000000,1048576,0,126878,181792.0,182213.0,182553.0
publicbi,Generico,c7_Cols_x1,eq_frequent,minmax,131072,2048,131072,1.00000000,1050624,0,126878,182253.0,182313.0,182543.0
publicbi,Generico,c7_Cols_x1,eq_frequent,bloom,131072,180224,131072,1.00000000,1228800,0,126878,185308.0,185408.0,186489.0
publicbi,Generico,c7_Cols_x1,eq_frequent,minmax_bloom,131072,182272,131072,1.00000000,1230848,0,126878,186679.0,186900.0,187891.0
publicbi,Generico,c7_Cols_x1,eq_absent,scan,131072,0,131072,1.00000000,1048576,128,0,179879.0,180781.0,180951.0
publicbi,Generico,c7_Cols_x1,eq_absent,minmax,131072,2048,0,0.00000000,2048,0,0,140.0,150.0,181.0
publicbi,Generico,c7_Cols_x1,eq_absent,bloom,131072,180224,0,0.00000000,180224,0,0,560.0,561.0,561.0
publicbi,Generico,c7_Cols_x1,eq_absent,minmax_bloom,131072,182272,0,0.00000000,182272,0,0,661.0,661.0,671.0
publicbi,Generico,c7_Cols_x1,in_mixed,scan,131072,0,131072,1.00000000,1048576,0,126890,183024.0,183294.0,183405.0
publicbi,Generico,c7_Cols_x1,in_mixed,minmax,131072,2048,131072,1.00000000,1050624,0,126890,183785.0,184016.0,184155.0
publicbi,Generico,c7_Cols_x1,in_mixed,bloom,131072,180224,131072,1.00000000,1228800,0,126890,186699.0,186920.0,187460.0
publicbi,Generico,c7_Cols_x1,in_mixed,minmax_bloom,131072,182272,131072,1.00000000,1230848,0,126890,188142.0,188282.0,188372.0
tpch,lineitem,c0_l_orderkey_x1,eq_rare,scan,131072,0,131072,1.00000000,1048576,127,1,178837.0,178848.0,178908.0
tpch,lineitem,c0_l_orderkey_x1,eq_rare,minmax,131072,2048,1024,0.00781250,10240,0,1,1532.0,1533.0,1562.0
tpch,lineitem,c0_l_orderkey_x1,eq_rare,bloom,131072,180224,1024,0.00781250,188416,0,1,2063.0,2073.0,2083.0
tpch,lineitem,c0_l_orderkey_x1,eq_rare,minmax_bloom,131072,182272,1024,0.00781250,190464,0,1,2194.0,2203.0,2213.0
tpch,lineitem,c0_l_orderkey_x1,eq_rare,sparse_fence,131072,174768,12,0.00009155,174864,0,1,140.0,150.0,151.0
tpch,lineitem,c0_l_orderkey_x1,eq_frequent,scan,131072,0,131072,1.00000000,1048576,127,7,178918.0,178967.0,179048.0
tpch,lineitem,c0_l_orderkey_x1,eq_frequent,minmax,131072,2048,1024,0.00781250,10240,0,7,1532.0,1533.0,1543.0
tpch,lineitem,c0_l_orderkey_x1,eq_frequent,bloom,131072,180224,1024,0.00781250,188416,0,7,2083.0,2083.0,2084.0
tpch,lineitem,c0_l_orderkey_x1,eq_frequent,minmax_bloom,131072,182272,1024,0.00781250,190464,0,7,2204.0,2213.0,2244.0
tpch,lineitem,c0_l_orderkey_x1,eq_frequent,sparse_fence,131072,174768,24,0.00018311,174960,0,7,170.0,170.0,190.0
tpch,lineitem,c0_l_orderkey_x1,eq_absent,scan,131072,0,131072,1.00000000,1048576,128,0,178797.0,178827.0,178847.0
tpch,lineitem,c0_l_orderkey_x1,eq_absent,minmax,131072,2048,1024,0.00781250,10240,1,0,1522.0,1522.0,1532.0
tpch,lineitem,c0_l_orderkey_x1,eq_absent,bloom,131072,180224,0,0.00000000,180224,0,0,591.0,601.0,601.0
tpch,lineitem,c0_l_orderkey_x1,eq_absent,minmax_bloom,131072,182272,0,0.00000000,182272,0,0,711.0,711.0,711.0
tpch,lineitem,c0_l_orderkey_x1,eq_absent,sparse_fence,131072,174768,12,0.00009155,174864,1,0,131.0,140.0,140.0
tpch,lineitem,c0_l_orderkey_x1,in_mixed,scan,131072,0,131072,1.00000000,1048576,127,8,214551.0,220700.0,268571.0
tpch,lineitem,c0_l_orderkey_x1,in_mixed,minmax,131072,2048,1024,0.00781250,10240,0,8,1952.0,1953.0,1953.0
tpch,lineitem,c0_l_orderkey_x1,in_mixed,bloom,131072,180224,1024,0.00781250,188416,0,8,3485.0,3495.0,3495.0
tpch,lineitem,c0_l_orderkey_x1,in_mixed,minmax_bloom,131072,182272,1024,0.00781250,190464,0,8,3755.0,3756.0,3766.0
tpch,lineitem,c0_l_orderkey_x1,in_mixed,sparse_fence,131072,174768,36,0.00027466,175056,0,8,291.0,291.0,300.0
tpch,lineitem,c1_l_partkey_x1,eq_rare,scan,131072,0,131072,1.00000000,1048576,127,1,179028.0,179208.0,179288.0
tpch,lineitem,c1_l_partkey_x1,eq_rare,minmax,131072,2048,1024,0.00781250,10240,0,1,1533.0,1542.0,1552.0
tpch,lineitem,c1_l_partkey_x1,eq_rare,bloom,131072,180224,1024,0.00781250,188416,0,1,2333.0,2343.0,2344.0
tpch,lineitem,c1_l_partkey_x1,eq_rare,minmax_bloom,131072,182272,1024,0.00781250,190464,0,1,2474.0,2474.0,2484.0
tpch,lineitem,c1_l_partkey_x1,eq_frequent,scan,131072,0,131072,1.00000000,1048576,121,7,179108.0,179128.0,179258.0
tpch,lineitem,c1_l_partkey_x1,eq_frequent,minmax,131072,2048,131072,1.00000000,1050624,121,7,179609.0,179839.0,180520.0
tpch,lineitem,c1_l_partkey_x1,eq_frequent,bloom,131072,180224,8192,0.06250000,245760,1,7,12219.0,12248.0,12288.0
tpch,lineitem,c1_l_partkey_x1,eq_frequent,minmax_bloom,131072,182272,8192,0.06250000,247808,1,7,12569.0,12579.0,12619.0
tpch,lineitem,c1_l_partkey_x1,eq_absent,scan,131072,0,131072,1.00000000,1048576,128,0,178918.0,178958.0,178988.0
tpch,lineitem,c1_l_partkey_x1,eq_absent,minmax,131072,2048,1024,0.00781250,10240,1,0,1552.0,1552.0,1553.0
tpch,lineitem,c1_l_partkey_x1,eq_absent,bloom,131072,180224,1024,0.00781250,188416,1,0,2244.0,2294.0,2464.0
tpch,lineitem,c1_l_partkey_x1,eq_absent,minmax_bloom,131072,182272,0,0.00000000,182272,0,0,951.0,951.0,952.0
tpch,lineitem,c1_l_partkey_x1,in_mixed,scan,131072,0,131072,1.00000000,1048576,121,8,214691.0,214731.0,217405.0
tpch,lineitem,c1_l_partkey_x1,in_mixed,minmax,131072,2048,131072,1.00000000,1050624,121,8,215393.0,215462.0,215823.0
tpch,lineitem,c1_l_partkey_x1,in_mixed,bloom,131072,180224,9216,0.07031250,253952,2,8,17767.0,17786.0,17997.0
tpch,lineitem,c1_l_partkey_x1,in_mixed,minmax_bloom,131072,182272,9216,0.07031250,256000,2,8,18317.0,18318.0,18358.0
tpch,lineitem,c2_l_suppkey_x1,eq_rare,scan,131072,0,131072,1.00000000,1048576,126,2,178928.0,178988.0,179008.0
tpch,lineitem,c2_l_suppkey_x1,eq_rare,minmax,131072,2048,131072,1.00000000,1050624,126,2,179499.0,179548.0,179919.0
tpch,lineitem,c2_l_suppkey_x1,eq_rare,bloom,131072,180224,3072,0.02343750,204800,1,2,5178.0,5188.0,5188.0
tpch,lineitem,c2_l_suppkey_x1,eq_rare,minmax_bloom,131072,182272,3072,0.02343750,206848,1,2,5528.0,5538.0,5608.0
tpch,lineitem,c2_l_suppkey_x1,eq_frequent,scan,131072,0,131072,1.00000000,1048576,100,31,179549.0,179629.0,179668.0
tpch,lineitem,c2_l_suppkey_x1,eq_frequent,minmax,131072,2048,131072,1.00000000,1050624,100,31,179909.0,180030.0,180170.0
tpch,lineitem,c2_l_suppkey_x1,eq_frequent,bloom,131072,180224,28672,0.21875000,409600,0,31,40711.0,40731.0,40831.0
tpch,lineitem,c2_l_suppkey_x1,eq_frequent,minmax_bloom,131072,182272,28672,0.21875000,411648,0,31,41312.0,41352.0,41392.0
tpch,lineitem,c2_l_suppkey_x1,eq_absent,scan,131072,0,131072,1.00000000,1048576,128,0,178928.0,178968.0,183214.0
tpch,lineitem,c2_l_suppkey_x1,eq_absent,minmax,131072,2048,0,0.00000000,2048,0,0,201.0,220.0,231.0
tpch,lineitem,c2_l_suppkey_x1,eq_absent,bloom,131072,180224,0,0.00000000,180224,0,0,861.0,871.0,942.0
tpch,lineitem,c2_l_suppkey_x1,eq_absent,minmax_bloom,131072,182272,0,0.00000000,182272,0,0,741.0,751.0,751.0
tpch,lineitem,c2_l_suppkey_x1,in_mixed,scan,131072,0,131072,1.00000000,1048576,98,33,183885.0,183945.0,191356.0
tpch,lineitem,c2_l_suppkey_x1,in_mixed,minmax,131072,2048,131072,1.00000000,1050624,98,33,182644.0,182823.0,183455.0
tpch,lineitem,c2_l_suppkey_x1,in_mixed,bloom,131072,180224,31744,0.24218750,434176,1,33,46700.0,46760.0,46870.0
tpch,lineitem,c2_l_suppkey_x1,in_mixed,minmax_bloom,131072,182272,31744,0.24218750,436224,1,33,47280.0,47582.0,47842.0
tpch,lineitem,c3_l_linenumber_x1,eq_rare,scan,131072,0,131072,1.00000000,1048576,0,4738,207541.0,208012.0,214321.0
tpch,lineitem,c3_l_linenumber_x1,eq_rare,minmax,131072,2048,131072,1.00000000,1050624,0,4738,208041.0,208302.0,209814.0
tpch,lineitem,c3_l_linenumber_x1,eq_rare,bloom,131072,180224,131072,1.00000000,1228800,0,4738,210876.0,211015.0,216594.0
tpch,lineitem,c3_l_linenumber_x1,eq_rare,minmax_bloom,131072,182272,131072,1.00000000,1230848,0,4738,211907.0,212027.0,215833.0
tpch,lineitem,c3_l_linenumber_x1,eq_frequent,scan,131072,0,131072,1.00000000,1048576,0,32634,369703.0,375422.0,380469.0
tpch,lineitem,c3_l_linenumber_x1,eq_frequent,minmax,131072,2048,131072,1.00000000,1050624,0,32634,368772.0,369193.0,373038.0
tpch,lineitem,c3_l_linenumber_x1,eq_frequent,bloom,131072,180224,131072,1.00000000,1228800,0,32634,371416.0,372938.0,375913.0
tpch,lineitem,c3_l_linenumber_x1,eq_frequent,minmax_bloom,131072,182272,131072,1.00000000,1230848,0,32634,373539.0,374210.0,378747.0
tpch,lineitem,c3_l_linenumber_x1,eq_absent,scan,131072,0,131072,1.00000000,1048576,128,0,178498.0,178547.0,178818.0
tpch,lineitem,c3_l_linenumber_x1,eq_absent,minmax,131072,2048,0,0.00000000,2048,0,0,160.0,161.0,170.0
tpch,lineitem,c3_l_linenumber_x1,eq_absent,bloom,131072,180224,0,0.00000000,180224,0,0,551.0,561.0,561.0
tpch,lineitem,c3_l_linenumber_x1,eq_absent,minmax_bloom,131072,182272,0,0.00000000,182272,0,0,661.0,671.0,671.0
tpch,lineitem,c3_l_linenumber_x1,in_mixed,scan,131072,0,131072,1.00000000,1048576,0,37372,409052.0,412136.0,413048.0
tpch,lineitem,c3_l_linenumber_x1,in_mixed,minmax,131072,2048,131072,1.00000000,1050624,0,37372,409102.0,410334.0,413008.0
tpch,lineitem,c3_l_linenumber_x1,in_mixed,bloom,131072,180224,131072,1.00000000,1228800,0,37372,411816.0,414681.0,416784.0
tpch,lineitem,c3_l_linenumber_x1,in_mixed,minmax_bloom,131072,182272,131072,1.00000000,1230848,0,37372,413308.0,418296.0,421531.0
tpch,lineitem,c4_l_quantity_x1,eq_rare,scan,131072,0,131072,1.00000000,1048576,0,2492,193610.0,197466.0,230976.0
tpch,lineitem,c4_l_quantity_x1,eq_rare,minmax,131072,2048,131072,1.00000000,1050624,0,2492,197876.0,198587.0,199979.0
tpch,lineitem,c4_l_quantity_x1,eq_rare,bloom,131072,180224,131072,1.00000000,1228800,0,2492,200099.0,200219.0,201121.0
tpch,lineitem,c4_l_quantity_x1,eq_rare,minmax_bloom,131072,182272,131072,1.00000000,1230848,0,2492,200971.0,201782.0,203144.0
tpch,lineitem,c4_l_quantity_x1,eq_frequent,scan,131072,0,131072,1.00000000,1048576,0,2757,197476.0,198307.0,202333.0
tpch,lineitem,c4_l_quantity_x1,eq_frequent,minmax,131072,2048,131072,1.00000000,1050624,0,2757,198457.0,199188.0,199659.0
tpch,lineitem,c4_l_quantity_x1,eq_frequent,bloom,131072,180224,131072,1.00000000,1228800,0,2757,200770.0,201532.0,205237.0
tpch,lineitem,c4_l_quantity_x1,eq_frequent,minmax_bloom,131072,182272,131072,1.00000000,1230848,0,2757,202203.0,202853.0,203935.0
tpch,lineitem,c4_l_quantity_x1,eq_absent,scan,131072,0,131072,1.00000000,1048576,128,0,181532.0,181562.0,181672.0
tpch,lineitem,c4_l_quantity_x1,eq_absent,minmax,131072,2048,0,0.00000000,2048,0,0,170.0,170.0,171.0
tpch,lineitem,c4_l_quantity_x1,eq_absent,bloom,131072,180224,0,0.00000000,180224,0,0,560.0,561.0,570.0
tpch,lineitem,c4_l_quantity_x1,eq_absent,minmax_bloom,131072,182272,0,0.00000000,182272,0,0,661.0,661.0,671.0
tpch,lineitem,c4_l_quantity_x1,in_mixed,scan,131072,0,131072,1.00000000,1048576,0,5249,250394.0,256164.0,257806.0
tpch,lineitem,c4_l_quantity_x1,in_mixed,minmax,131072,2048,131072,1.00000000,1050624,0,5249,250355.0,251075.0,256845.0
tpch,lineitem,c4_l_quantity_x1,in_mixed,bloom,131072,180224,131072,1.00000000,1228800,0,5249,253019.0,253729.0,256834.0
tpch,lineitem,c4_l_quantity_x1,in_mixed,minmax_bloom,131072,182272,131072,1.00000000,1230848,0,5249,254520.0,255052.0,258928.0
tpch,lineitem,c5_l_extendedprice_x100,eq_rare,scan,131072,0,131072,1.00000000,1048576,127,1,178968.0,179058.0,179508.0
tpch,lineitem,c5_l_extendedprice_x100,eq_rare,minmax,131072,2048,1024,0.00781250,10240,0,1,1542.0,1552.0,1553.0
tpch,lineitem,c5_l_extendedprice_x100,eq_rare,bloom,131072,180224,1024,0.00781250,188416,0,1,2283.0,2283.0,2294.0
tpch,lineitem,c5_l_extendedprice_x100,eq_rare,minmax_bloom,131072,182272,1024,0.00781250,190464,0,1,2403.0,2404.0,2414.0
tpch,lineitem,c5_l_extendedprice_x100,eq_frequent,scan,131072,0,131072,1.00000000,1048576,123,5,178928.0,178978.0,178998.0
tpch,lineitem,c5_l_extendedprice_x100,eq_frequent,minmax,131072,2048,131072,1.00000000,1050624,123,5,179248.0,179318.0,179609.0
tpch,lineitem,c5_l_extendedprice_x100,eq_frequent,bloom,131072,180224,6144,0.04687500,229376,1,5,9374.0,9414.0,9514.0
tpch,lineitem,c5_l_extendedprice_x100,eq_frequent,minmax_bloom,131072,182272,6144,0.04687500,231424,1,5,9704.0,9725.0,9754.0
tpch,lineitem,c5_l_extendedprice_x100,eq_absent,scan,131072,0,131072,1.00000000,1048576,128,0,178677.0,178688.0,178808.0
tpch,lineitem,c5_l_extendedprice_x100,eq_absent,minmax,131072,2048,1024,0.00781250,10240,1,0,1522.0,1522.0,1522.0
tpch,lineitem,c5_l_extendedprice_x100,eq_absent,bloom,131072,180224,2048,0.01562500,196608,2,0,3665.0,3666.0,3676.0
tpch,lineitem,c5_l_extendedprice_x100,eq_absent,minmax_bloom,131072,182272,0,0.00000000,182272,0,0,971.0,972.0,972.0
tpch,lineitem,c5_l_extendedprice_x100,in_mixed,scan,131072,0,131072,1.00000000,1048576,122,6,214400.0,214420.0,214471.0
tpch,lineitem,c5_l_extendedprice_x100,in_mixed,minmax,131072,2048,131072,1.00000000,1050624,122,6,214851.0,214972.0,215232.0
tpch,lineitem,c5_l_extendedprice_x100,in_mixed,bloom,131072,180224,9216,0.07031250,253952,3,6,17656.0,17666.0,17907.0
tpch,lineitem,c5_l_extendedprice_x100,in_mixed,minmax_bloom,131072,182272,9216,0.07031250,256000,3,6,18287.0,18308.0,18628.0
tpch,lineitem,c6_l_discount_x100,eq_rare,scan,131072,0,131072,1.00000000,1048576,0,11771,254330.0,256093.0,260871.0
tpch,lineitem,c6_l_discount_x100,eq_rare,minmax,131072,2048,131072,1.00000000,1050624,0,11771,253679.0,254010.0,257915.0
tpch,lineitem,c6_l_discount_x100,eq_rare,bloom,131072,180224,131072,1.00000000,1228800,0,11771,256804.0,257435.0,261271.0
tpch,lineitem,c6_l_discount_x100,eq_rare,minmax_bloom,131072,182272,131072,1.00000000,1230848,0,11771,257686.0,258347.0,262503.0
tpch,lineitem,c6_l_discount_x100,eq_frequent,scan,131072,0,131072,1.00000000,1048576,0,12085,254962.0,255462.0,259318.0
tpch,lineitem,c6_l_discount_x100,eq_frequent,minmax,131072,2048,131072,1.00000000,1050624,0,12085,254992.0,255493.0,258927.0
tpch,lineitem,c6_l_discount_x100,eq_frequent,bloom,131072,180224,131072,1.00000000,1228800,0,12085,257956.0,258086.0,261822.0
tpch,lineitem,c6_l_discount_x100,eq_frequent,minmax_bloom,131072,182272,131072,1.00000000,1230848,0,12085,259168.0,259799.0,263294.0
tpch,lineitem,c6_l_discount_x100,eq_absent,scan,131072,0,131072,1.00000000,1048576,128,0,178748.0,178768.0,178858.0
tpch,lineitem,c6_l_discount_x100,eq_absent,minmax,131072,2048,0,0.00000000,2048,0,0,161.0,170.0,171.0
tpch,lineitem,c6_l_discount_x100,eq_absent,bloom,131072,180224,0,0.00000000,180224,0,0,561.0,561.0,561.0
tpch,lineitem,c6_l_discount_x100,eq_absent,minmax_bloom,131072,182272,0,0.00000000,182272,0,0,661.0,661.0,661.0
tpch,lineitem,c6_l_discount_x100,in_mixed,scan,131072,0,131072,1.00000000,1048576,0,23856,374080.0,377545.0,378717.0
tpch,lineitem,c6_l_discount_x100,in_mixed,minmax,131072,2048,131072,1.00000000,1050624,0,23856,374460.0,375732.0,380320.0
tpch,lineitem,c6_l_discount_x100,in_mixed,bloom,131072,180224,131072,1.00000000,1228800,0,23856,377665.0,378126.0,381882.0
tpch,lineitem,c6_l_discount_x100,in_mixed,minmax_bloom,131072,182272,131072,1.00000000,1230848,0,23856,378857.0,381571.0,383674.0
tpch,lineitem,c7_l_tax_x100,eq_rare,scan,131072,0,131072,1.00000000,1048576,0,14380,270124.0,273559.0,277135.0
tpch,lineitem,c7_l_tax_x100,eq_rare,minmax,131072,2048,131072,1.00000000,1050624,0,14380,269904.0,270244.0,273869.0
tpch,lineitem,c7_l_tax_x100,eq_rare,bloom,131072,180224,131072,1.00000000,1228800,0,14380,272949.0,273169.0,276874.0
tpch,lineitem,c7_l_tax_x100,eq_rare,minmax_bloom,131072,182272,131072,1.00000000,1230848,0,14380,274221.0,276494.0,278256.0
tpch,lineitem,c7_l_tax_x100,eq_frequent,scan,131072,0,131072,1.00000000,1048576,0,14858,272107.0,272367.0,276925.0
tpch,lineitem,c7_l_tax_x100,eq_frequent,minmax,131072,2048,131072,1.00000000,1050624,0,14858,272698.0,272868.0,277305.0
tpch,lineitem,c7_l_tax_x100,eq_frequent,bloom,131072,180224,131072,1.00000000,1228800,0,14858,275433.0,275682.0,280049.0
tpch,lineitem,c7_l_tax_x100,eq_frequent,minmax_bloom,131072,182272,131072,1.00000000,1230848,0,14858,277245.0,277486.0,282363.0
tpch,lineitem,c7_l_tax_x100,eq_absent,scan,131072,0,131072,1.00000000,1048576,128,0,178657.0,178668.0,178687.0
tpch,lineitem,c7_l_tax_x100,eq_absent,minmax,131072,2048,0,0.00000000,2048,0,0,160.0,160.0,161.0
tpch,lineitem,c7_l_tax_x100,eq_absent,bloom,131072,180224,0,0.00000000,180224,0,0,551.0,561.0,571.0
tpch,lineitem,c7_l_tax_x100,eq_absent,minmax_bloom,131072,182272,0,0.00000000,182272,0,0,671.0,671.0,671.0
tpch,lineitem,c7_l_tax_x100,in_mixed,scan,131072,0,131072,1.00000000,1048576,0,29238,411276.0,412277.0,416313.0
tpch,lineitem,c7_l_tax_x100,in_mixed,minmax,131072,2048,131072,1.00000000,1050624,0,29238,411996.0,414200.0,415582.0
tpch,lineitem,c7_l_tax_x100,in_mixed,bloom,131072,180224,131072,1.00000000,1228800,0,29238,414831.0,416974.0,420019.0
tpch,lineitem,c7_l_tax_x100,in_mixed,minmax_bloom,131072,182272,131072,1.00000000,1230848,0,29238,416473.0,419267.0,421391.0
tpch,lineitem,timestamp,eq_rare,scan,131072,0,131072,1.00000000,1048576,127,1,178968.0,179038.0,179538.0
tpch,lineitem,timestamp,eq_rare,minmax,131072,2048,1024,0.00781250,10240,0,1,1532.0,1542.0,1543.0
tpch,lineitem,timestamp,eq_rare,bloom,131072,180224,2048,0.01562500,196608,1,1,3686.0,3695.0,3696.0
tpch,lineitem,timestamp,eq_rare,minmax_bloom,131072,182272,1024,0.00781250,190464,0,1,2414.0,2414.0,2433.0
tpch,lineitem,timestamp,eq_frequent,scan,131072,0,131072,1.00000000,1048576,64,85,180039.0,180099.0,180240.0
tpch,lineitem,timestamp,eq_frequent,minmax,131072,2048,131072,1.00000000,1050624,64,85,180300.0,180440.0,180741.0
tpch,lineitem,timestamp,eq_frequent,bloom,131072,180224,65536,0.50000000,704512,0,85,93049.0,93180.0,93951.0
tpch,lineitem,timestamp,eq_frequent,minmax_bloom,131072,182272,65536,0.50000000,706560,0,85,93800.0,93860.0,94221.0
tpch,lineitem,timestamp,eq_absent,scan,131072,0,131072,1.00000000,1048576,128,0,178808.0,178918.0,182523.0
tpch,lineitem,timestamp,eq_absent,minmax,131072,2048,1024,0.00781250,10240,1,0,1532.0,1532.0,1533.0
tpch,lineitem,timestamp,eq_absent,bloom,131072,180224,0,0.00000000,180224,0,0,751.0,761.0,761.0
tpch,lineitem,timestamp,eq_absent,minmax_bloom,131072,182272,0,0.00000000,182272,0,0,881.0,881.0,882.0
tpch,lineitem,timestamp,in_mixed,scan,131072,0,131072,1.00000000,1048576,64,86,215683.0,215793.0,215833.0
tpch,lineitem,timestamp,in_mixed,minmax,131072,2048,131072,1.00000000,1050624,64,86,216504.0,216604.0,220390.0
tpch,lineitem,timestamp,in_mixed,bloom,131072,180224,66560,0.50781250,712704,1,86,114261.0,114361.0,115002.0
tpch,lineitem,timestamp,in_mixed,minmax_bloom,131072,182272,66560,0.50781250,714752,1,86,115362.0,115393.0,116114.0
